{"id": 110040, "fullName": "Mark Acre", "link": "/api/v1/people/110040", "firstName": "Mark", "lastName": "Acre", "primaryNumber": "55", "birthDate": "1968-09-16", "currentAge": 54, "birthCity": "Concord", "birthStateProvince": "CA", "birthCountry": "USA", "height": "6' 8\"", "weight": 235, "active": false, "primaryPosition": {"code": "1", "name": "Pitcher", "type": "Pitcher", "abbreviation": "P"}, "useName": "Mark", "useLastName": "Acre", "middleName": "Robert", "boxscoreName": "Acre", "gender": "M", "isPlayer": true, "isVerified": true, "lastPlayedDate": "1997-05-10", "stats": [{"type": {"displayName": "career"}, "group": {"displayName": "pitching"}, "exemptions": [], "splits": [{"stat": {"gamesPlayed": 114, "gamesStarted": 0, "groundOuts": 131, "airOuts": 142, "runs": 75, "doubles": 27, "triples": 7, "homeRuns": 16, "strikeOuts": 98, "baseOnBalls": 68, "intentionalWalks": 9, "hits": 135, "hitByPitch": 5, "avg": ".270", "atBats": 500, "obp": ".360", "slg": ".448", "ops": ".808", "caughtStealing": 6, "stolenBases": 5, "stolenBasePercentage": ".455", "groundIntoDoublePlay": 11, "numberOfPitches": 2122, "era": "5.17", "inningsPitched": "127.0", "wins": 9, "losses": 6, "saves": 2, "saveOpportunities": 2, "holds": 0, "blownSaves": 0, "earnedRuns": 73, "whip": "1.60", "battersFaced": 582, "outs": 381, "gamesPitched": 114, "completeGames": 0, "shutouts": 0, "strikes": 1300, "strikePercentage": ".610", "hitBatsmen": 5, "balks": 1, "wildPitches": 3, "pickoffs": 0, "totalBases": 224, "groundOutsToAirouts": "0.92", "winPercentage": ".600", "pitchesPerInning": "16.71", "gamesFinished": 32, "strikeoutWalkRatio": "1.44", "strikeoutsPer9Inn": "6.94", "walksPer9Inn": "4.82", "hitsPer9Inn": "9.57", "runsScoredPer9": "5.31", "homeRunsPer9": "1.13", "inheritedRunners": 81, "inheritedRunnersScored": 29, "catchersInterference": 0, "sacBunts": 5, "sacFlies": 4}, "team": {"id": 133, "name": "Oakland Athletics", "link": "/api/v1/teams/133"}, "player": {"id": 110040, "fullName": "Mark Acre", "link": "/api/v1/people/110040"}, "league": {"id": 103, "name": "American League", "link": "/api/v1/league/103"}, "sport": {"id": 1, "link": "/api/v1/sports/1", "abbreviation": "MLB"}, "gameType": "R"}]}, {"type": {"displayName": "career"}, "group": {"displayName": "hitting"}, "exemptions": [], "splits": [{"stat": {"gamesPlayed": 114, "groundOuts": 0, "airOuts": 0, "runs": 0, "doubles": 0, "triples": 0, "homeRuns": 0, "strikeOuts": 0, "baseOnBalls": 0, "intentionalWalks": 0, "hits": 0, "hitByPitch": 0, "avg": ".000", "atBats": 0, "obp": ".000", "slg": ".000", "ops": ".000", "caughtStealing": 0, "stolenBases": 0, "stolenBasePercentage": ".---", "groundIntoDoublePlay": 0, "numberOfPitches": 0, "plateAppearances": 0, "totalBases": 0, "rbi": 0, "leftOnBase": 0, "sacBunts": 0, "sacFlies": 0, "babip": ".---", "groundOutsToAirouts": "-.--", "catchersInterference": 0, "atBatsPerHomeRun": "-.--"}, "team": {"id": 133, "name": "Oakland Athletics", "link": "/api/v1/teams/133"}, "player": {"id": 110040, "fullName": "Mark Acre", "link": "/api/v1/people/110040"}, "league": {"id": 103, "name": "American League", "link": "/api/v1/league/103"}, "sport": {"id": 1, "link": "/api/v1/sports/1", "abbreviation": "MLB"}, "gameType": "R"}]}, {"type": {"displayName": "career"}, "group": {"displayName": "fielding"}, "exemptions": [], "splits": [{"stat": {"gamesPlayed": 114, "gamesStarted": 0, "assists": 9, "putOuts": 5, "errors": 1, "chances": 15, "fielding": ".933", "position": {"code": "1", "name": "Pitcher", "type": "Pitcher", "abbreviation": "P"}, "rangeFactorPerGame": "0.12", "rangeFactorPer9Inn": "0.99", "innings": "127.0", "games": 114, "doublePlays": 0, "triplePlays": 0, "throwingErrors": 1}, "team": {"id": 133, "name": "Oakland Athletics", "link": "/api/v1/teams/133"}, "player": {"id": 110040, "fullName": "Mark Acre", "link": "/api/v1/people/110040"}, "league": {"id": 103, "name": "American League", "link": "/api/v1/league/103"}, "sport": {"id": 1, "link": "/api/v1/sports/1", "abbreviation": "MLB"}, "gameType": "R", "position": {"code": "1", "name": "Pitcher", "type": "Pitcher", "abbreviation": "P"}}]}, {"type": {"displayName": "yearByYear"}, "group": {"displayName": "pitching"}, "exemptions": [], "splits": [{"season": "1994", "stat": {"gamesPlayed": 34, "gamesStarted": 0, "groundOuts": 35, "airOuts": 42, "runs": 13, "doubles": 6, "triples": 1, "homeRuns": 4, "strikeOuts": 21, "baseOnBalls": 23, "intentionalWalks": 3, "hits": 24, "hitByPitch": 1, "avg": ".202", "atBats": 119, "obp": ".333", "slg": ".370", "ops": ".703", "caughtStealing": 3, "stolenBases": 1, "stolenBasePercentage": ".250", "groundIntoDoublePlay": 3, "numberOfPitches": 544, "era": "3.41", "inningsPitched": "34.1", "wins": 5, "losses": 1, "saves": 0, "saveOpportunities": 0, "holds": 0, "blownSaves": 0, "earnedRuns": 13, "whip": "1.37", "battersFaced": 147, "outs": 103, "gamesPitched": 34, "completeGames": 0, "shutouts": 0, "strikes": 314, "strikePercentage": ".580", "hitBatsmen": 1, "balks": 0, "wildPitches": 1, "pickoffs": 0, "totalBases": 44, "groundOutsToAirouts": "0.83", "winPercentage": ".833", "pitchesPerInning": "15.84", "gamesFinished": 6, "strikeoutWalkRatio": "0.91", "strikeoutsPer9Inn": "5.50", "walksPer9Inn": "6.03", "hitsPer9Inn": "6.29", "runsScoredPer9": "3.41", "homeRunsPer9": "1.05", "inheritedRunners": 15, "inheritedRunnersScored": 5, "catchersInterference": 0, "sacBunts": 3, "sacFlies": 1}, "team": {"id": 133, "name": "Oakland Athletics", "link": "/api/v1/teams/133"}, "player": {"id": 110040, "fullName": "Mark Acre", "link": "/api/v1/people/110040"}, "league": {"id": 103, "name": "American League", "link": "/api/v1/league/103"}, "sport": {"id": 1, "link": "/api/v1/sports/1", "abbreviation": "MLB"}, "gameType": "R"}, {"season": "1995", "stat": {"gamesPlayed": 43, "gamesStarted": 0, "groundOuts": 57, "airOuts": 48, "runs": 35, "doubles": 7, "triples": 4, "homeRuns": 7, "strikeOuts": 47, "baseOnBalls": 28, "intentionalWalks": 2, "hits": 52, "hitByPitch": 2, "avg": ".256", "atBats": 203, "obp": ".349", "slg": ".433", "ops": ".782", "caughtStealing": 2, "stolenBases": 1, "stolenBasePercentage": ".333", "groundIntoDoublePlay": 5, "numberOfPitches": 899, "era": "5.71", "inningsPitched": "52.0", "wins": 1, "losses": 2, "saves": 0, "saveOpportunities": 0, "holds": 0, "blownSaves": 0, "earnedRuns": 33, "whip": "1.54", "battersFaced": 236, "outs": 156, "gamesPitched": 43, "completeGames": 0, "shutouts": 0, "strikes": 558, "strikePercentage": ".620", "hitBatsmen": 2, "balks": 1, "wildPitches": 2, "pickoffs": 0, "totalBases": 88, "groundOutsToAirouts": "1.19", "winPercentage": ".333", "pitchesPerInning": "17.29", "gamesFinished": 10, "strikeoutWalkRatio": "1.68", "strikeoutsPer9Inn": "8.13", "walksPer9Inn": "4.85", "hitsPer9Inn": "9.00", "runsScoredPer9": "6.06", "homeRunsPer9": "1.21", "inheritedRunners": 37, "inheritedRunnersScored": 16, "catchersInterference": 0, "sacBunts": 1, "sacFlies": 2}, "team": {"id": 133, "name": "Oakland Athletics", "link": "/api/v1/teams/133"}, "player": {"id": 110040, "fullName": "Mark Acre", "link": "/api/v1/people/110040"}, "league": {"id": 103, "name": "American League", "link": "/api/v1/league/103"}, "sport": {"id": 1, "link": "/api/v1/sports/1", "abbreviation": "MLB"}, "gameType": "R"}, {"season": "1996", "stat": {"gamesPlayed": 22, "gamesStarted": 0, "groundOuts": 27, "airOuts": 30, "runs": 17, "doubles": 8, "triples": 2, "homeRuns": 4, "strikeOuts": 18, "baseOnBalls": 9, "intentionalWalks": 4, "hits": 38, "hitByPitch": 2, "avg": ".339", "atBats": 112, "obp": ".398", "slg": ".554", "ops": ".952", "caughtStealing": 0, "stolenBases": 3, "stolenBasePercentage": "1.000", "groundIntoDoublePlay": 2, "numberOfPitches": 432, "era": "6.12", "inningsPitched": "25.0", "wins": 1, "losses": 3, "saves": 2, "saveOpportunities": 2, "holds": 0, "blownSaves": 0, "earnedRuns": 17, "whip": "1.88", "battersFaced": 124, "outs": 75, "gamesPitched": 22, "completeGames": 0, "shutouts": 0, "strikes": 270, "strikePercentage": ".630", "hitBatsmen": 2, "balks": 0, "wildPitches": 0, "pickoffs": 0, "totalBases": 62, "groundOutsToAirouts": "0.90", "winPercentage": ".250", "pitchesPerInning": "17.28", "gamesFinished": 11, "strikeoutWalkRatio": "2.00", "strikeoutsPer9Inn": "6.48", "walksPer9Inn": "3.24", "hitsPer9Inn": "13.68", "runsScoredPer9": "6.12", "homeRunsPer9": "1.44", "inheritedRunners": 14, "inheritedRunnersScored": 5, "catchersInterference": 0, "sacBunts": 1, "sacFlies": 0}, "team": {"id": 133, "name": "Oakland Athletics", "link": "/api/v1/teams/133"}, "player": {"id": 110040, "fullName": "Mark Acre", "link": "/api/v1/people/110040"}, "league": {"id": 103, "name": "American League", "link": "/api/v1/league/103"}, "sport": {"id": 1, "link": "/api/v1/sports/1", "abbreviation": "MLB"}, "gameType": "R"}, {"season": "1997", "stat": {"gamesPlayed": 15, "gamesStarted": 0, "groundOuts": 12, "airOuts": 22, "runs": 10, "doubles": 6, "triples": 0, "homeRuns": 1, "strikeOuts": 12, "baseOnBalls": 8, "intentionalWalks": 0, "hits": 21, "hitByPitch": 0, "avg": ".318", "atBats": 66, "obp": ".387", "slg": ".455", "ops": ".842", "caughtStealing": 1, "stolenBases": 0, "stolenBasePercentage": ".000", "groundIntoDoublePlay": 1, "numberOfPitches": 247, "era": "5.74", "inningsPitched": "15.2", "wins": 2, "losses": 0, "saves": 0, "saveOpportunities": 0, "holds": 0, "blownSaves": 0, "earnedRuns": 10, "whip": "1.85", "battersFaced": 75, "outs": 47, "gamesPitched": 15, "completeGames": 0, "shutouts": 0, "strikes": 158, "strikePercentage": ".640", "hitBatsmen": 0, "balks": 0, "wildPitches": 0, "pickoffs": 0, "totalBases": 30, "groundOutsToAirouts": "0.55", "winPercentage": "1.000", "pitchesPerInning": "15.77", "gamesFinished": 5, "strikeoutWalkRatio": "1.50", "strikeoutsPer9Inn": "6.89", "walksPer9Inn": "4.60", "hitsPer9Inn": "12.06", "runsScoredPer9": "5.74", "homeRunsPer9": "0.57", "inheritedRunners": 15, "inheritedRunnersScored": 3, "catchersInterference": 0, "sacBunts": 0, "sacFlies": 1}, "team": {"id": 133, "name": "Oakland Athletics", "link": "/api/v1/teams/133"}, "player": {"id": 110040, "fullName": "Mark Acre", "link": "/api/v1/people/110040"}, "league": {"id": 103, "name": "American League", "link": "/api/v1/league/103"}, "sport": {"id": 1, "link": "/api/v1/sports/1", "abbreviation": "MLB"}, "gameType": "R"}]}, {"type": {"displayName": "yearByYear"}, "group": {"displayName": "hitting"}, "exemptions": [], "splits": [{"season": "1994", "stat": {"gamesPlayed": 34, "groundOuts": 0, "airOuts": 0, "runs": 0, "doubles": 0, "triples": 0, "homeRuns": 0, "strikeOuts": 0, "baseOnBalls": 0, "intentionalWalks": 0, "hits": 0, "hitByPitch": 0, "avg": ".000", "atBats": 0, "obp": ".000", "slg": ".000", "ops": ".000", "caughtStealing": 0, "stolenBases": 0, "stolenBasePercentage": ".---", "groundIntoDoublePlay": 0, "numberOfPitches": 0, "plateAppearances": 0, "totalBases": 0, "rbi": 0, "leftOnBase": 0, "sacBunts": 0, "sacFlies": 0, "babip": ".---", "groundOutsToAirouts": "-.--", "catchersInterference": 0, "atBatsPerHomeRun": "-.--"}, "team": {"id": 133, "name": "Oakland Athletics", "link": "/api/v1/teams/133"}, "player": {"id": 110040, "fullName": "Mark Acre", "link": "/api/v1/people/110040"}, "league": {"id": 103, "name": "American League", "link": "/api/v1/league/103"}, "sport": {"id": 1, "link": "/api/v1/sports/1", "abbreviation": "MLB"}, "gameType": "R"}, {"season": "1995", "stat": {"gamesPlayed": 43, "groundOuts": 0, "airOuts": 0, "runs": 0, "doubles": 0, "triples": 0, "homeRuns": 0, "strikeOuts": 0, "baseOnBalls": 0, "intentionalWalks": 0, "hits": 0, "hitByPitch": 0, "avg": ".000", "atBats": 0, "obp": ".000", "slg": ".000", "ops": ".000", "caughtStealing": 0, "stolenBases": 0, "stolenBasePercentage": ".---", "groundIntoDoublePlay": 0, "numberOfPitches": 0, "plateAppearances": 0, "totalBases": 0, "rbi": 0, "leftOnBase": 0, "sacBunts": 0, "sacFlies": 0, "babip": ".---", "groundOutsToAirouts": "-.--", "catchersInterference": 0, "atBatsPerHomeRun": "-.--"}, "team": {"id": 133, "name": "Oakland Athletics", "link": "/api/v1/teams/133"}, "player": {"id": 110040, "fullName": "Mark Acre", "link": "/api/v1/people/110040"}, "league": {"id": 103, "name": "American League", "link": "/api/v1/league/103"}, "sport": {"id": 1, "link": "/api/v1/sports/1", "abbreviation": "MLB"}, "gameType": "R"}]}, {"type": {"displayName": "yearByYear"}, "group": {"displayName": "fielding"}, "exemptions": [], "splits": [{"season": "1994", "stat": {"gamesPlayed": 34, "gamesStarted": 0, "assists": 3, "putOuts": 0, "errors": 1, "chances": 4, "fielding": ".750", "position": {"code": "1", "name": "Pitcher", "type": "Pitcher", "abbreviation": "P"}, "rangeFactorPerGame": "0.09", "rangeFactorPer9Inn": "0.79", "innings": "34.1", "games": 34, "doublePlays": 0, "triplePlays": 0, "throwingErrors": 1}, "team": {"id": 133, "name": "Oakland Athletics", "link": "/api/v1/teams/133"}, "player": {"id": 110040, "fullName": "Mark Acre", "link": "/api/v1/people/110040"}, "league": {"id": 103, "name": "American League", "link": "/api/v1/league/103"}, "sport": {"id": 1, "link": "/api/v1/sports/1", "abbreviation": "MLB"}, "gameType": "R", "position": {"code": "1", "name": "Pitcher", "type": "Pitcher", "abbreviation": "P"}}, {"season": "1995", "stat": {"gamesPlayed": 43, "gamesStarted": 0, "assists": 3, "putOuts": 3, "errors": 0, "chances": 6, "fielding": "1.000", "position": {"code": "1", "name": "Pitcher", "type": "Pitcher", "abbreviation": "P"}, "rangeFactorPerGame": "0.14", "rangeFactorPer9Inn": "1.04", "innings": "52.0", "games": 43, "doublePlays": 0, "triplePlays": 0, "throwingErrors": 0}, "team": {"id": 133, "name": "Oakland Athletics", "link": "/api/v1/teams/133"}, "player": {"id": 110040, "fullName": "Mark Acre", "link": "/api/v1/people/110040"}, "league": {"id": 103, "name": "American League", "link": "/api/v1/league/103"}, "sport": {"id": 1, "link": "/api/v1/sports/1", "abbreviation": "MLB"}, "gameType": "R", "position": {"code": "1", "name": "Pitcher", "type": "Pitcher", "abbreviation": "P"}}, {"season": "1996", "stat": {"gamesPlayed": 22, "gamesStarted": 0, "assists": 2, "putOuts": 1, "errors": 0, "chances": 3, "fielding": "1.000", "position": {"code": "1", "name": "Pitcher", "type": "Pitcher", "abbreviation": "P"}, "rangeFactorPerGame": "0.14", "rangeFactorPer9Inn": "1.08", "innings": "25.0", "games": 22, "doublePlays": 0, "triplePlays": 0, "throwingErrors": 0}, "team": {"id": 133, "name": "Oakland Athletics", "link": "/api/v1/teams/133"}, "player": {"id": 110040, "fullName": "Mark Acre", "link": "/api/v1/people/110040"}, "league": {"id": 103, "name": "American League", "link": "/api/v1/league/103"}, "sport": {"id": 1, "link": "/api/v1/sports/1", "abbreviation": "MLB"}, "gameType": "R", "position": {"code": "1", "name": "Pitcher", "type": "Pitcher", "abbreviation": "P"}}, {"season": "1997", "stat": {"gamesPlayed": 15, "gamesStarted": 0, "assists": 1, "putOuts": 1, "errors": 0, "chances": 2, "fielding": "1.000", "position": {"code": "1", "name": "Pitcher", "type": "Pitcher", "abbreviation": "P"}, "rangeFactorPerGame": "0.13", "rangeFactorPer9Inn": "1.20", "innings": "15.2", "games": 15, "doublePlays": 0, "triplePlays": 0, "throwingErrors": 0}, "team": {"id": 133, "name": "Oakland Athletics", "link": "/api/v1/teams/133"}, "player": {"id": 110040, "fullName": "Mark Acre", "link": "/api/v1/people/110040"}, "league": {"id": 103, "name": "American League", "link": "/api/v1/league/103"}, "sport": {"id": 1, "link": "/api/v1/sports/1", "abbreviation": "MLB"}, "gameType": "R", "position": {"code": "1", "name": "Pitcher", "type": "Pitcher", "abbreviation": "P"}}]}], "mlbDebutDate": "1994-05-13", "batSide": {"code": "R", "description": "Right"}, "pitchHand": {"code": "R", "description": "Right"}, "nameFirstLast": "Mark Acre", "nameSlug": "mark-acre-110040", "firstLastName": "Mark Acre", "lastFirstName": "Acre, Mark", "lastInitName": "Acre, M", "initLastName": "M Acre", "fullFMLName": "Mark Robert Acre", "fullLFMName": "Acre, Mark Robert", "strikeZoneTop": 3.688, "strikeZoneBottom": 1.747}