{"id": 110506, "fullName": "Orson Baldwin", "link": "/api/v1/people/110506", "firstName": "Orson", "lastName": "Baldwin", "birthDate": "1881-11-03", "currentAge": 60, "birthCity": "Carson City", "birthStateProvince": "MI", "birthCountry": "USA", "height": "0' 0\"", "weight": 185, "active": false, "primaryPosition": {"code": "1", "name": "Pitcher", "type": "Pitcher", "abbreviation": "P"}, "useName": "Orson", "useLastName": "Baldwin", "middleName": "F.", "boxscoreName": "Baldwin", "gender": "M", "isPlayer": true, "isVerified": true, "deathDate": "1942-02-16", "deathCity": "Los Angeles", "deathStateProvince": "CA", "deathCountry": "USA", "lastPlayedDate": "1908-09-22", "stats": [{"type": {"displayName": "career"}, "group": {"displayName": "hitting"}, "exemptions": [], "splits": [{"stat": {"gamesPlayed": 4, "runs": 0, "doubles": 0, "triples": 0, "homeRuns": 0, "baseOnBalls": 0, "hits": 0, "hitByPitch": 0, "avg": ".000", "atBats": 6, "obp": ".000", "slg": ".000", "ops": ".000", "stolenBases": 0, "plateAppearances": 6, "totalBases": 0, "rbi": 0, "sacBunts": 0, "atBatsPerHomeRun": "-.--"}, "team": {"id": 138, "name": "St. Louis Cardinals", "link": "/api/v1/teams/138"}, "player": {"id": 110506, "fullName": "Orson Baldwin", "link": "/api/v1/people/110506"}, "league": {"id": 104, "name": "National League", "link": "/api/v1/league/104"}, "sport": {"id": 1, "link": "/api/v1/sports/1", "abbreviation": "MLB"}, "gameType": "R"}]}, {"type": {"displayName": "career"}, "group": {"displayName": "pitching"}, "exemptions": [], "splits": [{"stat": {"gamesPlayed": 4, "gamesStarted": 4, "runs": 10, "homeRuns": 0, "strikeOuts": 5, "baseOnBalls": 11, "hits": 16, "hitByPitch": 3, "avg": ".302", "atBats": 53, "obp": ".448", "era": "6.14", "inningsPitched": "14.2", "wins": 1, "losses": 3, "saves": 0, "earnedRuns": 10, "whip": "1.84", "battersFaced": 67, "outs": 44, "gamesPitched": 4, "completeGames": 0, "shutouts": 0, "hitBatsmen": 3, "balks": 0, "wildPitches": 0, "winPercentage": ".250", "gamesFinished": 0, "strikeoutWalkRatio": "0.45", "strikeoutsPer9Inn": "3.07", "walksPer9Inn": "6.75", "hitsPer9Inn": "9.82", "runsScoredPer9": "6.14", "homeRunsPer9": "0.00"}, "team": {"id": 138, "name": "St. Louis Cardinals", "link": "/api/v1/teams/138"}, "player": {"id": 110506, "fullName": "Orson Baldwin", "link": "/api/v1/people/110506"}, "league": {"id": 104, "name": "National League", "link": "/api/v1/league/104"}, "sport": {"id": 1, "link": "/api/v1/sports/1", "abbreviation": "MLB"}, "gameType": "R"}]}, {"type": {"displayName": "career"}, "group": {"displayName": "fielding"}, "exemptions": [], "splits": [{"stat": {"gamesPlayed": 4, "gamesStarted": 4, "assists": 4, "putOuts": 0, "errors": 0, "chances": 4, "fielding": "1.000", "position": {"code": "1", "name": "Pitcher", "type": "Pitcher", "abbreviation": "P"}, "rangeFactorPerGame": "1.00", "rangeFactorPer9Inn": "2.57", "innings": "14.2", "games": 4, "doublePlays": 0, "triplePlays": 0}, "team": {"id": 138, "name": "St. Louis Cardinals", "link": "/api/v1/teams/138"}, "player": {"id": 110506, "fullName": "Orson Baldwin", "link": "/api/v1/people/110506"}, "league": {"id": 104, "name": "National League", "link": "/api/v1/league/104"}, "sport": {"id": 1, "link": "/api/v1/sports/1", "abbreviation": "MLB"}, "gameType": "R", "position": {"code": "1", "name": "Pitcher", "type": "Pitcher", "abbreviation": "P"}}]}, {"type": {"displayName": "yearByYear"}, "group": {"displayName": "hitting"}, "exemptions": [], "splits": [{"season": "1908", "stat": {"gamesPlayed": 4, "runs": 0, "doubles": 0, "triples": 0, "homeRuns": 0, "baseOnBalls": 0, "hits": 0, "hitByPitch": 0, "avg": ".000", "atBats": 6, "obp": ".000", "slg": ".000", "ops": ".000", "stolenBases": 0, "plateAppearances": 6, "totalBases": 0, "rbi": 0, "sacBunts": 0, "atBatsPerHomeRun": "-.--"}, "team": {"id": 138, "name": "St. Louis Cardinals", "link": "/api/v1/teams/138"}, "player": {"id": 110506, "fullName": "Orson Baldwin", "link": "/api/v1/people/110506"}, "league": {"id": 104, "name": "National League", "link": "/api/v1/league/104"}, "sport": {"id": 1, "link": "/api/v1/sports/1", "abbreviation": "MLB"}, "gameType": "R"}]}, {"type": {"displayName": "yearByYear"}, "group": {"displayName": "pitching"}, "exemptions": [], "splits": [{"season": "1908", "stat": {"gamesPlayed": 4, "gamesStarted": 4, "runs": 10, "homeRuns": 0, "strikeOuts": 5, "baseOnBalls": 11, "hits": 16, "hitByPitch": 3, "avg": ".302", "atBats": 53, "obp": ".448", "era": "6.14", "inningsPitched": "14.2", "wins": 1, "losses": 3, "saves": 0, "earnedRuns": 10, "whip": "1.84", "battersFaced": 67, "outs": 44, "gamesPitched": 4, "completeGames": 0, "shutouts": 0, "hitBatsmen": 3, "balks": 0, "wildPitches": 0, "winPercentage": ".250", "gamesFinished": 0, "strikeoutWalkRatio": "0.45", "strikeoutsPer9Inn": "3.07", "walksPer9Inn": "6.75", "hitsPer9Inn": "9.82", "runsScoredPer9": "6.14", "homeRunsPer9": "0.00"}, "team": {"id": 138, "name": "St. Louis Cardinals", "link": "/api/v1/teams/138"}, "player": {"id": 110506, "fullName": "Orson Baldwin", "link": "/api/v1/people/110506"}, "league": {"id": 104, "name": "National League", "link": "/api/v1/league/104"}, "sport": {"id": 1, "link": "/api/v1/sports/1", "abbreviation": "MLB"}, "gameType": "R"}]}, {"type": {"displayName": "yearByYear"}, "group": {"displayName": "fielding"}, "exemptions": [], "splits": [{"season": "1908", "stat": {"gamesPlayed": 4, "gamesStarted": 4, "assists": 4, "putOuts": 0, "errors": 0, "chances": 4, "fielding": "1.000", "position": {"code": "1", "name": "Pitcher", "type": "Pitcher", "abbreviation": "P"}, "rangeFactorPerGame": "1.00", "rangeFactorPer9Inn": "2.57", "innings": "14.2", "games": 4, "doublePlays": 0, "triplePlays": 0}, "team": {"id": 138, "name": "St. Louis Cardinals", "link": "/api/v1/teams/138"}, "player": {"id": 110506, "fullName": "Orson Baldwin", "link": "/api/v1/people/110506"}, "league": {"id": 104, "name": "National League", "link": "/api/v1/league/104"}, "sport": {"id": 1, "link": "/api/v1/sports/1", "abbreviation": "MLB"}, "gameType": "R", "position": {"code": "1", "name": "Pitcher", "type": "Pitcher", "abbreviation": "P"}}]}], "mlbDebutDate": "1908-09-06", "pitchHand": {"code": "R", "description": "Right"}, "nameFirstLast": "Orson Baldwin", "nameSlug": "orson-baldwin-110506", "firstLastName": "Orson Baldwin", "lastFirstName": "Baldwin, Orson", "lastInitName": "Baldwin, O", "initLastName": "O Baldwin", "fullFMLName": "Orson F. Baldwin", "fullLFMName": "Baldwin, Orson F."}