{"id": 110059, "fullName": "Dick Adams", "link": "/api/v1/people/110059", "firstName": "Richard", "lastName": "Adams", "primaryNumber": "6", "birthDate": "1920-04-08", "currentAge": 96, "birthCity": "Tuolumne", "birthStateProvince": "CA", "birthCountry": "USA", "height": "6' 0\"", "weight": 185, "active": false, "primaryPosition": {"code": "3", "name": "First Base", "type": "Infielder", "abbreviation": "1B"}, "useName": "Dick", "useLastName": "Adams", "middleName": "Leroy", "boxscoreName": "Adams", "gender": "M", "isPlayer": true, "isVerified": true, "deathDate": "2016-09-14", "deathCity": "Fallbrook", "deathStateProvince": "CA", "deathCountry": "USA", "lastPlayedDate": "1947-09-28", "stats": [{"type": {"displayName": "career"}, "group": {"displayName": "hitting"}, "exemptions": [], "splits": [{"stat": {"gamesPlayed": 37, "runs": 9, "doubles": 2, "triples": 3, "homeRuns": 2, "strikeOuts": 18, "baseOnBalls": 2, "hits": 18, "hitByPitch": 0, "avg": ".202", "atBats": 89, "obp": ".220", "slg": ".360", "ops": ".580", "caughtStealing": 0, "stolenBases": 0, "stolenBasePercentage": ".---", "groundIntoDoublePlay": 0, "plateAppearances": 93, "totalBases": 32, "rbi": 11, "sacBunts": 2, "babip": ".232", "atBatsPerHomeRun": "44.50"}, "team": {"id": 133, "name": "Oakland Athletics", "link": "/api/v1/teams/133"}, "player": {"id": 110059, "fullName": "Dick Adams", "link": "/api/v1/people/110059"}, "league": {"id": 103, "name": "American League", "link": "/api/v1/league/103"}, "sport": {"id": 1, "link": "/api/v1/sports/1", "abbreviation": "MLB"}, "gameType": "R"}]}, {"type": {"displayName": "career"}, "group": {"displayName": "fielding"}, "exemptions": [], "splits": [{"stat": {"gamesPlayed": 24, "gamesStarted": 17, "assists": 17, "putOuts": 170, "errors": 1, "chances": 188, "fielding": ".995", "position": {"code": "3", "name": "First Base", "type": "Infielder", "abbreviation": "1B"}, "rangeFactorPerGame": "7.79", "rangeFactorPer9Inn": "11.15", "innings": "151.0", "games": 24, "doublePlays": 19, "triplePlays": 0}, "team": {"id": 133, "name": "Oakland Athletics", "link": "/api/v1/teams/133"}, "player": {"id": 110059, "fullName": "Dick Adams", "link": "/api/v1/people/110059"}, "league": {"id": 103, "name": "American League", "link": "/api/v1/league/103"}, "sport": {"id": 1, "link": "/api/v1/sports/1", "abbreviation": "MLB"}, "gameType": "R", "position": {"code": "3", "name": "First Base", "type": "Infielder", "abbreviation": "1B"}}, {"stat": {"gamesPlayed": 1, "gamesStarted": 0, "assists": 0, "putOuts": 0, "errors": 0, "chances": 0, "fielding": ".000", "position": {"code": "7", "name": "Outfielder", "type": "Outfielder", "abbreviation": "LF"}, "rangeFactorPerGame": "0.00", "games": 1, "doublePlays": 0, "triplePlays": 0}, "team": {"id": 133, "name": "Oakland Athletics", "link": "/api/v1/teams/133"}, "player": {"id": 110059, "fullName": "Dick Adams", "link": "/api/v1/people/110059"}, "league": {"id": 103, "name": "American League", "link": "/api/v1/league/103"}, "sport": {"id": 1, "link": "/api/v1/sports/1", "abbreviation": "MLB"}, "gameType": "R", "position": {"code": "7", "name": "Outfielder", "type": "Outfielder", "abbreviation": "LF"}}, {"stat": {"gamesPlayed": 2, "gamesStarted": 1, "assists": 0, "putOuts": 1, "errors": 0, "chances": 1, "fielding": "1.000", "position": {"code": "9", "name": "Outfielder", "type": "Outfielder", "abbreviation": "RF"}, "rangeFactorPerGame": "0.50", "rangeFactorPer9Inn": "2.25", "innings": "4.0", "games": 2, "doublePlays": 0, "triplePlays": 0}, "team": {"id": 133, "name": "Oakland Athletics", "link": "/api/v1/teams/133"}, "player": {"id": 110059, "fullName": "Dick Adams", "link": "/api/v1/people/110059"}, "league": {"id": 103, "name": "American League", "link": "/api/v1/league/103"}, "sport": {"id": 1, "link": "/api/v1/sports/1", "abbreviation": "MLB"}, "gameType": "R", "position": {"code": "9", "name": "Outfielder", "type": "Outfielder", "abbreviation": "RF"}}]}, {"type": {"displayName": "yearByYear"}, "group": {"displayName": "hitting"}, "exemptions": [], "splits": [{"season": "1947", "stat": {"gamesPlayed": 37, "runs": 9, "doubles": 2, "triples": 3, "homeRuns": 2, "strikeOuts": 18, "baseOnBalls": 2, "hits": 18, "hitByPitch": 0, "avg": ".202", "atBats": 89, "obp": ".220", "slg": ".360", "ops": ".580", "caughtStealing": 0, "stolenBases": 0, "stolenBasePercentage": ".---", "groundIntoDoublePlay": 0, "plateAppearances": 93, "totalBases": 32, "rbi": 11, "sacBunts": 2, "babip": ".232", "atBatsPerHomeRun": "44.50"}, "team": {"id": 133, "name": "Philadelphia Athletics", "link": "/api/v1/teams/133"}, "player": {"id": 110059, "fullName": "Dick Adams", "link": "/api/v1/people/110059"}, "league": {"id": 103, "name": "American League", "link": "/api/v1/league/103"}, "sport": {"id": 1, "link": "/api/v1/sports/1", "abbreviation": "MLB"}, "gameType": "R"}]}, {"type": {"displayName": "yearByYear"}, "group": {"displayName": "fielding"}, "exemptions": [], "splits": [{"season": "1947", "stat": {"gamesPlayed": 24, "gamesStarted": 17, "assists": 17, "putOuts": 170, "errors": 1, "chances": 188, "fielding": ".995", "position": {"code": "3", "name": "First Base", "type": "Infielder", "abbreviation": "1B"}, "rangeFactorPerGame": "7.79", "rangeFactorPer9Inn": "11.15", "innings": "151.0", "games": 24, "doublePlays": 19, "triplePlays": 0}, "team": {"id": 133, "name": "Philadelphia Athletics", "link": "/api/v1/teams/133"}, "player": {"id": 110059, "fullName": "Dick Adams", "link": "/api/v1/people/110059"}, "league": {"id": 103, "name": "American League", "link": "/api/v1/league/103"}, "sport": {"id": 1, "link": "/api/v1/sports/1", "abbreviation": "MLB"}, "gameType": "R", "position": {"code": "3", "name": "First Base", "type": "Infielder", "abbreviation": "1B"}}, {"season": "1947", "stat": {"gamesPlayed": 1, "gamesStarted": 0, "assists": 0, "putOuts": 0, "errors": 0, "chances": 0, "fielding": ".000", "position": {"code": "7", "name": "Outfielder", "type": "Outfielder", "abbreviation": "LF"}, "rangeFactorPerGame": "0.00", "games": 1, "doublePlays": 0, "triplePlays": 0}, "team": {"id": 133, "name": "Philadelphia Athletics", "link": "/api/v1/teams/133"}, "player": {"id": 110059, "fullName": "Dick Adams", "link": "/api/v1/people/110059"}, "league": {"id": 103, "name": "American League", "link": "/api/v1/league/103"}, "sport": {"id": 1, "link": "/api/v1/sports/1", "abbreviation": "MLB"}, "gameType": "R", "position": {"code": "7", "name": "Outfielder", "type": "Outfielder", "abbreviation": "LF"}}, {"season": "1947", "stat": {"gamesPlayed": 2, "gamesStarted": 1, "assists": 0, "putOuts": 1, "errors": 0, "chances": 1, "fielding": "1.000", "position": {"code": "9", "name": "Outfielder", "type": "Outfielder", "abbreviation": "RF"}, "rangeFactorPerGame": "0.50", "rangeFactorPer9Inn": "2.25", "innings": "4.0", "games": 2, "doublePlays": 0, "triplePlays": 0}, "team": {"id": 133, "name": "Philadelphia Athletics", "link": "/api/v1/teams/133"}, "player": {"id": 110059, "fullName": "Dick Adams", "link": "/api/v1/people/110059"}, "league": {"id": 103, "name": "American League", "link": "/api/v1/league/103"}, "sport": {"id": 1, "link": "/api/v1/sports/1", "abbreviation": "MLB"}, "gameType": "R", "position": {"code": "9", "name": "Outfielder", "type": "Outfielder", "abbreviation": "RF"}}]}], "mlbDebutDate": "1947-05-20", "batSide": {"code": "R", "description": "Right"}, "pitchHand": {"code": "L", "description": "Left"}, "nameFirstLast": "Dick Adams", "nameSlug": "dick-adams-110059", "firstLastName": "Dick Adams", "lastFirstName": "Adams, Dick", "lastInitName": "Adams, D", "initLastName": "D Adams", "fullFMLName": "Richard Leroy Adams", "fullLFMName": "Adams, Richard Leroy", "strikeZoneTop": 3.371, "strikeZoneBottom": 1.535}