{"id": 110131, "fullName": "Bob Alexander", "link": "/api/v1/people/110131", "firstName": "Robert", "lastName": "Alexander", "primaryNumber": "30", "birthDate": "1922-08-07", "currentAge": 70, "birthCity": "Vancouver", "birthStateProvince": "BC", "birthCountry": "Canada", "height": "6' 2\"", "weight": 205, "active": false, "primaryPosition": {"code": "1", "name": "Pitcher", "type": "Pitcher", "abbreviation": "P"}, "useName": "Bob", "useLastName": "Alexander", "middleName": "Somerville", "boxscoreName": "Alexander", "gender": "M", "isPlayer": true, "isVerified": true, "deathDate": "1993-04-07", "deathCity": "Oceanside", "deathStateProvince": "CA", "deathCountry": "USA", "lastPlayedDate": "1957-09-22", "stats": [{"type": {"displayName": "career"}, "group": {"displayName": "hitting"}, "exemptions": [], "splits": [{"stat": {"gamesPlayed": 9, "runs": 0, "doubles": 0, "triples": 0, "homeRuns": 0, "strikeOuts": 1, "baseOnBalls": 0, "intentionalWalks": 0, "hits": 0, "hitByPitch": 0, "avg": ".000", "atBats": 1, "obp": ".000", "slg": ".000", "ops": ".000", "caughtStealing": 0, "stolenBases": 0, "stolenBasePercentage": ".---", "groundIntoDoublePlay": 0, "plateAppearances": 1, "totalBases": 0, "rbi": 0, "sacBunts": 0, "sacFlies": 0, "babip": ".---", "atBatsPerHomeRun": "-.--"}, "player": {"id": 110131, "fullName": "Bob Alexander", "link": "/api/v1/people/110131"}, "sport": {"id": 1, "link": "/api/v1/sports/1", "abbreviation": "MLB"}, "gameType": "R", "numTeams": 2}]}, {"type": {"displayName": "career"}, "group": {"displayName": "pitching"}, "exemptions": [], "splits": [{"stat": {"gamesPlayed": 9, "gamesStarted": 0, "runs": 13, "homeRuns": 0, "strikeOuts": 2, "baseOnBalls": 7, "intentionalWalks": 2, "hits": 18, "hitByPitch": 2, "avg": ".391", "atBats": 46, "obp": ".474", "era": "10.64", "inningsPitched": "11.0", "wins": 1, "losses": 1, "saves": 0, "earnedRuns": 13, "whip": "2.27", "battersFaced": 57, "outs": 33, "gamesPitched": 9, "completeGames": 0, "shutouts": 0, "hitBatsmen": 2, "balks": 0, "wildPitches": 2, "winPercentage": ".500", "gamesFinished": 5, "strikeoutWalkRatio": "0.29", "strikeoutsPer9Inn": "1.64", "walksPer9Inn": "5.73", "hitsPer9Inn": "14.73", "runsScoredPer9": "10.64", "homeRunsPer9": "0.00", "sacBunts": 0, "sacFlies": 2}, "player": {"id": 110131, "fullName": "Bob Alexander", "link": "/api/v1/people/110131"}, "sport": {"id": 1, "link": "/api/v1/sports/1", "abbreviation": "MLB"}, "gameType": "R", "numTeams": 2}]}, {"type": {"displayName": "career"}, "group": {"displayName": "fielding"}, "exemptions": [], "splits": [{"stat": {"gamesPlayed": 9, "gamesStarted": 0, "assists": 0, "putOuts": 0, "errors": 0, "chances": 0, "fielding": ".000", "position": {"code": "1", "name": "Pitcher", "type": "Pitcher", "abbreviation": "P"}, "rangeFactorPerGame": "0.00", "rangeFactorPer9Inn": "0.00", "innings": "11.0", "games": 9, "doublePlays": 0, "triplePlays": 0, "throwingErrors": 0}, "player": {"id": 110131, "fullName": "Bob Alexander", "link": "/api/v1/people/110131"}, "sport": {"id": 1, "link": "/api/v1/sports/1", "abbreviation": "MLB"}, "gameType": "R", "numTeams": 2, "position": {"code": "1", "name": "Pitcher", "type": "Pitcher", "abbreviation": "P"}}]}, {"type": {"displayName": "yearByYear"}, "group": {"displayName": "hitting"}, "exemptions": [], "splits": [{"season": "1955", "stat": {"gamesPlayed": 4, "runs": 0, "doubles": 0, "triples": 0, "homeRuns": 0, "strikeOuts": 0, "baseOnBalls": 0, "intentionalWalks": 0, "hits": 0, "hitByPitch": 0, "avg": ".000", "atBats": 0, "obp": ".000", "slg": ".000", "ops": ".000", "caughtStealing": 0, "stolenBases": 0, "stolenBasePercentage": ".---", "groundIntoDoublePlay": 0, "plateAppearances": 0, "totalBases": 0, "rbi": 0, "sacBunts": 0, "sacFlies": 0, "babip": ".---", "atBatsPerHomeRun": "-.--"}, "team": {"id": 110, "name": "Baltimore Orioles", "link": "/api/v1/teams/110"}, "player": {"id": 110131, "fullName": "Bob Alexander", "link": "/api/v1/people/110131"}, "league": {"id": 103, "name": "American League", "link": "/api/v1/league/103"}, "sport": {"id": 1, "link": "/api/v1/sports/1", "abbreviation": "MLB"}, "gameType": "R"}, {"season": "1957", "stat": {"gamesPlayed": 5, "runs": 0, "doubles": 0, "triples": 0, "homeRuns": 0, "strikeOuts": 1, "baseOnBalls": 0, "intentionalWalks": 0, "hits": 0, "hitByPitch": 0, "avg": ".000", "atBats": 1, "obp": ".000", "slg": ".000", "ops": ".000", "caughtStealing": 0, "stolenBases": 0, "stolenBasePercentage": ".---", "groundIntoDoublePlay": 0, "plateAppearances": 1, "totalBases": 0, "rbi": 0, "sacBunts": 0, "sacFlies": 0, "babip": ".---", "atBatsPerHomeRun": "-.--"}, "team": {"id": 114, "name": "Cleveland Indians", "link": "/api/v1/teams/114"}, "player": {"id": 110131, "fullName": "Bob Alexander", "link": "/api/v1/people/110131"}, "league": {"id": 103, "name": "American League", "link": "/api/v1/league/103"}, "sport": {"id": 1, "link": "/api/v1/sports/1", "abbreviation": "MLB"}, "gameType": "R"}]}, {"type": {"displayName": "yearByYear"}, "group": {"displayName": "pitching"}, "exemptions": [], "splits": [{"season": "1955", "stat": {"gamesPlayed": 4, "gamesStarted": 0, "runs": 6, "homeRuns": 0, "strikeOuts": 1, "baseOnBalls": 2, "intentionalWalks": 0, "hits": 8, "hitByPitch": 1, "avg": ".444", "atBats": 18, "obp": ".500", "era": "13.50", "inningsPitched": "4.0", "wins": 1, "losses": 0, "saves": 0, "earnedRuns": 6, "whip": "2.50", "battersFaced": 22, "outs": 12, "gamesPitched": 4, "completeGames": 0, "shutouts": 0, "hitBatsmen": 1, "balks": 0, "wildPitches": 1, "winPercentage": "1.000", "gamesFinished": 2, "strikeoutWalkRatio": "0.50", "strikeoutsPer9Inn": "2.25", "walksPer9Inn": "4.50", "hitsPer9Inn": "18.00", "runsScoredPer9": "13.50", "homeRunsPer9": "0.00", "sacBunts": 0, "sacFlies": 1}, "team": {"id": 110, "name": "Baltimore Orioles", "link": "/api/v1/teams/110"}, "player": {"id": 110131, "fullName": "Bob Alexander", "link": "/api/v1/people/110131"}, "league": {"id": 103, "name": "American League", "link": "/api/v1/league/103"}, "sport": {"id": 1, "link": "/api/v1/sports/1", "abbreviation": "MLB"}, "gameType": "R"}, {"season": "1957", "stat": {"gamesPlayed": 5, "gamesStarted": 0, "runs": 7, "homeRuns": 0, "strikeOuts": 1, "baseOnBalls": 5, "intentionalWalks": 2, "hits": 10, "hitByPitch": 1, "avg": ".357", "atBats": 28, "obp": ".457", "era": "9.00", "inningsPitched": "7.0", "wins": 0, "losses": 1, "saves": 0, "earnedRuns": 7, "whip": "2.14", "battersFaced": 35, "outs": 21, "gamesPitched": 5, "completeGames": 0, "shutouts": 0, "hitBatsmen": 1, "balks": 0, "wildPitches": 1, "winPercentage": ".000", "gamesFinished": 3, "strikeoutWalkRatio": "0.20", "strikeoutsPer9Inn": "1.29", "walksPer9Inn": "6.43", "hitsPer9Inn": "12.86", "runsScoredPer9": "9.00", "homeRunsPer9": "0.00", "sacBunts": 0, "sacFlies": 1}, "team": {"id": 114, "name": "Cleveland Indians", "link": "/api/v1/teams/114"}, "player": {"id": 110131, "fullName": "Bob Alexander", "link": "/api/v1/people/110131"}, "league": {"id": 103, "name": "American League", "link": "/api/v1/league/103"}, "sport": {"id": 1, "link": "/api/v1/sports/1", "abbreviation": "MLB"}, "gameType": "R"}]}, {"type": {"displayName": "yearByYear"}, "group": {"displayName": "fielding"}, "exemptions": [], "splits": [{"season": "1955", "stat": {"gamesPlayed": 4, "gamesStarted": 0, "assists": 0, "putOuts": 0, "errors": 0, "chances": 0, "fielding": ".000", "position": {"code": "1", "name": "Pitcher", "type": "Pitcher", "abbreviation": "P"}, "rangeFactorPerGame": "0.00", "rangeFactorPer9Inn": "0.00", "innings": "4.0", "games": 4, "doublePlays": 0, "triplePlays": 0, "throwingErrors": 0}, "team": {"id": 110, "name": "Baltimore Orioles", "link": "/api/v1/teams/110"}, "player": {"id": 110131, "fullName": "Bob Alexander", "link": "/api/v1/people/110131"}, "league": {"id": 103, "name": "American League", "link": "/api/v1/league/103"}, "sport": {"id": 1, "link": "/api/v1/sports/1", "abbreviation": "MLB"}, "gameType": "R", "position": {"code": "1", "name": "Pitcher", "type": "Pitcher", "abbreviation": "P"}}, {"season": "1957", "stat": {"gamesPlayed": 5, "gamesStarted": 0, "assists": 0, "putOuts": 0, "errors": 0, "chances": 0, "fielding": ".000", "position": {"code": "1", "name": "Pitcher", "type": "Pitcher", "abbreviation": "P"}, "rangeFactorPerGame": "0.00", "rangeFactorPer9Inn": "0.00", "innings": "7.0", "games": 5, "doublePlays": 0, "triplePlays": 0, "throwingErrors": 0}, "team": {"id": 114, "name": "Cleveland Indians", "link": "/api/v1/teams/114"}, "player": {"id": 110131, "fullName": "Bob Alexander", "link": "/api/v1/people/110131"}, "league": {"id": 103, "name": "American League", "link": "/api/v1/league/103"}, "sport": {"id": 1, "link": "/api/v1/sports/1", "abbreviation": "MLB"}, "gameType": "R", "position": {"code": "1", "name": "Pitcher", "type": "Pitcher", "abbreviation": "P"}}]}], "mlbDebutDate": "1955-04-11", "batSide": {"code": "R", "description": "Right"}, "pitchHand": {"code": "R", "description": "Right"}, "nameFirstLast": "Bob Alexander", "nameSlug": "bob-alexander-110131", "firstLastName": "Bob Alexander", "lastFirstName": "Alexander, Bob", "lastInitName": "Alexander, B", "initLastName": "B Alexander", "fullFMLName": "Robert Somerville Alexander", "fullLFMName": "Alexander, Robert Somerville", "strikeZoneTop": 3.467, "strikeZoneBottom": 1.589}