{"id": 110042, "fullName": "Jerry Adair", "link": "/api/v1/people/110042", "firstName": "Kenneth", "lastName": "Adair", "primaryNumber": "7", "birthDate": "1936-12-17", "currentAge": 50, "birthCity": "Sand Springs", "birthStateProvince": "OK", "birthCountry": "USA", "height": "6' 0\"", "weight": 175, "active": false, "primaryPosition": {"code": "4", "name": "Second Base", "type": "Infielder", "abbreviation": "2B"}, "useName": "Jerry", "useLastName": "Adair", "middleName": "Jerry", "boxscoreName": "Adair", "nickName": "Casper the Friendly Ghost", "gender": "M", "isPlayer": true, "isVerified": true, "deathDate": "1987-05-31", "deathCity": "Tulsa", "deathStateProvince": "OK", "deathCountry": "USA", "lastPlayedDate": "1970-05-03", "stats": [{"type": {"displayName": "career"}, "group": {"displayName": "hitting"}, "exemptions": [], "splits": [{"stat": {"gamesPlayed": 1165, "runs": 378, "doubles": 163, "triples": 19, "homeRuns": 57, "strikeOuts": 499, "baseOnBalls": 208, "intentionalWalks": 31, "hits": 1022, "hitByPitch": 17, "avg": ".254", "atBats": 4019, "obp": ".292", "slg": ".347", "ops": ".639", "caughtStealing": 29, "stolenBases": 29, "stolenBasePercentage": ".500", "groundIntoDoublePlay": 149, "plateAppearances": 4315, "totalBases": 1394, "rbi": 366, "sacBunts": 41, "sacFlies": 30, "babip": ".276", "atBatsPerHomeRun": "70.51"}, "player": {"id": 110042, "fullName": "Jerry Adair", "link": "/api/v1/people/110042"}, "sport": {"id": 1, "link": "/api/v1/sports/1", "abbreviation": "MLB"}, "gameType": "R", "numTeams": 4}]}, {"type": {"displayName": "career"}, "group": {"displayName": "fielding"}, "exemptions": [], "splits": [{"stat": {"gamesPlayed": 811, "gamesStarted": 757, "assists": 2025, "putOuts": 1872, "errors": 57, "chances": 3954, "fielding": ".986", "position": {"code": "4", "name": "Second Base", "type": "Infielder", "abbreviation": "2B"}, "rangeFactorPerGame": "4.81", "rangeFactorPer9Inn": "5.20", "innings": "6745.2", "games": 811, "doublePlays": 464, "triplePlays": 0, "throwingErrors": 7}, "player": {"id": 110042, "fullName": "Jerry Adair", "link": "/api/v1/people/110042"}, "sport": {"id": 1, "link": "/api/v1/sports/1", "abbreviation": "MLB"}, "gameType": "R", "numTeams": 4, "position": {"code": "4", "name": "Second Base", "type": "Infielder", "abbreviation": "2B"}}, {"stat": {"gamesPlayed": 45, "gamesStarted": 39, "assists": 72, "putOuts": 34, "errors": 8, "chances": 114, "fielding": ".930", "position": {"code": "5", "name": "Third Base", "type": "Infielder", "abbreviation": "3B"}, "rangeFactorPerGame": "2.36", "rangeFactorPer9Inn": "2.86", "innings": "333.0", "games": 45, "doublePlays": 7, "triplePlays": 0, "throwingErrors": 1}, "player": {"id": 110042, "fullName": "Jerry Adair", "link": "/api/v1/people/110042"}, "sport": {"id": 1, "link": "/api/v1/sports/1", "abbreviation": "MLB"}, "gameType": "R", "numTeams": 3, "position": {"code": "5", "name": "Third Base", "type": "Infielder", "abbreviation": "3B"}}, {"stat": {"gamesPlayed": 310, "gamesStarted": 256, "assists": 796, "putOuts": 478, "errors": 38, "chances": 1312, "fielding": ".971", "position": {"code": "6", "name": "Shortstop", "type": "Infielder", "abbreviation": "SS"}, "rangeFactorPerGame": "4.11", "rangeFactorPer9Inn": "4.87", "innings": "2356.0", "games": 310, "doublePlays": 152, "triplePlays": 1, "throwingErrors": 5}, "player": {"id": 110042, "fullName": "Jerry Adair", "link": "/api/v1/people/110042"}, "sport": {"id": 1, "link": "/api/v1/sports/1", "abbreviation": "MLB"}, "gameType": "R", "numTeams": 4, "position": {"code": "6", "name": "Shortstop", "type": "Infielder", "abbreviation": "SS"}}, {"stat": {"gamesPlayed": 1, "gamesStarted": 1, "assists": 1, "putOuts": 5, "errors": 0, "chances": 6, "fielding": "1.000", "position": {"code": "3", "name": "First Base", "type": "Infielder", "abbreviation": "1B"}, "rangeFactorPerGame": "6.00", "rangeFactorPer9Inn": "13.50", "innings": "4.0", "games": 1, "doublePlays": 0, "triplePlays": 0, "throwingErrors": 0}, "team": {"id": 111, "name": "Boston Red Sox", "link": "/api/v1/teams/111"}, "player": {"id": 110042, "fullName": "Jerry Adair", "link": "/api/v1/people/110042"}, "league": {"id": 103, "name": "American League", "link": "/api/v1/league/103"}, "sport": {"id": 1, "link": "/api/v1/sports/1", "abbreviation": "MLB"}, "gameType": "R", "position": {"code": "3", "name": "First Base", "type": "Infielder", "abbreviation": "1B"}}]}, {"type": {"displayName": "yearByYear"}, "group": {"displayName": "hitting"}, "exemptions": [], "splits": [{"season": "1958", "stat": {"gamesPlayed": 11, "runs": 1, "doubles": 0, "triples": 0, "homeRuns": 0, "strikeOuts": 7, "baseOnBalls": 1, "intentionalWalks": 0, "hits": 2, "hitByPitch": 0, "avg": ".105", "atBats": 19, "obp": ".150", "slg": ".105", "ops": ".255", "caughtStealing": 0, "stolenBases": 0, "stolenBasePercentage": ".---", "groundIntoDoublePlay": 0, "plateAppearances": 20, "totalBases": 2, "rbi": 0, "sacBunts": 0, "sacFlies": 0, "babip": ".167", "atBatsPerHomeRun": "-.--"}, "team": {"id": 110, "name": "Baltimore Orioles", "link": "/api/v1/teams/110"}, "player": {"id": 110042, "fullName": "Jerry Adair", "link": "/api/v1/people/110042"}, "league": {"id": 103, "name": "American League", "link": "/api/v1/league/103"}, "sport": {"id": 1, "link": "/api/v1/sports/1", "abbreviation": "MLB"}, "gameType": "R"}, {"season": "1959", "stat": {"gamesPlayed": 12, "runs": 3, "doubles": 0, "triples": 1, "homeRuns": 0, "strikeOuts": 5, "baseOnBalls": 1, "intentionalWalks": 0, "hits": 11, "hitByPitch": 0, "avg": ".314", "atBats": 35, "obp": ".333", "slg": ".371", "ops": ".704", "caughtStealing": 0, "stolenBases": 0, "stolenBasePercentage": ".---", "groundIntoDoublePlay": 0, "plateAppearances": 36, "totalBases": 13, "rbi": 2, "sacBunts": 0, "sacFlies": 0, "babip": ".367", "atBatsPerHomeRun": "-.--"}, "team": {"id": 110, "name": "Baltimore Orioles", "link": "/api/v1/teams/110"}, "player": {"id": 110042, "fullName": "Jerry Adair", "link": "/api/v1/people/110042"}, "league": {"id": 103, "name": "American League", "link": "/api/v1/league/103"}, "sport": {"id": 1, "link": "/api/v1/sports/1", "abbreviation": "MLB"}, "gameType": "R"}, {"season": "1960", "stat": {"gamesPlayed": 3, "runs": 1, "doubles": 0, "triples": 0, "homeRuns": 1, "strikeOuts": 0, "baseOnBalls": 0, "intentionalWalks": 0, "hits": 1, "hitByPitch": 0, "avg": ".200", "atBats": 5, "obp": ".200", "slg": ".800", "ops": "1.000", "caughtStealing": 0, "stolenBases": 0, "stolenBasePercentage": ".---", "groundIntoDoublePlay": 0, "plateAppearances": 5, "totalBases": 4, "rbi": 1, "sacBunts": 0, "sacFlies": 0, "babip": ".000", "atBatsPerHomeRun": "5.00"}, "team": {"id": 110, "name": "Baltimore Orioles", "link": "/api/v1/teams/110"}, "player": {"id": 110042, "fullName": "Jerry Adair", "link": "/api/v1/people/110042"}, "league": {"id": 103, "name": "American League", "link": "/api/v1/league/103"}, "sport": {"id": 1, "link": "/api/v1/sports/1", "abbreviation": "MLB"}, "gameType": "R"}, {"season": "1961", "stat": {"gamesPlayed": 133, "runs": 41, "doubles": 21, "triples": 1, "homeRuns": 9, "strikeOuts": 51, "baseOnBalls": 35, "intentionalWalks": 4, "hits": 102, "hitByPitch": 2, "avg": ".264", "atBats": 386, "obp": ".326", "slg": ".394", "ops": ".720", "caughtStealing": 2, "stolenBases": 5, "stolenBasePercentage": ".714", "groundIntoDoublePlay": 6, "plateAppearances": 428, "totalBases": 152, "rbi": 37, "sacBunts": 1, "sacFlies": 4, "babip": ".282", "atBatsPerHomeRun": "42.89"}, "team": {"id": 110, "name": "Baltimore Orioles", "link": "/api/v1/teams/110"}, "player": {"id": 110042, "fullName": "Jerry Adair", "link": "/api/v1/people/110042"}, "league": {"id": 103, "name": "American League", "link": "/api/v1/league/103"}, "sport": {"id": 1, "link": "/api/v1/sports/1", "abbreviation": "MLB"}, "gameType": "R"}, {"season": "1962", "stat": {"gamesPlayed": 139, "runs": 67, "doubles": 29, "triples": 4, "homeRuns": 11, "strikeOuts": 77, "baseOnBalls": 27, "intentionalWalks": 1, "hits": 153, "hitByPitch": 2, "avg": ".284", "atBats": 538, "obp": ".319", "slg": ".414", "ops": ".733", "caughtStealing": 7, "stolenBases": 7, "stolenBasePercentage": ".500", "groundIntoDoublePlay": 15, "plateAppearances": 574, "totalBases": 223, "rbi": 48, "sacBunts": 4, "sacFlies": 3, "babip": ".313", "atBatsPerHomeRun": "48.91"}, "team": {"id": 110, "name": "Baltimore Orioles", "link": "/api/v1/teams/110"}, "player": {"id": 110042, "fullName": "Jerry Adair", "link": "/api/v1/people/110042"}, "league": {"id": 103, "name": "American League", "link": "/api/v1/league/103"}, "sport": {"id": 1, "link": "/api/v1/sports/1", "abbreviation": "MLB"}, "gameType": "R"}, {"season": "1963", "stat": {"gamesPlayed": 109, "runs": 34, "doubles": 21, "triples": 3, "homeRuns": 6, "strikeOuts": 51, "baseOnBalls": 9, "intentionalWalks": 2, "hits": 87, "hitByPitch": 2, "avg": ".228", "atBats": 382, "obp": ".246", "slg": ".346", "ops": ".592", "caughtStealing": 3, "stolenBases": 3, "stolenBasePercentage": ".500", "groundIntoDoublePlay": 17, "plateAppearances": 401, "totalBases": 132, "rbi": 30, "sacBunts": 3, "sacFlies": 5, "babip": ".245", "atBatsPerHomeRun": "63.67"}, "team": {"id": 110, "name": "Baltimore Orioles", "link": "/api/v1/teams/110"}, "player": {"id": 110042, "fullName": "Jerry Adair", "link": "/api/v1/people/110042"}, "league": {"id": 103, "name": "American League", "link": "/api/v1/league/103"}, "sport": {"id": 1, "link": "/api/v1/sports/1", "abbreviation": "MLB"}, "gameType": "R"}, {"season": "1964", "stat": {"gamesPlayed": 155, "runs": 56, "doubles": 20, "triples": 3, "homeRuns": 9, "strikeOuts": 72, "baseOnBalls": 28, "intentionalWalks": 10, "hits": 141, "hitByPitch": 1, "avg": ".248", "atBats": 569, "obp": ".283", "slg": ".341", "ops": ".624", "caughtStealing": 2, "stolenBases": 3, "stolenBasePercentage": ".600", "groundIntoDoublePlay": 20, "plateAppearances": 605, "totalBases": 194, "rbi": 47, "sacBunts": 4, "sacFlies": 3, "babip": ".269", "atBatsPerHomeRun": "63.22"}, "team": {"id": 110, "name": "Baltimore Orioles", "link": "/api/v1/teams/110"}, "player": {"id": 110042, "fullName": "Jerry Adair", "link": "/api/v1/people/110042"}, "league": {"id": 103, "name": "American League", "link": "/api/v1/league/103"}, "sport": {"id": 1, "link": "/api/v1/sports/1", "abbreviation": "MLB"}, "gameType": "R"}, {"season": "1965", "stat": {"gamesPlayed": 157, "runs": 51, "doubles": 26, "triples": 3, "homeRuns": 7, "strikeOuts": 65, "baseOnBalls": 35, "intentionalWalks": 7, "hits": 151, "hitByPitch": 2, "avg": ".259", "atBats": 582, "obp": ".303", "slg": ".351", "ops": ".654", "caughtStealing": 4, "stolenBases": 6, "stolenBasePercentage": ".600", "groundIntoDoublePlay": 26, "plateAppearances": 625, "totalBases": 204, "rbi": 66, "sacBunts": 4, "sacFlies": 2, "babip": ".281", "atBatsPerHomeRun": "83.14"}, "team": {"id": 110, "name": "Baltimore Orioles", "link": "/api/v1/teams/110"}, "player": {"id": 110042, "fullName": "Jerry Adair", "link": "/api/v1/people/110042"}, "league": {"id": 103, "name": "American League", "link": "/api/v1/league/103"}, "sport": {"id": 1, "link": "/api/v1/sports/1", "abbreviation": "MLB"}, "gameType": "R"}, {"season": "1966", "stat": {"gamesPlayed": 17, "runs": 3, "doubles": 1, "triples": 0, "homeRuns": 0, "strikeOuts": 8, "baseOnBalls": 4, "intentionalWalks": 0, "hits": 15, "hitByPitch": 0, "avg": ".288", "atBats": 52, "obp": ".333", "slg": ".308", "ops": ".641", "caughtStealing": 0, "stolenBases": 0, "stolenBasePercentage": ".---", "groundIntoDoublePlay": 1, "plateAppearances": 58, "totalBases": 16, "rbi": 3, "sacBunts": 1, "sacFlies": 1, "babip": ".333", "atBatsPerHomeRun": "-.--"}, "team": {"id": 110, "name": "Baltimore Orioles", "link": "/api/v1/teams/110"}, "player": {"id": 110042, "fullName": "Jerry Adair", "link": "/api/v1/people/110042"}, "league": {"id": 103, "name": "American League", "link": "/api/v1/league/103"}, "sport": {"id": 1, "link": "/api/v1/sports/1", "abbreviation": "MLB"}, "gameType": "R"}, {"season": "1966", "stat": {"gamesPlayed": 105, "runs": 27, "doubles": 18, "triples": 2, "homeRuns": 4, "strikeOuts": 44, "baseOnBalls": 17, "intentionalWalks": 0, "hits": 90, "hitByPitch": 1, "avg": ".243", "atBats": 370, "obp": ".275", "slg": ".335", "ops": ".610", "caughtStealing": 2, "stolenBases": 3, "stolenBasePercentage": ".600", "groundIntoDoublePlay": 14, "plateAppearances": 402, "totalBases": 124, "rbi": 36, "sacBunts": 9, "sacFlies": 5, "babip": ".263", "atBatsPerHomeRun": "92.50"}, "team": {"id": 145, "name": "Chicago White Sox", "link": "/api/v1/teams/145"}, "player": {"id": 110042, "fullName": "Jerry Adair", "link": "/api/v1/people/110042"}, "league": {"id": 103, "name": "American League", "link": "/api/v1/league/103"}, "sport": {"id": 1, "link": "/api/v1/sports/1", "abbreviation": "MLB"}, "gameType": "R"}, {"season": "1966", "stat": {"gamesPlayed": 122, "runs": 30, "doubles": 19, "triples": 2, "homeRuns": 4, "strikeOuts": 52, "baseOnBalls": 21, "intentionalWalks": 0, "hits": 105, "hitByPitch": 1, "avg": ".249", "atBats": 422, "obp": ".282", "slg": ".332", "ops": ".614", "caughtStealing": 2, "stolenBases": 3, "stolenBasePercentage": ".600", "groundIntoDoublePlay": 15, "plateAppearances": 460, "totalBases": 140, "rbi": 39, "sacBunts": 10, "sacFlies": 6, "babip": ".272", "atBatsPerHomeRun": "105.50"}, "player": {"id": 110042, "fullName": "Jerry Adair", "link": "/api/v1/people/110042"}, "sport": {"id": 1, "link": "/api/v1/sports/1", "abbreviation": "MLB"}, "gameType": "R", "numTeams": 2}, {"season": "1967", "stat": {"gamesPlayed": 28, "runs": 6, "doubles": 4, "triples": 0, "homeRuns": 0, "strikeOuts": 17, "baseOnBalls": 4, "intentionalWalks": 0, "hits": 20, "hitByPitch": 1, "avg": ".204", "atBats": 98, "obp": ".240", "slg": ".245", "ops": ".485", "caughtStealing": 1, "stolenBases": 0, "stolenBasePercentage": ".000", "groundIntoDoublePlay": 5, "plateAppearances": 106, "totalBases": 24, "rbi": 9, "sacBunts": 2, "sacFlies": 1, "babip": ".244", "atBatsPerHomeRun": "-.--"}, "team": {"id": 145, "name": "Chicago White Sox", "link": "/api/v1/teams/145"}, "player": {"id": 110042, "fullName": "Jerry Adair", "link": "/api/v1/people/110042"}, "league": {"id": 103, "name": "American League", "link": "/api/v1/league/103"}, "sport": {"id": 1, "link": "/api/v1/sports/1", "abbreviation": "MLB"}, "gameType": "R"}, {"season": "1967", "stat": {"gamesPlayed": 89, "runs": 41, "doubles": 13, "triples": 1, "homeRuns": 3, "strikeOuts": 35, "baseOnBalls": 13, "intentionalWalks": 0, "hits": 92, "hitByPitch": 2, "avg": ".291", "atBats": 316, "obp": ".321", "slg": ".367", "ops": ".688", "caughtStealing": 4, "stolenBases": 1, "stolenBasePercentage": ".200", "groundIntoDoublePlay": 10, "plateAppearances": 337, "totalBases": 116, "rbi": 26, "sacBunts": 4, "sacFlies": 2, "babip": ".318", "atBatsPerHomeRun": "105.33"}, "team": {"id": 111, "name": "Boston Red Sox", "link": "/api/v1/teams/111"}, "player": {"id": 110042, "fullName": "Jerry Adair", "link": "/api/v1/people/110042"}, "league": {"id": 103, "name": "American League", "link": "/api/v1/league/103"}, "sport": {"id": 1, "link": "/api/v1/sports/1", "abbreviation": "MLB"}, "gameType": "R"}, {"season": "1967", "stat": {"gamesPlayed": 117, "runs": 47, "doubles": 17, "triples": 1, "homeRuns": 3, "strikeOuts": 52, "baseOnBalls": 17, "intentionalWalks": 0, "hits": 112, "hitByPitch": 3, "avg": ".271", "atBats": 414, "obp": ".302", "slg": ".338", "ops": ".640", "caughtStealing": 5, "stolenBases": 1, "stolenBasePercentage": ".167", "groundIntoDoublePlay": 15, "plateAppearances": 443, "totalBases": 140, "rbi": 35, "sacBunts": 6, "sacFlies": 3, "babip": ".301", "atBatsPerHomeRun": "138.00"}, "player": {"id": 110042, "fullName": "Jerry Adair", "link": "/api/v1/people/110042"}, "sport": {"id": 1, "link": "/api/v1/sports/1", "abbreviation": "MLB"}, "gameType": "R", "numTeams": 2}, {"season": "1968", "stat": {"gamesPlayed": 74, "runs": 18, "doubles": 1, "triples": 0, "homeRuns": 2, "strikeOuts": 28, "baseOnBalls": 9, "intentionalWalks": 2, "hits": 45, "hitByPitch": 1, "avg": ".216", "atBats": 208, "obp": ".252", "slg": ".250", "ops": ".502", "caughtStealing": 0, "stolenBases": 0, "stolenBasePercentage": ".---", "groundIntoDoublePlay": 10, "plateAppearances": 224, "totalBases": 52, "rbi": 12, "sacBunts": 6, "sacFlies": 0, "babip": ".242", "atBatsPerHomeRun": "104.00"}, "team": {"id": 111, "name": "Boston Red Sox", "link": "/api/v1/teams/111"}, "player": {"id": 110042, "fullName": "Jerry Adair", "link": "/api/v1/people/110042"}, "league": {"id": 103, "name": "American League", "link": "/api/v1/league/103"}, "sport": {"id": 1, "link": "/api/v1/sports/1", "abbreviation": "MLB"}, "gameType": "R"}, {"season": "1969", "stat": {"gamesPlayed": 126, "runs": 29, "doubles": 9, "triples": 1, "homeRuns": 5, "strikeOuts": 36, "baseOnBalls": 20, "intentionalWalks": 4, "hits": 108, "hitByPitch": 3, "avg": ".250", "atBats": 432, "obp": ".285", "slg": ".310", "ops": ".595", "caughtStealing": 3, "stolenBases": 1, "stolenBasePercentage": ".250", "groundIntoDoublePlay": 24, "plateAppearances": 461, "totalBases": 134, "rbi": 48, "sacBunts": 2, "sacFlies": 4, "babip": ".261", "atBatsPerHomeRun": "86.40"}, "team": {"id": 118, "name": "Kansas City Royals", "link": "/api/v1/teams/118"}, "player": {"id": 110042, "fullName": "Jerry Adair", "link": "/api/v1/people/110042"}, "league": {"id": 103, "name": "American League", "link": "/api/v1/league/103"}, "sport": {"id": 1, "link": "/api/v1/sports/1", "abbreviation": "MLB"}, "gameType": "R"}, {"season": "1970", "stat": {"gamesPlayed": 7, "runs": 0, "doubles": 0, "triples": 0, "homeRuns": 0, "strikeOuts": 3, "baseOnBalls": 5, "intentionalWalks": 1, "hits": 4, "hitByPitch": 0, "avg": ".148", "atBats": 27, "obp": ".281", "slg": ".148", "ops": ".429", "caughtStealing": 1, "stolenBases": 0, "stolenBasePercentage": ".000", "groundIntoDoublePlay": 1, "plateAppearances": 33, "totalBases": 4, "rbi": 1, "sacBunts": 1, "sacFlies": 0, "babip": ".167", "atBatsPerHomeRun": "-.--"}, "team": {"id": 118, "name": "Kansas City Royals", "link": "/api/v1/teams/118"}, "player": {"id": 110042, "fullName": "Jerry Adair", "link": "/api/v1/people/110042"}, "league": {"id": 103, "name": "American League", "link": "/api/v1/league/103"}, "sport": {"id": 1, "link": "/api/v1/sports/1", "abbreviation": "MLB"}, "gameType": "R"}]}, {"type": {"displayName": "yearByYear"}, "group": {"displayName": "fielding"}, "exemptions": [], "splits": [{"season": "1958", "stat": {"gamesPlayed": 1, "gamesStarted": 1, "assists": 4, "putOuts": 1, "errors": 1, "chances": 6, "fielding": ".833", "position": {"code": "4", "name": "Second Base", "type": "Infielder", "abbreviation": "2B"}, "rangeFactorPerGame": "5.00", "rangeFactorPer9Inn": "5.63", "innings": "8.0", "games": 1, "doublePlays": 2, "triplePlays": 0, "throwingErrors": 0}, "team": {"id": 110, "name": "Baltimore Orioles", "link": "/api/v1/teams/110"}, "player": {"id": 110042, "fullName": "Jerry Adair", "link": "/api/v1/people/110042"}, "league": {"id": 103, "name": "American League", "link": "/api/v1/league/103"}, "sport": {"id": 1, "link": "/api/v1/sports/1", "abbreviation": "MLB"}, "gameType": "R", "position": {"code": "4", "name": "Second Base", "type": "Infielder", "abbreviation": "2B"}}, {"season": "1958", "stat": {"gamesPlayed": 10, "gamesStarted": 4, "assists": 19, "putOuts": 7, "errors": 1, "chances": 27, "fielding": ".963", "position": {"code": "6", "name": "Shortstop", "type": "Infielder", "abbreviation": "SS"}, "rangeFactorPerGame": "2.60", "rangeFactorPer9Inn": "5.20", "innings": "45.0", "games": 10, "doublePlays": 3, "triplePlays": 0, "throwingErrors": 0}, "team": {"id": 110, "name": "Baltimore Orioles", "link": "/api/v1/teams/110"}, "player": {"id": 110042, "fullName": "Jerry Adair", "link": "/api/v1/people/110042"}, "league": {"id": 103, "name": "American League", "link": "/api/v1/league/103"}, "sport": {"id": 1, "link": "/api/v1/sports/1", "abbreviation": "MLB"}, "gameType": "R", "position": {"code": "6", "name": "Shortstop", "type": "Infielder", "abbreviation": "SS"}}, {"season": "1959", "stat": {"gamesPlayed": 10, "gamesStarted": 8, "assists": 16, "putOuts": 21, "errors": 2, "chances": 39, "fielding": ".949", "position": {"code": "4", "name": "Second Base", "type": "Infielder", "abbreviation": "2B"}, "rangeFactorPerGame": "3.70", "rangeFactorPer9Inn": "4.76", "innings": "70.0", "games": 10, "doublePlays": 3, "triplePlays": 0, "throwingErrors": 1}, "team": {"id": 110, "name": "Baltimore Orioles", "link": "/api/v1/teams/110"}, "player": {"id": 110042, "fullName": "Jerry Adair", "link": "/api/v1/people/110042"}, "league": {"id": 103, "name": "American League", "link": "/api/v1/league/103"}, "sport": {"id": 1, "link": "/api/v1/sports/1", "abbreviation": "MLB"}, "gameType": "R", "position": {"code": "4", "name": "Second Base", "type": "Infielder", "abbreviation": "2B"}}, {"season": "1959", "stat": {"gamesPlayed": 2, "gamesStarted": 2, "assists": 3, "putOuts": 6, "errors": 2, "chances": 11, "fielding": ".818", "position": {"code": "6", "name": "Shortstop", "type": "Infielder", "abbreviation": "SS"}, "rangeFactorPerGame": "4.50", "rangeFactorPer9Inn": "4.76", "innings": "17.0", "games": 2, "doublePlays": 2, "triplePlays": 0, "throwingErrors": 0}, "team": {"id": 110, "name": "Baltimore Orioles", "link": "/api/v1/teams/110"}, "player": {"id": 110042, "fullName": "Jerry Adair", "link": "/api/v1/people/110042"}, "league": {"id": 103, "name": "American League", "link": "/api/v1/league/103"}, "sport": {"id": 1, "link": "/api/v1/sports/1", "abbreviation": "MLB"}, "gameType": "R", "position": {"code": "6", "name": "Shortstop", "type": "Infielder", "abbreviation": "SS"}}, {"season": "1960", "stat": {"gamesPlayed": 3, "gamesStarted": 0, "assists": 4, "putOuts": 3, "errors": 0, "chances": 7, "fielding": "1.000", "position": {"code": "4", "name": "Second Base", "type": "Infielder", "abbreviation": "2B"}, "rangeFactorPerGame": "2.33", "rangeFactorPer9Inn": "6.30", "innings": "10.0", "games": 3, "doublePlays": 2, "triplePlays": 0, "throwingErrors": 0}, "team": {"id": 110, "name": "Baltimore Orioles", "link": "/api/v1/teams/110"}, "player": {"id": 110042, "fullName": "Jerry Adair", "link": "/api/v1/people/110042"}, "league": {"id": 103, "name": "American League", "link": "/api/v1/league/103"}, "sport": {"id": 1, "link": "/api/v1/sports/1", "abbreviation": "MLB"}, "gameType": "R", "position": {"code": "4", "name": "Second Base", "type": "Infielder", "abbreviation": "2B"}}, {"season": "1961", "stat": {"gamesPlayed": 107, "gamesStarted": 96, "assists": 239, "putOuts": 239, "errors": 6, "chances": 484, "fielding": ".988", "position": {"code": "4", "name": "Second Base", "type": "Infielder", "abbreviation": "2B"}, "rangeFactorPerGame": "4.47", "rangeFactorPer9Inn": "5.25", "innings": "820.0", "games": 107, "doublePlays": 53, "triplePlays": 0, "throwingErrors": 2}, "team": {"id": 110, "name": "Baltimore Orioles", "link": "/api/v1/teams/110"}, "player": {"id": 110042, "fullName": "Jerry Adair", "link": "/api/v1/people/110042"}, "league": {"id": 103, "name": "American League", "link": "/api/v1/league/103"}, "sport": {"id": 1, "link": "/api/v1/sports/1", "abbreviation": "MLB"}, "gameType": "R", "position": {"code": "4", "name": "Second Base", "type": "Infielder", "abbreviation": "2B"}}, {"season": "1961", "stat": {"gamesPlayed": 2, "gamesStarted": 1, "assists": 1, "putOuts": 0, "errors": 0, "chances": 1, "fielding": "1.000", "position": {"code": "5", "name": "Third Base", "type": "Infielder", "abbreviation": "3B"}, "rangeFactorPerGame": "0.50", "rangeFactorPer9Inn": "1.29", "innings": "7.2", "games": 2, "doublePlays": 0, "triplePlays": 0, "throwingErrors": 0}, "team": {"id": 110, "name": "Baltimore Orioles", "link": "/api/v1/teams/110"}, "player": {"id": 110042, "fullName": "Jerry Adair", "link": "/api/v1/people/110042"}, "league": {"id": 103, "name": "American League", "link": "/api/v1/league/103"}, "sport": {"id": 1, "link": "/api/v1/sports/1", "abbreviation": "MLB"}, "gameType": "R", "position": {"code": "5", "name": "Third Base", "type": "Infielder", "abbreviation": "3B"}}, {"season": "1961", "stat": {"gamesPlayed": 27, "gamesStarted": 18, "assists": 61, "putOuts": 28, "errors": 5, "chances": 94, "fielding": ".947", "position": {"code": "6", "name": "Shortstop", "type": "Infielder", "abbreviation": "SS"}, "rangeFactorPerGame": "3.30", "rangeFactorPer9Inn": "4.45", "innings": "180.1", "games": 27, "doublePlays": 10, "triplePlays": 0, "throwingErrors": 2}, "team": {"id": 110, "name": "Baltimore Orioles", "link": "/api/v1/teams/110"}, "player": {"id": 110042, "fullName": "Jerry Adair", "link": "/api/v1/people/110042"}, "league": {"id": 103, "name": "American League", "link": "/api/v1/league/103"}, "sport": {"id": 1, "link": "/api/v1/sports/1", "abbreviation": "MLB"}, "gameType": "R", "position": {"code": "6", "name": "Shortstop", "type": "Infielder", "abbreviation": "SS"}}, {"season": "1962", "stat": {"gamesPlayed": 35, "gamesStarted": 29, "assists": 79, "putOuts": 83, "errors": 4, "chances": 166, "fielding": ".976", "position": {"code": "4", "name": "Second Base", "type": "Infielder", "abbreviation": "2B"}, "rangeFactorPerGame": "4.63", "rangeFactorPer9Inn": "5.50", "innings": "265.2", "games": 35, "doublePlays": 18, "triplePlays": 0, "throwingErrors": 0}, "team": {"id": 110, "name": "Baltimore Orioles", "link": "/api/v1/teams/110"}, "player": {"id": 110042, "fullName": "Jerry Adair", "link": "/api/v1/people/110042"}, "league": {"id": 103, "name": "American League", "link": "/api/v1/league/103"}, "sport": {"id": 1, "link": "/api/v1/sports/1", "abbreviation": "MLB"}, "gameType": "R", "position": {"code": "4", "name": "Second Base", "type": "Infielder", "abbreviation": "2B"}}, {"season": "1962", "stat": {"gamesPlayed": 1, "gamesStarted": 0, "assists": 0, "putOuts": 0, "errors": 0, "chances": 0, "fielding": ".000", "position": {"code": "5", "name": "Third Base", "type": "Infielder", "abbreviation": "3B"}, "rangeFactorPerGame": "0.00", "rangeFactorPer9Inn": "0.00", "innings": "2.0", "games": 1, "doublePlays": 0, "triplePlays": 0, "throwingErrors": 0}, "team": {"id": 110, "name": "Baltimore Orioles", "link": "/api/v1/teams/110"}, "player": {"id": 110042, "fullName": "Jerry Adair", "link": "/api/v1/people/110042"}, "league": {"id": 103, "name": "American League", "link": "/api/v1/league/103"}, "sport": {"id": 1, "link": "/api/v1/sports/1", "abbreviation": "MLB"}, "gameType": "R", "position": {"code": "5", "name": "Third Base", "type": "Infielder", "abbreviation": "3B"}}, {"season": "1962", "stat": {"gamesPlayed": 112, "gamesStarted": 103, "assists": 281, "putOuts": 208, "errors": 16, "chances": 505, "fielding": ".968", "position": {"code": "6", "name": "Shortstop", "type": "Infielder", "abbreviation": "SS"}, "rangeFactorPerGame": "4.37", "rangeFactorPer9Inn": "4.79", "innings": "918.0", "games": 112, "doublePlays": 71, "triplePlays": 0, "throwingErrors": 1}, "team": {"id": 110, "name": "Baltimore Orioles", "link": "/api/v1/teams/110"}, "player": {"id": 110042, "fullName": "Jerry Adair", "link": "/api/v1/people/110042"}, "league": {"id": 103, "name": "American League", "link": "/api/v1/league/103"}, "sport": {"id": 1, "link": "/api/v1/sports/1", "abbreviation": "MLB"}, "gameType": "R", "position": {"code": "6", "name": "Shortstop", "type": "Infielder", "abbreviation": "SS"}}, {"season": "1963", "stat": {"gamesPlayed": 103, "gamesStarted": 100, "assists": 266, "putOuts": 243, "errors": 8, "chances": 517, "fielding": ".985", "position": {"code": "4", "name": "Second Base", "type": "Infielder", "abbreviation": "2B"}, "rangeFactorPerGame": "4.94", "rangeFactorPer9Inn": "5.13", "innings": "893.1", "games": 103, "doublePlays": 66, "triplePlays": 0, "throwingErrors": 0}, "team": {"id": 110, "name": "Baltimore Orioles", "link": "/api/v1/teams/110"}, "player": {"id": 110042, "fullName": "Jerry Adair", "link": "/api/v1/people/110042"}, "league": {"id": 103, "name": "American League", "link": "/api/v1/league/103"}, "sport": {"id": 1, "link": "/api/v1/sports/1", "abbreviation": "MLB"}, "gameType": "R", "position": {"code": "4", "name": "Second Base", "type": "Infielder", "abbreviation": "2B"}}, {"season": "1964", "stat": {"gamesPlayed": 153, "gamesStarted": 150, "assists": 422, "putOuts": 397, "errors": 5, "chances": 824, "fielding": ".994", "position": {"code": "4", "name": "Second Base", "type": "Infielder", "abbreviation": "2B"}, "rangeFactorPerGame": "5.35", "rangeFactorPer9Inn": "5.53", "innings": "1334.2", "games": 153, "doublePlays": 107, "triplePlays": 0, "throwingErrors": 1}, "team": {"id": 110, "name": "Baltimore Orioles", "link": "/api/v1/teams/110"}, "player": {"id": 110042, "fullName": "Jerry Adair", "link": "/api/v1/people/110042"}, "league": {"id": 103, "name": "American League", "link": "/api/v1/league/103"}, "sport": {"id": 1, "link": "/api/v1/sports/1", "abbreviation": "MLB"}, "gameType": "R", "position": {"code": "4", "name": "Second Base", "type": "Infielder", "abbreviation": "2B"}}, {"season": "1965", "stat": {"gamesPlayed": 157, "gamesStarted": 157, "assists": 448, "putOuts": 392, "errors": 12, "chances": 852, "fielding": ".986", "position": {"code": "4", "name": "Second Base", "type": "Infielder", "abbreviation": "2B"}, "rangeFactorPerGame": "5.35", "rangeFactorPer9Inn": "5.34", "innings": "1417.2", "games": 157, "doublePlays": 102, "triplePlays": 0, "throwingErrors": 0}, "team": {"id": 110, "name": "Baltimore Orioles", "link": "/api/v1/teams/110"}, "player": {"id": 110042, "fullName": "Jerry Adair", "link": "/api/v1/people/110042"}, "league": {"id": 103, "name": "American League", "link": "/api/v1/league/103"}, "sport": {"id": 1, "link": "/api/v1/sports/1", "abbreviation": "MLB"}, "gameType": "R", "position": {"code": "4", "name": "Second Base", "type": "Infielder", "abbreviation": "2B"}}, {"season": "1966", "stat": {"gamesPlayed": 13, "gamesStarted": 13, "assists": 35, "putOuts": 30, "errors": 2, "chances": 67, "fielding": ".970", "position": {"code": "4", "name": "Second Base", "type": "Infielder", "abbreviation": "2B"}, "rangeFactorPerGame": "5.00", "rangeFactorPer9Inn": "5.09", "innings": "115.1", "games": 13, "doublePlays": 8, "triplePlays": 0, "throwingErrors": 0}, "team": {"id": 110, "name": "Baltimore Orioles", "link": "/api/v1/teams/110"}, "player": {"id": 110042, "fullName": "Jerry Adair", "link": "/api/v1/people/110042"}, "league": {"id": 103, "name": "American League", "link": "/api/v1/league/103"}, "sport": {"id": 1, "link": "/api/v1/sports/1", "abbreviation": "MLB"}, "gameType": "R", "position": {"code": "4", "name": "Second Base", "type": "Infielder", "abbreviation": "2B"}}, {"season": "1966", "stat": {"gamesPlayed": 50, "gamesStarted": 39, "assists": 91, "putOuts": 87, "errors": 3, "chances": 181, "fielding": ".983", "position": {"code": "4", "name": "Second Base", "type": "Infielder", "abbreviation": "2B"}, "rangeFactorPerGame": "3.56", "rangeFactorPer9Inn": "4.77", "innings": "336.1", "games": 50, "doublePlays": 19, "triplePlays": 0, "throwingErrors": 1}, "team": {"id": 145, "name": "Chicago White Sox", "link": "/api/v1/teams/145"}, "player": {"id": 110042, "fullName": "Jerry Adair", "link": "/api/v1/people/110042"}, "league": {"id": 103, "name": "American League", "link": "/api/v1/league/103"}, "sport": {"id": 1, "link": "/api/v1/sports/1", "abbreviation": "MLB"}, "gameType": "R", "position": {"code": "4", "name": "Second Base", "type": "Infielder", "abbreviation": "2B"}}, {"season": "1966", "stat": {"gamesPlayed": 75, "gamesStarted": 63, "assists": 241, "putOuts": 111, "errors": 9, "chances": 361, "fielding": ".975", "position": {"code": "6", "name": "Shortstop", "type": "Infielder", "abbreviation": "SS"}, "rangeFactorPerGame": "4.69", "rangeFactorPer9Inn": "5.47", "innings": "579.1", "games": 75, "doublePlays": 38, "triplePlays": 1, "throwingErrors": 2}, "team": {"id": 145, "name": "Chicago White Sox", "link": "/api/v1/teams/145"}, "player": {"id": 110042, "fullName": "Jerry Adair", "link": "/api/v1/people/110042"}, "league": {"id": 103, "name": "American League", "link": "/api/v1/league/103"}, "sport": {"id": 1, "link": "/api/v1/sports/1", "abbreviation": "MLB"}, "gameType": "R", "position": {"code": "6", "name": "Shortstop", "type": "Infielder", "abbreviation": "SS"}}, {"season": "1966", "stat": {"gamesPlayed": 63, "gamesStarted": 52, "assists": 126, "putOuts": 117, "errors": 5, "chances": 248, "fielding": ".980", "position": {"code": "4", "name": "Second Base", "type": "Infielder", "abbreviation": "2B"}, "rangeFactorPerGame": "3.86", "rangeFactorPer9Inn": "4.85", "innings": "451.2", "games": 63, "doublePlays": 27, "triplePlays": 0, "throwingErrors": 1}, "player": {"id": 110042, "fullName": "Jerry Adair", "link": "/api/v1/people/110042"}, "sport": {"id": 1, "link": "/api/v1/sports/1", "abbreviation": "MLB"}, "gameType": "R", "numTeams": 2, "position": {"code": "4", "name": "Second Base", "type": "Infielder", "abbreviation": "2B"}}, {"season": "1967", "stat": {"gamesPlayed": 27, "gamesStarted": 24, "assists": 65, "putOuts": 71, "errors": 2, "chances": 138, "fielding": ".986", "position": {"code": "4", "name": "Second Base", "type": "Infielder", "abbreviation": "2B"}, "rangeFactorPerGame": "5.04", "rangeFactorPer9Inn": "5.37", "innings": "228.1", "games": 27, "doublePlays": 21, "triplePlays": 0, "throwingErrors": 0}, "team": {"id": 145, "name": "Chicago White Sox", "link": "/api/v1/teams/145"}, "player": {"id": 110042, "fullName": "Jerry Adair", "link": "/api/v1/people/110042"}, "league": {"id": 103, "name": "American League", "link": "/api/v1/league/103"}, "sport": {"id": 1, "link": "/api/v1/sports/1", "abbreviation": "MLB"}, "gameType": "R", "position": {"code": "4", "name": "Second Base", "type": "Infielder", "abbreviation": "2B"}}, {"season": "1967", "stat": {"gamesPlayed": 24, "gamesStarted": 20, "assists": 51, "putOuts": 36, "errors": 3, "chances": 90, "fielding": ".967", "position": {"code": "4", "name": "Second Base", "type": "Infielder", "abbreviation": "2B"}, "rangeFactorPerGame": "3.63", "rangeFactorPer9Inn": "4.28", "innings": "183.0", "games": 24, "doublePlays": 12, "triplePlays": 0, "throwingErrors": 0}, "team": {"id": 111, "name": "Boston Red Sox", "link": "/api/v1/teams/111"}, "player": {"id": 110042, "fullName": "Jerry Adair", "link": "/api/v1/people/110042"}, "league": {"id": 103, "name": "American League", "link": "/api/v1/league/103"}, "sport": {"id": 1, "link": "/api/v1/sports/1", "abbreviation": "MLB"}, "gameType": "R", "position": {"code": "4", "name": "Second Base", "type": "Infielder", "abbreviation": "2B"}}, {"season": "1967", "stat": {"gamesPlayed": 34, "gamesStarted": 33, "assists": 61, "putOuts": 30, "errors": 5, "chances": 96, "fielding": ".948", "position": {"code": "5", "name": "Third Base", "type": "Infielder", "abbreviation": "3B"}, "rangeFactorPerGame": "2.68", "rangeFactorPer9Inn": "3.04", "innings": "269.0", "games": 34, "doublePlays": 6, "triplePlays": 0, "throwingErrors": 0}, "team": {"id": 111, "name": "Boston Red Sox", "link": "/api/v1/teams/111"}, "player": {"id": 110042, "fullName": "Jerry Adair", "link": "/api/v1/people/110042"}, "league": {"id": 103, "name": "American League", "link": "/api/v1/league/103"}, "sport": {"id": 1, "link": "/api/v1/sports/1", "abbreviation": "MLB"}, "gameType": "R", "position": {"code": "5", "name": "Third Base", "type": "Infielder", "abbreviation": "3B"}}, {"season": "1967", "stat": {"gamesPlayed": 30, "gamesStarted": 25, "assists": 69, "putOuts": 40, "errors": 0, "chances": 109, "fielding": "1.000", "position": {"code": "6", "name": "Shortstop", "type": "Infielder", "abbreviation": "SS"}, "rangeFactorPerGame": "3.63", "rangeFactorPer9Inn": "4.38", "innings": "224.0", "games": 30, "doublePlays": 12, "triplePlays": 0, "throwingErrors": 0}, "team": {"id": 111, "name": "Boston Red Sox", "link": "/api/v1/teams/111"}, "player": {"id": 110042, "fullName": "Jerry Adair", "link": "/api/v1/people/110042"}, "league": {"id": 103, "name": "American League", "link": "/api/v1/league/103"}, "sport": {"id": 1, "link": "/api/v1/sports/1", "abbreviation": "MLB"}, "gameType": "R", "position": {"code": "6", "name": "Shortstop", "type": "Infielder", "abbreviation": "SS"}}, {"season": "1967", "stat": {"gamesPlayed": 51, "gamesStarted": 44, "assists": 116, "putOuts": 107, "errors": 5, "chances": 228, "fielding": ".978", "position": {"code": "4", "name": "Second Base", "type": "Infielder", "abbreviation": "2B"}, "rangeFactorPerGame": "4.37", "rangeFactorPer9Inn": "4.88", "innings": "411.1", "games": 51, "doublePlays": 33, "triplePlays": 0, "throwingErrors": 0}, "player": {"id": 110042, "fullName": "Jerry Adair", "link": "/api/v1/people/110042"}, "sport": {"id": 1, "link": "/api/v1/sports/1", "abbreviation": "MLB"}, "gameType": "R", "numTeams": 2, "position": {"code": "4", "name": "Second Base", "type": "Infielder", "abbreviation": "2B"}}, {"season": "1968", "stat": {"gamesPlayed": 1, "gamesStarted": 1, "assists": 1, "putOuts": 5, "errors": 0, "chances": 6, "fielding": "1.000", "position": {"code": "3", "name": "First Base", "type": "Infielder", "abbreviation": "1B"}, "rangeFactorPerGame": "6.00", "rangeFactorPer9Inn": "13.50", "innings": "4.0", "games": 1, "doublePlays": 0, "triplePlays": 0, "throwingErrors": 0}, "team": {"id": 111, "name": "Boston Red Sox", "link": "/api/v1/teams/111"}, "player": {"id": 110042, "fullName": "Jerry Adair", "link": "/api/v1/people/110042"}, "league": {"id": 103, "name": "American League", "link": "/api/v1/league/103"}, "sport": {"id": 1, "link": "/api/v1/sports/1", "abbreviation": "MLB"}, "gameType": "R", "position": {"code": "3", "name": "First Base", "type": "Infielder", "abbreviation": "1B"}}, {"season": "1968", "stat": {"gamesPlayed": 12, "gamesStarted": 8, "assists": 26, "putOuts": 19, "errors": 1, "chances": 46, "fielding": ".978", "position": {"code": "4", "name": "Second Base", "type": "Infielder", "abbreviation": "2B"}, "rangeFactorPerGame": "3.75", "rangeFactorPer9Inn": "5.40", "innings": "75.0", "games": 12, "doublePlays": 5, "triplePlays": 0, "throwingErrors": 0}, "team": {"id": 111, "name": "Boston Red Sox", "link": "/api/v1/teams/111"}, "player": {"id": 110042, "fullName": "Jerry Adair", "link": "/api/v1/people/110042"}, "league": {"id": 103, "name": "American League", "link": "/api/v1/league/103"}, "sport": {"id": 1, "link": "/api/v1/sports/1", "abbreviation": "MLB"}, "gameType": "R", "position": {"code": "4", "name": "Second Base", "type": "Infielder", "abbreviation": "2B"}}, {"season": "1968", "stat": {"gamesPlayed": 7, "gamesStarted": 5, "assists": 10, "putOuts": 4, "errors": 3, "chances": 17, "fielding": ".824", "position": {"code": "5", "name": "Third Base", "type": "Infielder", "abbreviation": "3B"}, "rangeFactorPerGame": "2.00", "rangeFactorPer9Inn": "2.52", "innings": "50.2", "games": 7, "doublePlays": 1, "triplePlays": 0, "throwingErrors": 1}, "team": {"id": 111, "name": "Boston Red Sox", "link": "/api/v1/teams/111"}, "player": {"id": 110042, "fullName": "Jerry Adair", "link": "/api/v1/people/110042"}, "league": {"id": 103, "name": "American League", "link": "/api/v1/league/103"}, "sport": {"id": 1, "link": "/api/v1/sports/1", "abbreviation": "MLB"}, "gameType": "R", "position": {"code": "5", "name": "Third Base", "type": "Infielder", "abbreviation": "3B"}}, {"season": "1968", "stat": {"gamesPlayed": 46, "gamesStarted": 33, "assists": 103, "putOuts": 64, "errors": 4, "chances": 171, "fielding": ".977", "position": {"code": "6", "name": "Shortstop", "type": "Infielder", "abbreviation": "SS"}, "rangeFactorPerGame": "3.63", "rangeFactorPer9Inn": "4.53", "innings": "332.1", "games": 46, "doublePlays": 15, "triplePlays": 0, "throwingErrors": 0}, "team": {"id": 111, "name": "Boston Red Sox", "link": "/api/v1/teams/111"}, "player": {"id": 110042, "fullName": "Jerry Adair", "link": "/api/v1/people/110042"}, "league": {"id": 103, "name": "American League", "link": "/api/v1/league/103"}, "sport": {"id": 1, "link": "/api/v1/sports/1", "abbreviation": "MLB"}, "gameType": "R", "position": {"code": "6", "name": "Shortstop", "type": "Infielder", "abbreviation": "SS"}}, {"season": "1969", "stat": {"gamesPlayed": 109, "gamesStarted": 105, "assists": 258, "putOuts": 227, "errors": 8, "chances": 493, "fielding": ".984", "position": {"code": "4", "name": "Second Base", "type": "Infielder", "abbreviation": "2B"}, "rangeFactorPerGame": "4.45", "rangeFactorPer9Inn": "4.77", "innings": "916.1", "games": 109, "doublePlays": 40, "triplePlays": 0, "throwingErrors": 2}, "team": {"id": 118, "name": "Kansas City Royals", "link": "/api/v1/teams/118"}, "player": {"id": 110042, "fullName": "Jerry Adair", "link": "/api/v1/people/110042"}, "league": {"id": 103, "name": "American League", "link": "/api/v1/league/103"}, "sport": {"id": 1, "link": "/api/v1/sports/1", "abbreviation": "MLB"}, "gameType": "R", "position": {"code": "4", "name": "Second Base", "type": "Infielder", "abbreviation": "2B"}}, {"season": "1969", "stat": {"gamesPlayed": 1, "gamesStarted": 0, "assists": 0, "putOuts": 0, "errors": 0, "chances": 0, "fielding": ".000", "position": {"code": "5", "name": "Third Base", "type": "Infielder", "abbreviation": "3B"}, "rangeFactorPerGame": "0.00", "rangeFactorPer9Inn": "0.00", "innings": "3.2", "games": 1, "doublePlays": 0, "triplePlays": 0, "throwingErrors": 0}, "team": {"id": 118, "name": "Kansas City Royals", "link": "/api/v1/teams/118"}, "player": {"id": 110042, "fullName": "Jerry Adair", "link": "/api/v1/people/110042"}, "league": {"id": 103, "name": "American League", "link": "/api/v1/league/103"}, "sport": {"id": 1, "link": "/api/v1/sports/1", "abbreviation": "MLB"}, "gameType": "R", "position": {"code": "5", "name": "Third Base", "type": "Infielder", "abbreviation": "3B"}}, {"season": "1969", "stat": {"gamesPlayed": 8, "gamesStarted": 8, "assists": 19, "putOuts": 14, "errors": 1, "chances": 34, "fielding": ".971", "position": {"code": "6", "name": "Shortstop", "type": "Infielder", "abbreviation": "SS"}, "rangeFactorPerGame": "4.13", "rangeFactorPer9Inn": "4.95", "innings": "60.0", "games": 8, "doublePlays": 1, "triplePlays": 0, "throwingErrors": 0}, "team": {"id": 118, "name": "Kansas City Royals", "link": "/api/v1/teams/118"}, "player": {"id": 110042, "fullName": "Jerry Adair", "link": "/api/v1/people/110042"}, "league": {"id": 103, "name": "American League", "link": "/api/v1/league/103"}, "sport": {"id": 1, "link": "/api/v1/sports/1", "abbreviation": "MLB"}, "gameType": "R", "position": {"code": "6", "name": "Shortstop", "type": "Infielder", "abbreviation": "SS"}}, {"season": "1970", "stat": {"gamesPlayed": 7, "gamesStarted": 7, "assists": 21, "putOuts": 23, "errors": 0, "chances": 44, "fielding": "1.000", "position": {"code": "4", "name": "Second Base", "type": "Infielder", "abbreviation": "2B"}, "rangeFactorPerGame": "6.29", "rangeFactorPer9Inn": "5.50", "innings": "72.0", "games": 7, "doublePlays": 6, "triplePlays": 0, "throwingErrors": 0}, "team": {"id": 118, "name": "Kansas City Royals", "link": "/api/v1/teams/118"}, "player": {"id": 110042, "fullName": "Jerry Adair", "link": "/api/v1/people/110042"}, "league": {"id": 103, "name": "American League", "link": "/api/v1/league/103"}, "sport": {"id": 1, "link": "/api/v1/sports/1", "abbreviation": "MLB"}, "gameType": "R", "position": {"code": "4", "name": "Second Base", "type": "Infielder", "abbreviation": "2B"}}]}], "mlbDebutDate": "1958-09-02", "batSide": {"code": "R", "description": "Right"}, "pitchHand": {"code": "R", "description": "Right"}, "nameFirstLast": "Jerry Adair", "nameSlug": "jerry-adair-110042", "firstLastName": "Jerry Adair", "lastFirstName": "Adair, Jerry", "lastInitName": "Adair, J", "initLastName": "J Adair", "fullFMLName": "Kenneth Jerry Adair", "fullLFMName": "Adair, Kenneth Jerry", "strikeZoneTop": 3.371, "strikeZoneBottom": 1.535}