{"id": 110085, "fullName": "Harry Agganis", "link": "/api/v1/people/110085", "firstName": "Harry", "lastName": "Agganis", "primaryNumber": "6", "birthDate": "1929-04-20", "currentAge": 26, "birthCity": "Lynn", "birthStateProvince": "MA", "birthCountry": "USA", "height": "6' 2\"", "weight": 200, "active": false, "primaryPosition": {"code": "3", "name": "First Base", "type": "Infielder", "abbreviation": "1B"}, "useName": "Harry", "useLastName": "Agganis", "boxscoreName": "Agganis", "nickName": "The Golden Greek", "gender": "M", "isPlayer": true, "isVerified": true, "deathDate": "1955-06-27", "deathCity": "Cambridge", "deathStateProvince": "MA", "deathCountry": "USA", "lastPlayedDate": "1955-06-02", "stats": [{"type": {"displayName": "career"}, "group": {"displayName": "fielding"}, "exemptions": [], "splits": [{"stat": {"gamesPlayed": 139, "gamesStarted": 130, "assists": 101, "putOuts": 1268, "errors": 15, "chances": 1384, "fielding": ".989", "position": {"code": "3", "name": "First Base", "type": "Infielder", "abbreviation": "1B"}, "rangeFactorPerGame": "9.85", "rangeFactorPer9Inn": "10.36", "innings": "1189.1", "games": 139, "doublePlays": 116, "triplePlays": 1, "throwingErrors": 0}, "team": {"id": 111, "name": "Boston Red Sox", "link": "/api/v1/teams/111"}, "player": {"id": 110085, "fullName": "Harry Agganis", "link": "/api/v1/people/110085"}, "league": {"id": 103, "name": "American League", "link": "/api/v1/league/103"}, "sport": {"id": 1, "link": "/api/v1/sports/1", "abbreviation": "MLB"}, "gameType": "R", "position": {"code": "3", "name": "First Base", "type": "Infielder", "abbreviation": "1B"}}]}, {"type": {"displayName": "career"}, "group": {"displayName": "hitting"}, "exemptions": [], "splits": [{"stat": {"gamesPlayed": 157, "runs": 65, "doubles": 23, "triples": 9, "homeRuns": 11, "strikeOuts": 67, "baseOnBalls": 57, "intentionalWalks": 0, "hits": 135, "hitByPitch": 0, "avg": ".261", "atBats": 517, "obp": ".331", "slg": ".404", "ops": ".735", "caughtStealing": 3, "stolenBases": 8, "stolenBasePercentage": ".727", "groundIntoDoublePlay": 9, "plateAppearances": 587, "totalBases": 209, "rbi": 67, "sacBunts": 7, "sacFlies": 6, "babip": ".279", "atBatsPerHomeRun": "47.00"}, "team": {"id": 111, "name": "Boston Red Sox", "link": "/api/v1/teams/111"}, "player": {"id": 110085, "fullName": "Harry Agganis", "link": "/api/v1/people/110085"}, "league": {"id": 103, "name": "American League", "link": "/api/v1/league/103"}, "sport": {"id": 1, "link": "/api/v1/sports/1", "abbreviation": "MLB"}, "gameType": "R"}]}, {"type": {"displayName": "yearByYear"}, "group": {"displayName": "fielding"}, "exemptions": [], "splits": [{"season": "1954", "stat": {"gamesPlayed": 119, "gamesStarted": 110, "assists": 89, "putOuts": 1066, "errors": 12, "chances": 1167, "fielding": ".990", "position": {"code": "3", "name": "First Base", "type": "Infielder", "abbreviation": "1B"}, "rangeFactorPerGame": "9.71", "rangeFactorPer9Inn": "10.31", "innings": "1008.1", "games": 119, "doublePlays": 101, "triplePlays": 1, "throwingErrors": 0}, "team": {"id": 111, "name": "Boston Red Sox", "link": "/api/v1/teams/111"}, "player": {"id": 110085, "fullName": "Harry Agganis", "link": "/api/v1/people/110085"}, "league": {"id": 103, "name": "American League", "link": "/api/v1/league/103"}, "sport": {"id": 1, "link": "/api/v1/sports/1", "abbreviation": "MLB"}, "gameType": "R", "position": {"code": "3", "name": "First Base", "type": "Infielder", "abbreviation": "1B"}}, {"season": "1955", "stat": {"gamesPlayed": 20, "gamesStarted": 20, "assists": 12, "putOuts": 202, "errors": 3, "chances": 217, "fielding": ".986", "position": {"code": "3", "name": "First Base", "type": "Infielder", "abbreviation": "1B"}, "rangeFactorPerGame": "10.70", "rangeFactorPer9Inn": "10.64", "innings": "181.0", "games": 20, "doublePlays": 15, "triplePlays": 0, "throwingErrors": 0}, "team": {"id": 111, "name": "Boston Red Sox", "link": "/api/v1/teams/111"}, "player": {"id": 110085, "fullName": "Harry Agganis", "link": "/api/v1/people/110085"}, "league": {"id": 103, "name": "American League", "link": "/api/v1/league/103"}, "sport": {"id": 1, "link": "/api/v1/sports/1", "abbreviation": "MLB"}, "gameType": "R", "position": {"code": "3", "name": "First Base", "type": "Infielder", "abbreviation": "1B"}}]}, {"type": {"displayName": "yearByYear"}, "group": {"displayName": "hitting"}, "exemptions": [], "splits": [{"season": "1954", "stat": {"gamesPlayed": 132, "runs": 54, "doubles": 13, "triples": 8, "homeRuns": 11, "strikeOuts": 57, "baseOnBalls": 47, "hits": 109, "hitByPitch": 0, "avg": ".251", "atBats": 434, "obp": ".321", "slg": ".394", "ops": ".715", "caughtStealing": 3, "stolenBases": 6, "stolenBasePercentage": ".667", "groundIntoDoublePlay": 6, "plateAppearances": 493, "totalBases": 171, "rbi": 57, "sacBunts": 7, "sacFlies": 5, "babip": ".264", "atBatsPerHomeRun": "39.46"}, "team": {"id": 111, "name": "Boston Red Sox", "link": "/api/v1/teams/111"}, "player": {"id": 110085, "fullName": "Harry Agganis", "link": "/api/v1/people/110085"}, "league": {"id": 103, "name": "American League", "link": "/api/v1/league/103"}, "sport": {"id": 1, "link": "/api/v1/sports/1", "abbreviation": "MLB"}, "gameType": "R"}, {"season": "1955", "stat": {"gamesPlayed": 25, "runs": 11, "doubles": 10, "triples": 1, "homeRuns": 0, "strikeOuts": 10, "baseOnBalls": 10, "intentionalWalks": 0, "hits": 26, "hitByPitch": 0, "avg": ".313", "atBats": 83, "obp": ".383", "slg": ".458", "ops": ".841", "caughtStealing": 0, "stolenBases": 2, "stolenBasePercentage": "1.000", "groundIntoDoublePlay": 3, "plateAppearances": 94, "totalBases": 38, "rbi": 10, "sacBunts": 0, "sacFlies": 1, "babip": ".351", "atBatsPerHomeRun": "-.--"}, "team": {"id": 111, "name": "Boston Red Sox", "link": "/api/v1/teams/111"}, "player": {"id": 110085, "fullName": "Harry Agganis", "link": "/api/v1/people/110085"}, "league": {"id": 103, "name": "American League", "link": "/api/v1/league/103"}, "sport": {"id": 1, "link": "/api/v1/sports/1", "abbreviation": "MLB"}, "gameType": "R"}]}], "mlbDebutDate": "1954-04-13", "batSide": {"code": "L", "description": "Left"}, "pitchHand": {"code": "L", "description": "Left"}, "nameFirstLast": "Harry Agganis", "nameSlug": "harry-agganis-110085", "firstLastName": "Harry Agganis", "lastFirstName": "Agganis, Harry", "lastInitName": "Agganis, H", "initLastName": "H Agganis", "fullFMLName": "Harry Agganis", "fullLFMName": "Agganis, Harry", "strikeZoneTop": 3.467, "strikeZoneBottom": 1.589}