{"id": 110093, "fullName": "Pat Ahearne", "link": "/api/v1/people/110093", "firstName": "Patrick", "lastName": "Ahearne", "primaryNumber": "27", "birthDate": "1969-12-10", "currentAge": 53, "birthCity": "San Francisco", "birthStateProvince": "CA", "birthCountry": "USA", "height": "6' 3\"", "weight": 210, "active": false, "primaryPosition": {"code": "1", "name": "Pitcher", "type": "Pitcher", "abbreviation": "P"}, "useName": "Pat", "useLastName": "Ahearne", "middleName": "Howard", "boxscoreName": "Ahearne", "gender": "M", "isPlayer": true, "isVerified": true, "draftYear": 1992, "lastPlayedDate": "1995-06-30", "stats": [{"type": {"displayName": "career"}, "group": {"displayName": "fielding"}, "exemptions": [], "splits": [{"stat": {"gamesPlayed": 4, "gamesStarted": 3, "assists": 1, "putOuts": 3, "errors": 0, "chances": 4, "fielding": "1.000", "position": {"code": "1", "name": "Pitcher", "type": "Pitcher", "abbreviation": "P"}, "rangeFactorPerGame": "1.00", "rangeFactorPer9Inn": "3.60", "innings": "10.0", "games": 4, "doublePlays": 0, "triplePlays": 0, "throwingErrors": 0}, "team": {"id": 116, "name": "Detroit Tigers", "link": "/api/v1/teams/116"}, "player": {"id": 110093, "fullName": "Pat Ahearne", "link": "/api/v1/people/110093"}, "league": {"id": 103, "name": "American League", "link": "/api/v1/league/103"}, "sport": {"id": 1, "link": "/api/v1/sports/1", "abbreviation": "MLB"}, "gameType": "R", "position": {"code": "1", "name": "Pitcher", "type": "Pitcher", "abbreviation": "P"}}]}, {"type": {"displayName": "career"}, "group": {"displayName": "pitching"}, "exemptions": [], "splits": [{"stat": {"gamesPlayed": 4, "gamesStarted": 3, "groundOuts": 17, "airOuts": 9, "runs": 13, "doubles": 3, "triples": 0, "homeRuns": 2, "strikeOuts": 4, "baseOnBalls": 5, "intentionalWalks": 1, "hits": 20, "hitByPitch": 0, "avg": ".400", "atBats": 50, "obp": ".455", "slg": ".580", "ops": "1.035", "caughtStealing": 0, "stolenBases": 1, "stolenBasePercentage": "1.000", "groundIntoDoublePlay": 0, "numberOfPitches": 176, "era": "11.70", "inningsPitched": "10.0", "wins": 0, "losses": 2, "saves": 0, "saveOpportunities": 0, "holds": 0, "blownSaves": 0, "earnedRuns": 13, "whip": "2.50", "battersFaced": 55, "outs": 30, "gamesPitched": 4, "completeGames": 0, "shutouts": 0, "strikes": 107, "strikePercentage": ".610", "hitBatsmen": 0, "balks": 0, "wildPitches": 1, "pickoffs": 0, "totalBases": 29, "groundOutsToAirouts": "1.89", "winPercentage": ".000", "pitchesPerInning": "17.60", "gamesFinished": 0, "strikeoutWalkRatio": "0.80", "strikeoutsPer9Inn": "3.60", "walksPer9Inn": "4.50", "hitsPer9Inn": "18.00", "runsScoredPer9": "11.70", "homeRunsPer9": "1.80", "inheritedRunners": 2, "inheritedRunnersScored": 1, "catchersInterference": 0, "sacBunts": 0, "sacFlies": 0}, "team": {"id": 116, "name": "Detroit Tigers", "link": "/api/v1/teams/116"}, "player": {"id": 110093, "fullName": "Pat Ahearne", "link": "/api/v1/people/110093"}, "league": {"id": 103, "name": "American League", "link": "/api/v1/league/103"}, "sport": {"id": 1, "link": "/api/v1/sports/1", "abbreviation": "MLB"}, "gameType": "R"}]}, {"type": {"displayName": "yearByYear"}, "group": {"displayName": "fielding"}, "exemptions": [], "splits": [{"season": "1995", "stat": {"gamesPlayed": 4, "gamesStarted": 3, "assists": 1, "putOuts": 3, "errors": 0, "chances": 4, "fielding": "1.000", "position": {"code": "1", "name": "Pitcher", "type": "Pitcher", "abbreviation": "P"}, "rangeFactorPerGame": "1.00", "rangeFactorPer9Inn": "3.60", "innings": "10.0", "games": 4, "doublePlays": 0, "triplePlays": 0, "throwingErrors": 0}, "team": {"id": 116, "name": "Detroit Tigers", "link": "/api/v1/teams/116"}, "player": {"id": 110093, "fullName": "Pat Ahearne", "link": "/api/v1/people/110093"}, "league": {"id": 103, "name": "American League", "link": "/api/v1/league/103"}, "sport": {"id": 1, "link": "/api/v1/sports/1", "abbreviation": "MLB"}, "gameType": "R", "position": {"code": "1", "name": "Pitcher", "type": "Pitcher", "abbreviation": "P"}}]}, {"type": {"displayName": "yearByYear"}, "group": {"displayName": "pitching"}, "exemptions": [], "splits": [{"season": "1995", "stat": {"gamesPlayed": 4, "gamesStarted": 3, "groundOuts": 17, "airOuts": 9, "runs": 13, "doubles": 3, "triples": 0, "homeRuns": 2, "strikeOuts": 4, "baseOnBalls": 5, "intentionalWalks": 1, "hits": 20, "hitByPitch": 0, "avg": ".400", "atBats": 50, "obp": ".455", "slg": ".580", "ops": "1.035", "caughtStealing": 0, "stolenBases": 1, "stolenBasePercentage": "1.000", "groundIntoDoublePlay": 0, "numberOfPitches": 176, "era": "11.70", "inningsPitched": "10.0", "wins": 0, "losses": 2, "saves": 0, "saveOpportunities": 0, "holds": 0, "blownSaves": 0, "earnedRuns": 13, "whip": "2.50", "battersFaced": 55, "outs": 30, "gamesPitched": 4, "completeGames": 0, "shutouts": 0, "strikes": 107, "strikePercentage": ".610", "hitBatsmen": 0, "balks": 0, "wildPitches": 1, "pickoffs": 0, "totalBases": 29, "groundOutsToAirouts": "1.89", "winPercentage": ".000", "pitchesPerInning": "17.60", "gamesFinished": 0, "strikeoutWalkRatio": "0.80", "strikeoutsPer9Inn": "3.60", "walksPer9Inn": "4.50", "hitsPer9Inn": "18.00", "runsScoredPer9": "11.70", "homeRunsPer9": "1.80", "inheritedRunners": 2, "inheritedRunnersScored": 1, "catchersInterference": 0, "sacBunts": 0, "sacFlies": 0}, "team": {"id": 116, "name": "Detroit Tigers", "link": "/api/v1/teams/116"}, "player": {"id": 110093, "fullName": "Pat Ahearne", "link": "/api/v1/people/110093"}, "league": {"id": 103, "name": "American League", "link": "/api/v1/league/103"}, "sport": {"id": 1, "link": "/api/v1/sports/1", "abbreviation": "MLB"}, "gameType": "R"}]}], "mlbDebutDate": "1995-06-14", "batSide": {"code": "R", "description": "Right"}, "pitchHand": {"code": "R", "description": "Right"}, "nameFirstLast": "Pat Ahearne", "nameSlug": "pat-ahearne-110093", "firstLastName": "Pat Ahearne", "lastFirstName": "Ahearne, Pat", "lastInitName": "Ahearne, P", "initLastName": "P Ahearne", "fullFMLName": "Patrick Howard Ahearne", "fullLFMName": "Ahearne, Patrick Howard", "strikeZoneTop": 3.49, "strikeZoneBottom": 1.601}