{"id": 110451, "fullName": "Bob Bailey", "link": "/api/v1/people/110451", "firstName": "Robert", "lastName": "Bailey", "primaryNumber": "3", "birthDate": "1942-10-13", "currentAge": 75, "birthCity": "Long Beach", "birthStateProvince": "CA", "birthCountry": "USA", "height": "6' 0\"", "weight": 188, "active": false, "primaryPosition": {"code": "5", "name": "Third Base", "type": "Infielder", "abbreviation": "3B"}, "useName": "Bob", "useLastName": "Bailey", "middleName": "Sherwood", "boxscoreName": "Bailey", "gender": "M", "isPlayer": true, "isVerified": true, "deathDate": "2018-01-09", "deathCity": "Las Vegas", "deathStateProvince": "NV", "deathCountry": "USA", "lastPlayedDate": "1978-10-02", "stats": [{"type": {"displayName": "career"}, "group": {"displayName": "fielding"}, "exemptions": [], "splits": [{"stat": {"gamesPlayed": 1185, "gamesStarted": 1119, "assists": 2241, "putOuts": 765, "errors": 175, "chances": 3181, "fielding": ".945", "position": {"code": "5", "name": "Third Base", "type": "Infielder", "abbreviation": "3B"}, "rangeFactorPerGame": "2.54", "rangeFactorPer9Inn": "2.73", "innings": "9907.0", "games": 1185, "doublePlays": 204, "triplePlays": 2, "throwingErrors": 35}, "player": {"id": 110451, "fullName": "Bob Bailey", "link": "/api/v1/people/110451"}, "sport": {"id": 1, "link": "/api/v1/sports/1", "abbreviation": "MLB"}, "gameType": "R", "numTeams": 5, "position": {"code": "5", "name": "Third Base", "type": "Infielder", "abbreviation": "3B"}}, {"stat": {"gamesPlayed": 408, "gamesStarted": 364, "assists": 35, "putOuts": 488, "errors": 19, "chances": 542, "fielding": ".965", "position": {"code": "7", "name": "Outfielder", "type": "Outfielder", "abbreviation": "LF"}, "rangeFactorPerGame": "1.28", "rangeFactorPer9Inn": "1.68", "innings": "2806.1", "games": 408, "doublePlays": 8, "triplePlays": 0, "throwingErrors": 0}, "player": {"id": 110451, "fullName": "Bob Bailey", "link": "/api/v1/people/110451"}, "sport": {"id": 1, "link": "/api/v1/sports/1", "abbreviation": "MLB"}, "gameType": "R", "numTeams": 5, "position": {"code": "7", "name": "Outfielder", "type": "Outfielder", "abbreviation": "LF"}}, {"stat": {"gamesPlayed": 26, "gamesStarted": 26, "assists": 0, "putOuts": 0, "errors": 0, "chances": 0, "fielding": ".000", "position": {"code": "10", "name": "Designated Hitter", "type": "Hitter", "abbreviation": "DH"}, "rangeFactorPerGame": "0.00", "rangeFactorPer9Inn": "-.--", "innings": "0.0", "games": 26, "doublePlays": 0, "triplePlays": 0, "throwingErrors": 0}, "team": {"id": 111, "name": "Boston Red Sox", "link": "/api/v1/teams/111"}, "player": {"id": 110451, "fullName": "Bob Bailey", "link": "/api/v1/people/110451"}, "league": {"id": 103, "name": "American League", "link": "/api/v1/league/103"}, "sport": {"id": 1, "link": "/api/v1/sports/1", "abbreviation": "MLB"}, "gameType": "R", "position": {"code": "10", "name": "Designated Hitter", "type": "Hitter", "abbreviation": "DH"}}, {"stat": {"gamesPlayed": 137, "gamesStarted": 117, "assists": 96, "putOuts": 980, "errors": 13, "chances": 1089, "fielding": ".988", "position": {"code": "3", "name": "First Base", "type": "Infielder", "abbreviation": "1B"}, "rangeFactorPerGame": "7.85", "rangeFactorPer9Inn": "9.75", "innings": "993.1", "games": 137, "doublePlays": 105, "triplePlays": 1, "throwingErrors": 2}, "player": {"id": 110451, "fullName": "Bob Bailey", "link": "/api/v1/people/110451"}, "sport": {"id": 1, "link": "/api/v1/sports/1", "abbreviation": "MLB"}, "gameType": "R", "numTeams": 3, "position": {"code": "3", "name": "First Base", "type": "Infielder", "abbreviation": "1B"}}, {"stat": {"gamesPlayed": 8, "gamesStarted": 2, "assists": 6, "putOuts": 7, "errors": 3, "chances": 16, "fielding": ".813", "position": {"code": "6", "name": "Shortstop", "type": "Infielder", "abbreviation": "SS"}, "rangeFactorPerGame": "1.63", "rangeFactorPer9Inn": "3.25", "innings": "36.2", "games": 8, "doublePlays": 2, "triplePlays": 0, "throwingErrors": 1}, "player": {"id": 110451, "fullName": "Bob Bailey", "link": "/api/v1/people/110451"}, "sport": {"id": 1, "link": "/api/v1/sports/1", "abbreviation": "MLB"}, "gameType": "R", "numTeams": 2, "position": {"code": "6", "name": "Shortstop", "type": "Infielder", "abbreviation": "SS"}}, {"stat": {"gamesPlayed": 2, "gamesStarted": 0, "assists": 0, "putOuts": 0, "errors": 0, "chances": 0, "fielding": ".000", "position": {"code": "8", "name": "Outfielder", "type": "Outfielder", "abbreviation": "CF"}, "rangeFactorPerGame": "0.00", "rangeFactorPer9Inn": "0.00", "innings": "3.0", "games": 2, "doublePlays": 0, "triplePlays": 0, "throwingErrors": 0}, "team": {"id": 134, "name": "Pittsburgh Pirates", "link": "/api/v1/teams/134"}, "player": {"id": 110451, "fullName": "Bob Bailey", "link": "/api/v1/people/110451"}, "league": {"id": 104, "name": "National League", "link": "/api/v1/league/104"}, "sport": {"id": 1, "link": "/api/v1/sports/1", "abbreviation": "MLB"}, "gameType": "R", "position": {"code": "8", "name": "Outfielder", "type": "Outfielder", "abbreviation": "CF"}}, {"stat": {"gamesPlayed": 2, "gamesStarted": 2, "assists": 0, "putOuts": 1, "errors": 0, "chances": 1, "fielding": "1.000", "position": {"code": "9", "name": "Outfielder", "type": "Outfielder", "abbreviation": "RF"}, "rangeFactorPerGame": "0.50", "rangeFactorPer9Inn": "0.56", "innings": "16.0", "games": 2, "doublePlays": 0, "triplePlays": 0, "throwingErrors": 0}, "team": {"id": 134, "name": "Pittsburgh Pirates", "link": "/api/v1/teams/134"}, "player": {"id": 110451, "fullName": "Bob Bailey", "link": "/api/v1/people/110451"}, "league": {"id": 104, "name": "National League", "link": "/api/v1/league/104"}, "sport": {"id": 1, "link": "/api/v1/sports/1", "abbreviation": "MLB"}, "gameType": "R", "position": {"code": "9", "name": "Outfielder", "type": "Outfielder", "abbreviation": "RF"}}]}, {"type": {"displayName": "career"}, "group": {"displayName": "hitting"}, "exemptions": [], "splits": [{"stat": {"gamesPlayed": 1931, "groundOuts": 169, "airOuts": 198, "runs": 772, "doubles": 234, "triples": 43, "homeRuns": 189, "strikeOuts": 1126, "baseOnBalls": 852, "intentionalWalks": 67, "hits": 1564, "hitByPitch": 17, "avg": ".257", "atBats": 6082, "obp": ".347", "slg": ".403", "ops": ".750", "caughtStealing": 83, "stolenBases": 85, "stolenBasePercentage": ".506", "groundIntoDoublePlay": 195, "numberOfPitches": 4663, "plateAppearances": 7043, "totalBases": 2451, "rbi": 773, "leftOnBase": 901, "sacBunts": 40, "sacFlies": 52, "babip": ".285", "groundOutsToAirouts": "0.85", "catchersInterference": 0, "atBatsPerHomeRun": "32.18"}, "player": {"id": 110451, "fullName": "Bob Bailey", "link": "/api/v1/people/110451"}, "sport": {"id": 1, "link": "/api/v1/sports/1", "abbreviation": "MLB"}, "gameType": "R", "numTeams": 5}]}, {"type": {"displayName": "yearByYear"}, "group": {"displayName": "fielding"}, "exemptions": [], "splits": [{"season": "1962", "stat": {"gamesPlayed": 12, "gamesStarted": 12, "assists": 25, "putOuts": 10, "errors": 3, "chances": 38, "fielding": ".921", "position": {"code": "5", "name": "Third Base", "type": "Infielder", "abbreviation": "3B"}, "rangeFactorPerGame": "2.92", "rangeFactorPer9Inn": "2.86", "innings": "110.0", "games": 12, "doublePlays": 2, "triplePlays": 0, "throwingErrors": 1}, "team": {"id": 134, "name": "Pittsburgh Pirates", "link": "/api/v1/teams/134"}, "player": {"id": 110451, "fullName": "Bob Bailey", "link": "/api/v1/people/110451"}, "league": {"id": 104, "name": "National League", "link": "/api/v1/league/104"}, "sport": {"id": 1, "link": "/api/v1/sports/1", "abbreviation": "MLB"}, "gameType": "R", "position": {"code": "5", "name": "Third Base", "type": "Infielder", "abbreviation": "3B"}}, {"season": "1963", "stat": {"gamesPlayed": 153, "gamesStarted": 153, "assists": 324, "putOuts": 109, "errors": 33, "chances": 466, "fielding": ".929", "position": {"code": "5", "name": "Third Base", "type": "Infielder", "abbreviation": "3B"}, "rangeFactorPerGame": "2.83", "rangeFactorPer9Inn": "2.88", "innings": "1351.1", "games": 153, "doublePlays": 38, "triplePlays": 0, "throwingErrors": 9}, "team": {"id": 134, "name": "Pittsburgh Pirates", "link": "/api/v1/teams/134"}, "player": {"id": 110451, "fullName": "Bob Bailey", "link": "/api/v1/people/110451"}, "league": {"id": 104, "name": "National League", "link": "/api/v1/league/104"}, "sport": {"id": 1, "link": "/api/v1/sports/1", "abbreviation": "MLB"}, "gameType": "R", "position": {"code": "5", "name": "Third Base", "type": "Infielder", "abbreviation": "3B"}}, {"season": "1963", "stat": {"gamesPlayed": 3, "gamesStarted": 0, "assists": 3, "putOuts": 5, "errors": 0, "chances": 8, "fielding": "1.000", "position": {"code": "6", "name": "Shortstop", "type": "Infielder", "abbreviation": "SS"}, "rangeFactorPerGame": "2.67", "rangeFactorPer9Inn": "7.20", "innings": "10.2", "games": 3, "doublePlays": 2, "triplePlays": 0, "throwingErrors": 0}, "team": {"id": 134, "name": "Pittsburgh Pirates", "link": "/api/v1/teams/134"}, "player": {"id": 110451, "fullName": "Bob Bailey", "link": "/api/v1/people/110451"}, "league": {"id": 104, "name": "National League", "link": "/api/v1/league/104"}, "sport": {"id": 1, "link": "/api/v1/sports/1", "abbreviation": "MLB"}, "gameType": "R", "position": {"code": "6", "name": "Shortstop", "type": "Infielder", "abbreviation": "SS"}}, {"season": "1964", "stat": {"gamesPlayed": 102, "gamesStarted": 95, "assists": 216, "putOuts": 78, "errors": 17, "chances": 311, "fielding": ".945", "position": {"code": "5", "name": "Third Base", "type": "Infielder", "abbreviation": "3B"}, "rangeFactorPerGame": "2.88", "rangeFactorPer9Inn": "3.10", "innings": "854.1", "games": 102, "doublePlays": 19, "triplePlays": 0, "throwingErrors": 6}, "team": {"id": 134, "name": "Pittsburgh Pirates", "link": "/api/v1/teams/134"}, "player": {"id": 110451, "fullName": "Bob Bailey", "link": "/api/v1/people/110451"}, "league": {"id": 104, "name": "National League", "link": "/api/v1/league/104"}, "sport": {"id": 1, "link": "/api/v1/sports/1", "abbreviation": "MLB"}, "gameType": "R", "position": {"code": "5", "name": "Third Base", "type": "Infielder", "abbreviation": "3B"}}, {"season": "1964", "stat": {"gamesPlayed": 3, "gamesStarted": 2, "assists": 2, "putOuts": 2, "errors": 1, "chances": 5, "fielding": ".800", "position": {"code": "6", "name": "Shortstop", "type": "Infielder", "abbreviation": "SS"}, "rangeFactorPerGame": "1.33", "rangeFactorPer9Inn": "1.89", "innings": "19.0", "games": 3, "doublePlays": 0, "triplePlays": 0, "throwingErrors": 1}, "team": {"id": 134, "name": "Pittsburgh Pirates", "link": "/api/v1/teams/134"}, "player": {"id": 110451, "fullName": "Bob Bailey", "link": "/api/v1/people/110451"}, "league": {"id": 104, "name": "National League", "link": "/api/v1/league/104"}, "sport": {"id": 1, "link": "/api/v1/sports/1", "abbreviation": "MLB"}, "gameType": "R", "position": {"code": "6", "name": "Shortstop", "type": "Infielder", "abbreviation": "SS"}}, {"season": "1964", "stat": {"gamesPlayed": 36, "gamesStarted": 28, "assists": 5, "putOuts": 41, "errors": 5, "chances": 51, "fielding": ".902", "position": {"code": "7", "name": "Outfielder", "type": "Outfielder", "abbreviation": "LF"}, "rangeFactorPerGame": "1.28", "rangeFactorPer9Inn": "1.75", "innings": "237.1", "games": 36, "doublePlays": 1, "triplePlays": 0, "throwingErrors": 0}, "team": {"id": 134, "name": "Pittsburgh Pirates", "link": "/api/v1/teams/134"}, "player": {"id": 110451, "fullName": "Bob Bailey", "link": "/api/v1/people/110451"}, "league": {"id": 104, "name": "National League", "link": "/api/v1/league/104"}, "sport": {"id": 1, "link": "/api/v1/sports/1", "abbreviation": "MLB"}, "gameType": "R", "position": {"code": "7", "name": "Outfielder", "type": "Outfielder", "abbreviation": "LF"}}, {"season": "1964", "stat": {"gamesPlayed": 2, "gamesStarted": 0, "assists": 0, "putOuts": 0, "errors": 0, "chances": 0, "fielding": ".000", "position": {"code": "8", "name": "Outfielder", "type": "Outfielder", "abbreviation": "CF"}, "rangeFactorPerGame": "0.00", "rangeFactorPer9Inn": "0.00", "innings": "3.0", "games": 2, "doublePlays": 0, "triplePlays": 0, "throwingErrors": 0}, "team": {"id": 134, "name": "Pittsburgh Pirates", "link": "/api/v1/teams/134"}, "player": {"id": 110451, "fullName": "Bob Bailey", "link": "/api/v1/people/110451"}, "league": {"id": 104, "name": "National League", "link": "/api/v1/league/104"}, "sport": {"id": 1, "link": "/api/v1/sports/1", "abbreviation": "MLB"}, "gameType": "R", "position": {"code": "8", "name": "Outfielder", "type": "Outfielder", "abbreviation": "CF"}}, {"season": "1964", "stat": {"gamesPlayed": 2, "gamesStarted": 2, "assists": 0, "putOuts": 1, "errors": 0, "chances": 1, "fielding": "1.000", "position": {"code": "9", "name": "Outfielder", "type": "Outfielder", "abbreviation": "RF"}, "rangeFactorPerGame": "0.50", "rangeFactorPer9Inn": "0.56", "innings": "16.0", "games": 2, "doublePlays": 0, "triplePlays": 0, "throwingErrors": 0}, "team": {"id": 134, "name": "Pittsburgh Pirates", "link": "/api/v1/teams/134"}, "player": {"id": 110451, "fullName": "Bob Bailey", "link": "/api/v1/people/110451"}, "league": {"id": 104, "name": "National League", "link": "/api/v1/league/104"}, "sport": {"id": 1, "link": "/api/v1/sports/1", "abbreviation": "MLB"}, "gameType": "R", "position": {"code": "9", "name": "Outfielder", "type": "Outfielder", "abbreviation": "RF"}}, {"season": "1965", "stat": {"gamesPlayed": 141, "gamesStarted": 133, "assists": 243, "putOuts": 93, "errors": 22, "chances": 358, "fielding": ".939", "position": {"code": "5", "name": "Third Base", "type": "Infielder", "abbreviation": "3B"}, "rangeFactorPerGame": "2.38", "rangeFactorPer9Inn": "2.56", "innings": "1179.0", "games": 141, "doublePlays": 25, "triplePlays": 0, "throwingErrors": 4}, "team": {"id": 134, "name": "Pittsburgh Pirates", "link": "/api/v1/teams/134"}, "player": {"id": 110451, "fullName": "Bob Bailey", "link": "/api/v1/people/110451"}, "league": {"id": 104, "name": "National League", "link": "/api/v1/league/104"}, "sport": {"id": 1, "link": "/api/v1/sports/1", "abbreviation": "MLB"}, "gameType": "R", "position": {"code": "5", "name": "Third Base", "type": "Infielder", "abbreviation": "3B"}}, {"season": "1965", "stat": {"gamesPlayed": 29, "gamesStarted": 24, "assists": 4, "putOuts": 25, "errors": 1, "chances": 30, "fielding": ".967", "position": {"code": "7", "name": "Outfielder", "type": "Outfielder", "abbreviation": "LF"}, "rangeFactorPerGame": "1.00", "rangeFactorPer9Inn": "1.39", "innings": "188.0", "games": 29, "doublePlays": 0, "triplePlays": 0, "throwingErrors": 0}, "team": {"id": 134, "name": "Pittsburgh Pirates", "link": "/api/v1/teams/134"}, "player": {"id": 110451, "fullName": "Bob Bailey", "link": "/api/v1/people/110451"}, "league": {"id": 104, "name": "National League", "link": "/api/v1/league/104"}, "sport": {"id": 1, "link": "/api/v1/sports/1", "abbreviation": "MLB"}, "gameType": "R", "position": {"code": "7", "name": "Outfielder", "type": "Outfielder", "abbreviation": "LF"}}, {"season": "1966", "stat": {"gamesPlayed": 96, "gamesStarted": 88, "assists": 195, "putOuts": 56, "errors": 12, "chances": 263, "fielding": ".954", "position": {"code": "5", "name": "Third Base", "type": "Infielder", "abbreviation": "3B"}, "rangeFactorPerGame": "2.61", "rangeFactorPer9Inn": "2.79", "innings": "810.1", "games": 96, "doublePlays": 21, "triplePlays": 1, "throwingErrors": 4}, "team": {"id": 134, "name": "Pittsburgh Pirates", "link": "/api/v1/teams/134"}, "player": {"id": 110451, "fullName": "Bob Bailey", "link": "/api/v1/people/110451"}, "league": {"id": 104, "name": "National League", "link": "/api/v1/league/104"}, "sport": {"id": 1, "link": "/api/v1/sports/1", "abbreviation": "MLB"}, "gameType": "R", "position": {"code": "5", "name": "Third Base", "type": "Infielder", "abbreviation": "3B"}}, {"season": "1966", "stat": {"gamesPlayed": 22, "gamesStarted": 21, "assists": 1, "putOuts": 24, "errors": 0, "chances": 25, "fielding": "1.000", "position": {"code": "7", "name": "Outfielder", "type": "Outfielder", "abbreviation": "LF"}, "rangeFactorPerGame": "1.14", "rangeFactorPer9Inn": "1.62", "innings": "139.0", "games": 22, "doublePlays": 0, "triplePlays": 0, "throwingErrors": 0}, "team": {"id": 134, "name": "Pittsburgh Pirates", "link": "/api/v1/teams/134"}, "player": {"id": 110451, "fullName": "Bob Bailey", "link": "/api/v1/people/110451"}, "league": {"id": 104, "name": "National League", "link": "/api/v1/league/104"}, "sport": {"id": 1, "link": "/api/v1/sports/1", "abbreviation": "MLB"}, "gameType": "R", "position": {"code": "7", "name": "Outfielder", "type": "Outfielder", "abbreviation": "LF"}}, {"season": "1967", "stat": {"gamesPlayed": 4, "gamesStarted": 1, "assists": 1, "putOuts": 17, "errors": 1, "chances": 19, "fielding": ".947", "position": {"code": "3", "name": "First Base", "type": "Infielder", "abbreviation": "1B"}, "rangeFactorPerGame": "4.50", "rangeFactorPer9Inn": "7.71", "innings": "21.0", "games": 4, "doublePlays": 2, "triplePlays": 0, "throwingErrors": 0}, "team": {"id": 119, "name": "Los Angeles Dodgers", "link": "/api/v1/teams/119"}, "player": {"id": 110451, "fullName": "Bob Bailey", "link": "/api/v1/people/110451"}, "league": {"id": 104, "name": "National League", "link": "/api/v1/league/104"}, "sport": {"id": 1, "link": "/api/v1/sports/1", "abbreviation": "MLB"}, "gameType": "R", "position": {"code": "3", "name": "First Base", "type": "Infielder", "abbreviation": "1B"}}, {"season": "1967", "stat": {"gamesPlayed": 65, "gamesStarted": 65, "assists": 152, "putOuts": 40, "errors": 12, "chances": 204, "fielding": ".941", "position": {"code": "5", "name": "Third Base", "type": "Infielder", "abbreviation": "3B"}, "rangeFactorPerGame": "2.95", "rangeFactorPer9Inn": "3.03", "innings": "571.1", "games": 65, "doublePlays": 12, "triplePlays": 0, "throwingErrors": 0}, "team": {"id": 119, "name": "Los Angeles Dodgers", "link": "/api/v1/teams/119"}, "player": {"id": 110451, "fullName": "Bob Bailey", "link": "/api/v1/people/110451"}, "league": {"id": 104, "name": "National League", "link": "/api/v1/league/104"}, "sport": {"id": 1, "link": "/api/v1/sports/1", "abbreviation": "MLB"}, "gameType": "R", "position": {"code": "5", "name": "Third Base", "type": "Infielder", "abbreviation": "3B"}}, {"season": "1967", "stat": {"gamesPlayed": 1, "gamesStarted": 0, "assists": 1, "putOuts": 0, "errors": 1, "chances": 2, "fielding": ".500", "position": {"code": "6", "name": "Shortstop", "type": "Infielder", "abbreviation": "SS"}, "rangeFactorPerGame": "1.00", "rangeFactorPer9Inn": "2.25", "innings": "4.0", "games": 1, "doublePlays": 0, "triplePlays": 0, "throwingErrors": 0}, "team": {"id": 119, "name": "Los Angeles Dodgers", "link": "/api/v1/teams/119"}, "player": {"id": 110451, "fullName": "Bob Bailey", "link": "/api/v1/people/110451"}, "league": {"id": 104, "name": "National League", "link": "/api/v1/league/104"}, "sport": {"id": 1, "link": "/api/v1/sports/1", "abbreviation": "MLB"}, "gameType": "R", "position": {"code": "6", "name": "Shortstop", "type": "Infielder", "abbreviation": "SS"}}, {"season": "1967", "stat": {"gamesPlayed": 27, "gamesStarted": 23, "assists": 1, "putOuts": 38, "errors": 2, "chances": 41, "fielding": ".951", "position": {"code": "7", "name": "Outfielder", "type": "Outfielder", "abbreviation": "LF"}, "rangeFactorPerGame": "1.44", "rangeFactorPer9Inn": "1.57", "innings": "223.1", "games": 27, "doublePlays": 0, "triplePlays": 0, "throwingErrors": 0}, "team": {"id": 119, "name": "Los Angeles Dodgers", "link": "/api/v1/teams/119"}, "player": {"id": 110451, "fullName": "Bob Bailey", "link": "/api/v1/people/110451"}, "league": {"id": 104, "name": "National League", "link": "/api/v1/league/104"}, "sport": {"id": 1, "link": "/api/v1/sports/1", "abbreviation": "MLB"}, "gameType": "R", "position": {"code": "7", "name": "Outfielder", "type": "Outfielder", "abbreviation": "LF"}}, {"season": "1968", "stat": {"gamesPlayed": 90, "gamesStarted": 88, "assists": 169, "putOuts": 75, "errors": 12, "chances": 256, "fielding": ".953", "position": {"code": "5", "name": "Third Base", "type": "Infielder", "abbreviation": "3B"}, "rangeFactorPerGame": "2.71", "rangeFactorPer9Inn": "2.82", "innings": "779.2", "games": 90, "doublePlays": 14, "triplePlays": 0, "throwingErrors": 2}, "team": {"id": 119, "name": "Los Angeles Dodgers", "link": "/api/v1/teams/119"}, "player": {"id": 110451, "fullName": "Bob Bailey", "link": "/api/v1/people/110451"}, "league": {"id": 104, "name": "National League", "link": "/api/v1/league/104"}, "sport": {"id": 1, "link": "/api/v1/sports/1", "abbreviation": "MLB"}, "gameType": "R", "position": {"code": "5", "name": "Third Base", "type": "Infielder", "abbreviation": "3B"}}, {"season": "1968", "stat": {"gamesPlayed": 1, "gamesStarted": 0, "assists": 0, "putOuts": 0, "errors": 1, "chances": 1, "fielding": ".000", "position": {"code": "6", "name": "Shortstop", "type": "Infielder", "abbreviation": "SS"}, "rangeFactorPerGame": "0.00", "rangeFactorPer9Inn": "0.00", "innings": "3.0", "games": 1, "doublePlays": 0, "triplePlays": 0, "throwingErrors": 0}, "team": {"id": 119, "name": "Los Angeles Dodgers", "link": "/api/v1/teams/119"}, "player": {"id": 110451, "fullName": "Bob Bailey", "link": "/api/v1/people/110451"}, "league": {"id": 104, "name": "National League", "link": "/api/v1/league/104"}, "sport": {"id": 1, "link": "/api/v1/sports/1", "abbreviation": "MLB"}, "gameType": "R", "position": {"code": "6", "name": "Shortstop", "type": "Infielder", "abbreviation": "SS"}}, {"season": "1969", "stat": {"gamesPlayed": 85, "gamesStarted": 83, "assists": 69, "putOuts": 704, "errors": 6, "chances": 779, "fielding": ".992", "position": {"code": "3", "name": "First Base", "type": "Infielder", "abbreviation": "1B"}, "rangeFactorPerGame": "9.09", "rangeFactorPer9Inn": "9.91", "innings": "702.2", "games": 85, "doublePlays": 77, "triplePlays": 1, "throwingErrors": 2}, "team": {"id": 120, "name": "Montreal Expos", "link": "/api/v1/teams/120"}, "player": {"id": 110451, "fullName": "Bob Bailey", "link": "/api/v1/people/110451"}, "league": {"id": 104, "name": "National League", "link": "/api/v1/league/104"}, "sport": {"id": 1, "link": "/api/v1/sports/1", "abbreviation": "MLB"}, "gameType": "R", "position": {"code": "3", "name": "First Base", "type": "Infielder", "abbreviation": "1B"}}, {"season": "1969", "stat": {"gamesPlayed": 1, "gamesStarted": 0, "assists": 0, "putOuts": 0, "errors": 0, "chances": 0, "fielding": ".000", "position": {"code": "5", "name": "Third Base", "type": "Infielder", "abbreviation": "3B"}, "rangeFactorPerGame": "0.00", "rangeFactorPer9Inn": "0.00", "innings": "1.0", "games": 1, "doublePlays": 0, "triplePlays": 0, "throwingErrors": 0}, "team": {"id": 120, "name": "Montreal Expos", "link": "/api/v1/teams/120"}, "player": {"id": 110451, "fullName": "Bob Bailey", "link": "/api/v1/people/110451"}, "league": {"id": 104, "name": "National League", "link": "/api/v1/league/104"}, "sport": {"id": 1, "link": "/api/v1/sports/1", "abbreviation": "MLB"}, "gameType": "R", "position": {"code": "5", "name": "Third Base", "type": "Infielder", "abbreviation": "3B"}}, {"season": "1969", "stat": {"gamesPlayed": 12, "gamesStarted": 12, "assists": 0, "putOuts": 10, "errors": 2, "chances": 12, "fielding": ".833", "position": {"code": "7", "name": "Outfielder", "type": "Outfielder", "abbreviation": "LF"}, "rangeFactorPerGame": "0.83", "rangeFactorPer9Inn": "1.07", "innings": "84.0", "games": 12, "doublePlays": 0, "triplePlays": 0, "throwingErrors": 0}, "team": {"id": 120, "name": "Montreal Expos", "link": "/api/v1/teams/120"}, "player": {"id": 110451, "fullName": "Bob Bailey", "link": "/api/v1/people/110451"}, "league": {"id": 104, "name": "National League", "link": "/api/v1/league/104"}, "sport": {"id": 1, "link": "/api/v1/sports/1", "abbreviation": "MLB"}, "gameType": "R", "position": {"code": "7", "name": "Outfielder", "type": "Outfielder", "abbreviation": "LF"}}, {"season": "1970", "stat": {"gamesPlayed": 18, "gamesStarted": 12, "assists": 14, "putOuts": 96, "errors": 1, "chances": 111, "fielding": ".991", "position": {"code": "3", "name": "First Base", "type": "Infielder", "abbreviation": "1B"}, "rangeFactorPerGame": "6.11", "rangeFactorPer9Inn": "10.21", "innings": "97.1", "games": 18, "doublePlays": 12, "triplePlays": 0, "throwingErrors": 0}, "team": {"id": 120, "name": "Montreal Expos", "link": "/api/v1/teams/120"}, "player": {"id": 110451, "fullName": "Bob Bailey", "link": "/api/v1/people/110451"}, "league": {"id": 104, "name": "National League", "link": "/api/v1/league/104"}, "sport": {"id": 1, "link": "/api/v1/sports/1", "abbreviation": "MLB"}, "gameType": "R", "position": {"code": "3", "name": "First Base", "type": "Infielder", "abbreviation": "1B"}}, {"season": "1970", "stat": {"gamesPlayed": 47, "gamesStarted": 39, "assists": 71, "putOuts": 28, "errors": 5, "chances": 104, "fielding": ".952", "position": {"code": "5", "name": "Third Base", "type": "Infielder", "abbreviation": "3B"}, "rangeFactorPerGame": "2.11", "rangeFactorPer9Inn": "2.56", "innings": "348.2", "games": 47, "doublePlays": 5, "triplePlays": 0, "throwingErrors": 0}, "team": {"id": 120, "name": "Montreal Expos", "link": "/api/v1/teams/120"}, "player": {"id": 110451, "fullName": "Bob Bailey", "link": "/api/v1/people/110451"}, "league": {"id": 104, "name": "National League", "link": "/api/v1/league/104"}, "sport": {"id": 1, "link": "/api/v1/sports/1", "abbreviation": "MLB"}, "gameType": "R", "position": {"code": "5", "name": "Third Base", "type": "Infielder", "abbreviation": "3B"}}, {"season": "1970", "stat": {"gamesPlayed": 45, "gamesStarted": 37, "assists": 2, "putOuts": 50, "errors": 2, "chances": 54, "fielding": ".963", "position": {"code": "7", "name": "Outfielder", "type": "Outfielder", "abbreviation": "LF"}, "rangeFactorPerGame": "1.16", "rangeFactorPer9Inn": "1.59", "innings": "294.0", "games": 45, "doublePlays": 1, "triplePlays": 0, "throwingErrors": 0}, "team": {"id": 120, "name": "Montreal Expos", "link": "/api/v1/teams/120"}, "player": {"id": 110451, "fullName": "Bob Bailey", "link": "/api/v1/people/110451"}, "league": {"id": 104, "name": "National League", "link": "/api/v1/league/104"}, "sport": {"id": 1, "link": "/api/v1/sports/1", "abbreviation": "MLB"}, "gameType": "R", "position": {"code": "7", "name": "Outfielder", "type": "Outfielder", "abbreviation": "LF"}}, {"season": "1971", "stat": {"gamesPlayed": 9, "gamesStarted": 6, "assists": 3, "putOuts": 50, "errors": 2, "chances": 55, "fielding": ".964", "position": {"code": "3", "name": "First Base", "type": "Infielder", "abbreviation": "1B"}, "rangeFactorPerGame": "5.89", "rangeFactorPer9Inn": "9.35", "innings": "51.1", "games": 9, "doublePlays": 2, "triplePlays": 0, "throwingErrors": 0}, "team": {"id": 120, "name": "Montreal Expos", "link": "/api/v1/teams/120"}, "player": {"id": 110451, "fullName": "Bob Bailey", "link": "/api/v1/people/110451"}, "league": {"id": 104, "name": "National League", "link": "/api/v1/league/104"}, "sport": {"id": 1, "link": "/api/v1/sports/1", "abbreviation": "MLB"}, "gameType": "R", "position": {"code": "3", "name": "First Base", "type": "Infielder", "abbreviation": "1B"}}, {"season": "1971", "stat": {"gamesPlayed": 119, "gamesStarted": 105, "assists": 189, "putOuts": 65, "errors": 11, "chances": 265, "fielding": ".958", "position": {"code": "5", "name": "Third Base", "type": "Infielder", "abbreviation": "3B"}, "rangeFactorPerGame": "2.13", "rangeFactorPer9Inn": "2.47", "innings": "925.1", "games": 119, "doublePlays": 14, "triplePlays": 0, "throwingErrors": 2}, "team": {"id": 120, "name": "Montreal Expos", "link": "/api/v1/teams/120"}, "player": {"id": 110451, "fullName": "Bob Bailey", "link": "/api/v1/people/110451"}, "league": {"id": 104, "name": "National League", "link": "/api/v1/league/104"}, "sport": {"id": 1, "link": "/api/v1/sports/1", "abbreviation": "MLB"}, "gameType": "R", "position": {"code": "5", "name": "Third Base", "type": "Infielder", "abbreviation": "3B"}}, {"season": "1971", "stat": {"gamesPlayed": 51, "gamesStarted": 45, "assists": 6, "putOuts": 55, "errors": 1, "chances": 62, "fielding": ".984", "position": {"code": "7", "name": "Outfielder", "type": "Outfielder", "abbreviation": "LF"}, "rangeFactorPerGame": "1.20", "rangeFactorPer9Inn": "1.64", "innings": "334.0", "games": 51, "doublePlays": 0, "triplePlays": 0, "throwingErrors": 0}, "team": {"id": 120, "name": "Montreal Expos", "link": "/api/v1/teams/120"}, "player": {"id": 110451, "fullName": "Bob Bailey", "link": "/api/v1/people/110451"}, "league": {"id": 104, "name": "National League", "link": "/api/v1/league/104"}, "sport": {"id": 1, "link": "/api/v1/sports/1", "abbreviation": "MLB"}, "gameType": "R", "position": {"code": "7", "name": "Outfielder", "type": "Outfielder", "abbreviation": "LF"}}, {"season": "1972", "stat": {"gamesPlayed": 3, "gamesStarted": 0, "assists": 0, "putOuts": 5, "errors": 0, "chances": 5, "fielding": "1.000", "position": {"code": "3", "name": "First Base", "type": "Infielder", "abbreviation": "1B"}, "rangeFactorPerGame": "1.67", "rangeFactorPer9Inn": "11.25", "innings": "4.0", "games": 3, "doublePlays": 0, "triplePlays": 0, "throwingErrors": 0}, "team": {"id": 120, "name": "Montreal Expos", "link": "/api/v1/teams/120"}, "player": {"id": 110451, "fullName": "Bob Bailey", "link": "/api/v1/people/110451"}, "league": {"id": 104, "name": "National League", "link": "/api/v1/league/104"}, "sport": {"id": 1, "link": "/api/v1/sports/1", "abbreviation": "MLB"}, "gameType": "R", "position": {"code": "3", "name": "First Base", "type": "Infielder", "abbreviation": "1B"}}, {"season": "1972", "stat": {"gamesPlayed": 134, "gamesStarted": 129, "assists": 251, "putOuts": 80, "errors": 22, "chances": 353, "fielding": ".938", "position": {"code": "5", "name": "Third Base", "type": "Infielder", "abbreviation": "3B"}, "rangeFactorPerGame": "2.47", "rangeFactorPer9Inn": "2.66", "innings": "1122.1", "games": 134, "doublePlays": 21, "triplePlays": 1, "throwingErrors": 2}, "team": {"id": 120, "name": "Montreal Expos", "link": "/api/v1/teams/120"}, "player": {"id": 110451, "fullName": "Bob Bailey", "link": "/api/v1/people/110451"}, "league": {"id": 104, "name": "National League", "link": "/api/v1/league/104"}, "sport": {"id": 1, "link": "/api/v1/sports/1", "abbreviation": "MLB"}, "gameType": "R", "position": {"code": "5", "name": "Third Base", "type": "Infielder", "abbreviation": "3B"}}, {"season": "1972", "stat": {"gamesPlayed": 6, "gamesStarted": 5, "assists": 1, "putOuts": 8, "errors": 0, "chances": 9, "fielding": "1.000", "position": {"code": "7", "name": "Outfielder", "type": "Outfielder", "abbreviation": "LF"}, "rangeFactorPerGame": "1.50", "rangeFactorPer9Inn": "2.45", "innings": "33.2", "games": 6, "doublePlays": 0, "triplePlays": 0, "throwingErrors": 0}, "team": {"id": 120, "name": "Montreal Expos", "link": "/api/v1/teams/120"}, "player": {"id": 110451, "fullName": "Bob Bailey", "link": "/api/v1/people/110451"}, "league": {"id": 104, "name": "National League", "link": "/api/v1/league/104"}, "sport": {"id": 1, "link": "/api/v1/sports/1", "abbreviation": "MLB"}, "gameType": "R", "position": {"code": "7", "name": "Outfielder", "type": "Outfielder", "abbreviation": "LF"}}, {"season": "1973", "stat": {"gamesPlayed": 145, "gamesStarted": 140, "assists": 273, "putOuts": 93, "errors": 17, "chances": 383, "fielding": ".956", "position": {"code": "5", "name": "Third Base", "type": "Infielder", "abbreviation": "3B"}, "rangeFactorPerGame": "2.52", "rangeFactorPer9Inn": "2.69", "innings": "1225.1", "games": 145, "doublePlays": 25, "triplePlays": 0, "throwingErrors": 3}, "team": {"id": 120, "name": "Montreal Expos", "link": "/api/v1/teams/120"}, "player": {"id": 110451, "fullName": "Bob Bailey", "link": "/api/v1/people/110451"}, "league": {"id": 104, "name": "National League", "link": "/api/v1/league/104"}, "sport": {"id": 1, "link": "/api/v1/sports/1", "abbreviation": "MLB"}, "gameType": "R", "position": {"code": "5", "name": "Third Base", "type": "Infielder", "abbreviation": "3B"}}, {"season": "1973", "stat": {"gamesPlayed": 2, "gamesStarted": 1, "assists": 0, "putOuts": 2, "errors": 0, "chances": 2, "fielding": "1.000", "position": {"code": "7", "name": "Outfielder", "type": "Outfielder", "abbreviation": "LF"}, "rangeFactorPerGame": "1.00", "rangeFactorPer9Inn": "3.60", "innings": "5.0", "games": 2, "doublePlays": 0, "triplePlays": 0, "throwingErrors": 0}, "team": {"id": 120, "name": "Montreal Expos", "link": "/api/v1/teams/120"}, "player": {"id": 110451, "fullName": "Bob Bailey", "link": "/api/v1/people/110451"}, "league": {"id": 104, "name": "National League", "link": "/api/v1/league/104"}, "sport": {"id": 1, "link": "/api/v1/sports/1", "abbreviation": "MLB"}, "gameType": "R", "position": {"code": "7", "name": "Outfielder", "type": "Outfielder", "abbreviation": "LF"}}, {"season": "1974", "stat": {"gamesPlayed": 66, "gamesStarted": 64, "assists": 113, "putOuts": 33, "errors": 7, "chances": 153, "fielding": ".954", "position": {"code": "5", "name": "Third Base", "type": "Infielder", "abbreviation": "3B"}, "rangeFactorPerGame": "2.21", "rangeFactorPer9Inn": "2.39", "innings": "549.0", "games": 66, "doublePlays": 6, "triplePlays": 0, "throwingErrors": 2}, "team": {"id": 120, "name": "Montreal Expos", "link": "/api/v1/teams/120"}, "player": {"id": 110451, "fullName": "Bob Bailey", "link": "/api/v1/people/110451"}, "league": {"id": 104, "name": "National League", "link": "/api/v1/league/104"}, "sport": {"id": 1, "link": "/api/v1/sports/1", "abbreviation": "MLB"}, "gameType": "R", "position": {"code": "5", "name": "Third Base", "type": "Infielder", "abbreviation": "3B"}}, {"season": "1974", "stat": {"gamesPlayed": 81, "gamesStarted": 80, "assists": 9, "putOuts": 105, "errors": 3, "chances": 117, "fielding": ".974", "position": {"code": "7", "name": "Outfielder", "type": "Outfielder", "abbreviation": "LF"}, "rangeFactorPerGame": "1.41", "rangeFactorPer9Inn": "1.63", "innings": "629.0", "games": 81, "doublePlays": 4, "triplePlays": 0, "throwingErrors": 0}, "team": {"id": 120, "name": "Montreal Expos", "link": "/api/v1/teams/120"}, "player": {"id": 110451, "fullName": "Bob Bailey", "link": "/api/v1/people/110451"}, "league": {"id": 104, "name": "National League", "link": "/api/v1/league/104"}, "sport": {"id": 1, "link": "/api/v1/sports/1", "abbreviation": "MLB"}, "gameType": "R", "position": {"code": "7", "name": "Outfielder", "type": "Outfielder", "abbreviation": "LF"}}, {"season": "1975", "stat": {"gamesPlayed": 3, "gamesStarted": 2, "assists": 6, "putOuts": 1, "errors": 0, "chances": 7, "fielding": "1.000", "position": {"code": "5", "name": "Third Base", "type": "Infielder", "abbreviation": "3B"}, "rangeFactorPerGame": "2.33", "rangeFactorPer9Inn": "3.71", "innings": "17.0", "games": 3, "doublePlays": 1, "triplePlays": 0, "throwingErrors": 0}, "team": {"id": 120, "name": "Montreal Expos", "link": "/api/v1/teams/120"}, "player": {"id": 110451, "fullName": "Bob Bailey", "link": "/api/v1/people/110451"}, "league": {"id": 104, "name": "National League", "link": "/api/v1/league/104"}, "sport": {"id": 1, "link": "/api/v1/sports/1", "abbreviation": "MLB"}, "gameType": "R", "position": {"code": "5", "name": "Third Base", "type": "Infielder", "abbreviation": "3B"}}, {"season": "1975", "stat": {"gamesPlayed": 61, "gamesStarted": 56, "assists": 4, "putOuts": 88, "errors": 2, "chances": 94, "fielding": ".979", "position": {"code": "7", "name": "Outfielder", "type": "Outfielder", "abbreviation": "LF"}, "rangeFactorPerGame": "1.51", "rangeFactorPer9Inn": "1.93", "innings": "428.0", "games": 61, "doublePlays": 1, "triplePlays": 0, "throwingErrors": 0}, "team": {"id": 120, "name": "Montreal Expos", "link": "/api/v1/teams/120"}, "player": {"id": 110451, "fullName": "Bob Bailey", "link": "/api/v1/people/110451"}, "league": {"id": 104, "name": "National League", "link": "/api/v1/league/104"}, "sport": {"id": 1, "link": "/api/v1/sports/1", "abbreviation": "MLB"}, "gameType": "R", "position": {"code": "7", "name": "Outfielder", "type": "Outfielder", "abbreviation": "LF"}}, {"season": "1976", "stat": {"gamesPlayed": 10, "gamesStarted": 5, "assists": 12, "putOuts": 4, "errors": 2, "chances": 18, "fielding": ".889", "position": {"code": "5", "name": "Third Base", "type": "Infielder", "abbreviation": "3B"}, "rangeFactorPerGame": "1.60", "rangeFactorPer9Inn": "2.67", "innings": "54.1", "games": 10, "doublePlays": 1, "triplePlays": 0, "throwingErrors": 0}, "team": {"id": 113, "name": "Cincinnati Reds", "link": "/api/v1/teams/113"}, "player": {"id": 110451, "fullName": "Bob Bailey", "link": "/api/v1/people/110451"}, "league": {"id": 104, "name": "National League", "link": "/api/v1/league/104"}, "sport": {"id": 1, "link": "/api/v1/sports/1", "abbreviation": "MLB"}, "gameType": "R", "position": {"code": "5", "name": "Third Base", "type": "Infielder", "abbreviation": "3B"}}, {"season": "1976", "stat": {"gamesPlayed": 31, "gamesStarted": 29, "assists": 2, "putOuts": 38, "errors": 1, "chances": 41, "fielding": ".976", "position": {"code": "7", "name": "Outfielder", "type": "Outfielder", "abbreviation": "LF"}, "rangeFactorPerGame": "1.29", "rangeFactorPer9Inn": "1.90", "innings": "189.0", "games": 31, "doublePlays": 1, "triplePlays": 0, "throwingErrors": 0}, "team": {"id": 113, "name": "Cincinnati Reds", "link": "/api/v1/teams/113"}, "player": {"id": 110451, "fullName": "Bob Bailey", "link": "/api/v1/people/110451"}, "league": {"id": 104, "name": "National League", "link": "/api/v1/league/104"}, "sport": {"id": 1, "link": "/api/v1/sports/1", "abbreviation": "MLB"}, "gameType": "R", "position": {"code": "7", "name": "Outfielder", "type": "Outfielder", "abbreviation": "LF"}}, {"season": "1977", "stat": {"gamesPlayed": 18, "gamesStarted": 15, "assists": 9, "putOuts": 108, "errors": 3, "chances": 120, "fielding": ".975", "position": {"code": "3", "name": "First Base", "type": "Infielder", "abbreviation": "1B"}, "rangeFactorPerGame": "6.50", "rangeFactorPer9Inn": "9.00", "innings": "117.0", "games": 18, "doublePlays": 12, "triplePlays": 0, "throwingErrors": 0}, "team": {"id": 113, "name": "Cincinnati Reds", "link": "/api/v1/teams/113"}, "player": {"id": 110451, "fullName": "Bob Bailey", "link": "/api/v1/people/110451"}, "league": {"id": 104, "name": "National League", "link": "/api/v1/league/104"}, "sport": {"id": 1, "link": "/api/v1/sports/1", "abbreviation": "MLB"}, "gameType": "R", "position": {"code": "3", "name": "First Base", "type": "Infielder", "abbreviation": "1B"}}, {"season": "1977", "stat": {"gamesPlayed": 4, "gamesStarted": 3, "assists": 0, "putOuts": 2, "errors": 0, "chances": 2, "fielding": "1.000", "position": {"code": "7", "name": "Outfielder", "type": "Outfielder", "abbreviation": "LF"}, "rangeFactorPerGame": "0.50", "rangeFactorPer9Inn": "0.95", "innings": "19.0", "games": 4, "doublePlays": 0, "triplePlays": 0, "throwingErrors": 0}, "team": {"id": 113, "name": "Cincinnati Reds", "link": "/api/v1/teams/113"}, "player": {"id": 110451, "fullName": "Bob Bailey", "link": "/api/v1/people/110451"}, "league": {"id": 104, "name": "National League", "link": "/api/v1/league/104"}, "sport": {"id": 1, "link": "/api/v1/sports/1", "abbreviation": "MLB"}, "gameType": "R", "position": {"code": "7", "name": "Outfielder", "type": "Outfielder", "abbreviation": "LF"}}, {"season": "1978", "stat": {"gamesPlayed": 1, "gamesStarted": 1, "assists": 2, "putOuts": 0, "errors": 0, "chances": 2, "fielding": "1.000", "position": {"code": "5", "name": "Third Base", "type": "Infielder", "abbreviation": "3B"}, "rangeFactorPerGame": "2.00", "rangeFactorPer9Inn": "2.25", "innings": "8.0", "games": 1, "doublePlays": 0, "triplePlays": 0, "throwingErrors": 0}, "team": {"id": 111, "name": "Boston Red Sox", "link": "/api/v1/teams/111"}, "player": {"id": 110451, "fullName": "Bob Bailey", "link": "/api/v1/people/110451"}, "league": {"id": 103, "name": "American League", "link": "/api/v1/league/103"}, "sport": {"id": 1, "link": "/api/v1/sports/1", "abbreviation": "MLB"}, "gameType": "R", "position": {"code": "5", "name": "Third Base", "type": "Infielder", "abbreviation": "3B"}}, {"season": "1978", "stat": {"gamesPlayed": 1, "gamesStarted": 0, "assists": 0, "putOuts": 2, "errors": 0, "chances": 2, "fielding": "1.000", "position": {"code": "7", "name": "Outfielder", "type": "Outfielder", "abbreviation": "LF"}, "rangeFactorPerGame": "2.00", "rangeFactorPer9Inn": "6.00", "innings": "3.0", "games": 1, "doublePlays": 0, "triplePlays": 0, "throwingErrors": 0}, "team": {"id": 111, "name": "Boston Red Sox", "link": "/api/v1/teams/111"}, "player": {"id": 110451, "fullName": "Bob Bailey", "link": "/api/v1/people/110451"}, "league": {"id": 103, "name": "American League", "link": "/api/v1/league/103"}, "sport": {"id": 1, "link": "/api/v1/sports/1", "abbreviation": "MLB"}, "gameType": "R", "position": {"code": "7", "name": "Outfielder", "type": "Outfielder", "abbreviation": "LF"}}, {"season": "1978", "stat": {"gamesPlayed": 26, "gamesStarted": 26, "assists": 0, "putOuts": 0, "errors": 0, "chances": 0, "fielding": ".000", "position": {"code": "10", "name": "Designated Hitter", "type": "Hitter", "abbreviation": "DH"}, "rangeFactorPerGame": "0.00", "rangeFactorPer9Inn": "-.--", "innings": "0.0", "games": 26, "doublePlays": 0, "triplePlays": 0, "throwingErrors": 0}, "team": {"id": 111, "name": "Boston Red Sox", "link": "/api/v1/teams/111"}, "player": {"id": 110451, "fullName": "Bob Bailey", "link": "/api/v1/people/110451"}, "league": {"id": 103, "name": "American League", "link": "/api/v1/league/103"}, "sport": {"id": 1, "link": "/api/v1/sports/1", "abbreviation": "MLB"}, "gameType": "R", "position": {"code": "10", "name": "Designated Hitter", "type": "Hitter", "abbreviation": "DH"}}]}, {"type": {"displayName": "yearByYear"}, "group": {"displayName": "hitting"}, "exemptions": [], "splits": [{"season": "1962", "stat": {"gamesPlayed": 14, "runs": 6, "doubles": 2, "triples": 1, "homeRuns": 0, "strikeOuts": 10, "baseOnBalls": 6, "intentionalWalks": 0, "hits": 7, "hitByPitch": 0, "avg": ".167", "atBats": 42, "obp": ".271", "slg": ".262", "ops": ".533", "caughtStealing": 1, "stolenBases": 1, "stolenBasePercentage": ".500", "groundIntoDoublePlay": 0, "plateAppearances": 50, "totalBases": 11, "rbi": 6, "sacBunts": 2, "sacFlies": 0, "babip": ".219", "atBatsPerHomeRun": "-.--"}, "team": {"id": 134, "name": "Pittsburgh Pirates", "link": "/api/v1/teams/134"}, "player": {"id": 110451, "fullName": "Bob Bailey", "link": "/api/v1/people/110451"}, "league": {"id": 104, "name": "National League", "link": "/api/v1/league/104"}, "sport": {"id": 1, "link": "/api/v1/sports/1", "abbreviation": "MLB"}, "gameType": "R"}, {"season": "1963", "stat": {"gamesPlayed": 154, "runs": 60, "doubles": 15, "triples": 3, "homeRuns": 12, "strikeOuts": 98, "baseOnBalls": 58, "intentionalWalks": 2, "hits": 130, "hitByPitch": 5, "avg": ".228", "atBats": 570, "obp": ".303", "slg": ".328", "ops": ".631", "caughtStealing": 9, "stolenBases": 10, "stolenBasePercentage": ".526", "groundIntoDoublePlay": 9, "plateAppearances": 640, "totalBases": 187, "rbi": 45, "sacBunts": 4, "sacFlies": 3, "babip": ".255", "atBatsPerHomeRun": "47.50"}, "team": {"id": 134, "name": "Pittsburgh Pirates", "link": "/api/v1/teams/134"}, "player": {"id": 110451, "fullName": "Bob Bailey", "link": "/api/v1/people/110451"}, "league": {"id": 104, "name": "National League", "link": "/api/v1/league/104"}, "sport": {"id": 1, "link": "/api/v1/sports/1", "abbreviation": "MLB"}, "gameType": "R"}, {"season": "1964", "stat": {"gamesPlayed": 143, "runs": 73, "doubles": 26, "triples": 3, "homeRuns": 11, "strikeOuts": 78, "baseOnBalls": 44, "intentionalWalks": 1, "hits": 149, "hitByPitch": 1, "avg": ".281", "atBats": 530, "obp": ".336", "slg": ".404", "ops": ".740", "caughtStealing": 8, "stolenBases": 10, "stolenBasePercentage": ".556", "groundIntoDoublePlay": 16, "plateAppearances": 582, "totalBases": 214, "rbi": 51, "sacBunts": 5, "sacFlies": 2, "babip": ".312", "atBatsPerHomeRun": "48.18"}, "team": {"id": 134, "name": "Pittsburgh Pirates", "link": "/api/v1/teams/134"}, "player": {"id": 110451, "fullName": "Bob Bailey", "link": "/api/v1/people/110451"}, "league": {"id": 104, "name": "National League", "link": "/api/v1/league/104"}, "sport": {"id": 1, "link": "/api/v1/sports/1", "abbreviation": "MLB"}, "gameType": "R"}, {"season": "1965", "stat": {"gamesPlayed": 159, "runs": 87, "doubles": 28, "triples": 3, "homeRuns": 11, "strikeOuts": 93, "baseOnBalls": 70, "intentionalWalks": 1, "hits": 160, "hitByPitch": 0, "avg": ".256", "atBats": 626, "obp": ".330", "slg": ".363", "ops": ".693", "caughtStealing": 14, "stolenBases": 10, "stolenBasePercentage": ".417", "groundIntoDoublePlay": 16, "plateAppearances": 702, "totalBases": 227, "rbi": 49, "sacBunts": 4, "sacFlies": 2, "babip": ".284", "atBatsPerHomeRun": "56.91"}, "team": {"id": 134, "name": "Pittsburgh Pirates", "link": "/api/v1/teams/134"}, "player": {"id": 110451, "fullName": "Bob Bailey", "link": "/api/v1/people/110451"}, "league": {"id": 104, "name": "National League", "link": "/api/v1/league/104"}, "sport": {"id": 1, "link": "/api/v1/sports/1", "abbreviation": "MLB"}, "gameType": "R"}, {"season": "1966", "stat": {"gamesPlayed": 126, "runs": 51, "doubles": 19, "triples": 3, "homeRuns": 13, "strikeOuts": 65, "baseOnBalls": 47, "intentionalWalks": 4, "hits": 106, "hitByPitch": 2, "avg": ".279", "atBats": 380, "obp": ".360", "slg": ".447", "ops": ".807", "caughtStealing": 3, "stolenBases": 5, "stolenBasePercentage": ".625", "groundIntoDoublePlay": 12, "plateAppearances": 433, "totalBases": 170, "rbi": 46, "sacBunts": 2, "sacFlies": 2, "babip": ".306", "atBatsPerHomeRun": "29.23"}, "team": {"id": 134, "name": "Pittsburgh Pirates", "link": "/api/v1/teams/134"}, "player": {"id": 110451, "fullName": "Bob Bailey", "link": "/api/v1/people/110451"}, "league": {"id": 104, "name": "National League", "link": "/api/v1/league/104"}, "sport": {"id": 1, "link": "/api/v1/sports/1", "abbreviation": "MLB"}, "gameType": "R"}, {"season": "1967", "stat": {"gamesPlayed": 116, "runs": 21, "doubles": 8, "triples": 2, "homeRuns": 4, "strikeOuts": 50, "baseOnBalls": 40, "intentionalWalks": 4, "hits": 73, "hitByPitch": 1, "avg": ".227", "atBats": 322, "obp": ".310", "slg": ".301", "ops": ".611", "caughtStealing": 5, "stolenBases": 5, "stolenBasePercentage": ".500", "groundIntoDoublePlay": 14, "plateAppearances": 372, "totalBases": 97, "rbi": 28, "sacBunts": 4, "sacFlies": 5, "babip": ".253", "atBatsPerHomeRun": "80.50"}, "team": {"id": 119, "name": "Los Angeles Dodgers", "link": "/api/v1/teams/119"}, "player": {"id": 110451, "fullName": "Bob Bailey", "link": "/api/v1/people/110451"}, "league": {"id": 104, "name": "National League", "link": "/api/v1/league/104"}, "sport": {"id": 1, "link": "/api/v1/sports/1", "abbreviation": "MLB"}, "gameType": "R"}, {"season": "1968", "stat": {"gamesPlayed": 105, "runs": 24, "doubles": 9, "triples": 3, "homeRuns": 8, "strikeOuts": 69, "baseOnBalls": 38, "intentionalWalks": 4, "hits": 73, "hitByPitch": 1, "avg": ".227", "atBats": 322, "obp": ".308", "slg": ".348", "ops": ".656", "caughtStealing": 2, "stolenBases": 1, "stolenBasePercentage": ".333", "groundIntoDoublePlay": 8, "plateAppearances": 365, "totalBases": 112, "rbi": 39, "sacBunts": 1, "sacFlies": 3, "babip": ".262", "atBatsPerHomeRun": "40.25"}, "team": {"id": 119, "name": "Los Angeles Dodgers", "link": "/api/v1/teams/119"}, "player": {"id": 110451, "fullName": "Bob Bailey", "link": "/api/v1/people/110451"}, "league": {"id": 104, "name": "National League", "link": "/api/v1/league/104"}, "sport": {"id": 1, "link": "/api/v1/sports/1", "abbreviation": "MLB"}, "gameType": "R"}, {"season": "1969", "stat": {"gamesPlayed": 111, "runs": 46, "doubles": 16, "triples": 6, "homeRuns": 9, "strikeOuts": 76, "baseOnBalls": 40, "intentionalWalks": 3, "hits": 95, "hitByPitch": 1, "avg": ".265", "atBats": 358, "obp": ".337", "slg": ".419", "ops": ".756", "caughtStealing": 3, "stolenBases": 3, "stolenBasePercentage": ".500", "groundIntoDoublePlay": 12, "plateAppearances": 405, "totalBases": 150, "rbi": 53, "sacBunts": 1, "sacFlies": 5, "babip": ".309", "atBatsPerHomeRun": "39.78"}, "team": {"id": 120, "name": "Montreal Expos", "link": "/api/v1/teams/120"}, "player": {"id": 110451, "fullName": "Bob Bailey", "link": "/api/v1/people/110451"}, "league": {"id": 104, "name": "National League", "link": "/api/v1/league/104"}, "sport": {"id": 1, "link": "/api/v1/sports/1", "abbreviation": "MLB"}, "gameType": "R"}, {"season": "1970", "stat": {"gamesPlayed": 131, "runs": 77, "doubles": 19, "triples": 3, "homeRuns": 28, "strikeOuts": 70, "baseOnBalls": 72, "intentionalWalks": 8, "hits": 101, "hitByPitch": 1, "avg": ".287", "atBats": 352, "obp": ".407", "slg": ".597", "ops": "1.004", "caughtStealing": 3, "stolenBases": 5, "stolenBasePercentage": ".625", "groundIntoDoublePlay": 12, "plateAppearances": 429, "totalBases": 210, "rbi": 84, "sacBunts": 2, "sacFlies": 2, "babip": ".285", "atBatsPerHomeRun": "12.57"}, "team": {"id": 120, "name": "Montreal Expos", "link": "/api/v1/teams/120"}, "player": {"id": 110451, "fullName": "Bob Bailey", "link": "/api/v1/people/110451"}, "league": {"id": 104, "name": "National League", "link": "/api/v1/league/104"}, "sport": {"id": 1, "link": "/api/v1/sports/1", "abbreviation": "MLB"}, "gameType": "R"}, {"season": "1971", "stat": {"gamesPlayed": 157, "groundOuts": 51, "airOuts": 45, "runs": 65, "doubles": 21, "triples": 4, "homeRuns": 14, "strikeOuts": 105, "baseOnBalls": 97, "intentionalWalks": 8, "hits": 137, "hitByPitch": 0, "avg": ".251", "atBats": 545, "obp": ".359", "slg": ".382", "ops": ".741", "caughtStealing": 7, "stolenBases": 13, "stolenBasePercentage": ".650", "groundIntoDoublePlay": 19, "numberOfPitches": 1208, "plateAppearances": 654, "totalBases": 208, "rbi": 83, "leftOnBase": 259, "sacBunts": 3, "sacFlies": 9, "babip": ".283", "groundOutsToAirouts": "1.13", "catchersInterference": 0, "atBatsPerHomeRun": "38.93"}, "team": {"id": 120, "name": "Montreal Expos", "link": "/api/v1/teams/120"}, "player": {"id": 110451, "fullName": "Bob Bailey", "link": "/api/v1/people/110451"}, "league": {"id": 104, "name": "National League", "link": "/api/v1/league/104"}, "sport": {"id": 1, "link": "/api/v1/sports/1", "abbreviation": "MLB"}, "gameType": "R"}, {"season": "1972", "stat": {"gamesPlayed": 143, "groundOuts": 36, "airOuts": 35, "runs": 55, "doubles": 10, "triples": 4, "homeRuns": 16, "strikeOuts": 112, "baseOnBalls": 59, "intentionalWalks": 7, "hits": 114, "hitByPitch": 1, "avg": ".233", "atBats": 489, "obp": ".315", "slg": ".368", "ops": ".683", "caughtStealing": 7, "stolenBases": 6, "stolenBasePercentage": ".462", "groundIntoDoublePlay": 13, "numberOfPitches": 967, "plateAppearances": 560, "totalBases": 180, "rbi": 57, "leftOnBase": 189, "sacBunts": 7, "sacFlies": 4, "babip": ".268", "groundOutsToAirouts": "1.03", "catchersInterference": 0, "atBatsPerHomeRun": "30.56"}, "team": {"id": 120, "name": "Montreal Expos", "link": "/api/v1/teams/120"}, "player": {"id": 110451, "fullName": "Bob Bailey", "link": "/api/v1/people/110451"}, "league": {"id": 104, "name": "National League", "link": "/api/v1/league/104"}, "sport": {"id": 1, "link": "/api/v1/sports/1", "abbreviation": "MLB"}, "gameType": "R"}, {"season": "1973", "stat": {"gamesPlayed": 151, "runs": 77, "doubles": 25, "triples": 4, "homeRuns": 26, "strikeOuts": 99, "baseOnBalls": 88, "intentionalWalks": 10, "hits": 140, "hitByPitch": 1, "avg": ".273", "atBats": 513, "obp": ".379", "slg": ".489", "ops": ".868", "caughtStealing": 8, "stolenBases": 5, "stolenBasePercentage": ".385", "groundIntoDoublePlay": 23, "plateAppearances": 607, "totalBases": 251, "rbi": 86, "sacBunts": 3, "sacFlies": 2, "babip": ".292", "atBatsPerHomeRun": "19.73"}, "team": {"id": 120, "name": "Montreal Expos", "link": "/api/v1/teams/120"}, "player": {"id": 110451, "fullName": "Bob Bailey", "link": "/api/v1/people/110451"}, "league": {"id": 104, "name": "National League", "link": "/api/v1/league/104"}, "sport": {"id": 1, "link": "/api/v1/sports/1", "abbreviation": "MLB"}, "gameType": "R"}, {"season": "1974", "stat": {"gamesPlayed": 152, "groundOuts": 38, "airOuts": 53, "runs": 69, "doubles": 20, "triples": 2, "homeRuns": 20, "strikeOuts": 107, "baseOnBalls": 100, "intentionalWalks": 9, "hits": 142, "hitByPitch": 1, "avg": ".280", "atBats": 507, "obp": ".396", "slg": ".446", "ops": ".842", "caughtStealing": 7, "stolenBases": 4, "stolenBasePercentage": ".364", "groundIntoDoublePlay": 22, "numberOfPitches": 1137, "plateAppearances": 614, "totalBases": 226, "rbi": 73, "leftOnBase": 214, "sacBunts": 1, "sacFlies": 5, "babip": ".317", "groundOutsToAirouts": "0.72", "catchersInterference": 0, "atBatsPerHomeRun": "25.35"}, "team": {"id": 120, "name": "Montreal Expos", "link": "/api/v1/teams/120"}, "player": {"id": 110451, "fullName": "Bob Bailey", "link": "/api/v1/people/110451"}, "league": {"id": 104, "name": "National League", "link": "/api/v1/league/104"}, "sport": {"id": 1, "link": "/api/v1/sports/1", "abbreviation": "MLB"}, "gameType": "R"}, {"season": "1975", "stat": {"gamesPlayed": 106, "groundOuts": 19, "airOuts": 29, "runs": 23, "doubles": 5, "triples": 0, "homeRuns": 5, "strikeOuts": 38, "baseOnBalls": 46, "intentionalWalks": 3, "hits": 62, "hitByPitch": 1, "avg": ".273", "atBats": 227, "obp": ".392", "slg": ".361", "ops": ".753", "caughtStealing": 4, "stolenBases": 4, "stolenBasePercentage": ".500", "groundIntoDoublePlay": 8, "numberOfPitches": 747, "plateAppearances": 279, "totalBases": 82, "rbi": 30, "leftOnBase": 100, "sacBunts": 1, "sacFlies": 4, "babip": ".303", "groundOutsToAirouts": "0.66", "catchersInterference": 0, "atBatsPerHomeRun": "45.40"}, "team": {"id": 120, "name": "Montreal Expos", "link": "/api/v1/teams/120"}, "player": {"id": 110451, "fullName": "Bob Bailey", "link": "/api/v1/people/110451"}, "league": {"id": 104, "name": "National League", "link": "/api/v1/league/104"}, "sport": {"id": 1, "link": "/api/v1/sports/1", "abbreviation": "MLB"}, "gameType": "R"}, {"season": "1976", "stat": {"gamesPlayed": 69, "groundOuts": 12, "airOuts": 10, "runs": 17, "doubles": 6, "triples": 1, "homeRuns": 6, "strikeOuts": 26, "baseOnBalls": 16, "intentionalWalks": 1, "hits": 37, "hitByPitch": 0, "avg": ".298", "atBats": 124, "obp": ".376", "slg": ".508", "ops": ".884", "caughtStealing": 0, "stolenBases": 0, "stolenBasePercentage": ".---", "groundIntoDoublePlay": 7, "numberOfPitches": 241, "plateAppearances": 141, "totalBases": 63, "rbi": 23, "leftOnBase": 45, "sacBunts": 0, "sacFlies": 1, "babip": ".333", "groundOutsToAirouts": "1.20", "catchersInterference": 0, "atBatsPerHomeRun": "20.67"}, "team": {"id": 113, "name": "Cincinnati Reds", "link": "/api/v1/teams/113"}, "player": {"id": 110451, "fullName": "Bob Bailey", "link": "/api/v1/people/110451"}, "league": {"id": 104, "name": "National League", "link": "/api/v1/league/104"}, "sport": {"id": 1, "link": "/api/v1/sports/1", "abbreviation": "MLB"}, "gameType": "R"}, {"season": "1977", "stat": {"gamesPlayed": 49, "groundOuts": 6, "airOuts": 10, "runs": 9, "doubles": 2, "triples": 1, "homeRuns": 2, "strikeOuts": 10, "baseOnBalls": 12, "intentionalWalks": 2, "hits": 20, "hitByPitch": 0, "avg": ".253", "atBats": 79, "obp": ".348", "slg": ".380", "ops": ".728", "caughtStealing": 1, "stolenBases": 1, "stolenBasePercentage": ".500", "groundIntoDoublePlay": 2, "numberOfPitches": 148, "plateAppearances": 92, "totalBases": 30, "rbi": 11, "leftOnBase": 50, "sacBunts": 0, "sacFlies": 1, "babip": ".265", "groundOutsToAirouts": "0.60", "catchersInterference": 0, "atBatsPerHomeRun": "39.50"}, "team": {"id": 113, "name": "Cincinnati Reds", "link": "/api/v1/teams/113"}, "player": {"id": 110451, "fullName": "Bob Bailey", "link": "/api/v1/people/110451"}, "league": {"id": 104, "name": "National League", "link": "/api/v1/league/104"}, "sport": {"id": 1, "link": "/api/v1/sports/1", "abbreviation": "MLB"}, "gameType": "R"}, {"season": "1977", "stat": {"gamesPlayed": 2, "groundOuts": 0, "airOuts": 1, "runs": 0, "doubles": 0, "triples": 0, "homeRuns": 0, "strikeOuts": 1, "baseOnBalls": 0, "intentionalWalks": 0, "hits": 0, "hitByPitch": 0, "avg": ".000", "atBats": 2, "obp": ".000", "slg": ".000", "ops": ".000", "caughtStealing": 0, "stolenBases": 0, "stolenBasePercentage": ".---", "groundIntoDoublePlay": 0, "numberOfPitches": 4, "plateAppearances": 2, "totalBases": 0, "rbi": 0, "leftOnBase": 0, "sacBunts": 0, "sacFlies": 0, "babip": ".000", "groundOutsToAirouts": "0.00", "catchersInterference": 0, "atBatsPerHomeRun": "-.--"}, "team": {"id": 111, "name": "Boston Red Sox", "link": "/api/v1/teams/111"}, "player": {"id": 110451, "fullName": "Bob Bailey", "link": "/api/v1/people/110451"}, "league": {"id": 103, "name": "American League", "link": "/api/v1/league/103"}, "sport": {"id": 1, "link": "/api/v1/sports/1", "abbreviation": "MLB"}, "gameType": "R"}, {"season": "1977", "stat": {"gamesPlayed": 51, "groundOuts": 6, "airOuts": 11, "runs": 9, "doubles": 2, "triples": 1, "homeRuns": 2, "strikeOuts": 11, "baseOnBalls": 12, "intentionalWalks": 2, "hits": 20, "hitByPitch": 0, "avg": ".247", "atBats": 81, "obp": ".340", "slg": ".370", "ops": ".710", "caughtStealing": 1, "stolenBases": 1, "stolenBasePercentage": ".500", "groundIntoDoublePlay": 2, "numberOfPitches": 152, "plateAppearances": 94, "totalBases": 30, "rbi": 11, "leftOnBase": 50, "sacBunts": 0, "sacFlies": 1, "babip": ".261", "groundOutsToAirouts": "0.55", "catchersInterference": 0, "atBatsPerHomeRun": "40.50"}, "player": {"id": 110451, "fullName": "Bob Bailey", "link": "/api/v1/people/110451"}, "sport": {"id": 1, "link": "/api/v1/sports/1", "abbreviation": "MLB"}, "gameType": "R", "numTeams": 2}, {"season": "1978", "stat": {"gamesPlayed": 43, "groundOuts": 7, "airOuts": 15, "runs": 12, "doubles": 3, "triples": 0, "homeRuns": 4, "strikeOuts": 19, "baseOnBalls": 19, "intentionalWalks": 0, "hits": 18, "hitByPitch": 1, "avg": ".191", "atBats": 94, "obp": ".328", "slg": ".351", "ops": ".679", "caughtStealing": 1, "stolenBases": 2, "stolenBasePercentage": ".667", "groundIntoDoublePlay": 2, "numberOfPitches": 211, "plateAppearances": 116, "totalBases": 33, "rbi": 9, "leftOnBase": 44, "sacBunts": 0, "sacFlies": 2, "babip": ".192", "groundOutsToAirouts": "0.47", "catchersInterference": 0, "atBatsPerHomeRun": "23.50"}, "team": {"id": 111, "name": "Boston Red Sox", "link": "/api/v1/teams/111"}, "player": {"id": 110451, "fullName": "Bob Bailey", "link": "/api/v1/people/110451"}, "league": {"id": 103, "name": "American League", "link": "/api/v1/league/103"}, "sport": {"id": 1, "link": "/api/v1/sports/1", "abbreviation": "MLB"}, "gameType": "R"}]}], "mlbDebutDate": "1962-09-14", "batSide": {"code": "R", "description": "Right"}, "pitchHand": {"code": "R", "description": "Right"}, "nameFirstLast": "Bob Bailey", "nameSlug": "bob-bailey-110451", "firstLastName": "Bob Bailey", "lastFirstName": "Bailey, Bob", "lastInitName": "Bailey, B", "initLastName": "B Bailey", "fullFMLName": "Robert Sherwood Bailey", "fullLFMName": "Bailey, Robert Sherwood", "strikeZoneTop": 3.371, "strikeZoneBottom": 1.535}