{"id": 110439, "fullName": "Abraham Bailey", "link": "/api/v1/people/110439", "firstName": "Abraham", "lastName": "Bailey", "birthDate": "1895-02-12", "currentAge": 44, "birthCity": "Joliet", "birthStateProvince": "IL", "birthCountry": "USA", "height": "6' 0\"", "weight": 184, "active": false, "primaryPosition": {"code": "1", "name": "Pitcher", "type": "Pitcher", "abbreviation": "P"}, "useName": "Abraham", "useLastName": "Bailey", "middleName": "Lincoln", "boxscoreName": "Bailey", "nickName": "Sweetbread", "gender": "M", "isPlayer": true, "isVerified": true, "deathDate": "1939-09-27", "deathCity": "Joliet", "deathStateProvince": "IL", "deathCountry": "USA", "lastPlayedDate": "1921-06-11", "stats": [{"type": {"displayName": "career"}, "group": {"displayName": "hitting"}, "exemptions": [], "splits": [{"stat": {"gamesPlayed": 52, "runs": 1, "doubles": 1, "triples": 0, "homeRuns": 0, "strikeOuts": 11, "baseOnBalls": 4, "hits": 8, "hitByPitch": 0, "avg": ".267", "atBats": 30, "obp": ".353", "slg": ".300", "ops": ".653", "caughtStealing": 0, "stolenBases": 0, "stolenBasePercentage": ".---", "plateAppearances": 35, "totalBases": 9, "rbi": 1, "sacBunts": 1, "babip": ".421", "atBatsPerHomeRun": "-.--"}, "player": {"id": 110439, "fullName": "Abraham Bailey", "link": "/api/v1/people/110439"}, "sport": {"id": 1, "link": "/api/v1/sports/1", "abbreviation": "MLB"}, "gameType": "R", "numTeams": 2}]}, {"type": {"displayName": "career"}, "group": {"displayName": "pitching"}, "exemptions": [], "splits": [{"stat": {"gamesPlayed": 52, "gamesStarted": 6, "runs": 85, "homeRuns": 4, "strikeOuts": 35, "baseOnBalls": 40, "hits": 171, "hitByPitch": 7, "avg": ".324", "atBats": 528, "obp": ".379", "era": "4.59", "inningsPitched": "137.1", "wins": 4, "losses": 7, "saves": 0, "earnedRuns": 70, "whip": "1.54", "battersFaced": 598, "outs": 412, "gamesPitched": 52, "completeGames": 0, "shutouts": 0, "hitBatsmen": 7, "balks": 0, "wildPitches": 3, "winPercentage": ".364", "gamesFinished": 28, "strikeoutWalkRatio": "0.88", "strikeoutsPer9Inn": "2.29", "walksPer9Inn": "2.62", "hitsPer9Inn": "11.21", "runsScoredPer9": "5.57", "homeRunsPer9": "0.26", "sacBunts": 23}, "player": {"id": 110439, "fullName": "Abraham Bailey", "link": "/api/v1/people/110439"}, "sport": {"id": 1, "link": "/api/v1/sports/1", "abbreviation": "MLB"}, "gameType": "R", "numTeams": 2}]}, {"type": {"displayName": "career"}, "group": {"displayName": "fielding"}, "exemptions": [], "splits": [{"stat": {"gamesPlayed": 52, "gamesStarted": 6, "assists": 51, "putOuts": 1, "errors": 1, "chances": 53, "fielding": ".981", "position": {"code": "1", "name": "Pitcher", "type": "Pitcher", "abbreviation": "P"}, "rangeFactorPerGame": "1.00", "rangeFactorPer9Inn": "3.44", "innings": "136.2", "games": 52, "doublePlays": 2, "triplePlays": 0}, "player": {"id": 110439, "fullName": "Abraham Bailey", "link": "/api/v1/people/110439"}, "sport": {"id": 1, "link": "/api/v1/sports/1", "abbreviation": "MLB"}, "gameType": "R", "numTeams": 2, "position": {"code": "1", "name": "Pitcher", "type": "Pitcher", "abbreviation": "P"}}]}, {"type": {"displayName": "yearByYear"}, "group": {"displayName": "hitting"}, "exemptions": [], "splits": [{"season": "1919", "stat": {"gamesPlayed": 21, "runs": 1, "doubles": 1, "triples": 0, "homeRuns": 0, "strikeOuts": 3, "baseOnBalls": 3, "hits": 7, "hitByPitch": 0, "avg": ".389", "atBats": 18, "obp": ".476", "slg": ".444", "ops": ".920", "stolenBases": 0, "plateAppearances": 21, "totalBases": 8, "rbi": 1, "sacBunts": 0, "babip": ".467", "atBatsPerHomeRun": "-.--"}, "team": {"id": 112, "name": "Chicago Cubs", "link": "/api/v1/teams/112"}, "player": {"id": 110439, "fullName": "Abraham Bailey", "link": "/api/v1/people/110439"}, "league": {"id": 104, "name": "National League", "link": "/api/v1/league/104"}, "sport": {"id": 1, "link": "/api/v1/sports/1", "abbreviation": "MLB"}, "gameType": "R"}, {"season": "1920", "stat": {"gamesPlayed": 21, "runs": 0, "doubles": 0, "triples": 0, "homeRuns": 0, "strikeOuts": 4, "baseOnBalls": 0, "hits": 1, "hitByPitch": 0, "avg": ".143", "atBats": 7, "obp": ".143", "slg": ".143", "ops": ".286", "caughtStealing": 0, "stolenBases": 0, "stolenBasePercentage": ".---", "plateAppearances": 8, "totalBases": 1, "rbi": 0, "sacBunts": 1, "babip": ".333", "atBatsPerHomeRun": "-.--"}, "team": {"id": 112, "name": "Chicago Cubs", "link": "/api/v1/teams/112"}, "player": {"id": 110439, "fullName": "Abraham Bailey", "link": "/api/v1/people/110439"}, "league": {"id": 104, "name": "National League", "link": "/api/v1/league/104"}, "sport": {"id": 1, "link": "/api/v1/sports/1", "abbreviation": "MLB"}, "gameType": "R"}, {"season": "1921", "stat": {"gamesPlayed": 3, "runs": 0, "doubles": 0, "triples": 0, "homeRuns": 0, "strikeOuts": 0, "baseOnBalls": 0, "hits": 0, "hitByPitch": 0, "avg": ".000", "atBats": 0, "obp": ".000", "slg": ".000", "ops": ".000", "caughtStealing": 0, "stolenBases": 0, "stolenBasePercentage": ".---", "plateAppearances": 0, "totalBases": 0, "rbi": 0, "sacBunts": 0, "babip": ".---", "atBatsPerHomeRun": "-.--"}, "team": {"id": 112, "name": "Chicago Cubs", "link": "/api/v1/teams/112"}, "player": {"id": 110439, "fullName": "Abraham Bailey", "link": "/api/v1/people/110439"}, "league": {"id": 104, "name": "National League", "link": "/api/v1/league/104"}, "sport": {"id": 1, "link": "/api/v1/sports/1", "abbreviation": "MLB"}, "gameType": "R"}, {"season": "1921", "stat": {"gamesPlayed": 7, "runs": 0, "doubles": 0, "triples": 0, "homeRuns": 0, "strikeOuts": 4, "baseOnBalls": 1, "hits": 0, "hitByPitch": 0, "avg": ".000", "atBats": 5, "obp": ".167", "slg": ".000", "ops": ".167", "caughtStealing": 0, "stolenBases": 0, "stolenBasePercentage": ".---", "plateAppearances": 6, "totalBases": 0, "rbi": 0, "sacBunts": 0, "babip": ".000", "atBatsPerHomeRun": "-.--"}, "team": {"id": 119, "name": "Brooklyn Robins", "link": "/api/v1/teams/119"}, "player": {"id": 110439, "fullName": "Abraham Bailey", "link": "/api/v1/people/110439"}, "league": {"id": 104, "name": "National League", "link": "/api/v1/league/104"}, "sport": {"id": 1, "link": "/api/v1/sports/1", "abbreviation": "MLB"}, "gameType": "R"}, {"season": "1921", "stat": {"gamesPlayed": 10, "runs": 0, "doubles": 0, "triples": 0, "homeRuns": 0, "strikeOuts": 4, "baseOnBalls": 1, "hits": 0, "hitByPitch": 0, "avg": ".000", "atBats": 5, "obp": ".167", "slg": ".000", "ops": ".167", "caughtStealing": 0, "stolenBases": 0, "stolenBasePercentage": ".---", "plateAppearances": 6, "totalBases": 0, "rbi": 0, "sacBunts": 0, "babip": ".000", "atBatsPerHomeRun": "-.--"}, "player": {"id": 110439, "fullName": "Abraham Bailey", "link": "/api/v1/people/110439"}, "sport": {"id": 1, "link": "/api/v1/sports/1", "abbreviation": "MLB"}, "gameType": "R", "numTeams": 2}]}, {"type": {"displayName": "yearByYear"}, "group": {"displayName": "pitching"}, "exemptions": [], "splits": [{"season": "1919", "stat": {"gamesPlayed": 21, "gamesStarted": 5, "runs": 30, "homeRuns": 2, "strikeOuts": 19, "baseOnBalls": 20, "hits": 75, "hitByPitch": 3, "avg": ".288", "atBats": 260, "obp": ".346", "era": "3.15", "inningsPitched": "71.1", "wins": 3, "losses": 5, "saves": 0, "earnedRuns": 25, "whip": "1.33", "battersFaced": 292, "outs": 214, "gamesPitched": 21, "completeGames": 0, "shutouts": 0, "hitBatsmen": 3, "balks": 0, "wildPitches": 0, "winPercentage": ".375", "gamesFinished": 10, "strikeoutWalkRatio": "0.95", "strikeoutsPer9Inn": "2.40", "walksPer9Inn": "2.52", "hitsPer9Inn": "9.46", "runsScoredPer9": "3.79", "homeRunsPer9": "0.25", "sacBunts": 9}, "team": {"id": 112, "name": "Chicago Cubs", "link": "/api/v1/teams/112"}, "player": {"id": 110439, "fullName": "Abraham Bailey", "link": "/api/v1/people/110439"}, "league": {"id": 104, "name": "National League", "link": "/api/v1/league/104"}, "sport": {"id": 1, "link": "/api/v1/sports/1", "abbreviation": "MLB"}, "gameType": "R"}, {"season": "1920", "stat": {"gamesPlayed": 21, "gamesStarted": 1, "runs": 38, "homeRuns": 1, "strikeOuts": 8, "baseOnBalls": 11, "hits": 55, "hitByPitch": 2, "avg": ".359", "atBats": 153, "obp": ".410", "era": "7.12", "inningsPitched": "36.2", "wins": 1, "losses": 2, "saves": 0, "earnedRuns": 29, "whip": "1.80", "battersFaced": 175, "outs": 110, "gamesPitched": 21, "completeGames": 0, "shutouts": 0, "hitBatsmen": 2, "balks": 0, "wildPitches": 2, "winPercentage": ".333", "gamesFinished": 12, "strikeoutWalkRatio": "0.73", "strikeoutsPer9Inn": "1.96", "walksPer9Inn": "2.70", "hitsPer9Inn": "13.50", "runsScoredPer9": "9.33", "homeRunsPer9": "0.25", "sacBunts": 9}, "team": {"id": 112, "name": "Chicago Cubs", "link": "/api/v1/teams/112"}, "player": {"id": 110439, "fullName": "Abraham Bailey", "link": "/api/v1/people/110439"}, "league": {"id": 104, "name": "National League", "link": "/api/v1/league/104"}, "sport": {"id": 1, "link": "/api/v1/sports/1", "abbreviation": "MLB"}, "gameType": "R"}, {"season": "1921", "stat": {"gamesPlayed": 3, "gamesStarted": 0, "runs": 2, "homeRuns": 0, "strikeOuts": 2, "baseOnBalls": 2, "hits": 6, "hitByPitch": 1, "avg": ".300", "atBats": 20, "obp": ".391", "era": "3.60", "inningsPitched": "5.0", "wins": 0, "losses": 0, "saves": 0, "earnedRuns": 2, "whip": "1.60", "battersFaced": 24, "outs": 15, "gamesPitched": 3, "completeGames": 0, "shutouts": 0, "hitBatsmen": 1, "balks": 0, "wildPitches": 0, "winPercentage": ".---", "gamesFinished": 2, "strikeoutWalkRatio": "1.00", "strikeoutsPer9Inn": "3.60", "walksPer9Inn": "3.60", "hitsPer9Inn": "10.80", "runsScoredPer9": "3.60", "homeRunsPer9": "0.00", "sacBunts": 1}, "team": {"id": 112, "name": "Chicago Cubs", "link": "/api/v1/teams/112"}, "player": {"id": 110439, "fullName": "Abraham Bailey", "link": "/api/v1/people/110439"}, "league": {"id": 104, "name": "National League", "link": "/api/v1/league/104"}, "sport": {"id": 1, "link": "/api/v1/sports/1", "abbreviation": "MLB"}, "gameType": "R"}, {"season": "1921", "stat": {"gamesPlayed": 7, "gamesStarted": 0, "runs": 15, "homeRuns": 1, "strikeOuts": 6, "baseOnBalls": 7, "hits": 35, "hitByPitch": 1, "avg": ".368", "atBats": 95, "obp": ".417", "era": "5.18", "inningsPitched": "24.1", "wins": 0, "losses": 0, "saves": 0, "earnedRuns": 14, "whip": "1.73", "battersFaced": 107, "outs": 73, "gamesPitched": 7, "completeGames": 0, "shutouts": 0, "hitBatsmen": 1, "balks": 0, "wildPitches": 1, "winPercentage": ".---", "gamesFinished": 4, "strikeoutWalkRatio": "0.86", "strikeoutsPer9Inn": "2.22", "walksPer9Inn": "2.59", "hitsPer9Inn": "12.95", "runsScoredPer9": "5.55", "homeRunsPer9": "0.37", "sacBunts": 4}, "team": {"id": 119, "name": "Brooklyn Robins", "link": "/api/v1/teams/119"}, "player": {"id": 110439, "fullName": "Abraham Bailey", "link": "/api/v1/people/110439"}, "league": {"id": 104, "name": "National League", "link": "/api/v1/league/104"}, "sport": {"id": 1, "link": "/api/v1/sports/1", "abbreviation": "MLB"}, "gameType": "R"}, {"season": "1921", "stat": {"gamesPlayed": 10, "gamesStarted": 0, "runs": 17, "homeRuns": 1, "strikeOuts": 8, "baseOnBalls": 9, "hits": 41, "hitByPitch": 2, "avg": ".357", "atBats": 115, "obp": ".413", "era": "4.91", "inningsPitched": "29.1", "wins": 0, "losses": 0, "saves": 0, "earnedRuns": 16, "whip": "1.70", "battersFaced": 131, "outs": 88, "gamesPitched": 10, "completeGames": 0, "shutouts": 0, "hitBatsmen": 2, "balks": 0, "wildPitches": 1, "winPercentage": ".---", "gamesFinished": 6, "strikeoutWalkRatio": "0.89", "strikeoutsPer9Inn": "2.45", "walksPer9Inn": "2.76", "hitsPer9Inn": "12.58", "runsScoredPer9": "5.22", "homeRunsPer9": "0.31", "sacBunts": 5}, "player": {"id": 110439, "fullName": "Abraham Bailey", "link": "/api/v1/people/110439"}, "sport": {"id": 1, "link": "/api/v1/sports/1", "abbreviation": "MLB"}, "gameType": "R", "numTeams": 2}]}, {"type": {"displayName": "yearByYear"}, "group": {"displayName": "fielding"}, "exemptions": [], "splits": [{"season": "1919", "stat": {"gamesPlayed": 21, "gamesStarted": 5, "assists": 29, "putOuts": 0, "errors": 0, "chances": 29, "fielding": "1.000", "position": {"code": "1", "name": "Pitcher", "type": "Pitcher", "abbreviation": "P"}, "rangeFactorPerGame": "1.38", "rangeFactorPer9Inn": "3.73", "innings": "70.2", "games": 21, "doublePlays": 2, "triplePlays": 0}, "team": {"id": 112, "name": "Chicago Cubs", "link": "/api/v1/teams/112"}, "player": {"id": 110439, "fullName": "Abraham Bailey", "link": "/api/v1/people/110439"}, "league": {"id": 104, "name": "National League", "link": "/api/v1/league/104"}, "sport": {"id": 1, "link": "/api/v1/sports/1", "abbreviation": "MLB"}, "gameType": "R", "position": {"code": "1", "name": "Pitcher", "type": "Pitcher", "abbreviation": "P"}}, {"season": "1920", "stat": {"gamesPlayed": 21, "gamesStarted": 1, "assists": 14, "putOuts": 0, "errors": 0, "chances": 14, "fielding": "1.000", "position": {"code": "1", "name": "Pitcher", "type": "Pitcher", "abbreviation": "P"}, "rangeFactorPerGame": "0.67", "rangeFactorPer9Inn": "3.50", "innings": "36.2", "games": 21, "doublePlays": 0, "triplePlays": 0}, "team": {"id": 112, "name": "Chicago Cubs", "link": "/api/v1/teams/112"}, "player": {"id": 110439, "fullName": "Abraham Bailey", "link": "/api/v1/people/110439"}, "league": {"id": 104, "name": "National League", "link": "/api/v1/league/104"}, "sport": {"id": 1, "link": "/api/v1/sports/1", "abbreviation": "MLB"}, "gameType": "R", "position": {"code": "1", "name": "Pitcher", "type": "Pitcher", "abbreviation": "P"}}, {"season": "1921", "stat": {"gamesPlayed": 3, "gamesStarted": 0, "assists": 2, "putOuts": 0, "errors": 0, "chances": 2, "fielding": "1.000", "position": {"code": "1", "name": "Pitcher", "type": "Pitcher", "abbreviation": "P"}, "rangeFactorPerGame": "0.67", "rangeFactorPer9Inn": "3.60", "innings": "5.0", "games": 3, "doublePlays": 0, "triplePlays": 0}, "team": {"id": 112, "name": "Chicago Cubs", "link": "/api/v1/teams/112"}, "player": {"id": 110439, "fullName": "Abraham Bailey", "link": "/api/v1/people/110439"}, "league": {"id": 104, "name": "National League", "link": "/api/v1/league/104"}, "sport": {"id": 1, "link": "/api/v1/sports/1", "abbreviation": "MLB"}, "gameType": "R", "position": {"code": "1", "name": "Pitcher", "type": "Pitcher", "abbreviation": "P"}}, {"season": "1921", "stat": {"gamesPlayed": 7, "gamesStarted": 0, "assists": 6, "putOuts": 1, "errors": 1, "chances": 8, "fielding": ".875", "position": {"code": "1", "name": "Pitcher", "type": "Pitcher", "abbreviation": "P"}, "rangeFactorPerGame": "1.00", "rangeFactorPer9Inn": "2.63", "innings": "24.1", "games": 7, "doublePlays": 0, "triplePlays": 0}, "team": {"id": 119, "name": "Brooklyn Robins", "link": "/api/v1/teams/119"}, "player": {"id": 110439, "fullName": "Abraham Bailey", "link": "/api/v1/people/110439"}, "league": {"id": 104, "name": "National League", "link": "/api/v1/league/104"}, "sport": {"id": 1, "link": "/api/v1/sports/1", "abbreviation": "MLB"}, "gameType": "R", "position": {"code": "1", "name": "Pitcher", "type": "Pitcher", "abbreviation": "P"}}, {"season": "1921", "stat": {"gamesPlayed": 10, "gamesStarted": 0, "assists": 8, "putOuts": 1, "errors": 1, "chances": 10, "fielding": ".900", "position": {"code": "1", "name": "Pitcher", "type": "Pitcher", "abbreviation": "P"}, "rangeFactorPerGame": "0.90", "rangeFactorPer9Inn": "2.79", "innings": "29.1", "games": 10, "doublePlays": 0, "triplePlays": 0}, "player": {"id": 110439, "fullName": "Abraham Bailey", "link": "/api/v1/people/110439"}, "sport": {"id": 1, "link": "/api/v1/sports/1", "abbreviation": "MLB"}, "gameType": "R", "numTeams": 2, "position": {"code": "1", "name": "Pitcher", "type": "Pitcher", "abbreviation": "P"}}]}], "mlbDebutDate": "1919-05-23", "batSide": {"code": "R", "description": "Right"}, "pitchHand": {"code": "R", "description": "Right"}, "nameFirstLast": "Abraham Bailey", "nameSlug": "abraham-bailey-110439", "firstLastName": "Abraham Bailey", "lastFirstName": "Bailey, Abraham", "lastInitName": "Bailey, A", "initLastName": "A Bailey", "fullFMLName": "Abraham Lincoln Bailey", "fullLFMName": "Bailey, Abraham Lincoln", "strikeZoneTop": 3.371, "strikeZoneBottom": 1.535}