{"id": 110349, "fullName": "Richie Ashburn", "link": "/api/v1/people/110349", "firstName": "Don", "lastName": "Ashburn", "primaryNumber": "1", "birthDate": "1927-03-19", "currentAge": 70, "birthCity": "Tilden", "birthStateProvince": "NE", "birthCountry": "USA", "height": "5' 10\"", "weight": 170, "active": false, "primaryPosition": {"code": "8", "name": "Outfielder", "type": "Outfielder", "abbreviation": "CF"}, "useName": "Richie", "useLastName": "Ashburn", "middleName": "Richard", "boxscoreName": "Ashburn", "nickName": "Whitey", "gender": "M", "isPlayer": true, "isVerified": true, "deathDate": "1997-09-09", "deathCity": "New York", "deathStateProvince": "NY", "deathCountry": "USA", "lastPlayedDate": "1962-09-30", "stats": [{"type": {"displayName": "career"}, "group": {"displayName": "hitting"}, "exemptions": [], "splits": [{"stat": {"gamesPlayed": 2189, "runs": 1322, "doubles": 317, "triples": 109, "homeRuns": 29, "strikeOuts": 571, "baseOnBalls": 1198, "intentionalWalks": 25, "hits": 2574, "hitByPitch": 43, "avg": ".308", "atBats": 8365, "obp": ".396", "slg": ".382", "ops": ".778", "caughtStealing": 92, "stolenBases": 234, "stolenBasePercentage": ".718", "groundIntoDoublePlay": 83, "plateAppearances": 9736, "totalBases": 3196, "rbi": 586, "sacBunts": 112, "sacFlies": 18, "babip": ".327", "atBatsPerHomeRun": "288.45"}, "player": {"id": 110349, "fullName": "Richie Ashburn", "link": "/api/v1/people/110349"}, "sport": {"id": 1, "link": "/api/v1/sports/1", "abbreviation": "MLB"}, "gameType": "R", "numTeams": 3}]}, {"type": {"displayName": "career"}, "group": {"displayName": "fielding"}, "exemptions": [], "splits": [{"stat": {"gamesPlayed": 96, "gamesStarted": 87, "assists": 9, "putOuts": 173, "errors": 5, "chances": 187, "fielding": ".973", "position": {"code": "7", "name": "Outfielder", "type": "Outfielder", "abbreviation": "LF"}, "rangeFactorPerGame": "1.90", "rangeFactorPer9Inn": "2.23", "innings": "733.2", "games": 96, "doublePlays": 0, "triplePlays": 0, "throwingErrors": 2}, "player": {"id": 110349, "fullName": "Richie Ashburn", "link": "/api/v1/people/110349"}, "sport": {"id": 1, "link": "/api/v1/sports/1", "abbreviation": "MLB"}, "gameType": "R", "numTeams": 3, "position": {"code": "7", "name": "Outfielder", "type": "Outfielder", "abbreviation": "LF"}}, {"stat": {"gamesPlayed": 1980, "gamesStarted": 1948, "assists": 158, "putOuts": 5840, "errors": 106, "chances": 6104, "fielding": ".983", "position": {"code": "8", "name": "Outfielder", "type": "Outfielder", "abbreviation": "CF"}, "rangeFactorPerGame": "3.03", "rangeFactorPer9Inn": "3.12", "innings": "17293.1", "games": 1980, "doublePlays": 40, "triplePlays": 0, "throwingErrors": 7}, "player": {"id": 110349, "fullName": "Richie Ashburn", "link": "/api/v1/people/110349"}, "sport": {"id": 1, "link": "/api/v1/sports/1", "abbreviation": "MLB"}, "gameType": "R", "numTeams": 3, "position": {"code": "8", "name": "Outfielder", "type": "Outfielder", "abbreviation": "CF"}}, {"stat": {"gamesPlayed": 2, "gamesStarted": 1, "assists": 4, "putOuts": 5, "errors": 1, "chances": 10, "fielding": ".900", "position": {"code": "4", "name": "Second Base", "type": "Infielder", "abbreviation": "2B"}, "rangeFactorPerGame": "4.50", "rangeFactorPer9Inn": "10.13", "innings": "8.0", "games": 2, "doublePlays": 1, "triplePlays": 0, "throwingErrors": 0}, "team": {"id": 121, "name": "New York Mets", "link": "/api/v1/teams/121"}, "player": {"id": 110349, "fullName": "Richie Ashburn", "link": "/api/v1/people/110349"}, "league": {"id": 104, "name": "National League", "link": "/api/v1/league/104"}, "sport": {"id": 1, "link": "/api/v1/sports/1", "abbreviation": "MLB"}, "gameType": "R", "position": {"code": "4", "name": "Second Base", "type": "Infielder", "abbreviation": "2B"}}, {"stat": {"gamesPlayed": 47, "gamesStarted": 40, "assists": 6, "putOuts": 77, "errors": 0, "chances": 83, "fielding": "1.000", "position": {"code": "9", "name": "Outfielder", "type": "Outfielder", "abbreviation": "RF"}, "rangeFactorPerGame": "1.77", "rangeFactorPer9Inn": "2.10", "innings": "356.2", "games": 47, "doublePlays": 2, "triplePlays": 0, "throwingErrors": 0}, "player": {"id": 110349, "fullName": "Richie Ashburn", "link": "/api/v1/people/110349"}, "sport": {"id": 1, "link": "/api/v1/sports/1", "abbreviation": "MLB"}, "gameType": "R", "numTeams": 2, "position": {"code": "9", "name": "Outfielder", "type": "Outfielder", "abbreviation": "RF"}}]}, {"type": {"displayName": "yearByYear"}, "group": {"displayName": "hitting"}, "exemptions": [], "splits": [{"season": "1948", "stat": {"gamesPlayed": 117, "runs": 78, "doubles": 17, "triples": 4, "homeRuns": 2, "strikeOuts": 22, "baseOnBalls": 60, "hits": 154, "hitByPitch": 1, "avg": ".333", "atBats": 463, "obp": ".410", "slg": ".400", "ops": ".810", "stolenBases": 32, "groundIntoDoublePlay": 1, "plateAppearances": 530, "totalBases": 185, "rbi": 40, "sacBunts": 6, "babip": ".346", "atBatsPerHomeRun": "231.50"}, "team": {"id": 143, "name": "Philadelphia Phillies", "link": "/api/v1/teams/143"}, "player": {"id": 110349, "fullName": "Richie Ashburn", "link": "/api/v1/people/110349"}, "league": {"id": 104, "name": "National League", "link": "/api/v1/league/104"}, "sport": {"id": 1, "link": "/api/v1/sports/1", "abbreviation": "MLB"}, "gameType": "R"}, {"season": "1949", "stat": {"gamesPlayed": 154, "runs": 84, "doubles": 18, "triples": 11, "homeRuns": 1, "strikeOuts": 38, "baseOnBalls": 58, "hits": 188, "hitByPitch": 1, "avg": ".284", "atBats": 662, "obp": ".343", "slg": ".349", "ops": ".692", "stolenBases": 9, "groundIntoDoublePlay": 7, "plateAppearances": 728, "totalBases": 231, "rbi": 37, "sacBunts": 7, "babip": ".300", "atBatsPerHomeRun": "662.00"}, "team": {"id": 143, "name": "Philadelphia Phillies", "link": "/api/v1/teams/143"}, "player": {"id": 110349, "fullName": "Richie Ashburn", "link": "/api/v1/people/110349"}, "league": {"id": 104, "name": "National League", "link": "/api/v1/league/104"}, "sport": {"id": 1, "link": "/api/v1/sports/1", "abbreviation": "MLB"}, "gameType": "R"}, {"season": "1950", "stat": {"gamesPlayed": 151, "runs": 84, "doubles": 25, "triples": 14, "homeRuns": 2, "strikeOuts": 32, "baseOnBalls": 63, "hits": 180, "hitByPitch": 2, "avg": ".303", "atBats": 594, "obp": ".372", "slg": ".402", "ops": ".774", "stolenBases": 14, "groundIntoDoublePlay": 11, "plateAppearances": 670, "totalBases": 239, "rbi": 41, "sacBunts": 11, "babip": ".318", "atBatsPerHomeRun": "297.00"}, "team": {"id": 143, "name": "Philadelphia Phillies", "link": "/api/v1/teams/143"}, "player": {"id": 110349, "fullName": "Richie Ashburn", "link": "/api/v1/people/110349"}, "league": {"id": 104, "name": "National League", "link": "/api/v1/league/104"}, "sport": {"id": 1, "link": "/api/v1/sports/1", "abbreviation": "MLB"}, "gameType": "R"}, {"season": "1951", "stat": {"gamesPlayed": 154, "runs": 92, "doubles": 31, "triples": 5, "homeRuns": 4, "strikeOuts": 37, "baseOnBalls": 50, "hits": 221, "hitByPitch": 2, "avg": ".344", "atBats": 643, "obp": ".393", "slg": ".426", "ops": ".819", "caughtStealing": 6, "stolenBases": 29, "stolenBasePercentage": ".829", "groundIntoDoublePlay": 4, "plateAppearances": 712, "totalBases": 274, "rbi": 63, "sacBunts": 17, "babip": ".360", "atBatsPerHomeRun": "160.75"}, "team": {"id": 143, "name": "Philadelphia Phillies", "link": "/api/v1/teams/143"}, "player": {"id": 110349, "fullName": "Richie Ashburn", "link": "/api/v1/people/110349"}, "league": {"id": 104, "name": "National League", "link": "/api/v1/league/104"}, "sport": {"id": 1, "link": "/api/v1/sports/1", "abbreviation": "MLB"}, "gameType": "R"}, {"season": "1952", "stat": {"gamesPlayed": 154, "runs": 93, "doubles": 31, "triples": 6, "homeRuns": 1, "strikeOuts": 30, "baseOnBalls": 75, "hits": 173, "hitByPitch": 2, "avg": ".282", "atBats": 613, "obp": ".362", "slg": ".357", "ops": ".719", "caughtStealing": 11, "stolenBases": 16, "stolenBasePercentage": ".593", "groundIntoDoublePlay": 7, "plateAppearances": 701, "totalBases": 219, "rbi": 42, "sacBunts": 11, "babip": ".296", "atBatsPerHomeRun": "613.00"}, "team": {"id": 143, "name": "Philadelphia Phillies", "link": "/api/v1/teams/143"}, "player": {"id": 110349, "fullName": "Richie Ashburn", "link": "/api/v1/people/110349"}, "league": {"id": 104, "name": "National League", "link": "/api/v1/league/104"}, "sport": {"id": 1, "link": "/api/v1/sports/1", "abbreviation": "MLB"}, "gameType": "R"}, {"season": "1953", "stat": {"gamesPlayed": 156, "runs": 110, "doubles": 25, "triples": 9, "homeRuns": 2, "strikeOuts": 35, "baseOnBalls": 61, "hits": 205, "hitByPitch": 5, "avg": ".330", "atBats": 622, "obp": ".394", "slg": ".408", "ops": ".802", "caughtStealing": 6, "stolenBases": 14, "stolenBasePercentage": ".700", "groundIntoDoublePlay": 3, "plateAppearances": 702, "totalBases": 254, "rbi": 57, "sacBunts": 14, "babip": ".347", "atBatsPerHomeRun": "311.00"}, "team": {"id": 143, "name": "Philadelphia Phillies", "link": "/api/v1/teams/143"}, "player": {"id": 110349, "fullName": "Richie Ashburn", "link": "/api/v1/people/110349"}, "league": {"id": 104, "name": "National League", "link": "/api/v1/league/104"}, "sport": {"id": 1, "link": "/api/v1/sports/1", "abbreviation": "MLB"}, "gameType": "R"}, {"season": "1954", "stat": {"gamesPlayed": 153, "runs": 111, "doubles": 16, "triples": 8, "homeRuns": 1, "strikeOuts": 46, "baseOnBalls": 125, "hits": 175, "hitByPitch": 4, "avg": ".313", "atBats": 559, "obp": ".441", "slg": ".376", "ops": ".817", "caughtStealing": 8, "stolenBases": 11, "stolenBasePercentage": ".579", "groundIntoDoublePlay": 3, "plateAppearances": 703, "totalBases": 210, "rbi": 41, "sacBunts": 14, "sacFlies": 1, "babip": ".339", "atBatsPerHomeRun": "559.00"}, "team": {"id": 143, "name": "Philadelphia Phillies", "link": "/api/v1/teams/143"}, "player": {"id": 110349, "fullName": "Richie Ashburn", "link": "/api/v1/people/110349"}, "league": {"id": 104, "name": "National League", "link": "/api/v1/league/104"}, "sport": {"id": 1, "link": "/api/v1/sports/1", "abbreviation": "MLB"}, "gameType": "R"}, {"season": "1955", "stat": {"gamesPlayed": 140, "runs": 91, "doubles": 32, "triples": 9, "homeRuns": 3, "strikeOuts": 36, "baseOnBalls": 105, "intentionalWalks": 5, "hits": 180, "hitByPitch": 3, "avg": ".338", "atBats": 533, "obp": ".449", "slg": ".448", "ops": ".897", "caughtStealing": 10, "stolenBases": 12, "stolenBasePercentage": ".545", "groundIntoDoublePlay": 3, "plateAppearances": 644, "totalBases": 239, "rbi": 42, "sacBunts": 2, "sacFlies": 1, "babip": ".358", "atBatsPerHomeRun": "177.67"}, "team": {"id": 143, "name": "Philadelphia Phillies", "link": "/api/v1/teams/143"}, "player": {"id": 110349, "fullName": "Richie Ashburn", "link": "/api/v1/people/110349"}, "league": {"id": 104, "name": "National League", "link": "/api/v1/league/104"}, "sport": {"id": 1, "link": "/api/v1/sports/1", "abbreviation": "MLB"}, "gameType": "R"}, {"season": "1956", "stat": {"gamesPlayed": 154, "runs": 94, "doubles": 26, "triples": 8, "homeRuns": 3, "strikeOuts": 45, "baseOnBalls": 79, "intentionalWalks": 3, "hits": 190, "hitByPitch": 5, "avg": ".303", "atBats": 628, "obp": ".384", "slg": ".384", "ops": ".768", "caughtStealing": 1, "stolenBases": 10, "stolenBasePercentage": ".909", "groundIntoDoublePlay": 4, "plateAppearances": 719, "totalBases": 241, "rbi": 50, "sacBunts": 6, "sacFlies": 1, "babip": ".322", "atBatsPerHomeRun": "209.33"}, "team": {"id": 143, "name": "Philadelphia Phillies", "link": "/api/v1/teams/143"}, "player": {"id": 110349, "fullName": "Richie Ashburn", "link": "/api/v1/people/110349"}, "league": {"id": 104, "name": "National League", "link": "/api/v1/league/104"}, "sport": {"id": 1, "link": "/api/v1/sports/1", "abbreviation": "MLB"}, "gameType": "R"}, {"season": "1957", "stat": {"gamesPlayed": 156, "runs": 93, "doubles": 26, "triples": 8, "homeRuns": 0, "strikeOuts": 44, "baseOnBalls": 94, "intentionalWalks": 1, "hits": 186, "hitByPitch": 4, "avg": ".297", "atBats": 626, "obp": ".390", "slg": ".364", "ops": ".754", "caughtStealing": 10, "stolenBases": 13, "stolenBasePercentage": ".565", "groundIntoDoublePlay": 10, "plateAppearances": 729, "totalBases": 228, "rbi": 33, "sacBunts": 1, "sacFlies": 4, "babip": ".317", "atBatsPerHomeRun": "-.--"}, "team": {"id": 143, "name": "Philadelphia Phillies", "link": "/api/v1/teams/143"}, "player": {"id": 110349, "fullName": "Richie Ashburn", "link": "/api/v1/people/110349"}, "league": {"id": 104, "name": "National League", "link": "/api/v1/league/104"}, "sport": {"id": 1, "link": "/api/v1/sports/1", "abbreviation": "MLB"}, "gameType": "R"}, {"season": "1958", "stat": {"gamesPlayed": 152, "runs": 98, "doubles": 24, "triples": 13, "homeRuns": 2, "strikeOuts": 48, "baseOnBalls": 97, "intentionalWalks": 7, "hits": 215, "hitByPitch": 4, "avg": ".350", "atBats": 615, "obp": ".440", "slg": ".441", "ops": ".881", "caughtStealing": 12, "stolenBases": 30, "stolenBasePercentage": ".714", "groundIntoDoublePlay": 8, "plateAppearances": 725, "totalBases": 271, "rbi": 33, "sacBunts": 7, "sacFlies": 2, "babip": ".376", "atBatsPerHomeRun": "307.50"}, "team": {"id": 143, "name": "Philadelphia Phillies", "link": "/api/v1/teams/143"}, "player": {"id": 110349, "fullName": "Richie Ashburn", "link": "/api/v1/people/110349"}, "league": {"id": 104, "name": "National League", "link": "/api/v1/league/104"}, "sport": {"id": 1, "link": "/api/v1/sports/1", "abbreviation": "MLB"}, "gameType": "R"}, {"season": "1959", "stat": {"gamesPlayed": 153, "runs": 86, "doubles": 16, "triples": 2, "homeRuns": 1, "strikeOuts": 42, "baseOnBalls": 79, "intentionalWalks": 4, "hits": 150, "hitByPitch": 6, "avg": ".266", "atBats": 564, "obp": ".360", "slg": ".307", "ops": ".667", "caughtStealing": 11, "stolenBases": 9, "stolenBasePercentage": ".450", "groundIntoDoublePlay": 10, "plateAppearances": 660, "totalBases": 173, "rbi": 20, "sacBunts": 7, "sacFlies": 4, "babip": ".284", "atBatsPerHomeRun": "564.00"}, "team": {"id": 143, "name": "Philadelphia Phillies", "link": "/api/v1/teams/143"}, "player": {"id": 110349, "fullName": "Richie Ashburn", "link": "/api/v1/people/110349"}, "league": {"id": 104, "name": "National League", "link": "/api/v1/league/104"}, "sport": {"id": 1, "link": "/api/v1/sports/1", "abbreviation": "MLB"}, "gameType": "R"}, {"season": "1960", "stat": {"gamesPlayed": 151, "runs": 99, "doubles": 16, "triples": 5, "homeRuns": 0, "strikeOuts": 50, "baseOnBalls": 116, "intentionalWalks": 1, "hits": 159, "hitByPitch": 1, "avg": ".291", "atBats": 547, "obp": ".415", "slg": ".338", "ops": ".753", "caughtStealing": 4, "stolenBases": 16, "stolenBasePercentage": ".800", "groundIntoDoublePlay": 4, "plateAppearances": 672, "totalBases": 185, "rbi": 40, "sacBunts": 7, "sacFlies": 1, "babip": ".319", "atBatsPerHomeRun": "-.--"}, "team": {"id": 112, "name": "Chicago Cubs", "link": "/api/v1/teams/112"}, "player": {"id": 110349, "fullName": "Richie Ashburn", "link": "/api/v1/people/110349"}, "league": {"id": 104, "name": "National League", "link": "/api/v1/league/104"}, "sport": {"id": 1, "link": "/api/v1/sports/1", "abbreviation": "MLB"}, "gameType": "R"}, {"season": "1961", "stat": {"gamesPlayed": 109, "runs": 49, "doubles": 7, "triples": 4, "homeRuns": 0, "strikeOuts": 27, "baseOnBalls": 55, "intentionalWalks": 2, "hits": 79, "hitByPitch": 3, "avg": ".257", "atBats": 307, "obp": ".373", "slg": ".306", "ops": ".679", "caughtStealing": 6, "stolenBases": 7, "stolenBasePercentage": ".538", "groundIntoDoublePlay": 4, "plateAppearances": 368, "totalBases": 94, "rbi": 19, "sacBunts": 1, "sacFlies": 2, "babip": ".280", "atBatsPerHomeRun": "-.--"}, "team": {"id": 112, "name": "Chicago Cubs", "link": "/api/v1/teams/112"}, "player": {"id": 110349, "fullName": "Richie Ashburn", "link": "/api/v1/people/110349"}, "league": {"id": 104, "name": "National League", "link": "/api/v1/league/104"}, "sport": {"id": 1, "link": "/api/v1/sports/1", "abbreviation": "MLB"}, "gameType": "R"}, {"season": "1962", "stat": {"gamesPlayed": 135, "runs": 60, "doubles": 7, "triples": 3, "homeRuns": 7, "strikeOuts": 39, "baseOnBalls": 81, "intentionalWalks": 2, "hits": 119, "hitByPitch": 0, "avg": ".306", "atBats": 389, "obp": ".424", "slg": ".393", "ops": ".817", "caughtStealing": 7, "stolenBases": 12, "stolenBasePercentage": ".632", "groundIntoDoublePlay": 4, "plateAppearances": 473, "totalBases": 153, "rbi": 28, "sacBunts": 1, "sacFlies": 2, "babip": ".325", "atBatsPerHomeRun": "55.57"}, "team": {"id": 121, "name": "New York Mets", "link": "/api/v1/teams/121"}, "player": {"id": 110349, "fullName": "Richie Ashburn", "link": "/api/v1/people/110349"}, "league": {"id": 104, "name": "National League", "link": "/api/v1/league/104"}, "sport": {"id": 1, "link": "/api/v1/sports/1", "abbreviation": "MLB"}, "gameType": "R"}]}, {"type": {"displayName": "yearByYear"}, "group": {"displayName": "fielding"}, "exemptions": [], "splits": [{"season": "1948", "stat": {"gamesPlayed": 15, "gamesStarted": 13, "assists": 2, "putOuts": 27, "errors": 0, "chances": 29, "fielding": "1.000", "position": {"code": "7", "name": "Outfielder", "type": "Outfielder", "abbreviation": "LF"}, "rangeFactorPerGame": "1.93", "rangeFactorPer9Inn": "2.25", "innings": "116.0", "games": 15, "doublePlays": 0, "triplePlays": 0}, "team": {"id": 143, "name": "Philadelphia Phillies", "link": "/api/v1/teams/143"}, "player": {"id": 110349, "fullName": "Richie Ashburn", "link": "/api/v1/people/110349"}, "league": {"id": 104, "name": "National League", "link": "/api/v1/league/104"}, "sport": {"id": 1, "link": "/api/v1/sports/1", "abbreviation": "MLB"}, "gameType": "R", "position": {"code": "7", "name": "Outfielder", "type": "Outfielder", "abbreviation": "LF"}}, {"season": "1948", "stat": {"gamesPlayed": 102, "gamesStarted": 101, "assists": 12, "putOuts": 317, "errors": 7, "chances": 336, "fielding": ".979", "position": {"code": "8", "name": "Outfielder", "type": "Outfielder", "abbreviation": "CF"}, "rangeFactorPerGame": "3.23", "rangeFactorPer9Inn": "3.46", "innings": "857.2", "games": 102, "doublePlays": 2, "triplePlays": 0}, "team": {"id": 143, "name": "Philadelphia Phillies", "link": "/api/v1/teams/143"}, "player": {"id": 110349, "fullName": "Richie Ashburn", "link": "/api/v1/people/110349"}, "league": {"id": 104, "name": "National League", "link": "/api/v1/league/104"}, "sport": {"id": 1, "link": "/api/v1/sports/1", "abbreviation": "MLB"}, "gameType": "R", "position": {"code": "8", "name": "Outfielder", "type": "Outfielder", "abbreviation": "CF"}}, {"season": "1949", "stat": {"gamesPlayed": 154, "gamesStarted": 154, "assists": 13, "putOuts": 514, "errors": 11, "chances": 538, "fielding": ".980", "position": {"code": "8", "name": "Outfielder", "type": "Outfielder", "abbreviation": "CF"}, "rangeFactorPerGame": "3.42", "rangeFactorPer9Inn": "3.43", "innings": "1382.0", "games": 154, "doublePlays": 1, "triplePlays": 0}, "team": {"id": 143, "name": "Philadelphia Phillies", "link": "/api/v1/teams/143"}, "player": {"id": 110349, "fullName": "Richie Ashburn", "link": "/api/v1/people/110349"}, "league": {"id": 104, "name": "National League", "link": "/api/v1/league/104"}, "sport": {"id": 1, "link": "/api/v1/sports/1", "abbreviation": "MLB"}, "gameType": "R", "position": {"code": "8", "name": "Outfielder", "type": "Outfielder", "abbreviation": "CF"}}, {"season": "1950", "stat": {"gamesPlayed": 147, "gamesStarted": 144, "assists": 8, "putOuts": 408, "errors": 5, "chances": 421, "fielding": ".988", "position": {"code": "8", "name": "Outfielder", "type": "Outfielder", "abbreviation": "CF"}, "rangeFactorPerGame": "2.83", "rangeFactorPer9Inn": "2.90", "innings": "1291.0", "games": 147, "doublePlays": 2, "triplePlays": 0, "throwingErrors": 0}, "team": {"id": 143, "name": "Philadelphia Phillies", "link": "/api/v1/teams/143"}, "player": {"id": 110349, "fullName": "Richie Ashburn", "link": "/api/v1/people/110349"}, "league": {"id": 104, "name": "National League", "link": "/api/v1/league/104"}, "sport": {"id": 1, "link": "/api/v1/sports/1", "abbreviation": "MLB"}, "gameType": "R", "position": {"code": "8", "name": "Outfielder", "type": "Outfielder", "abbreviation": "CF"}}, {"season": "1951", "stat": {"gamesPlayed": 154, "gamesStarted": 154, "assists": 14, "putOuts": 530, "errors": 7, "chances": 551, "fielding": ".987", "position": {"code": "8", "name": "Outfielder", "type": "Outfielder", "abbreviation": "CF"}, "rangeFactorPerGame": "3.53", "rangeFactorPer9Inn": "3.55", "innings": "1380.1", "games": 154, "doublePlays": 6, "triplePlays": 0, "throwingErrors": 0}, "team": {"id": 143, "name": "Philadelphia Phillies", "link": "/api/v1/teams/143"}, "player": {"id": 110349, "fullName": "Richie Ashburn", "link": "/api/v1/people/110349"}, "league": {"id": 104, "name": "National League", "link": "/api/v1/league/104"}, "sport": {"id": 1, "link": "/api/v1/sports/1", "abbreviation": "MLB"}, "gameType": "R", "position": {"code": "8", "name": "Outfielder", "type": "Outfielder", "abbreviation": "CF"}}, {"season": "1952", "stat": {"gamesPlayed": 154, "gamesStarted": 152, "assists": 19, "putOuts": 421, "errors": 9, "chances": 449, "fielding": ".980", "position": {"code": "8", "name": "Outfielder", "type": "Outfielder", "abbreviation": "CF"}, "rangeFactorPerGame": "2.86", "rangeFactorPer9Inn": "2.89", "innings": "1372.2", "games": 154, "doublePlays": 5, "triplePlays": 0, "throwingErrors": 1}, "team": {"id": 143, "name": "Philadelphia Phillies", "link": "/api/v1/teams/143"}, "player": {"id": 110349, "fullName": "Richie Ashburn", "link": "/api/v1/people/110349"}, "league": {"id": 104, "name": "National League", "link": "/api/v1/league/104"}, "sport": {"id": 1, "link": "/api/v1/sports/1", "abbreviation": "MLB"}, "gameType": "R", "position": {"code": "8", "name": "Outfielder", "type": "Outfielder", "abbreviation": "CF"}}, {"season": "1953", "stat": {"gamesPlayed": 156, "gamesStarted": 156, "assists": 17, "putOuts": 491, "errors": 6, "chances": 514, "fielding": ".988", "position": {"code": "8", "name": "Outfielder", "type": "Outfielder", "abbreviation": "CF"}, "rangeFactorPerGame": "3.26", "rangeFactorPer9Inn": "3.34", "innings": "1369.0", "games": 156, "doublePlays": 4, "triplePlays": 0, "throwingErrors": 1}, "team": {"id": 143, "name": "Philadelphia Phillies", "link": "/api/v1/teams/143"}, "player": {"id": 110349, "fullName": "Richie Ashburn", "link": "/api/v1/people/110349"}, "league": {"id": 104, "name": "National League", "link": "/api/v1/league/104"}, "sport": {"id": 1, "link": "/api/v1/sports/1", "abbreviation": "MLB"}, "gameType": "R", "position": {"code": "8", "name": "Outfielder", "type": "Outfielder", "abbreviation": "CF"}}, {"season": "1954", "stat": {"gamesPlayed": 151, "gamesStarted": 151, "assists": 12, "putOuts": 489, "errors": 8, "chances": 509, "fielding": ".984", "position": {"code": "8", "name": "Outfielder", "type": "Outfielder", "abbreviation": "CF"}, "rangeFactorPerGame": "3.32", "rangeFactorPer9Inn": "3.36", "innings": "1342.1", "games": 151, "doublePlays": 2, "triplePlays": 0, "throwingErrors": 0}, "team": {"id": 143, "name": "Philadelphia Phillies", "link": "/api/v1/teams/143"}, "player": {"id": 110349, "fullName": "Richie Ashburn", "link": "/api/v1/people/110349"}, "league": {"id": 104, "name": "National League", "link": "/api/v1/league/104"}, "sport": {"id": 1, "link": "/api/v1/sports/1", "abbreviation": "MLB"}, "gameType": "R", "position": {"code": "8", "name": "Outfielder", "type": "Outfielder", "abbreviation": "CF"}}, {"season": "1955", "stat": {"gamesPlayed": 140, "gamesStarted": 139, "assists": 10, "putOuts": 394, "errors": 7, "chances": 411, "fielding": ".983", "position": {"code": "8", "name": "Outfielder", "type": "Outfielder", "abbreviation": "CF"}, "rangeFactorPerGame": "2.89", "rangeFactorPer9Inn": "2.99", "innings": "1216.2", "games": 140, "doublePlays": 3, "triplePlays": 0, "throwingErrors": 0}, "team": {"id": 143, "name": "Philadelphia Phillies", "link": "/api/v1/teams/143"}, "player": {"id": 110349, "fullName": "Richie Ashburn", "link": "/api/v1/people/110349"}, "league": {"id": 104, "name": "National League", "link": "/api/v1/league/104"}, "sport": {"id": 1, "link": "/api/v1/sports/1", "abbreviation": "MLB"}, "gameType": "R", "position": {"code": "8", "name": "Outfielder", "type": "Outfielder", "abbreviation": "CF"}}, {"season": "1956", "stat": {"gamesPlayed": 154, "gamesStarted": 154, "assists": 12, "putOuts": 500, "errors": 9, "chances": 521, "fielding": ".983", "position": {"code": "8", "name": "Outfielder", "type": "Outfielder", "abbreviation": "CF"}, "rangeFactorPerGame": "3.32", "rangeFactorPer9Inn": "3.37", "innings": "1368.1", "games": 154, "doublePlays": 3, "triplePlays": 0, "throwingErrors": 0}, "team": {"id": 143, "name": "Philadelphia Phillies", "link": "/api/v1/teams/143"}, "player": {"id": 110349, "fullName": "Richie Ashburn", "link": "/api/v1/people/110349"}, "league": {"id": 104, "name": "National League", "link": "/api/v1/league/104"}, "sport": {"id": 1, "link": "/api/v1/sports/1", "abbreviation": "MLB"}, "gameType": "R", "position": {"code": "8", "name": "Outfielder", "type": "Outfielder", "abbreviation": "CF"}}, {"season": "1957", "stat": {"gamesPlayed": 154, "gamesStarted": 154, "assists": 17, "putOuts": 499, "errors": 7, "chances": 523, "fielding": ".987", "position": {"code": "8", "name": "Outfielder", "type": "Outfielder", "abbreviation": "CF"}, "rangeFactorPerGame": "3.35", "rangeFactorPer9Inn": "3.36", "innings": "1382.0", "games": 154, "doublePlays": 6, "triplePlays": 0, "throwingErrors": 0}, "team": {"id": 143, "name": "Philadelphia Phillies", "link": "/api/v1/teams/143"}, "player": {"id": 110349, "fullName": "Richie Ashburn", "link": "/api/v1/people/110349"}, "league": {"id": 104, "name": "National League", "link": "/api/v1/league/104"}, "sport": {"id": 1, "link": "/api/v1/sports/1", "abbreviation": "MLB"}, "gameType": "R", "position": {"code": "8", "name": "Outfielder", "type": "Outfielder", "abbreviation": "CF"}}, {"season": "1957", "stat": {"gamesPlayed": 2, "gamesStarted": 2, "assists": 1, "putOuts": 3, "errors": 0, "chances": 4, "fielding": "1.000", "position": {"code": "9", "name": "Outfielder", "type": "Outfielder", "abbreviation": "RF"}, "rangeFactorPerGame": "2.00", "rangeFactorPer9Inn": "2.00", "innings": "18.0", "games": 2, "doublePlays": 1, "triplePlays": 0, "throwingErrors": 0}, "team": {"id": 143, "name": "Philadelphia Phillies", "link": "/api/v1/teams/143"}, "player": {"id": 110349, "fullName": "Richie Ashburn", "link": "/api/v1/people/110349"}, "league": {"id": 104, "name": "National League", "link": "/api/v1/league/104"}, "sport": {"id": 1, "link": "/api/v1/sports/1", "abbreviation": "MLB"}, "gameType": "R", "position": {"code": "9", "name": "Outfielder", "type": "Outfielder", "abbreviation": "RF"}}, {"season": "1958", "stat": {"gamesPlayed": 152, "gamesStarted": 152, "assists": 8, "putOuts": 494, "errors": 8, "chances": 510, "fielding": ".984", "position": {"code": "8", "name": "Outfielder", "type": "Outfielder", "abbreviation": "CF"}, "rangeFactorPerGame": "3.30", "rangeFactorPer9Inn": "3.30", "innings": "1369.2", "games": 152, "doublePlays": 2, "triplePlays": 0, "throwingErrors": 0}, "team": {"id": 143, "name": "Philadelphia Phillies", "link": "/api/v1/teams/143"}, "player": {"id": 110349, "fullName": "Richie Ashburn", "link": "/api/v1/people/110349"}, "league": {"id": 104, "name": "National League", "link": "/api/v1/league/104"}, "sport": {"id": 1, "link": "/api/v1/sports/1", "abbreviation": "MLB"}, "gameType": "R", "position": {"code": "8", "name": "Outfielder", "type": "Outfielder", "abbreviation": "CF"}}, {"season": "1959", "stat": {"gamesPlayed": 149, "gamesStarted": 144, "assists": 4, "putOuts": 359, "errors": 11, "chances": 374, "fielding": ".971", "position": {"code": "8", "name": "Outfielder", "type": "Outfielder", "abbreviation": "CF"}, "rangeFactorPerGame": "2.44", "rangeFactorPer9Inn": "2.60", "innings": "1255.0", "games": 149, "doublePlays": 1, "triplePlays": 0, "throwingErrors": 2}, "team": {"id": 143, "name": "Philadelphia Phillies", "link": "/api/v1/teams/143"}, "player": {"id": 110349, "fullName": "Richie Ashburn", "link": "/api/v1/people/110349"}, "league": {"id": 104, "name": "National League", "link": "/api/v1/league/104"}, "sport": {"id": 1, "link": "/api/v1/sports/1", "abbreviation": "MLB"}, "gameType": "R", "position": {"code": "8", "name": "Outfielder", "type": "Outfielder", "abbreviation": "CF"}}, {"season": "1960", "stat": {"gamesPlayed": 58, "gamesStarted": 55, "assists": 3, "putOuts": 112, "errors": 3, "chances": 118, "fielding": ".975", "position": {"code": "7", "name": "Outfielder", "type": "Outfielder", "abbreviation": "LF"}, "rangeFactorPerGame": "1.98", "rangeFactorPer9Inn": "2.27", "innings": "455.2", "games": 58, "doublePlays": 0, "triplePlays": 0, "throwingErrors": 1}, "team": {"id": 112, "name": "Chicago Cubs", "link": "/api/v1/teams/112"}, "player": {"id": 110349, "fullName": "Richie Ashburn", "link": "/api/v1/people/110349"}, "league": {"id": 104, "name": "National League", "link": "/api/v1/league/104"}, "sport": {"id": 1, "link": "/api/v1/sports/1", "abbreviation": "MLB"}, "gameType": "R", "position": {"code": "7", "name": "Outfielder", "type": "Outfielder", "abbreviation": "LF"}}, {"season": "1960", "stat": {"gamesPlayed": 97, "gamesStarted": 90, "assists": 8, "putOuts": 209, "errors": 5, "chances": 222, "fielding": ".977", "position": {"code": "8", "name": "Outfielder", "type": "Outfielder", "abbreviation": "CF"}, "rangeFactorPerGame": "2.24", "rangeFactorPer9Inn": "2.43", "innings": "805.1", "games": 97, "doublePlays": 2, "triplePlays": 0, "throwingErrors": 2}, "team": {"id": 112, "name": "Chicago Cubs", "link": "/api/v1/teams/112"}, "player": {"id": 110349, "fullName": "Richie Ashburn", "link": "/api/v1/people/110349"}, "league": {"id": 104, "name": "National League", "link": "/api/v1/league/104"}, "sport": {"id": 1, "link": "/api/v1/sports/1", "abbreviation": "MLB"}, "gameType": "R", "position": {"code": "8", "name": "Outfielder", "type": "Outfielder", "abbreviation": "CF"}}, {"season": "1961", "stat": {"gamesPlayed": 15, "gamesStarted": 13, "assists": 2, "putOuts": 25, "errors": 2, "chances": 29, "fielding": ".931", "position": {"code": "7", "name": "Outfielder", "type": "Outfielder", "abbreviation": "LF"}, "rangeFactorPerGame": "1.80", "rangeFactorPer9Inn": "2.11", "innings": "115.0", "games": 15, "doublePlays": 0, "triplePlays": 0, "throwingErrors": 1}, "team": {"id": 112, "name": "Chicago Cubs", "link": "/api/v1/teams/112"}, "player": {"id": 110349, "fullName": "Richie Ashburn", "link": "/api/v1/people/110349"}, "league": {"id": 104, "name": "National League", "link": "/api/v1/league/104"}, "sport": {"id": 1, "link": "/api/v1/sports/1", "abbreviation": "MLB"}, "gameType": "R", "position": {"code": "7", "name": "Outfielder", "type": "Outfielder", "abbreviation": "LF"}}, {"season": "1961", "stat": {"gamesPlayed": 62, "gamesStarted": 56, "assists": 2, "putOuts": 105, "errors": 1, "chances": 108, "fielding": ".991", "position": {"code": "8", "name": "Outfielder", "type": "Outfielder", "abbreviation": "CF"}, "rangeFactorPerGame": "1.73", "rangeFactorPer9Inn": "1.97", "innings": "488.1", "games": 62, "doublePlays": 0, "triplePlays": 0, "throwingErrors": 1}, "team": {"id": 112, "name": "Chicago Cubs", "link": "/api/v1/teams/112"}, "player": {"id": 110349, "fullName": "Richie Ashburn", "link": "/api/v1/people/110349"}, "league": {"id": 104, "name": "National League", "link": "/api/v1/league/104"}, "sport": {"id": 1, "link": "/api/v1/sports/1", "abbreviation": "MLB"}, "gameType": "R", "position": {"code": "8", "name": "Outfielder", "type": "Outfielder", "abbreviation": "CF"}}, {"season": "1962", "stat": {"gamesPlayed": 2, "gamesStarted": 1, "assists": 4, "putOuts": 5, "errors": 1, "chances": 10, "fielding": ".900", "position": {"code": "4", "name": "Second Base", "type": "Infielder", "abbreviation": "2B"}, "rangeFactorPerGame": "4.50", "rangeFactorPer9Inn": "10.13", "innings": "8.0", "games": 2, "doublePlays": 1, "triplePlays": 0, "throwingErrors": 0}, "team": {"id": 121, "name": "New York Mets", "link": "/api/v1/teams/121"}, "player": {"id": 110349, "fullName": "Richie Ashburn", "link": "/api/v1/people/110349"}, "league": {"id": 104, "name": "National League", "link": "/api/v1/league/104"}, "sport": {"id": 1, "link": "/api/v1/sports/1", "abbreviation": "MLB"}, "gameType": "R", "position": {"code": "4", "name": "Second Base", "type": "Infielder", "abbreviation": "2B"}}, {"season": "1962", "stat": {"gamesPlayed": 8, "gamesStarted": 6, "assists": 2, "putOuts": 9, "errors": 0, "chances": 11, "fielding": "1.000", "position": {"code": "7", "name": "Outfielder", "type": "Outfielder", "abbreviation": "LF"}, "rangeFactorPerGame": "1.38", "rangeFactorPer9Inn": "2.11", "innings": "47.0", "games": 8, "doublePlays": 0, "triplePlays": 0, "throwingErrors": 0}, "team": {"id": 121, "name": "New York Mets", "link": "/api/v1/teams/121"}, "player": {"id": 110349, "fullName": "Richie Ashburn", "link": "/api/v1/people/110349"}, "league": {"id": 104, "name": "National League", "link": "/api/v1/league/104"}, "sport": {"id": 1, "link": "/api/v1/sports/1", "abbreviation": "MLB"}, "gameType": "R", "position": {"code": "7", "name": "Outfielder", "type": "Outfielder", "abbreviation": "LF"}}, {"season": "1962", "stat": {"gamesPlayed": 54, "gamesStarted": 47, "assists": 2, "putOuts": 110, "errors": 5, "chances": 117, "fielding": ".957", "position": {"code": "8", "name": "Outfielder", "type": "Outfielder", "abbreviation": "CF"}, "rangeFactorPerGame": "2.07", "rangeFactorPer9Inn": "2.44", "innings": "413.0", "games": 54, "doublePlays": 1, "triplePlays": 0, "throwingErrors": 0}, "team": {"id": 121, "name": "New York Mets", "link": "/api/v1/teams/121"}, "player": {"id": 110349, "fullName": "Richie Ashburn", "link": "/api/v1/people/110349"}, "league": {"id": 104, "name": "National League", "link": "/api/v1/league/104"}, "sport": {"id": 1, "link": "/api/v1/sports/1", "abbreviation": "MLB"}, "gameType": "R", "position": {"code": "8", "name": "Outfielder", "type": "Outfielder", "abbreviation": "CF"}}, {"season": "1962", "stat": {"gamesPlayed": 45, "gamesStarted": 38, "assists": 5, "putOuts": 74, "errors": 0, "chances": 79, "fielding": "1.000", "position": {"code": "9", "name": "Outfielder", "type": "Outfielder", "abbreviation": "RF"}, "rangeFactorPerGame": "1.76", "rangeFactorPer9Inn": "2.10", "innings": "338.2", "games": 45, "doublePlays": 1, "triplePlays": 0, "throwingErrors": 0}, "team": {"id": 121, "name": "New York Mets", "link": "/api/v1/teams/121"}, "player": {"id": 110349, "fullName": "Richie Ashburn", "link": "/api/v1/people/110349"}, "league": {"id": 104, "name": "National League", "link": "/api/v1/league/104"}, "sport": {"id": 1, "link": "/api/v1/sports/1", "abbreviation": "MLB"}, "gameType": "R", "position": {"code": "9", "name": "Outfielder", "type": "Outfielder", "abbreviation": "RF"}}]}], "mlbDebutDate": "1948-04-20", "batSide": {"code": "L", "description": "Left"}, "pitchHand": {"code": "R", "description": "Right"}, "nameFirstLast": "Richie Ashburn", "nameSlug": "richie-ashburn-110349", "firstLastName": "Richie Ashburn", "lastFirstName": "Ashburn, Richie", "lastInitName": "Ashburn, R", "initLastName": "R Ashburn", "fullFMLName": "Don Richard Ashburn", "fullLFMName": "Ashburn, Don Richard", "strikeZoneTop": 3.301, "strikeZoneBottom": 1.504}