{"id": 110501, "fullName": "Henry Baldwin", "link": "/api/v1/people/110501", "firstName": "Henry", "lastName": "Baldwin", "birthDate": "1894-06-13", "currentAge": 69, "birthCity": "Chadds Ford", "birthStateProvince": "PA", "birthCountry": "USA", "height": "5' 11\"", "weight": 180, "active": false, "primaryPosition": {"code": "6", "name": "Shortstop", "type": "Infielder", "abbreviation": "SS"}, "useName": "Henry", "useLastName": "Baldwin", "middleName": "Clay", "boxscoreName": "Baldwin", "nickName": "Ted", "gender": "M", "isPlayer": true, "isVerified": true, "deathDate": "1964-02-24", "deathCity": "West Chester", "deathStateProvince": "PA", "deathCountry": "USA", "lastPlayedDate": "1927-06-03", "stats": [{"type": {"displayName": "career"}, "group": {"displayName": "hitting"}, "exemptions": [], "splits": [{"stat": {"gamesPlayed": 6, "runs": 1, "doubles": 0, "triples": 0, "homeRuns": 0, "strikeOuts": 2, "baseOnBalls": 1, "hits": 5, "hitByPitch": 0, "avg": ".313", "atBats": 16, "obp": ".353", "slg": ".313", "ops": ".666", "stolenBases": 0, "plateAppearances": 17, "totalBases": 5, "rbi": 1, "sacBunts": 0, "babip": ".357", "atBatsPerHomeRun": "-.--"}, "team": {"id": 143, "name": "Philadelphia Phillies", "link": "/api/v1/teams/143"}, "player": {"id": 110501, "fullName": "Henry Baldwin", "link": "/api/v1/people/110501"}, "league": {"id": 104, "name": "National League", "link": "/api/v1/league/104"}, "sport": {"id": 1, "link": "/api/v1/sports/1", "abbreviation": "MLB"}, "gameType": "R"}]}, {"type": {"displayName": "career"}, "group": {"displayName": "fielding"}, "exemptions": [], "splits": [{"stat": {"gamesPlayed": 2, "gamesStarted": 2, "assists": 1, "putOuts": 3, "errors": 0, "chances": 4, "fielding": "1.000", "position": {"code": "5", "name": "Third Base", "type": "Infielder", "abbreviation": "3B"}, "rangeFactorPerGame": "2.00", "rangeFactorPer9Inn": "2.25", "innings": "16.0", "games": 2, "doublePlays": 0, "triplePlays": 0}, "team": {"id": 143, "name": "Philadelphia Phillies", "link": "/api/v1/teams/143"}, "player": {"id": 110501, "fullName": "Henry Baldwin", "link": "/api/v1/people/110501"}, "league": {"id": 104, "name": "National League", "link": "/api/v1/league/104"}, "sport": {"id": 1, "link": "/api/v1/sports/1", "abbreviation": "MLB"}, "gameType": "R", "position": {"code": "5", "name": "Third Base", "type": "Infielder", "abbreviation": "3B"}}, {"stat": {"gamesPlayed": 3, "gamesStarted": 0, "assists": 5, "putOuts": 1, "errors": 1, "chances": 7, "fielding": ".857", "position": {"code": "6", "name": "Shortstop", "type": "Infielder", "abbreviation": "SS"}, "rangeFactorPerGame": "2.00", "games": 3, "doublePlays": 1, "triplePlays": 0}, "team": {"id": 143, "name": "Philadelphia Phillies", "link": "/api/v1/teams/143"}, "player": {"id": 110501, "fullName": "Henry Baldwin", "link": "/api/v1/people/110501"}, "league": {"id": 104, "name": "National League", "link": "/api/v1/league/104"}, "sport": {"id": 1, "link": "/api/v1/sports/1", "abbreviation": "MLB"}, "gameType": "R", "position": {"code": "6", "name": "Shortstop", "type": "Infielder", "abbreviation": "SS"}}]}, {"type": {"displayName": "yearByYear"}, "group": {"displayName": "hitting"}, "exemptions": [], "splits": [{"season": "1927", "stat": {"gamesPlayed": 6, "runs": 1, "doubles": 0, "triples": 0, "homeRuns": 0, "strikeOuts": 2, "baseOnBalls": 1, "hits": 5, "hitByPitch": 0, "avg": ".313", "atBats": 16, "obp": ".353", "slg": ".313", "ops": ".666", "stolenBases": 0, "plateAppearances": 17, "totalBases": 5, "rbi": 1, "sacBunts": 0, "babip": ".357", "atBatsPerHomeRun": "-.--"}, "team": {"id": 143, "name": "Philadelphia Phillies", "link": "/api/v1/teams/143"}, "player": {"id": 110501, "fullName": "Henry Baldwin", "link": "/api/v1/people/110501"}, "league": {"id": 104, "name": "National League", "link": "/api/v1/league/104"}, "sport": {"id": 1, "link": "/api/v1/sports/1", "abbreviation": "MLB"}, "gameType": "R"}]}, {"type": {"displayName": "yearByYear"}, "group": {"displayName": "fielding"}, "exemptions": [], "splits": [{"season": "1927", "stat": {"gamesPlayed": 2, "gamesStarted": 2, "assists": 1, "putOuts": 3, "errors": 0, "chances": 4, "fielding": "1.000", "position": {"code": "5", "name": "Third Base", "type": "Infielder", "abbreviation": "3B"}, "rangeFactorPerGame": "2.00", "rangeFactorPer9Inn": "2.25", "innings": "16.0", "games": 2, "doublePlays": 0, "triplePlays": 0}, "team": {"id": 143, "name": "Philadelphia Phillies", "link": "/api/v1/teams/143"}, "player": {"id": 110501, "fullName": "Henry Baldwin", "link": "/api/v1/people/110501"}, "league": {"id": 104, "name": "National League", "link": "/api/v1/league/104"}, "sport": {"id": 1, "link": "/api/v1/sports/1", "abbreviation": "MLB"}, "gameType": "R", "position": {"code": "5", "name": "Third Base", "type": "Infielder", "abbreviation": "3B"}}, {"season": "1927", "stat": {"gamesPlayed": 3, "gamesStarted": 0, "assists": 5, "putOuts": 1, "errors": 1, "chances": 7, "fielding": ".857", "position": {"code": "6", "name": "Shortstop", "type": "Infielder", "abbreviation": "SS"}, "rangeFactorPerGame": "2.00", "games": 3, "doublePlays": 1, "triplePlays": 0}, "team": {"id": 143, "name": "Philadelphia Phillies", "link": "/api/v1/teams/143"}, "player": {"id": 110501, "fullName": "Henry Baldwin", "link": "/api/v1/people/110501"}, "league": {"id": 104, "name": "National League", "link": "/api/v1/league/104"}, "sport": {"id": 1, "link": "/api/v1/sports/1", "abbreviation": "MLB"}, "gameType": "R", "position": {"code": "6", "name": "Shortstop", "type": "Infielder", "abbreviation": "SS"}}]}], "mlbDebutDate": "1927-05-22", "batSide": {"code": "R", "description": "Right"}, "pitchHand": {"code": "R", "description": "Right"}, "nameFirstLast": "Henry Baldwin", "nameSlug": "henry-baldwin-110501", "firstLastName": "Henry Baldwin", "lastFirstName": "Baldwin, Henry", "lastInitName": "Baldwin, H", "initLastName": "H Baldwin", "fullFMLName": "Henry Clay Baldwin", "fullLFMName": "Baldwin, Henry Clay", "strikeZoneTop": 3.319, "strikeZoneBottom": 1.513}