{"id": 110362, "fullName": "Keith Atherton", "link": "/api/v1/people/110362", "firstName": "Keith", "lastName": "Atherton", "primaryNumber": "55", "birthDate": "1959-02-19", "currentAge": 64, "birthCity": "Newport News", "birthStateProvince": "VA", "birthCountry": "USA", "height": "6' 4\"", "weight": 200, "active": false, "primaryPosition": {"code": "1", "name": "Pitcher", "type": "Pitcher", "abbreviation": "P"}, "useName": "Keith", "useLastName": "Atherton", "middleName": "Rowe", "boxscoreName": "Atherton", "gender": "M", "isPlayer": true, "isVerified": true, "draftYear": 1978, "lastPlayedDate": "1989-08-05", "stats": [{"type": {"displayName": "career"}, "group": {"displayName": "pitching"}, "exemptions": [], "splits": [{"stat": {"gamesPlayed": 342, "gamesStarted": 0, "groundOuts": 189, "airOuts": 301, "runs": 268, "doubles": 109, "triples": 17, "homeRuns": 75, "strikeOuts": 349, "baseOnBalls": 215, "intentionalWalks": 37, "hits": 546, "hitByPitch": 10, "avg": ".253", "atBats": 2156, "obp": ".320", "slg": ".424", "ops": ".744", "caughtStealing": 20, "stolenBases": 42, "stolenBasePercentage": ".677", "groundIntoDoublePlay": 25, "numberOfPitches": 4744, "era": "3.99", "inningsPitched": "566.1", "wins": 33, "losses": 41, "saves": 26, "saveOpportunities": 26, "holds": 0, "blownSaves": 0, "earnedRuns": 251, "whip": "1.34", "battersFaced": 2431, "outs": 1699, "gamesPitched": 342, "completeGames": 0, "shutouts": 0, "strikes": 3427, "strikePercentage": ".720", "hitBatsmen": 10, "balks": 1, "wildPitches": 10, "pickoffs": 0, "totalBases": 914, "groundOutsToAirouts": "0.63", "winPercentage": ".446", "pitchesPerInning": "8.38", "gamesFinished": 158, "strikeoutWalkRatio": "1.62", "strikeoutsPer9Inn": "5.55", "walksPer9Inn": "3.42", "hitsPer9Inn": "8.68", "runsScoredPer9": "4.26", "homeRunsPer9": "1.19", "inheritedRunners": 358, "inheritedRunnersScored": 118, "catchersInterference": 0, "sacBunts": 23, "sacFlies": 27}, "player": {"id": 110362, "fullName": "Keith Atherton", "link": "/api/v1/people/110362"}, "sport": {"id": 1, "link": "/api/v1/sports/1", "abbreviation": "MLB"}, "gameType": "R", "numTeams": 3}]}, {"type": {"displayName": "career"}, "group": {"displayName": "hitting"}, "exemptions": [], "splits": [{"stat": {"gamesPlayed": 310, "groundOuts": 0, "airOuts": 0, "runs": 0, "doubles": 0, "triples": 0, "homeRuns": 0, "strikeOuts": 1, "baseOnBalls": 0, "intentionalWalks": 0, "hits": 0, "hitByPitch": 0, "avg": ".000", "atBats": 1, "obp": ".000", "slg": ".000", "ops": ".000", "caughtStealing": 0, "stolenBases": 0, "stolenBasePercentage": ".---", "groundIntoDoublePlay": 0, "numberOfPitches": 3, "plateAppearances": 1, "totalBases": 0, "rbi": 0, "leftOnBase": 0, "sacBunts": 0, "sacFlies": 0, "babip": ".---", "groundOutsToAirouts": "-.--", "catchersInterference": 0, "atBatsPerHomeRun": "-.--"}, "player": {"id": 110362, "fullName": "Keith Atherton", "link": "/api/v1/people/110362"}, "sport": {"id": 1, "link": "/api/v1/sports/1", "abbreviation": "MLB"}, "gameType": "R", "numTeams": 2}]}, {"type": {"displayName": "career"}, "group": {"displayName": "fielding"}, "exemptions": [], "splits": [{"stat": {"gamesPlayed": 342, "gamesStarted": 0, "assists": 53, "putOuts": 26, "errors": 5, "chances": 84, "fielding": ".940", "position": {"code": "1", "name": "Pitcher", "type": "Pitcher", "abbreviation": "P"}, "rangeFactorPerGame": "0.23", "rangeFactorPer9Inn": "1.26", "innings": "566.1", "games": 342, "doublePlays": 2, "triplePlays": 0, "throwingErrors": 0}, "player": {"id": 110362, "fullName": "Keith Atherton", "link": "/api/v1/people/110362"}, "sport": {"id": 1, "link": "/api/v1/sports/1", "abbreviation": "MLB"}, "gameType": "R", "numTeams": 3, "position": {"code": "1", "name": "Pitcher", "type": "Pitcher", "abbreviation": "P"}}]}, {"type": {"displayName": "yearByYear"}, "group": {"displayName": "pitching"}, "exemptions": [], "splits": [{"season": "1983", "stat": {"gamesPlayed": 29, "gamesStarted": 0, "groundOuts": 17, "airOuts": 16, "runs": 22, "doubles": 14, "triples": 3, "homeRuns": 7, "strikeOuts": 40, "baseOnBalls": 23, "intentionalWalks": 4, "hits": 53, "hitByPitch": 1, "avg": ".215", "atBats": 246, "obp": ".280", "slg": ".382", "ops": ".662", "caughtStealing": 1, "stolenBases": 6, "stolenBasePercentage": ".857", "groundIntoDoublePlay": 4, "numberOfPitches": 426, "era": "2.77", "inningsPitched": "68.1", "wins": 2, "losses": 5, "saves": 4, "saveOpportunities": 4, "holds": 0, "blownSaves": 0, "earnedRuns": 21, "whip": "1.11", "battersFaced": 277, "outs": 205, "gamesPitched": 29, "completeGames": 0, "shutouts": 0, "strikes": 333, "strikePercentage": ".780", "hitBatsmen": 1, "balks": 1, "wildPitches": 1, "pickoffs": 0, "totalBases": 94, "groundOutsToAirouts": "1.06", "winPercentage": ".286", "pitchesPerInning": "6.23", "gamesFinished": 21, "strikeoutWalkRatio": "1.74", "strikeoutsPer9Inn": "5.27", "walksPer9Inn": "3.03", "hitsPer9Inn": "6.98", "runsScoredPer9": "2.90", "homeRunsPer9": "0.92", "inheritedRunners": 26, "inheritedRunnersScored": 11, "catchersInterference": 0, "sacBunts": 2, "sacFlies": 5}, "team": {"id": 133, "name": "Oakland Athletics", "link": "/api/v1/teams/133"}, "player": {"id": 110362, "fullName": "Keith Atherton", "link": "/api/v1/people/110362"}, "league": {"id": 103, "name": "American League", "link": "/api/v1/league/103"}, "sport": {"id": 1, "link": "/api/v1/sports/1", "abbreviation": "MLB"}, "gameType": "R"}, {"season": "1984", "stat": {"gamesPlayed": 57, "gamesStarted": 0, "groundOuts": 24, "airOuts": 18, "runs": 51, "doubles": 16, "triples": 5, "homeRuns": 13, "strikeOuts": 58, "baseOnBalls": 39, "intentionalWalks": 8, "hits": 110, "hitByPitch": 2, "avg": ".274", "atBats": 402, "obp": ".336", "slg": ".435", "ops": ".771", "caughtStealing": 6, "stolenBases": 4, "stolenBasePercentage": ".400", "groundIntoDoublePlay": 5, "numberOfPitches": 686, "era": "4.33", "inningsPitched": "104.0", "wins": 7, "losses": 6, "saves": 2, "saveOpportunities": 2, "holds": 0, "blownSaves": 0, "earnedRuns": 50, "whip": "1.43", "battersFaced": 453, "outs": 312, "gamesPitched": 57, "completeGames": 0, "shutouts": 0, "strikes": 528, "strikePercentage": ".770", "hitBatsmen": 2, "balks": 0, "wildPitches": 3, "pickoffs": 0, "totalBases": 175, "groundOutsToAirouts": "1.33", "winPercentage": ".538", "pitchesPerInning": "6.60", "gamesFinished": 24, "strikeoutWalkRatio": "1.49", "strikeoutsPer9Inn": "5.02", "walksPer9Inn": "3.38", "hitsPer9Inn": "9.52", "runsScoredPer9": "4.41", "homeRunsPer9": "1.13", "inheritedRunners": 69, "inheritedRunnersScored": 13, "catchersInterference": 0, "sacBunts": 4, "sacFlies": 6}, "team": {"id": 133, "name": "Oakland Athletics", "link": "/api/v1/teams/133"}, "player": {"id": 110362, "fullName": "Keith Atherton", "link": "/api/v1/people/110362"}, "league": {"id": 103, "name": "American League", "link": "/api/v1/league/103"}, "sport": {"id": 1, "link": "/api/v1/sports/1", "abbreviation": "MLB"}, "gameType": "R"}, {"season": "1985", "stat": {"gamesPlayed": 56, "gamesStarted": 0, "groundOuts": 21, "airOuts": 40, "runs": 51, "doubles": 22, "triples": 1, "homeRuns": 17, "strikeOuts": 77, "baseOnBalls": 42, "intentionalWalks": 9, "hits": 89, "hitByPitch": 0, "avg": ".231", "atBats": 386, "obp": ".303", "slg": ".425", "ops": ".728", "caughtStealing": 6, "stolenBases": 9, "stolenBasePercentage": ".600", "groundIntoDoublePlay": 4, "numberOfPitches": 715, "era": "4.30", "inningsPitched": "104.2", "wins": 4, "losses": 7, "saves": 3, "saveOpportunities": 3, "holds": 0, "blownSaves": 0, "earnedRuns": 50, "whip": "1.25", "battersFaced": 435, "outs": 314, "gamesPitched": 56, "completeGames": 0, "shutouts": 0, "strikes": 547, "strikePercentage": ".770", "hitBatsmen": 0, "balks": 0, "wildPitches": 2, "pickoffs": 0, "totalBases": 164, "groundOutsToAirouts": "0.53", "winPercentage": ".364", "pitchesPerInning": "6.83", "gamesFinished": 21, "strikeoutWalkRatio": "1.83", "strikeoutsPer9Inn": "6.62", "walksPer9Inn": "3.61", "hitsPer9Inn": "7.65", "runsScoredPer9": "4.39", "homeRunsPer9": "1.46", "inheritedRunners": 63, "inheritedRunnersScored": 17, "catchersInterference": 0, "sacBunts": 3, "sacFlies": 4}, "team": {"id": 133, "name": "Oakland Athletics", "link": "/api/v1/teams/133"}, "player": {"id": 110362, "fullName": "Keith Atherton", "link": "/api/v1/people/110362"}, "league": {"id": 103, "name": "American League", "link": "/api/v1/league/103"}, "sport": {"id": 1, "link": "/api/v1/sports/1", "abbreviation": "MLB"}, "gameType": "R"}, {"season": "1986", "stat": {"gamesPlayed": 13, "gamesStarted": 0, "groundOuts": 5, "airOuts": 7, "runs": 10, "doubles": 5, "triples": 1, "homeRuns": 2, "strikeOuts": 8, "baseOnBalls": 11, "intentionalWalks": 1, "hits": 18, "hitByPitch": 0, "avg": ".295", "atBats": 61, "obp": ".392", "slg": ".508", "ops": ".900", "caughtStealing": 1, "stolenBases": 1, "stolenBasePercentage": ".500", "groundIntoDoublePlay": 0, "numberOfPitches": 124, "era": "5.87", "inningsPitched": "15.1", "wins": 1, "losses": 2, "saves": 0, "saveOpportunities": 0, "holds": 0, "blownSaves": 0, "earnedRuns": 10, "whip": "1.89", "battersFaced": 75, "outs": 46, "gamesPitched": 13, "completeGames": 0, "shutouts": 0, "strikes": 80, "strikePercentage": ".650", "hitBatsmen": 0, "balks": 0, "wildPitches": 0, "pickoffs": 0, "totalBases": 31, "groundOutsToAirouts": "0.71", "winPercentage": ".333", "pitchesPerInning": "8.09", "gamesFinished": 5, "strikeoutWalkRatio": "0.73", "strikeoutsPer9Inn": "4.70", "walksPer9Inn": "6.46", "hitsPer9Inn": "10.57", "runsScoredPer9": "5.87", "homeRunsPer9": "1.17", "inheritedRunners": 12, "inheritedRunnersScored": 4, "catchersInterference": 0, "sacBunts": 1, "sacFlies": 2}, "team": {"id": 133, "name": "Oakland Athletics", "link": "/api/v1/teams/133"}, "player": {"id": 110362, "fullName": "Keith Atherton", "link": "/api/v1/people/110362"}, "league": {"id": 103, "name": "American League", "link": "/api/v1/league/103"}, "sport": {"id": 1, "link": "/api/v1/sports/1", "abbreviation": "MLB"}, "gameType": "R"}, {"season": "1986", "stat": {"gamesPlayed": 47, "gamesStarted": 0, "groundOuts": 18, "airOuts": 24, "runs": 37, "doubles": 14, "triples": 1, "homeRuns": 9, "strikeOuts": 59, "baseOnBalls": 35, "intentionalWalks": 3, "hits": 82, "hitByPitch": 1, "avg": ".264", "atBats": 311, "obp": ".336", "slg": ".402", "ops": ".738", "caughtStealing": 1, "stolenBases": 8, "stolenBasePercentage": ".889", "groundIntoDoublePlay": 6, "numberOfPitches": 579, "era": "3.75", "inningsPitched": "81.2", "wins": 5, "losses": 8, "saves": 10, "saveOpportunities": 10, "holds": 0, "blownSaves": 0, "earnedRuns": 34, "whip": "1.43", "battersFaced": 356, "outs": 245, "gamesPitched": 47, "completeGames": 0, "shutouts": 0, "strikes": 438, "strikePercentage": ".760", "hitBatsmen": 1, "balks": 0, "wildPitches": 2, "pickoffs": 0, "totalBases": 125, "groundOutsToAirouts": "0.75", "winPercentage": ".385", "pitchesPerInning": "7.09", "gamesFinished": 31, "strikeoutWalkRatio": "1.69", "strikeoutsPer9Inn": "6.50", "walksPer9Inn": "3.86", "hitsPer9Inn": "9.04", "runsScoredPer9": "4.08", "homeRunsPer9": "0.99", "inheritedRunners": 52, "inheritedRunnersScored": 21, "catchersInterference": 0, "sacBunts": 5, "sacFlies": 4}, "team": {"id": 142, "name": "Minnesota Twins", "link": "/api/v1/teams/142"}, "player": {"id": 110362, "fullName": "Keith Atherton", "link": "/api/v1/people/110362"}, "league": {"id": 103, "name": "American League", "link": "/api/v1/league/103"}, "sport": {"id": 1, "link": "/api/v1/sports/1", "abbreviation": "MLB"}, "gameType": "R"}, {"season": "1986", "stat": {"gamesPlayed": 60, "gamesStarted": 0, "groundOuts": 23, "airOuts": 31, "runs": 47, "doubles": 19, "triples": 2, "homeRuns": 11, "strikeOuts": 67, "baseOnBalls": 46, "intentionalWalks": 4, "hits": 100, "hitByPitch": 1, "avg": ".269", "atBats": 372, "obp": ".346", "slg": ".419", "ops": ".765", "caughtStealing": 2, "stolenBases": 9, "stolenBasePercentage": ".818", "groundIntoDoublePlay": 6, "numberOfPitches": 703, "era": "4.08", "inningsPitched": "97.0", "wins": 6, "losses": 10, "saves": 10, "saveOpportunities": 10, "holds": 0, "blownSaves": 0, "earnedRuns": 44, "whip": "1.51", "battersFaced": 431, "outs": 291, "gamesPitched": 60, "completeGames": 0, "shutouts": 0, "strikes": 518, "strikePercentage": ".740", "hitBatsmen": 1, "balks": 0, "wildPitches": 2, "pickoffs": 0, "totalBases": 156, "groundOutsToAirouts": "0.74", "winPercentage": ".375", "pitchesPerInning": "7.25", "gamesFinished": 36, "strikeoutWalkRatio": "1.46", "strikeoutsPer9Inn": "6.22", "walksPer9Inn": "4.27", "hitsPer9Inn": "9.28", "runsScoredPer9": "4.36", "homeRunsPer9": "1.02", "inheritedRunners": 64, "inheritedRunnersScored": 25, "catchersInterference": 0, "sacBunts": 6, "sacFlies": 6}, "player": {"id": 110362, "fullName": "Keith Atherton", "link": "/api/v1/people/110362"}, "sport": {"id": 1, "link": "/api/v1/sports/1", "abbreviation": "MLB"}, "gameType": "R", "numTeams": 2}, {"season": "1987", "stat": {"gamesPlayed": 59, "gamesStarted": 0, "groundOuts": 18, "airOuts": 32, "runs": 46, "doubles": 14, "triples": 3, "homeRuns": 10, "strikeOuts": 51, "baseOnBalls": 30, "intentionalWalks": 4, "hits": 81, "hitByPitch": 4, "avg": ".262", "atBats": 309, "obp": ".332", "slg": ".424", "ops": ".756", "caughtStealing": 2, "stolenBases": 8, "stolenBasePercentage": ".800", "groundIntoDoublePlay": 3, "numberOfPitches": 540, "era": "4.54", "inningsPitched": "79.1", "wins": 7, "losses": 5, "saves": 2, "saveOpportunities": 2, "holds": 0, "blownSaves": 0, "earnedRuns": 40, "whip": "1.40", "battersFaced": 348, "outs": 238, "gamesPitched": 59, "completeGames": 0, "shutouts": 0, "strikes": 416, "strikePercentage": ".770", "hitBatsmen": 4, "balks": 0, "wildPitches": 1, "pickoffs": 0, "totalBases": 131, "groundOutsToAirouts": "0.56", "winPercentage": ".583", "pitchesPerInning": "6.81", "gamesFinished": 29, "strikeoutWalkRatio": "1.70", "strikeoutsPer9Inn": "5.79", "walksPer9Inn": "3.40", "hitsPer9Inn": "9.19", "runsScoredPer9": "5.22", "homeRunsPer9": "1.13", "inheritedRunners": 57, "inheritedRunnersScored": 21, "catchersInterference": 0, "sacBunts": 2, "sacFlies": 3}, "team": {"id": 142, "name": "Minnesota Twins", "link": "/api/v1/teams/142"}, "player": {"id": 110362, "fullName": "Keith Atherton", "link": "/api/v1/people/110362"}, "league": {"id": 103, "name": "American League", "link": "/api/v1/league/103"}, "sport": {"id": 1, "link": "/api/v1/sports/1", "abbreviation": "MLB"}, "gameType": "R"}, {"season": "1988", "stat": {"gamesPlayed": 49, "gamesStarted": 0, "groundOuts": 51, "airOuts": 105, "runs": 29, "doubles": 11, "triples": 1, "homeRuns": 10, "strikeOuts": 43, "baseOnBalls": 22, "intentionalWalks": 4, "hits": 65, "hitByPitch": 2, "avg": ".235", "atBats": 277, "obp": ".293", "slg": ".390", "ops": ".683", "caughtStealing": 0, "stolenBases": 3, "stolenBasePercentage": "1.000", "groundIntoDoublePlay": 3, "numberOfPitches": 1074, "era": "3.41", "inningsPitched": "74.0", "wins": 7, "losses": 5, "saves": 3, "saveOpportunities": 3, "holds": 0, "blownSaves": 0, "earnedRuns": 28, "whip": "1.18", "battersFaced": 309, "outs": 222, "gamesPitched": 49, "completeGames": 0, "shutouts": 0, "strikes": 716, "strikePercentage": ".670", "hitBatsmen": 2, "balks": 0, "wildPitches": 1, "pickoffs": 0, "totalBases": 108, "groundOutsToAirouts": "0.49", "winPercentage": ".583", "pitchesPerInning": "14.51", "gamesFinished": 13, "strikeoutWalkRatio": "1.95", "strikeoutsPer9Inn": "5.23", "walksPer9Inn": "2.68", "hitsPer9Inn": "7.91", "runsScoredPer9": "3.53", "homeRunsPer9": "1.22", "inheritedRunners": 50, "inheritedRunnersScored": 17, "catchersInterference": 0, "sacBunts": 5, "sacFlies": 3}, "team": {"id": 142, "name": "Minnesota Twins", "link": "/api/v1/teams/142"}, "player": {"id": 110362, "fullName": "Keith Atherton", "link": "/api/v1/people/110362"}, "league": {"id": 103, "name": "American League", "link": "/api/v1/league/103"}, "sport": {"id": 1, "link": "/api/v1/sports/1", "abbreviation": "MLB"}, "gameType": "R"}, {"season": "1989", "stat": {"gamesPlayed": 32, "gamesStarted": 0, "groundOuts": 35, "airOuts": 59, "runs": 22, "doubles": 13, "triples": 2, "homeRuns": 7, "strikeOuts": 13, "baseOnBalls": 13, "intentionalWalks": 4, "hits": 48, "hitByPitch": 0, "avg": ".293", "atBats": 164, "obp": ".345", "slg": ".524", "ops": ".869", "caughtStealing": 3, "stolenBases": 3, "stolenBasePercentage": ".500", "groundIntoDoublePlay": 0, "numberOfPitches": 600, "era": "4.15", "inningsPitched": "39.0", "wins": 0, "losses": 3, "saves": 2, "saveOpportunities": 2, "holds": 0, "blownSaves": 0, "earnedRuns": 18, "whip": "1.56", "battersFaced": 178, "outs": 117, "gamesPitched": 32, "completeGames": 0, "shutouts": 0, "strikes": 369, "strikePercentage": ".620", "hitBatsmen": 0, "balks": 0, "wildPitches": 0, "pickoffs": 0, "totalBases": 86, "groundOutsToAirouts": "0.59", "winPercentage": ".000", "pitchesPerInning": "15.38", "gamesFinished": 14, "strikeoutWalkRatio": "1.00", "strikeoutsPer9Inn": "3.00", "walksPer9Inn": "3.00", "hitsPer9Inn": "11.08", "runsScoredPer9": "5.08", "homeRunsPer9": "1.62", "inheritedRunners": 29, "inheritedRunnersScored": 14, "catchersInterference": 0, "sacBunts": 1, "sacFlies": 0}, "team": {"id": 114, "name": "Cleveland Indians", "link": "/api/v1/teams/114"}, "player": {"id": 110362, "fullName": "Keith Atherton", "link": "/api/v1/people/110362"}, "league": {"id": 103, "name": "American League", "link": "/api/v1/league/103"}, "sport": {"id": 1, "link": "/api/v1/sports/1", "abbreviation": "MLB"}, "gameType": "R"}]}, {"type": {"displayName": "yearByYear"}, "group": {"displayName": "hitting"}, "exemptions": [], "splits": [{"season": "1983", "stat": {"gamesPlayed": 29, "groundOuts": 0, "airOuts": 0, "runs": 0, "doubles": 0, "triples": 0, "homeRuns": 0, "strikeOuts": 1, "baseOnBalls": 0, "intentionalWalks": 0, "hits": 0, "hitByPitch": 0, "avg": ".000", "atBats": 1, "obp": ".000", "slg": ".000", "ops": ".000", "caughtStealing": 0, "stolenBases": 0, "stolenBasePercentage": ".---", "groundIntoDoublePlay": 0, "numberOfPitches": 3, "plateAppearances": 1, "totalBases": 0, "rbi": 0, "leftOnBase": 0, "sacBunts": 0, "sacFlies": 0, "babip": ".---", "groundOutsToAirouts": "-.--", "catchersInterference": 0, "atBatsPerHomeRun": "-.--"}, "team": {"id": 133, "name": "Oakland Athletics", "link": "/api/v1/teams/133"}, "player": {"id": 110362, "fullName": "Keith Atherton", "link": "/api/v1/people/110362"}, "league": {"id": 103, "name": "American League", "link": "/api/v1/league/103"}, "sport": {"id": 1, "link": "/api/v1/sports/1", "abbreviation": "MLB"}, "gameType": "R"}, {"season": "1984", "stat": {"gamesPlayed": 57, "groundOuts": 0, "airOuts": 0, "runs": 0, "doubles": 0, "triples": 0, "homeRuns": 0, "strikeOuts": 0, "baseOnBalls": 0, "intentionalWalks": 0, "hits": 0, "hitByPitch": 0, "avg": ".000", "atBats": 0, "obp": ".000", "slg": ".000", "ops": ".000", "caughtStealing": 0, "stolenBases": 0, "stolenBasePercentage": ".---", "groundIntoDoublePlay": 0, "numberOfPitches": 0, "plateAppearances": 0, "totalBases": 0, "rbi": 0, "leftOnBase": 0, "sacBunts": 0, "sacFlies": 0, "babip": ".---", "groundOutsToAirouts": "-.--", "catchersInterference": 0, "atBatsPerHomeRun": "-.--"}, "team": {"id": 133, "name": "Oakland Athletics", "link": "/api/v1/teams/133"}, "player": {"id": 110362, "fullName": "Keith Atherton", "link": "/api/v1/people/110362"}, "league": {"id": 103, "name": "American League", "link": "/api/v1/league/103"}, "sport": {"id": 1, "link": "/api/v1/sports/1", "abbreviation": "MLB"}, "gameType": "R"}, {"season": "1986", "stat": {"gamesPlayed": 47, "groundOuts": 0, "airOuts": 0, "runs": 0, "doubles": 0, "triples": 0, "homeRuns": 0, "strikeOuts": 0, "baseOnBalls": 0, "intentionalWalks": 0, "hits": 0, "hitByPitch": 0, "avg": ".000", "atBats": 0, "obp": ".000", "slg": ".000", "ops": ".000", "caughtStealing": 0, "stolenBases": 0, "stolenBasePercentage": ".---", "groundIntoDoublePlay": 0, "numberOfPitches": 0, "plateAppearances": 0, "totalBases": 0, "rbi": 0, "leftOnBase": 0, "sacBunts": 0, "sacFlies": 0, "babip": ".---", "groundOutsToAirouts": "-.--", "catchersInterference": 0, "atBatsPerHomeRun": "-.--"}, "team": {"id": 142, "name": "Minnesota Twins", "link": "/api/v1/teams/142"}, "player": {"id": 110362, "fullName": "Keith Atherton", "link": "/api/v1/people/110362"}, "league": {"id": 103, "name": "American League", "link": "/api/v1/league/103"}, "sport": {"id": 1, "link": "/api/v1/sports/1", "abbreviation": "MLB"}, "gameType": "R"}, {"season": "1988", "stat": {"gamesPlayed": 49, "groundOuts": 0, "airOuts": 0, "runs": 0, "doubles": 0, "triples": 0, "homeRuns": 0, "strikeOuts": 0, "baseOnBalls": 0, "intentionalWalks": 0, "hits": 0, "hitByPitch": 0, "avg": ".000", "atBats": 0, "obp": ".000", "slg": ".000", "ops": ".000", "caughtStealing": 0, "stolenBases": 0, "stolenBasePercentage": ".---", "groundIntoDoublePlay": 0, "numberOfPitches": 0, "plateAppearances": 0, "totalBases": 0, "rbi": 0, "leftOnBase": 0, "sacBunts": 0, "sacFlies": 0, "babip": ".---", "groundOutsToAirouts": "-.--", "catchersInterference": 0, "atBatsPerHomeRun": "-.--"}, "team": {"id": 142, "name": "Minnesota Twins", "link": "/api/v1/teams/142"}, "player": {"id": 110362, "fullName": "Keith Atherton", "link": "/api/v1/people/110362"}, "league": {"id": 103, "name": "American League", "link": "/api/v1/league/103"}, "sport": {"id": 1, "link": "/api/v1/sports/1", "abbreviation": "MLB"}, "gameType": "R"}]}, {"type": {"displayName": "yearByYear"}, "group": {"displayName": "fielding"}, "exemptions": [], "splits": [{"season": "1983", "stat": {"gamesPlayed": 29, "gamesStarted": 0, "assists": 7, "putOuts": 1, "errors": 0, "chances": 8, "fielding": "1.000", "position": {"code": "1", "name": "Pitcher", "type": "Pitcher", "abbreviation": "P"}, "rangeFactorPerGame": "0.28", "rangeFactorPer9Inn": "1.06", "innings": "68.1", "games": 29, "doublePlays": 0, "triplePlays": 0, "throwingErrors": 0}, "team": {"id": 133, "name": "Oakland Athletics", "link": "/api/v1/teams/133"}, "player": {"id": 110362, "fullName": "Keith Atherton", "link": "/api/v1/people/110362"}, "league": {"id": 103, "name": "American League", "link": "/api/v1/league/103"}, "sport": {"id": 1, "link": "/api/v1/sports/1", "abbreviation": "MLB"}, "gameType": "R", "position": {"code": "1", "name": "Pitcher", "type": "Pitcher", "abbreviation": "P"}}, {"season": "1984", "stat": {"gamesPlayed": 57, "gamesStarted": 0, "assists": 8, "putOuts": 5, "errors": 1, "chances": 14, "fielding": ".929", "position": {"code": "1", "name": "Pitcher", "type": "Pitcher", "abbreviation": "P"}, "rangeFactorPerGame": "0.23", "rangeFactorPer9Inn": "1.13", "innings": "104.0", "games": 57, "doublePlays": 1, "triplePlays": 0, "throwingErrors": 0}, "team": {"id": 133, "name": "Oakland Athletics", "link": "/api/v1/teams/133"}, "player": {"id": 110362, "fullName": "Keith Atherton", "link": "/api/v1/people/110362"}, "league": {"id": 103, "name": "American League", "link": "/api/v1/league/103"}, "sport": {"id": 1, "link": "/api/v1/sports/1", "abbreviation": "MLB"}, "gameType": "R", "position": {"code": "1", "name": "Pitcher", "type": "Pitcher", "abbreviation": "P"}}, {"season": "1985", "stat": {"gamesPlayed": 56, "gamesStarted": 0, "assists": 6, "putOuts": 4, "errors": 1, "chances": 11, "fielding": ".909", "position": {"code": "1", "name": "Pitcher", "type": "Pitcher", "abbreviation": "P"}, "rangeFactorPerGame": "0.18", "rangeFactorPer9Inn": "0.87", "innings": "104.2", "games": 56, "doublePlays": 0, "triplePlays": 0, "throwingErrors": 0}, "team": {"id": 133, "name": "Oakland Athletics", "link": "/api/v1/teams/133"}, "player": {"id": 110362, "fullName": "Keith Atherton", "link": "/api/v1/people/110362"}, "league": {"id": 103, "name": "American League", "link": "/api/v1/league/103"}, "sport": {"id": 1, "link": "/api/v1/sports/1", "abbreviation": "MLB"}, "gameType": "R", "position": {"code": "1", "name": "Pitcher", "type": "Pitcher", "abbreviation": "P"}}, {"season": "1986", "stat": {"gamesPlayed": 13, "gamesStarted": 0, "assists": 1, "putOuts": 1, "errors": 0, "chances": 2, "fielding": "1.000", "position": {"code": "1", "name": "Pitcher", "type": "Pitcher", "abbreviation": "P"}, "rangeFactorPerGame": "0.15", "rangeFactorPer9Inn": "1.20", "innings": "15.1", "games": 13, "doublePlays": 0, "triplePlays": 0, "throwingErrors": 0}, "team": {"id": 133, "name": "Oakland Athletics", "link": "/api/v1/teams/133"}, "player": {"id": 110362, "fullName": "Keith Atherton", "link": "/api/v1/people/110362"}, "league": {"id": 103, "name": "American League", "link": "/api/v1/league/103"}, "sport": {"id": 1, "link": "/api/v1/sports/1", "abbreviation": "MLB"}, "gameType": "R", "position": {"code": "1", "name": "Pitcher", "type": "Pitcher", "abbreviation": "P"}}, {"season": "1986", "stat": {"gamesPlayed": 47, "gamesStarted": 0, "assists": 10, "putOuts": 5, "errors": 1, "chances": 16, "fielding": ".938", "position": {"code": "1", "name": "Pitcher", "type": "Pitcher", "abbreviation": "P"}, "rangeFactorPerGame": "0.32", "rangeFactorPer9Inn": "1.67", "innings": "81.2", "games": 47, "doublePlays": 1, "triplePlays": 0, "throwingErrors": 0}, "team": {"id": 142, "name": "Minnesota Twins", "link": "/api/v1/teams/142"}, "player": {"id": 110362, "fullName": "Keith Atherton", "link": "/api/v1/people/110362"}, "league": {"id": 103, "name": "American League", "link": "/api/v1/league/103"}, "sport": {"id": 1, "link": "/api/v1/sports/1", "abbreviation": "MLB"}, "gameType": "R", "position": {"code": "1", "name": "Pitcher", "type": "Pitcher", "abbreviation": "P"}}, {"season": "1986", "stat": {"gamesPlayed": 60, "gamesStarted": 0, "assists": 11, "putOuts": 6, "errors": 1, "chances": 18, "fielding": ".944", "position": {"code": "1", "name": "Pitcher", "type": "Pitcher", "abbreviation": "P"}, "rangeFactorPerGame": "0.28", "rangeFactorPer9Inn": "1.58", "innings": "97.0", "games": 60, "doublePlays": 1, "triplePlays": 0, "throwingErrors": 0}, "player": {"id": 110362, "fullName": "Keith Atherton", "link": "/api/v1/people/110362"}, "sport": {"id": 1, "link": "/api/v1/sports/1", "abbreviation": "MLB"}, "gameType": "R", "numTeams": 2, "position": {"code": "1", "name": "Pitcher", "type": "Pitcher", "abbreviation": "P"}}, {"season": "1987", "stat": {"gamesPlayed": 59, "gamesStarted": 0, "assists": 11, "putOuts": 3, "errors": 1, "chances": 15, "fielding": ".933", "position": {"code": "1", "name": "Pitcher", "type": "Pitcher", "abbreviation": "P"}, "rangeFactorPerGame": "0.24", "rangeFactorPer9Inn": "1.59", "innings": "79.1", "games": 59, "doublePlays": 0, "triplePlays": 0, "throwingErrors": 0}, "team": {"id": 142, "name": "Minnesota Twins", "link": "/api/v1/teams/142"}, "player": {"id": 110362, "fullName": "Keith Atherton", "link": "/api/v1/people/110362"}, "league": {"id": 103, "name": "American League", "link": "/api/v1/league/103"}, "sport": {"id": 1, "link": "/api/v1/sports/1", "abbreviation": "MLB"}, "gameType": "R", "position": {"code": "1", "name": "Pitcher", "type": "Pitcher", "abbreviation": "P"}}, {"season": "1988", "stat": {"gamesPlayed": 49, "gamesStarted": 0, "assists": 9, "putOuts": 3, "errors": 1, "chances": 13, "fielding": ".923", "position": {"code": "1", "name": "Pitcher", "type": "Pitcher", "abbreviation": "P"}, "rangeFactorPerGame": "0.24", "rangeFactorPer9Inn": "1.46", "innings": "74.0", "games": 49, "doublePlays": 0, "triplePlays": 0, "throwingErrors": 0}, "team": {"id": 142, "name": "Minnesota Twins", "link": "/api/v1/teams/142"}, "player": {"id": 110362, "fullName": "Keith Atherton", "link": "/api/v1/people/110362"}, "league": {"id": 103, "name": "American League", "link": "/api/v1/league/103"}, "sport": {"id": 1, "link": "/api/v1/sports/1", "abbreviation": "MLB"}, "gameType": "R", "position": {"code": "1", "name": "Pitcher", "type": "Pitcher", "abbreviation": "P"}}, {"season": "1989", "stat": {"gamesPlayed": 32, "gamesStarted": 0, "assists": 1, "putOuts": 4, "errors": 0, "chances": 5, "fielding": "1.000", "position": {"code": "1", "name": "Pitcher", "type": "Pitcher", "abbreviation": "P"}, "rangeFactorPerGame": "0.16", "rangeFactorPer9Inn": "1.15", "innings": "39.0", "games": 32, "doublePlays": 0, "triplePlays": 0, "throwingErrors": 0}, "team": {"id": 114, "name": "Cleveland Indians", "link": "/api/v1/teams/114"}, "player": {"id": 110362, "fullName": "Keith Atherton", "link": "/api/v1/people/110362"}, "league": {"id": 103, "name": "American League", "link": "/api/v1/league/103"}, "sport": {"id": 1, "link": "/api/v1/sports/1", "abbreviation": "MLB"}, "gameType": "R", "position": {"code": "1", "name": "Pitcher", "type": "Pitcher", "abbreviation": "P"}}]}], "mlbDebutDate": "1983-07-14", "batSide": {"code": "R", "description": "Right"}, "pitchHand": {"code": "R", "description": "Right"}, "nameFirstLast": "Keith Atherton", "nameSlug": "keith-atherton-110362", "firstLastName": "Keith Atherton", "lastFirstName": "Atherton, Keith", "lastInitName": "Atherton, K", "initLastName": "K Atherton", "fullFMLName": "Keith Rowe Atherton", "fullLFMName": "Atherton, Keith Rowe", "strikeZoneTop": 3.549, "strikeZoneBottom": 1.627}