{"id": 110345, "fullName": "Randy Asadoor", "link": "/api/v1/people/110345", "firstName": "Randall", "lastName": "Asadoor", "primaryNumber": "12", "birthDate": "1962-10-20", "currentAge": 60, "birthCity": "Fresno", "birthStateProvince": "CA", "birthCountry": "USA", "height": "6' 1\"", "weight": 185, "active": false, "primaryPosition": {"code": "5", "name": "Third Base", "type": "Infielder", "abbreviation": "3B"}, "useName": "Randy", "useLastName": "Asadoor", "middleName": "Carl", "boxscoreName": "Asadoor", "gender": "M", "isPlayer": true, "isVerified": true, "draftYear": 1983, "lastPlayedDate": "1986-10-05", "stats": [{"type": {"displayName": "career"}, "group": {"displayName": "hitting"}, "exemptions": [], "splits": [{"stat": {"gamesPlayed": 15, "groundOuts": 4, "airOuts": 4, "runs": 9, "doubles": 5, "triples": 0, "homeRuns": 0, "strikeOuts": 13, "baseOnBalls": 3, "intentionalWalks": 1, "hits": 20, "hitByPitch": 0, "avg": ".364", "atBats": 55, "obp": ".397", "slg": ".455", "ops": ".852", "caughtStealing": 2, "stolenBases": 1, "stolenBasePercentage": ".333", "groundIntoDoublePlay": 0, "numberOfPitches": 95, "plateAppearances": 60, "totalBases": 25, "rbi": 7, "leftOnBase": 22, "sacBunts": 2, "sacFlies": 0, "babip": ".476", "groundOutsToAirouts": "1.00", "catchersInterference": 0, "atBatsPerHomeRun": "-.--"}, "team": {"id": 135, "name": "San Diego Padres", "link": "/api/v1/teams/135"}, "player": {"id": 110345, "fullName": "Randy Asadoor", "link": "/api/v1/people/110345"}, "league": {"id": 104, "name": "National League", "link": "/api/v1/league/104"}, "sport": {"id": 1, "link": "/api/v1/sports/1", "abbreviation": "MLB"}, "gameType": "R"}]}, {"type": {"displayName": "career"}, "group": {"displayName": "fielding"}, "exemptions": [], "splits": [{"stat": {"gamesPlayed": 2, "gamesStarted": 0, "assists": 2, "putOuts": 1, "errors": 0, "chances": 3, "fielding": "1.000", "position": {"code": "4", "name": "Second Base", "type": "Infielder", "abbreviation": "2B"}, "rangeFactorPerGame": "1.50", "rangeFactorPer9Inn": "5.40", "innings": "5.0", "games": 2, "doublePlays": 0, "triplePlays": 0, "throwingErrors": 0}, "team": {"id": 135, "name": "San Diego Padres", "link": "/api/v1/teams/135"}, "player": {"id": 110345, "fullName": "Randy Asadoor", "link": "/api/v1/people/110345"}, "league": {"id": 104, "name": "National League", "link": "/api/v1/league/104"}, "sport": {"id": 1, "link": "/api/v1/sports/1", "abbreviation": "MLB"}, "gameType": "R", "position": {"code": "4", "name": "Second Base", "type": "Infielder", "abbreviation": "2B"}}, {"stat": {"gamesPlayed": 15, "gamesStarted": 15, "assists": 27, "putOuts": 12, "errors": 5, "chances": 44, "fielding": ".886", "position": {"code": "5", "name": "Third Base", "type": "Infielder", "abbreviation": "3B"}, "rangeFactorPerGame": "2.60", "rangeFactorPer9Inn": "2.79", "innings": "126.2", "games": 15, "doublePlays": 1, "triplePlays": 0, "throwingErrors": 0}, "team": {"id": 135, "name": "San Diego Padres", "link": "/api/v1/teams/135"}, "player": {"id": 110345, "fullName": "Randy Asadoor", "link": "/api/v1/people/110345"}, "league": {"id": 104, "name": "National League", "link": "/api/v1/league/104"}, "sport": {"id": 1, "link": "/api/v1/sports/1", "abbreviation": "MLB"}, "gameType": "R", "position": {"code": "5", "name": "Third Base", "type": "Infielder", "abbreviation": "3B"}}]}, {"type": {"displayName": "yearByYear"}, "group": {"displayName": "hitting"}, "exemptions": [], "splits": [{"season": "1986", "stat": {"gamesPlayed": 15, "groundOuts": 4, "airOuts": 4, "runs": 9, "doubles": 5, "triples": 0, "homeRuns": 0, "strikeOuts": 13, "baseOnBalls": 3, "intentionalWalks": 1, "hits": 20, "hitByPitch": 0, "avg": ".364", "atBats": 55, "obp": ".397", "slg": ".455", "ops": ".852", "caughtStealing": 2, "stolenBases": 1, "stolenBasePercentage": ".333", "groundIntoDoublePlay": 0, "numberOfPitches": 95, "plateAppearances": 60, "totalBases": 25, "rbi": 7, "leftOnBase": 22, "sacBunts": 2, "sacFlies": 0, "babip": ".476", "groundOutsToAirouts": "1.00", "catchersInterference": 0, "atBatsPerHomeRun": "-.--"}, "team": {"id": 135, "name": "San Diego Padres", "link": "/api/v1/teams/135"}, "player": {"id": 110345, "fullName": "Randy Asadoor", "link": "/api/v1/people/110345"}, "league": {"id": 104, "name": "National League", "link": "/api/v1/league/104"}, "sport": {"id": 1, "link": "/api/v1/sports/1", "abbreviation": "MLB"}, "gameType": "R"}]}, {"type": {"displayName": "yearByYear"}, "group": {"displayName": "fielding"}, "exemptions": [], "splits": [{"season": "1986", "stat": {"gamesPlayed": 2, "gamesStarted": 0, "assists": 2, "putOuts": 1, "errors": 0, "chances": 3, "fielding": "1.000", "position": {"code": "4", "name": "Second Base", "type": "Infielder", "abbreviation": "2B"}, "rangeFactorPerGame": "1.50", "rangeFactorPer9Inn": "5.40", "innings": "5.0", "games": 2, "doublePlays": 0, "triplePlays": 0, "throwingErrors": 0}, "team": {"id": 135, "name": "San Diego Padres", "link": "/api/v1/teams/135"}, "player": {"id": 110345, "fullName": "Randy Asadoor", "link": "/api/v1/people/110345"}, "league": {"id": 104, "name": "National League", "link": "/api/v1/league/104"}, "sport": {"id": 1, "link": "/api/v1/sports/1", "abbreviation": "MLB"}, "gameType": "R", "position": {"code": "4", "name": "Second Base", "type": "Infielder", "abbreviation": "2B"}}, {"season": "1986", "stat": {"gamesPlayed": 15, "gamesStarted": 15, "assists": 27, "putOuts": 12, "errors": 5, "chances": 44, "fielding": ".886", "position": {"code": "5", "name": "Third Base", "type": "Infielder", "abbreviation": "3B"}, "rangeFactorPerGame": "2.60", "rangeFactorPer9Inn": "2.79", "innings": "126.2", "games": 15, "doublePlays": 1, "triplePlays": 0, "throwingErrors": 0}, "team": {"id": 135, "name": "San Diego Padres", "link": "/api/v1/teams/135"}, "player": {"id": 110345, "fullName": "Randy Asadoor", "link": "/api/v1/people/110345"}, "league": {"id": 104, "name": "National League", "link": "/api/v1/league/104"}, "sport": {"id": 1, "link": "/api/v1/sports/1", "abbreviation": "MLB"}, "gameType": "R", "position": {"code": "5", "name": "Third Base", "type": "Infielder", "abbreviation": "3B"}}]}], "mlbDebutDate": "1986-09-14", "batSide": {"code": "R", "description": "Right"}, "pitchHand": {"code": "R", "description": "Right"}, "nameFirstLast": "Randy Asadoor", "nameSlug": "randy-asadoor-110345", "firstLastName": "Randy Asadoor", "lastFirstName": "Asadoor, Randy", "lastInitName": "Asadoor, R", "initLastName": "R Asadoor", "fullFMLName": "Randall Carl Asadoor", "fullLFMName": "Asadoor, Randall Carl", "strikeZoneTop": 3.411, "strikeZoneBottom": 1.565}