{"id": 110434, "fullName": "Stan Bahnsen", "link": "/api/v1/people/110434", "firstName": "Stanley", "lastName": "Bahnsen", "primaryNumber": "22", "birthDate": "1944-12-15", "currentAge": 78, "birthCity": "Council Bluffs", "birthStateProvince": "IA", "birthCountry": "USA", "height": "6' 2\"", "weight": 203, "active": false, "primaryPosition": {"code": "1", "name": "Pitcher", "type": "Pitcher", "abbreviation": "P"}, "useName": "Stan", "useLastName": "Bahnsen", "middleName": "Raymond", "boxscoreName": "Bahnsen", "nickName": "Bahnsen Burner", "gender": "M", "isPlayer": true, "isVerified": true, "draftYear": 1965, "lastPlayedDate": "1982-10-02", "stats": [{"type": {"displayName": "career"}, "group": {"displayName": "fielding"}, "exemptions": [], "splits": [{"stat": {"gamesPlayed": 574, "gamesStarted": 327, "assists": 420, "putOuts": 157, "errors": 35, "chances": 612, "fielding": ".943", "position": {"code": "1", "name": "Pitcher", "type": "Pitcher", "abbreviation": "P"}, "rangeFactorPerGame": "1.01", "rangeFactorPer9Inn": "2.05", "innings": "2528.2", "games": 574, "doublePlays": 26, "triplePlays": 0, "throwingErrors": 6}, "player": {"id": 110434, "fullName": "Stan Bahnsen", "link": "/api/v1/people/110434"}, "sport": {"id": 1, "link": "/api/v1/sports/1", "abbreviation": "MLB"}, "gameType": "R", "numTeams": 6, "position": {"code": "1", "name": "Pitcher", "type": "Pitcher", "abbreviation": "P"}}]}, {"type": {"displayName": "career"}, "group": {"displayName": "hitting"}, "exemptions": [], "splits": [{"stat": {"gamesPlayed": 568, "groundOuts": 11, "airOuts": 12, "runs": 22, "doubles": 8, "triples": 2, "homeRuns": 1, "strikeOuts": 225, "baseOnBalls": 19, "intentionalWalks": 0, "hits": 56, "hitByPitch": 1, "avg": ".117", "atBats": 479, "obp": ".152", "slg": ".148", "ops": ".300", "caughtStealing": 0, "stolenBases": 0, "stolenBasePercentage": ".---", "groundIntoDoublePlay": 4, "numberOfPitches": 187, "plateAppearances": 543, "totalBases": 71, "rbi": 19, "leftOnBase": 51, "sacBunts": 43, "sacFlies": 1, "babip": ".217", "groundOutsToAirouts": "0.92", "catchersInterference": 0, "atBatsPerHomeRun": "479.00"}, "player": {"id": 110434, "fullName": "Stan Bahnsen", "link": "/api/v1/people/110434"}, "sport": {"id": 1, "link": "/api/v1/sports/1", "abbreviation": "MLB"}, "gameType": "R", "numTeams": 5}]}, {"type": {"displayName": "career"}, "group": {"displayName": "pitching"}, "exemptions": [], "splits": [{"stat": {"gamesPlayed": 574, "gamesStarted": 327, "groundOuts": 330, "airOuts": 452, "runs": 1127, "doubles": 150, "triples": 32, "homeRuns": 223, "strikeOuts": 1359, "baseOnBalls": 924, "intentionalWalks": 59, "hits": 2440, "hitByPitch": 34, "avg": ".255", "atBats": 9568, "obp": ".321", "slg": ".155", "ops": ".476", "caughtStealing": 67, "stolenBases": 56, "stolenBasePercentage": ".455", "groundIntoDoublePlay": 78, "numberOfPitches": 6739, "era": "3.60", "inningsPitched": "2529.0", "wins": 146, "losses": 149, "saves": 20, "saveOpportunities": 20, "holds": 0, "blownSaves": 0, "earnedRuns": 1013, "whip": "1.33", "battersFaced": 10701, "outs": 7587, "gamesPitched": 574, "completeGames": 73, "shutouts": 16, "strikes": 5013, "strikePercentage": ".740", "hitBatsmen": 34, "balks": 3, "wildPitches": 89, "pickoffs": 8, "totalBases": 1479, "groundOutsToAirouts": "0.73", "winPercentage": ".495", "pitchesPerInning": "2.66", "gamesFinished": 90, "strikeoutWalkRatio": "1.47", "strikeoutsPer9Inn": "4.84", "walksPer9Inn": "3.29", "hitsPer9Inn": "8.68", "runsScoredPer9": "4.01", "homeRunsPer9": "0.79", "inheritedRunners": 189, "inheritedRunnersScored": 50, "catchersInterference": 1, "sacBunts": 105, "sacFlies": 69}, "player": {"id": 110434, "fullName": "Stan Bahnsen", "link": "/api/v1/people/110434"}, "sport": {"id": 1, "link": "/api/v1/sports/1", "abbreviation": "MLB"}, "gameType": "R", "numTeams": 6}]}, {"type": {"displayName": "yearByYear"}, "group": {"displayName": "fielding"}, "exemptions": [], "splits": [{"season": "1966", "stat": {"gamesPlayed": 4, "gamesStarted": 3, "assists": 3, "putOuts": 1, "errors": 0, "chances": 4, "fielding": "1.000", "position": {"code": "1", "name": "Pitcher", "type": "Pitcher", "abbreviation": "P"}, "rangeFactorPerGame": "1.00", "rangeFactorPer9Inn": "1.57", "innings": "23.0", "games": 4, "doublePlays": 0, "triplePlays": 0, "throwingErrors": 0}, "team": {"id": 147, "name": "New York Yankees", "link": "/api/v1/teams/147"}, "player": {"id": 110434, "fullName": "Stan Bahnsen", "link": "/api/v1/people/110434"}, "league": {"id": 103, "name": "American League", "link": "/api/v1/league/103"}, "sport": {"id": 1, "link": "/api/v1/sports/1", "abbreviation": "MLB"}, "gameType": "R", "position": {"code": "1", "name": "Pitcher", "type": "Pitcher", "abbreviation": "P"}}, {"season": "1968", "stat": {"gamesPlayed": 37, "gamesStarted": 34, "assists": 34, "putOuts": 16, "errors": 3, "chances": 53, "fielding": ".943", "position": {"code": "1", "name": "Pitcher", "type": "Pitcher", "abbreviation": "P"}, "rangeFactorPerGame": "1.35", "rangeFactorPer9Inn": "1.69", "innings": "267.1", "games": 37, "doublePlays": 1, "triplePlays": 0, "throwingErrors": 1}, "team": {"id": 147, "name": "New York Yankees", "link": "/api/v1/teams/147"}, "player": {"id": 110434, "fullName": "Stan Bahnsen", "link": "/api/v1/people/110434"}, "league": {"id": 103, "name": "American League", "link": "/api/v1/league/103"}, "sport": {"id": 1, "link": "/api/v1/sports/1", "abbreviation": "MLB"}, "gameType": "R", "position": {"code": "1", "name": "Pitcher", "type": "Pitcher", "abbreviation": "P"}}, {"season": "1969", "stat": {"gamesPlayed": 40, "gamesStarted": 33, "assists": 38, "putOuts": 13, "errors": 3, "chances": 54, "fielding": ".944", "position": {"code": "1", "name": "Pitcher", "type": "Pitcher", "abbreviation": "P"}, "rangeFactorPerGame": "1.28", "rangeFactorPer9Inn": "2.09", "innings": "220.1", "games": 40, "doublePlays": 4, "triplePlays": 0, "throwingErrors": 1}, "team": {"id": 147, "name": "New York Yankees", "link": "/api/v1/teams/147"}, "player": {"id": 110434, "fullName": "Stan Bahnsen", "link": "/api/v1/people/110434"}, "league": {"id": 103, "name": "American League", "link": "/api/v1/league/103"}, "sport": {"id": 1, "link": "/api/v1/sports/1", "abbreviation": "MLB"}, "gameType": "R", "position": {"code": "1", "name": "Pitcher", "type": "Pitcher", "abbreviation": "P"}}, {"season": "1970", "stat": {"gamesPlayed": 36, "gamesStarted": 35, "assists": 41, "putOuts": 18, "errors": 4, "chances": 63, "fielding": ".937", "position": {"code": "1", "name": "Pitcher", "type": "Pitcher", "abbreviation": "P"}, "rangeFactorPerGame": "1.64", "rangeFactorPer9Inn": "2.29", "innings": "232.2", "games": 36, "doublePlays": 3, "triplePlays": 0, "throwingErrors": 0}, "team": {"id": 147, "name": "New York Yankees", "link": "/api/v1/teams/147"}, "player": {"id": 110434, "fullName": "Stan Bahnsen", "link": "/api/v1/people/110434"}, "league": {"id": 103, "name": "American League", "link": "/api/v1/league/103"}, "sport": {"id": 1, "link": "/api/v1/sports/1", "abbreviation": "MLB"}, "gameType": "R", "position": {"code": "1", "name": "Pitcher", "type": "Pitcher", "abbreviation": "P"}}, {"season": "1971", "stat": {"gamesPlayed": 36, "gamesStarted": 34, "assists": 54, "putOuts": 18, "errors": 4, "chances": 76, "fielding": ".947", "position": {"code": "1", "name": "Pitcher", "type": "Pitcher", "abbreviation": "P"}, "rangeFactorPerGame": "2.00", "rangeFactorPer9Inn": "2.68", "innings": "242.0", "games": 36, "doublePlays": 5, "triplePlays": 0, "throwingErrors": 1}, "team": {"id": 147, "name": "New York Yankees", "link": "/api/v1/teams/147"}, "player": {"id": 110434, "fullName": "Stan Bahnsen", "link": "/api/v1/people/110434"}, "league": {"id": 103, "name": "American League", "link": "/api/v1/league/103"}, "sport": {"id": 1, "link": "/api/v1/sports/1", "abbreviation": "MLB"}, "gameType": "R", "position": {"code": "1", "name": "Pitcher", "type": "Pitcher", "abbreviation": "P"}}, {"season": "1972", "stat": {"gamesPlayed": 43, "gamesStarted": 41, "assists": 51, "putOuts": 11, "errors": 2, "chances": 64, "fielding": ".969", "position": {"code": "1", "name": "Pitcher", "type": "Pitcher", "abbreviation": "P"}, "rangeFactorPerGame": "1.44", "rangeFactorPer9Inn": "2.21", "innings": "252.1", "games": 43, "doublePlays": 6, "triplePlays": 0, "throwingErrors": 0}, "team": {"id": 145, "name": "Chicago White Sox", "link": "/api/v1/teams/145"}, "player": {"id": 110434, "fullName": "Stan Bahnsen", "link": "/api/v1/people/110434"}, "league": {"id": 103, "name": "American League", "link": "/api/v1/league/103"}, "sport": {"id": 1, "link": "/api/v1/sports/1", "abbreviation": "MLB"}, "gameType": "R", "position": {"code": "1", "name": "Pitcher", "type": "Pitcher", "abbreviation": "P"}}, {"season": "1973", "stat": {"gamesPlayed": 42, "gamesStarted": 42, "assists": 52, "putOuts": 22, "errors": 4, "chances": 78, "fielding": ".949", "position": {"code": "1", "name": "Pitcher", "type": "Pitcher", "abbreviation": "P"}, "rangeFactorPerGame": "1.76", "rangeFactorPer9Inn": "2.36", "innings": "282.1", "games": 42, "doublePlays": 4, "triplePlays": 0, "throwingErrors": 0}, "team": {"id": 145, "name": "Chicago White Sox", "link": "/api/v1/teams/145"}, "player": {"id": 110434, "fullName": "Stan Bahnsen", "link": "/api/v1/people/110434"}, "league": {"id": 103, "name": "American League", "link": "/api/v1/league/103"}, "sport": {"id": 1, "link": "/api/v1/sports/1", "abbreviation": "MLB"}, "gameType": "R", "position": {"code": "1", "name": "Pitcher", "type": "Pitcher", "abbreviation": "P"}}, {"season": "1974", "stat": {"gamesPlayed": 38, "gamesStarted": 35, "assists": 39, "putOuts": 5, "errors": 2, "chances": 46, "fielding": ".957", "position": {"code": "1", "name": "Pitcher", "type": "Pitcher", "abbreviation": "P"}, "rangeFactorPerGame": "1.16", "rangeFactorPer9Inn": "1.83", "innings": "216.1", "games": 38, "doublePlays": 1, "triplePlays": 0, "throwingErrors": 1}, "team": {"id": 145, "name": "Chicago White Sox", "link": "/api/v1/teams/145"}, "player": {"id": 110434, "fullName": "Stan Bahnsen", "link": "/api/v1/people/110434"}, "league": {"id": 103, "name": "American League", "link": "/api/v1/league/103"}, "sport": {"id": 1, "link": "/api/v1/sports/1", "abbreviation": "MLB"}, "gameType": "R", "position": {"code": "1", "name": "Pitcher", "type": "Pitcher", "abbreviation": "P"}}, {"season": "1975", "stat": {"gamesPlayed": 12, "gamesStarted": 12, "assists": 11, "putOuts": 4, "errors": 2, "chances": 17, "fielding": ".882", "position": {"code": "1", "name": "Pitcher", "type": "Pitcher", "abbreviation": "P"}, "rangeFactorPerGame": "1.25", "rangeFactorPer9Inn": "2.01", "innings": "67.1", "games": 12, "doublePlays": 0, "triplePlays": 0, "throwingErrors": 1}, "team": {"id": 145, "name": "Chicago White Sox", "link": "/api/v1/teams/145"}, "player": {"id": 110434, "fullName": "Stan Bahnsen", "link": "/api/v1/people/110434"}, "league": {"id": 103, "name": "American League", "link": "/api/v1/league/103"}, "sport": {"id": 1, "link": "/api/v1/sports/1", "abbreviation": "MLB"}, "gameType": "R", "position": {"code": "1", "name": "Pitcher", "type": "Pitcher", "abbreviation": "P"}}, {"season": "1975", "stat": {"gamesPlayed": 21, "gamesStarted": 16, "assists": 15, "putOuts": 6, "errors": 0, "chances": 21, "fielding": "1.000", "position": {"code": "1", "name": "Pitcher", "type": "Pitcher", "abbreviation": "P"}, "rangeFactorPerGame": "1.00", "rangeFactorPer9Inn": "1.89", "innings": "100.0", "games": 21, "doublePlays": 1, "triplePlays": 0, "throwingErrors": 0}, "team": {"id": 133, "name": "Oakland Athletics", "link": "/api/v1/teams/133"}, "player": {"id": 110434, "fullName": "Stan Bahnsen", "link": "/api/v1/people/110434"}, "league": {"id": 103, "name": "American League", "link": "/api/v1/league/103"}, "sport": {"id": 1, "link": "/api/v1/sports/1", "abbreviation": "MLB"}, "gameType": "R", "position": {"code": "1", "name": "Pitcher", "type": "Pitcher", "abbreviation": "P"}}, {"season": "1975", "stat": {"gamesPlayed": 33, "gamesStarted": 28, "assists": 26, "putOuts": 10, "errors": 2, "chances": 38, "fielding": ".947", "position": {"code": "1", "name": "Pitcher", "type": "Pitcher", "abbreviation": "P"}, "rangeFactorPerGame": "1.09", "rangeFactorPer9Inn": "1.94", "innings": "167.1", "games": 33, "doublePlays": 1, "triplePlays": 0, "throwingErrors": 1}, "player": {"id": 110434, "fullName": "Stan Bahnsen", "link": "/api/v1/people/110434"}, "sport": {"id": 1, "link": "/api/v1/sports/1", "abbreviation": "MLB"}, "gameType": "R", "numTeams": 2, "position": {"code": "1", "name": "Pitcher", "type": "Pitcher", "abbreviation": "P"}}, {"season": "1976", "stat": {"gamesPlayed": 35, "gamesStarted": 14, "assists": 24, "putOuts": 12, "errors": 1, "chances": 37, "fielding": ".973", "position": {"code": "1", "name": "Pitcher", "type": "Pitcher", "abbreviation": "P"}, "rangeFactorPerGame": "1.03", "rangeFactorPer9Inn": "2.27", "innings": "143.0", "games": 35, "doublePlays": 0, "triplePlays": 0, "throwingErrors": 0}, "team": {"id": 133, "name": "Oakland Athletics", "link": "/api/v1/teams/133"}, "player": {"id": 110434, "fullName": "Stan Bahnsen", "link": "/api/v1/people/110434"}, "league": {"id": 103, "name": "American League", "link": "/api/v1/league/103"}, "sport": {"id": 1, "link": "/api/v1/sports/1", "abbreviation": "MLB"}, "gameType": "R", "position": {"code": "1", "name": "Pitcher", "type": "Pitcher", "abbreviation": "P"}}, {"season": "1977", "stat": {"gamesPlayed": 11, "gamesStarted": 2, "assists": 1, "putOuts": 0, "errors": 1, "chances": 2, "fielding": ".500", "position": {"code": "1", "name": "Pitcher", "type": "Pitcher", "abbreviation": "P"}, "rangeFactorPerGame": "0.09", "rangeFactorPer9Inn": "0.41", "innings": "22.0", "games": 11, "doublePlays": 0, "triplePlays": 0, "throwingErrors": 0}, "team": {"id": 133, "name": "Oakland Athletics", "link": "/api/v1/teams/133"}, "player": {"id": 110434, "fullName": "Stan Bahnsen", "link": "/api/v1/people/110434"}, "league": {"id": 103, "name": "American League", "link": "/api/v1/league/103"}, "sport": {"id": 1, "link": "/api/v1/sports/1", "abbreviation": "MLB"}, "gameType": "R", "position": {"code": "1", "name": "Pitcher", "type": "Pitcher", "abbreviation": "P"}}, {"season": "1977", "stat": {"gamesPlayed": 23, "gamesStarted": 22, "assists": 17, "putOuts": 12, "errors": 3, "chances": 32, "fielding": ".906", "position": {"code": "1", "name": "Pitcher", "type": "Pitcher", "abbreviation": "P"}, "rangeFactorPerGame": "1.26", "rangeFactorPer9Inn": "2.06", "innings": "127.1", "games": 23, "doublePlays": 0, "triplePlays": 0, "throwingErrors": 1}, "team": {"id": 120, "name": "Montreal Expos", "link": "/api/v1/teams/120"}, "player": {"id": 110434, "fullName": "Stan Bahnsen", "link": "/api/v1/people/110434"}, "league": {"id": 104, "name": "National League", "link": "/api/v1/league/104"}, "sport": {"id": 1, "link": "/api/v1/sports/1", "abbreviation": "MLB"}, "gameType": "R", "position": {"code": "1", "name": "Pitcher", "type": "Pitcher", "abbreviation": "P"}}, {"season": "1977", "stat": {"gamesPlayed": 34, "gamesStarted": 24, "assists": 18, "putOuts": 12, "errors": 4, "chances": 34, "fielding": ".882", "position": {"code": "1", "name": "Pitcher", "type": "Pitcher", "abbreviation": "P"}, "rangeFactorPerGame": "0.88", "rangeFactorPer9Inn": "1.81", "innings": "149.1", "games": 34, "doublePlays": 0, "triplePlays": 0, "throwingErrors": 1}, "player": {"id": 110434, "fullName": "Stan Bahnsen", "link": "/api/v1/people/110434"}, "sport": {"id": 1, "link": "/api/v1/sports/1", "abbreviation": "MLB"}, "gameType": "R", "numTeams": 2, "position": {"code": "1", "name": "Pitcher", "type": "Pitcher", "abbreviation": "P"}}, {"season": "1978", "stat": {"gamesPlayed": 44, "gamesStarted": 1, "assists": 11, "putOuts": 6, "errors": 2, "chances": 19, "fielding": ".895", "position": {"code": "1", "name": "Pitcher", "type": "Pitcher", "abbreviation": "P"}, "rangeFactorPerGame": "0.39", "rangeFactorPer9Inn": "2.04", "innings": "75.0", "games": 44, "doublePlays": 0, "triplePlays": 0, "throwingErrors": 0}, "team": {"id": 120, "name": "Montreal Expos", "link": "/api/v1/teams/120"}, "player": {"id": 110434, "fullName": "Stan Bahnsen", "link": "/api/v1/people/110434"}, "league": {"id": 104, "name": "National League", "link": "/api/v1/league/104"}, "sport": {"id": 1, "link": "/api/v1/sports/1", "abbreviation": "MLB"}, "gameType": "R", "position": {"code": "1", "name": "Pitcher", "type": "Pitcher", "abbreviation": "P"}}, {"season": "1979", "stat": {"gamesPlayed": 55, "gamesStarted": 0, "assists": 14, "putOuts": 4, "errors": 2, "chances": 20, "fielding": ".900", "position": {"code": "1", "name": "Pitcher", "type": "Pitcher", "abbreviation": "P"}, "rangeFactorPerGame": "0.33", "rangeFactorPer9Inn": "1.72", "innings": "94.1", "games": 55, "doublePlays": 0, "triplePlays": 0, "throwingErrors": 0}, "team": {"id": 120, "name": "Montreal Expos", "link": "/api/v1/teams/120"}, "player": {"id": 110434, "fullName": "Stan Bahnsen", "link": "/api/v1/people/110434"}, "league": {"id": 104, "name": "National League", "link": "/api/v1/league/104"}, "sport": {"id": 1, "link": "/api/v1/sports/1", "abbreviation": "MLB"}, "gameType": "R", "position": {"code": "1", "name": "Pitcher", "type": "Pitcher", "abbreviation": "P"}}, {"season": "1980", "stat": {"gamesPlayed": 57, "gamesStarted": 0, "assists": 12, "putOuts": 6, "errors": 0, "chances": 18, "fielding": "1.000", "position": {"code": "1", "name": "Pitcher", "type": "Pitcher", "abbreviation": "P"}, "rangeFactorPerGame": "0.32", "rangeFactorPer9Inn": "1.78", "innings": "91.1", "games": 57, "doublePlays": 1, "triplePlays": 0, "throwingErrors": 0}, "team": {"id": 120, "name": "Montreal Expos", "link": "/api/v1/teams/120"}, "player": {"id": 110434, "fullName": "Stan Bahnsen", "link": "/api/v1/people/110434"}, "league": {"id": 104, "name": "National League", "link": "/api/v1/league/104"}, "sport": {"id": 1, "link": "/api/v1/sports/1", "abbreviation": "MLB"}, "gameType": "R", "position": {"code": "1", "name": "Pitcher", "type": "Pitcher", "abbreviation": "P"}}, {"season": "1981", "stat": {"gamesPlayed": 25, "gamesStarted": 3, "assists": 2, "putOuts": 2, "errors": 1, "chances": 5, "fielding": ".800", "position": {"code": "1", "name": "Pitcher", "type": "Pitcher", "abbreviation": "P"}, "rangeFactorPerGame": "0.16", "rangeFactorPer9Inn": "0.73", "innings": "49.0", "games": 25, "doublePlays": 0, "triplePlays": 0, "throwingErrors": 0}, "team": {"id": 120, "name": "Montreal Expos", "link": "/api/v1/teams/120"}, "player": {"id": 110434, "fullName": "Stan Bahnsen", "link": "/api/v1/people/110434"}, "league": {"id": 104, "name": "National League", "link": "/api/v1/league/104"}, "sport": {"id": 1, "link": "/api/v1/sports/1", "abbreviation": "MLB"}, "gameType": "R", "position": {"code": "1", "name": "Pitcher", "type": "Pitcher", "abbreviation": "P"}}, {"season": "1982", "stat": {"gamesPlayed": 7, "gamesStarted": 0, "assists": 0, "putOuts": 0, "errors": 1, "chances": 1, "fielding": ".000", "position": {"code": "1", "name": "Pitcher", "type": "Pitcher", "abbreviation": "P"}, "rangeFactorPerGame": "0.00", "rangeFactorPer9Inn": "0.00", "innings": "9.2", "games": 7, "doublePlays": 0, "triplePlays": 0, "throwingErrors": 0}, "team": {"id": 108, "name": "California Angels", "link": "/api/v1/teams/108"}, "player": {"id": 110434, "fullName": "Stan Bahnsen", "link": "/api/v1/people/110434"}, "league": {"id": 103, "name": "American League", "link": "/api/v1/league/103"}, "sport": {"id": 1, "link": "/api/v1/sports/1", "abbreviation": "MLB"}, "gameType": "R", "position": {"code": "1", "name": "Pitcher", "type": "Pitcher", "abbreviation": "P"}}, {"season": "1982", "stat": {"gamesPlayed": 8, "gamesStarted": 0, "assists": 1, "putOuts": 1, "errors": 0, "chances": 2, "fielding": "1.000", "position": {"code": "1", "name": "Pitcher", "type": "Pitcher", "abbreviation": "P"}, "rangeFactorPerGame": "0.25", "rangeFactorPer9Inn": "1.38", "innings": "13.1", "games": 8, "doublePlays": 0, "triplePlays": 0, "throwingErrors": 0}, "team": {"id": 143, "name": "Philadelphia Phillies", "link": "/api/v1/teams/143"}, "player": {"id": 110434, "fullName": "Stan Bahnsen", "link": "/api/v1/people/110434"}, "league": {"id": 104, "name": "National League", "link": "/api/v1/league/104"}, "sport": {"id": 1, "link": "/api/v1/sports/1", "abbreviation": "MLB"}, "gameType": "R", "position": {"code": "1", "name": "Pitcher", "type": "Pitcher", "abbreviation": "P"}}, {"season": "1982", "stat": {"gamesPlayed": 15, "gamesStarted": 0, "assists": 1, "putOuts": 1, "errors": 1, "chances": 3, "fielding": ".667", "position": {"code": "1", "name": "Pitcher", "type": "Pitcher", "abbreviation": "P"}, "rangeFactorPerGame": "0.13", "rangeFactorPer9Inn": "0.78", "innings": "23.0", "games": 15, "doublePlays": 0, "triplePlays": 0, "throwingErrors": 0}, "player": {"id": 110434, "fullName": "Stan Bahnsen", "link": "/api/v1/people/110434"}, "sport": {"id": 1, "link": "/api/v1/sports/1", "abbreviation": "MLB"}, "gameType": "R", "numTeams": 2, "position": {"code": "1", "name": "Pitcher", "type": "Pitcher", "abbreviation": "P"}}]}, {"type": {"displayName": "yearByYear"}, "group": {"displayName": "hitting"}, "exemptions": [], "splits": [{"season": "1966", "stat": {"gamesPlayed": 4, "runs": 0, "doubles": 0, "triples": 0, "homeRuns": 0, "strikeOuts": 5, "baseOnBalls": 0, "intentionalWalks": 0, "hits": 1, "hitByPitch": 0, "avg": ".143", "atBats": 7, "obp": ".143", "slg": ".143", "ops": ".286", "caughtStealing": 0, "stolenBases": 0, "stolenBasePercentage": ".---", "groundIntoDoublePlay": 0, "plateAppearances": 7, "totalBases": 1, "rbi": 0, "sacBunts": 0, "sacFlies": 0, "babip": ".500", "atBatsPerHomeRun": "-.--"}, "team": {"id": 147, "name": "New York Yankees", "link": "/api/v1/teams/147"}, "player": {"id": 110434, "fullName": "Stan Bahnsen", "link": "/api/v1/people/110434"}, "league": {"id": 103, "name": "American League", "link": "/api/v1/league/103"}, "sport": {"id": 1, "link": "/api/v1/sports/1", "abbreviation": "MLB"}, "gameType": "R"}, {"season": "1968", "stat": {"gamesPlayed": 37, "runs": 4, "doubles": 0, "triples": 0, "homeRuns": 0, "strikeOuts": 49, "baseOnBalls": 6, "intentionalWalks": 0, "hits": 4, "hitByPitch": 0, "avg": ".049", "atBats": 81, "obp": ".114", "slg": ".049", "ops": ".163", "caughtStealing": 0, "stolenBases": 0, "stolenBasePercentage": ".---", "groundIntoDoublePlay": 0, "plateAppearances": 98, "totalBases": 4, "rbi": 3, "sacBunts": 10, "sacFlies": 1, "babip": ".121", "atBatsPerHomeRun": "-.--"}, "team": {"id": 147, "name": "New York Yankees", "link": "/api/v1/teams/147"}, "player": {"id": 110434, "fullName": "Stan Bahnsen", "link": "/api/v1/people/110434"}, "league": {"id": 103, "name": "American League", "link": "/api/v1/league/103"}, "sport": {"id": 1, "link": "/api/v1/sports/1", "abbreviation": "MLB"}, "gameType": "R"}, {"season": "1969", "stat": {"gamesPlayed": 40, "runs": 1, "doubles": 1, "triples": 0, "homeRuns": 0, "strikeOuts": 33, "baseOnBalls": 2, "intentionalWalks": 0, "hits": 5, "hitByPitch": 0, "avg": ".083", "atBats": 60, "obp": ".113", "slg": ".100", "ops": ".213", "caughtStealing": 0, "stolenBases": 0, "stolenBasePercentage": ".---", "groundIntoDoublePlay": 1, "plateAppearances": 71, "totalBases": 6, "rbi": 1, "sacBunts": 9, "sacFlies": 0, "babip": ".185", "atBatsPerHomeRun": "-.--"}, "team": {"id": 147, "name": "New York Yankees", "link": "/api/v1/teams/147"}, "player": {"id": 110434, "fullName": "Stan Bahnsen", "link": "/api/v1/people/110434"}, "league": {"id": 103, "name": "American League", "link": "/api/v1/league/103"}, "sport": {"id": 1, "link": "/api/v1/sports/1", "abbreviation": "MLB"}, "gameType": "R"}, {"season": "1970", "stat": {"gamesPlayed": 36, "runs": 3, "doubles": 0, "triples": 1, "homeRuns": 0, "strikeOuts": 34, "baseOnBalls": 2, "intentionalWalks": 0, "hits": 11, "hitByPitch": 0, "avg": ".149", "atBats": 74, "obp": ".171", "slg": ".176", "ops": ".347", "caughtStealing": 0, "stolenBases": 0, "stolenBasePercentage": ".---", "groundIntoDoublePlay": 0, "plateAppearances": 84, "totalBases": 13, "rbi": 1, "sacBunts": 8, "sacFlies": 0, "babip": ".275", "atBatsPerHomeRun": "-.--"}, "team": {"id": 147, "name": "New York Yankees", "link": "/api/v1/teams/147"}, "player": {"id": 110434, "fullName": "Stan Bahnsen", "link": "/api/v1/people/110434"}, "league": {"id": 103, "name": "American League", "link": "/api/v1/league/103"}, "sport": {"id": 1, "link": "/api/v1/sports/1", "abbreviation": "MLB"}, "gameType": "R"}, {"season": "1971", "stat": {"gamesPlayed": 36, "runs": 6, "doubles": 2, "triples": 1, "homeRuns": 0, "strikeOuts": 32, "baseOnBalls": 1, "intentionalWalks": 0, "hits": 12, "hitByPitch": 0, "avg": ".152", "atBats": 79, "obp": ".163", "slg": ".203", "ops": ".366", "caughtStealing": 0, "stolenBases": 0, "stolenBasePercentage": ".---", "groundIntoDoublePlay": 0, "plateAppearances": 88, "totalBases": 16, "rbi": 3, "sacBunts": 8, "sacFlies": 0, "babip": ".255", "atBatsPerHomeRun": "-.--"}, "team": {"id": 147, "name": "New York Yankees", "link": "/api/v1/teams/147"}, "player": {"id": 110434, "fullName": "Stan Bahnsen", "link": "/api/v1/people/110434"}, "league": {"id": 103, "name": "American League", "link": "/api/v1/league/103"}, "sport": {"id": 1, "link": "/api/v1/sports/1", "abbreviation": "MLB"}, "gameType": "R"}, {"season": "1972", "stat": {"gamesPlayed": 44, "runs": 5, "doubles": 2, "triples": 0, "homeRuns": 0, "strikeOuts": 38, "baseOnBalls": 1, "intentionalWalks": 0, "hits": 14, "hitByPitch": 1, "avg": ".152", "atBats": 92, "obp": ".170", "slg": ".174", "ops": ".344", "caughtStealing": 0, "stolenBases": 0, "stolenBasePercentage": ".---", "groundIntoDoublePlay": 1, "plateAppearances": 97, "totalBases": 16, "rbi": 2, "sacBunts": 3, "sacFlies": 0, "babip": ".259", "atBatsPerHomeRun": "-.--"}, "team": {"id": 145, "name": "Chicago White Sox", "link": "/api/v1/teams/145"}, "player": {"id": 110434, "fullName": "Stan Bahnsen", "link": "/api/v1/people/110434"}, "league": {"id": 103, "name": "American League", "link": "/api/v1/league/103"}, "sport": {"id": 1, "link": "/api/v1/sports/1", "abbreviation": "MLB"}, "gameType": "R"}, {"season": "1973", "stat": {"gamesPlayed": 42, "runs": 0, "doubles": 0, "triples": 0, "homeRuns": 0, "strikeOuts": 0, "baseOnBalls": 0, "intentionalWalks": 0, "hits": 0, "hitByPitch": 0, "avg": ".000", "atBats": 0, "obp": ".000", "slg": ".000", "ops": ".000", "caughtStealing": 0, "stolenBases": 0, "stolenBasePercentage": ".---", "groundIntoDoublePlay": 0, "plateAppearances": 0, "totalBases": 0, "rbi": 0, "sacBunts": 0, "sacFlies": 0, "babip": ".---", "atBatsPerHomeRun": "-.--"}, "team": {"id": 145, "name": "Chicago White Sox", "link": "/api/v1/teams/145"}, "player": {"id": 110434, "fullName": "Stan Bahnsen", "link": "/api/v1/people/110434"}, "league": {"id": 103, "name": "American League", "link": "/api/v1/league/103"}, "sport": {"id": 1, "link": "/api/v1/sports/1", "abbreviation": "MLB"}, "gameType": "R"}, {"season": "1975", "stat": {"gamesPlayed": 12, "groundOuts": 0, "airOuts": 0, "runs": 0, "doubles": 0, "triples": 0, "homeRuns": 0, "strikeOuts": 0, "baseOnBalls": 0, "intentionalWalks": 0, "hits": 0, "hitByPitch": 0, "avg": ".000", "atBats": 0, "obp": ".000", "slg": ".000", "ops": ".000", "caughtStealing": 0, "stolenBases": 0, "stolenBasePercentage": ".---", "groundIntoDoublePlay": 0, "numberOfPitches": 0, "plateAppearances": 0, "totalBases": 0, "rbi": 0, "leftOnBase": 0, "sacBunts": 0, "sacFlies": 0, "babip": ".---", "groundOutsToAirouts": "-.--", "catchersInterference": 0, "atBatsPerHomeRun": "-.--"}, "team": {"id": 145, "name": "Chicago White Sox", "link": "/api/v1/teams/145"}, "player": {"id": 110434, "fullName": "Stan Bahnsen", "link": "/api/v1/people/110434"}, "league": {"id": 103, "name": "American League", "link": "/api/v1/league/103"}, "sport": {"id": 1, "link": "/api/v1/sports/1", "abbreviation": "MLB"}, "gameType": "R"}, {"season": "1975", "stat": {"gamesPlayed": 21, "groundOuts": 0, "airOuts": 0, "runs": 0, "doubles": 0, "triples": 0, "homeRuns": 0, "strikeOuts": 1, "baseOnBalls": 0, "intentionalWalks": 0, "hits": 0, "hitByPitch": 0, "avg": ".000", "atBats": 1, "obp": ".000", "slg": ".000", "ops": ".000", "caughtStealing": 0, "stolenBases": 0, "stolenBasePercentage": ".---", "groundIntoDoublePlay": 0, "numberOfPitches": 3, "plateAppearances": 1, "totalBases": 0, "rbi": 0, "leftOnBase": 1, "sacBunts": 0, "sacFlies": 0, "babip": ".---", "groundOutsToAirouts": "-.--", "catchersInterference": 0, "atBatsPerHomeRun": "-.--"}, "team": {"id": 133, "name": "Oakland Athletics", "link": "/api/v1/teams/133"}, "player": {"id": 110434, "fullName": "Stan Bahnsen", "link": "/api/v1/people/110434"}, "league": {"id": 103, "name": "American League", "link": "/api/v1/league/103"}, "sport": {"id": 1, "link": "/api/v1/sports/1", "abbreviation": "MLB"}, "gameType": "R"}, {"season": "1975", "stat": {"gamesPlayed": 33, "groundOuts": 0, "airOuts": 0, "runs": 0, "doubles": 0, "triples": 0, "homeRuns": 0, "strikeOuts": 1, "baseOnBalls": 0, "intentionalWalks": 0, "hits": 0, "hitByPitch": 0, "avg": ".000", "atBats": 1, "obp": ".000", "slg": ".000", "ops": ".000", "caughtStealing": 0, "stolenBases": 0, "stolenBasePercentage": ".---", "groundIntoDoublePlay": 0, "numberOfPitches": 3, "plateAppearances": 1, "totalBases": 0, "rbi": 0, "leftOnBase": 1, "sacBunts": 0, "sacFlies": 0, "babip": ".---", "groundOutsToAirouts": "-.--", "catchersInterference": 0, "atBatsPerHomeRun": "-.--"}, "player": {"id": 110434, "fullName": "Stan Bahnsen", "link": "/api/v1/people/110434"}, "sport": {"id": 1, "link": "/api/v1/sports/1", "abbreviation": "MLB"}, "gameType": "R", "numTeams": 2}, {"season": "1976", "stat": {"gamesPlayed": 35, "groundOuts": 0, "airOuts": 0, "runs": 0, "doubles": 0, "triples": 0, "homeRuns": 0, "strikeOuts": 0, "baseOnBalls": 0, "intentionalWalks": 0, "hits": 0, "hitByPitch": 0, "avg": ".000", "atBats": 0, "obp": ".000", "slg": ".000", "ops": ".000", "caughtStealing": 0, "stolenBases": 0, "stolenBasePercentage": ".---", "groundIntoDoublePlay": 0, "numberOfPitches": 0, "plateAppearances": 0, "totalBases": 0, "rbi": 0, "leftOnBase": 0, "sacBunts": 0, "sacFlies": 0, "babip": ".---", "groundOutsToAirouts": "-.--", "catchersInterference": 0, "atBatsPerHomeRun": "-.--"}, "team": {"id": 133, "name": "Oakland Athletics", "link": "/api/v1/teams/133"}, "player": {"id": 110434, "fullName": "Stan Bahnsen", "link": "/api/v1/people/110434"}, "league": {"id": 103, "name": "American League", "link": "/api/v1/league/103"}, "sport": {"id": 1, "link": "/api/v1/sports/1", "abbreviation": "MLB"}, "gameType": "R"}, {"season": "1977", "stat": {"gamesPlayed": 23, "groundOuts": 7, "airOuts": 5, "runs": 0, "doubles": 2, "triples": 0, "homeRuns": 0, "strikeOuts": 18, "baseOnBalls": 3, "intentionalWalks": 0, "hits": 5, "hitByPitch": 0, "avg": ".119", "atBats": 42, "obp": ".178", "slg": ".167", "ops": ".345", "caughtStealing": 0, "stolenBases": 0, "stolenBasePercentage": ".---", "groundIntoDoublePlay": 1, "numberOfPitches": 94, "plateAppearances": 49, "totalBases": 7, "rbi": 7, "leftOnBase": 23, "sacBunts": 4, "sacFlies": 0, "babip": ".208", "groundOutsToAirouts": "1.40", "catchersInterference": 0, "atBatsPerHomeRun": "-.--"}, "team": {"id": 120, "name": "Montreal Expos", "link": "/api/v1/teams/120"}, "player": {"id": 110434, "fullName": "Stan Bahnsen", "link": "/api/v1/people/110434"}, "league": {"id": 104, "name": "National League", "link": "/api/v1/league/104"}, "sport": {"id": 1, "link": "/api/v1/sports/1", "abbreviation": "MLB"}, "gameType": "R"}, {"season": "1978", "stat": {"gamesPlayed": 44, "groundOuts": 1, "airOuts": 3, "runs": 0, "doubles": 0, "triples": 0, "homeRuns": 0, "strikeOuts": 3, "baseOnBalls": 0, "intentionalWalks": 0, "hits": 1, "hitByPitch": 0, "avg": ".091", "atBats": 11, "obp": ".091", "slg": ".091", "ops": ".182", "caughtStealing": 0, "stolenBases": 0, "stolenBasePercentage": ".---", "groundIntoDoublePlay": 0, "numberOfPitches": 18, "plateAppearances": 12, "totalBases": 1, "rbi": 0, "leftOnBase": 8, "sacBunts": 1, "sacFlies": 0, "babip": ".125", "groundOutsToAirouts": "0.33", "catchersInterference": 0, "atBatsPerHomeRun": "-.--"}, "team": {"id": 120, "name": "Montreal Expos", "link": "/api/v1/teams/120"}, "player": {"id": 110434, "fullName": "Stan Bahnsen", "link": "/api/v1/people/110434"}, "league": {"id": 104, "name": "National League", "link": "/api/v1/league/104"}, "sport": {"id": 1, "link": "/api/v1/sports/1", "abbreviation": "MLB"}, "gameType": "R"}, {"season": "1979", "stat": {"gamesPlayed": 55, "groundOuts": 2, "airOuts": 1, "runs": 2, "doubles": 0, "triples": 0, "homeRuns": 1, "strikeOuts": 5, "baseOnBalls": 0, "intentionalWalks": 0, "hits": 1, "hitByPitch": 0, "avg": ".071", "atBats": 14, "obp": ".071", "slg": ".286", "ops": ".357", "caughtStealing": 0, "stolenBases": 0, "stolenBasePercentage": ".---", "groundIntoDoublePlay": 0, "numberOfPitches": 24, "plateAppearances": 14, "totalBases": 4, "rbi": 2, "leftOnBase": 6, "sacBunts": 0, "sacFlies": 0, "babip": ".000", "groundOutsToAirouts": "2.00", "catchersInterference": 0, "atBatsPerHomeRun": "14.00"}, "team": {"id": 120, "name": "Montreal Expos", "link": "/api/v1/teams/120"}, "player": {"id": 110434, "fullName": "Stan Bahnsen", "link": "/api/v1/people/110434"}, "league": {"id": 104, "name": "National League", "link": "/api/v1/league/104"}, "sport": {"id": 1, "link": "/api/v1/sports/1", "abbreviation": "MLB"}, "gameType": "R"}, {"season": "1980", "stat": {"gamesPlayed": 57, "groundOuts": 1, "airOuts": 0, "runs": 1, "doubles": 1, "triples": 0, "homeRuns": 0, "strikeOuts": 3, "baseOnBalls": 4, "intentionalWalks": 0, "hits": 1, "hitByPitch": 0, "avg": ".111", "atBats": 9, "obp": ".385", "slg": ".222", "ops": ".607", "caughtStealing": 0, "stolenBases": 0, "stolenBasePercentage": ".---", "groundIntoDoublePlay": 1, "numberOfPitches": 31, "plateAppearances": 13, "totalBases": 2, "rbi": 0, "leftOnBase": 7, "sacBunts": 0, "sacFlies": 0, "babip": ".167", "groundOutsToAirouts": "1.00", "catchersInterference": 0, "atBatsPerHomeRun": "-.--"}, "team": {"id": 120, "name": "Montreal Expos", "link": "/api/v1/teams/120"}, "player": {"id": 110434, "fullName": "Stan Bahnsen", "link": "/api/v1/people/110434"}, "league": {"id": 104, "name": "National League", "link": "/api/v1/league/104"}, "sport": {"id": 1, "link": "/api/v1/sports/1", "abbreviation": "MLB"}, "gameType": "R"}, {"season": "1981", "stat": {"gamesPlayed": 25, "groundOuts": 0, "airOuts": 3, "runs": 0, "doubles": 0, "triples": 0, "homeRuns": 0, "strikeOuts": 4, "baseOnBalls": 0, "intentionalWalks": 0, "hits": 1, "hitByPitch": 0, "avg": ".111", "atBats": 9, "obp": ".111", "slg": ".111", "ops": ".222", "caughtStealing": 0, "stolenBases": 0, "stolenBasePercentage": ".---", "groundIntoDoublePlay": 0, "numberOfPitches": 17, "plateAppearances": 9, "totalBases": 1, "rbi": 0, "leftOnBase": 6, "sacBunts": 0, "sacFlies": 0, "babip": ".200", "groundOutsToAirouts": "0.00", "catchersInterference": 0, "atBatsPerHomeRun": "-.--"}, "team": {"id": 120, "name": "Montreal Expos", "link": "/api/v1/teams/120"}, "player": {"id": 110434, "fullName": "Stan Bahnsen", "link": "/api/v1/people/110434"}, "league": {"id": 104, "name": "National League", "link": "/api/v1/league/104"}, "sport": {"id": 1, "link": "/api/v1/sports/1", "abbreviation": "MLB"}, "gameType": "R"}, {"season": "1982", "stat": {"gamesPlayed": 8, "groundOuts": 0, "airOuts": 0, "runs": 0, "doubles": 0, "triples": 0, "homeRuns": 0, "strikeOuts": 0, "baseOnBalls": 0, "intentionalWalks": 0, "hits": 0, "hitByPitch": 0, "avg": ".000", "atBats": 0, "obp": ".000", "slg": ".000", "ops": ".000", "caughtStealing": 0, "stolenBases": 0, "stolenBasePercentage": ".---", "groundIntoDoublePlay": 0, "numberOfPitches": 0, "plateAppearances": 0, "totalBases": 0, "rbi": 0, "leftOnBase": 0, "sacBunts": 0, "sacFlies": 0, "babip": ".---", "groundOutsToAirouts": "-.--", "catchersInterference": 0, "atBatsPerHomeRun": "-.--"}, "team": {"id": 143, "name": "Philadelphia Phillies", "link": "/api/v1/teams/143"}, "player": {"id": 110434, "fullName": "Stan Bahnsen", "link": "/api/v1/people/110434"}, "league": {"id": 104, "name": "National League", "link": "/api/v1/league/104"}, "sport": {"id": 1, "link": "/api/v1/sports/1", "abbreviation": "MLB"}, "gameType": "R"}]}, {"type": {"displayName": "yearByYear"}, "group": {"displayName": "pitching"}, "exemptions": [], "splits": [{"season": "1966", "stat": {"gamesPlayed": 4, "gamesStarted": 3, "runs": 9, "homeRuns": 3, "strikeOuts": 16, "baseOnBalls": 7, "intentionalWalks": 0, "hits": 15, "hitByPitch": 0, "avg": ".181", "atBats": 83, "obp": ".244", "era": "3.52", "inningsPitched": "23.0", "wins": 1, "losses": 1, "saves": 1, "earnedRuns": 9, "whip": "0.96", "battersFaced": 90, "outs": 69, "gamesPitched": 4, "completeGames": 1, "shutouts": 0, "hitBatsmen": 0, "balks": 0, "wildPitches": 3, "winPercentage": ".500", "gamesFinished": 1, "strikeoutWalkRatio": "2.29", "strikeoutsPer9Inn": "6.26", "walksPer9Inn": "2.74", "hitsPer9Inn": "5.87", "runsScoredPer9": "3.52", "homeRunsPer9": "1.17", "sacBunts": 0, "sacFlies": 0}, "team": {"id": 147, "name": "New York Yankees", "link": "/api/v1/teams/147"}, "player": {"id": 110434, "fullName": "Stan Bahnsen", "link": "/api/v1/people/110434"}, "league": {"id": 103, "name": "American League", "link": "/api/v1/league/103"}, "sport": {"id": 1, "link": "/api/v1/sports/1", "abbreviation": "MLB"}, "gameType": "R"}, {"season": "1968", "stat": {"gamesPlayed": 37, "gamesStarted": 34, "runs": 72, "homeRuns": 14, "strikeOuts": 162, "baseOnBalls": 68, "intentionalWalks": 6, "hits": 216, "hitByPitch": 2, "avg": ".221", "atBats": 979, "obp": ".271", "era": "2.05", "inningsPitched": "267.1", "wins": 17, "losses": 12, "saves": 0, "earnedRuns": 61, "whip": "1.06", "battersFaced": 1070, "outs": 802, "gamesPitched": 37, "completeGames": 10, "shutouts": 1, "hitBatsmen": 2, "balks": 1, "wildPitches": 4, "winPercentage": ".586", "gamesFinished": 3, "strikeoutWalkRatio": "2.38", "strikeoutsPer9Inn": "5.45", "walksPer9Inn": "2.29", "hitsPer9Inn": "7.27", "runsScoredPer9": "2.42", "homeRunsPer9": "0.47", "sacBunts": 16, "sacFlies": 5}, "team": {"id": 147, "name": "New York Yankees", "link": "/api/v1/teams/147"}, "player": {"id": 110434, "fullName": "Stan Bahnsen", "link": "/api/v1/people/110434"}, "league": {"id": 103, "name": "American League", "link": "/api/v1/league/103"}, "sport": {"id": 1, "link": "/api/v1/sports/1", "abbreviation": "MLB"}, "gameType": "R"}, {"season": "1969", "stat": {"gamesPlayed": 40, "gamesStarted": 33, "runs": 102, "homeRuns": 28, "strikeOuts": 130, "baseOnBalls": 90, "intentionalWalks": 9, "hits": 222, "hitByPitch": 0, "avg": ".260", "atBats": 853, "obp": ".330", "era": "3.83", "inningsPitched": "220.2", "wins": 9, "losses": 16, "saves": 1, "saveOpportunities": 1, "blownSaves": 0, "earnedRuns": 94, "whip": "1.41", "battersFaced": 956, "outs": 662, "gamesPitched": 40, "completeGames": 5, "shutouts": 2, "hitBatsmen": 0, "balks": 0, "wildPitches": 10, "winPercentage": ".360", "gamesFinished": 4, "strikeoutWalkRatio": "1.44", "strikeoutsPer9Inn": "5.30", "walksPer9Inn": "3.67", "hitsPer9Inn": "9.05", "runsScoredPer9": "4.16", "homeRunsPer9": "1.14", "sacBunts": 10, "sacFlies": 3}, "team": {"id": 147, "name": "New York Yankees", "link": "/api/v1/teams/147"}, "player": {"id": 110434, "fullName": "Stan Bahnsen", "link": "/api/v1/people/110434"}, "league": {"id": 103, "name": "American League", "link": "/api/v1/league/103"}, "sport": {"id": 1, "link": "/api/v1/sports/1", "abbreviation": "MLB"}, "gameType": "R"}, {"season": "1970", "stat": {"gamesPlayed": 36, "gamesStarted": 35, "runs": 100, "homeRuns": 23, "strikeOuts": 116, "baseOnBalls": 75, "intentionalWalks": 4, "hits": 227, "hitByPitch": 2, "avg": ".256", "atBats": 885, "obp": ".312", "era": "3.33", "inningsPitched": "232.2", "wins": 14, "losses": 11, "saves": 0, "saveOpportunities": 0, "blownSaves": 0, "earnedRuns": 86, "whip": "1.30", "battersFaced": 977, "outs": 698, "gamesPitched": 36, "completeGames": 6, "shutouts": 2, "hitBatsmen": 2, "balks": 0, "wildPitches": 3, "winPercentage": ".560", "gamesFinished": 0, "strikeoutWalkRatio": "1.55", "strikeoutsPer9Inn": "4.49", "walksPer9Inn": "2.90", "hitsPer9Inn": "8.78", "runsScoredPer9": "3.87", "homeRunsPer9": "0.89", "sacBunts": 4, "sacFlies": 11}, "team": {"id": 147, "name": "New York Yankees", "link": "/api/v1/teams/147"}, "player": {"id": 110434, "fullName": "Stan Bahnsen", "link": "/api/v1/people/110434"}, "league": {"id": 103, "name": "American League", "link": "/api/v1/league/103"}, "sport": {"id": 1, "link": "/api/v1/sports/1", "abbreviation": "MLB"}, "gameType": "R"}, {"season": "1971", "stat": {"gamesPlayed": 36, "gamesStarted": 34, "runs": 99, "homeRuns": 20, "strikeOuts": 110, "baseOnBalls": 72, "intentionalWalks": 8, "hits": 221, "hitByPitch": 5, "avg": ".248", "atBats": 892, "obp": ".304", "era": "3.35", "inningsPitched": "242.0", "wins": 14, "losses": 12, "saves": 0, "saveOpportunities": 0, "blownSaves": 0, "earnedRuns": 90, "whip": "1.21", "battersFaced": 993, "outs": 726, "gamesPitched": 36, "completeGames": 14, "shutouts": 3, "hitBatsmen": 5, "balks": 1, "wildPitches": 9, "winPercentage": ".538", "gamesFinished": 2, "strikeoutWalkRatio": "1.53", "strikeoutsPer9Inn": "4.09", "walksPer9Inn": "2.68", "hitsPer9Inn": "8.22", "runsScoredPer9": "3.68", "homeRunsPer9": "0.74", "sacBunts": 14, "sacFlies": 10}, "team": {"id": 147, "name": "New York Yankees", "link": "/api/v1/teams/147"}, "player": {"id": 110434, "fullName": "Stan Bahnsen", "link": "/api/v1/people/110434"}, "league": {"id": 103, "name": "American League", "link": "/api/v1/league/103"}, "sport": {"id": 1, "link": "/api/v1/sports/1", "abbreviation": "MLB"}, "gameType": "R"}, {"season": "1972", "stat": {"gamesPlayed": 43, "gamesStarted": 41, "runs": 107, "homeRuns": 22, "strikeOuts": 157, "baseOnBalls": 73, "intentionalWalks": 1, "hits": 263, "hitByPitch": 6, "avg": ".268", "atBats": 980, "obp": ".321", "era": "3.60", "inningsPitched": "252.1", "wins": 21, "losses": 16, "saves": 0, "saveOpportunities": 0, "blownSaves": 0, "earnedRuns": 101, "whip": "1.33", "battersFaced": 1075, "outs": 757, "gamesPitched": 43, "completeGames": 5, "shutouts": 1, "hitBatsmen": 6, "balks": 0, "wildPitches": 8, "winPercentage": ".568", "gamesFinished": 1, "strikeoutWalkRatio": "2.15", "strikeoutsPer9Inn": "5.60", "walksPer9Inn": "2.60", "hitsPer9Inn": "9.38", "runsScoredPer9": "3.82", "homeRunsPer9": "0.78", "sacBunts": 8, "sacFlies": 8}, "team": {"id": 145, "name": "Chicago White Sox", "link": "/api/v1/teams/145"}, "player": {"id": 110434, "fullName": "Stan Bahnsen", "link": "/api/v1/people/110434"}, "league": {"id": 103, "name": "American League", "link": "/api/v1/league/103"}, "sport": {"id": 1, "link": "/api/v1/sports/1", "abbreviation": "MLB"}, "gameType": "R"}, {"season": "1973", "stat": {"gamesPlayed": 42, "gamesStarted": 42, "runs": 128, "homeRuns": 20, "strikeOuts": 120, "baseOnBalls": 117, "intentionalWalks": 2, "hits": 290, "hitByPitch": 5, "avg": ".269", "atBats": 1079, "obp": ".341", "era": "3.57", "inningsPitched": "282.1", "wins": 18, "losses": 21, "saves": 0, "saveOpportunities": 0, "blownSaves": 0, "earnedRuns": 112, "whip": "1.44", "battersFaced": 1218, "outs": 847, "gamesPitched": 42, "completeGames": 14, "shutouts": 4, "hitBatsmen": 5, "balks": 0, "wildPitches": 10, "winPercentage": ".462", "gamesFinished": 0, "strikeoutWalkRatio": "1.03", "strikeoutsPer9Inn": "3.83", "walksPer9Inn": "3.73", "hitsPer9Inn": "9.24", "runsScoredPer9": "4.08", "homeRunsPer9": "0.64", "sacBunts": 9, "sacFlies": 8}, "team": {"id": 145, "name": "Chicago White Sox", "link": "/api/v1/teams/145"}, "player": {"id": 110434, "fullName": "Stan Bahnsen", "link": "/api/v1/people/110434"}, "league": {"id": 103, "name": "American League", "link": "/api/v1/league/103"}, "sport": {"id": 1, "link": "/api/v1/sports/1", "abbreviation": "MLB"}, "gameType": "R"}, {"season": "1974", "stat": {"gamesPlayed": 38, "gamesStarted": 35, "groundOuts": 82, "airOuts": 79, "runs": 128, "doubles": 28, "triples": 7, "homeRuns": 17, "strikeOuts": 102, "baseOnBalls": 110, "intentionalWalks": 6, "hits": 230, "hitByPitch": 4, "avg": ".277", "atBats": 830, "obp": ".362", "slg": ".389", "ops": ".751", "caughtStealing": 15, "stolenBases": 14, "stolenBasePercentage": ".483", "groundIntoDoublePlay": 32, "numberOfPitches": 1492, "era": "4.70", "inningsPitched": "216.1", "wins": 12, "losses": 15, "saves": 0, "saveOpportunities": 0, "holds": 0, "blownSaves": 0, "earnedRuns": 113, "whip": "1.57", "battersFaced": 958, "outs": 649, "gamesPitched": 38, "completeGames": 10, "shutouts": 1, "strikes": 1048, "strikePercentage": ".700", "hitBatsmen": 4, "balks": 1, "wildPitches": 8, "pickoffs": 1, "totalBases": 323, "groundOutsToAirouts": "1.04", "winPercentage": ".444", "pitchesPerInning": "6.90", "gamesFinished": 2, "strikeoutWalkRatio": "0.93", "strikeoutsPer9Inn": "4.24", "walksPer9Inn": "4.58", "hitsPer9Inn": "9.57", "runsScoredPer9": "5.33", "homeRunsPer9": "0.71", "inheritedRunners": 6, "inheritedRunnersScored": 1, "catchersInterference": 0, "sacBunts": 8, "sacFlies": 6}, "team": {"id": 145, "name": "Chicago White Sox", "link": "/api/v1/teams/145"}, "player": {"id": 110434, "fullName": "Stan Bahnsen", "link": "/api/v1/people/110434"}, "league": {"id": 103, "name": "American League", "link": "/api/v1/league/103"}, "sport": {"id": 1, "link": "/api/v1/sports/1", "abbreviation": "MLB"}, "gameType": "R"}, {"season": "1975", "stat": {"gamesPlayed": 12, "gamesStarted": 12, "groundOuts": 20, "airOuts": 30, "runs": 49, "doubles": 9, "triples": 5, "homeRuns": 9, "strikeOuts": 31, "baseOnBalls": 40, "intentionalWalks": 0, "hits": 78, "hitByPitch": 3, "avg": ".291", "atBats": 268, "obp": ".389", "slg": ".463", "ops": ".852", "caughtStealing": 4, "stolenBases": 0, "stolenBasePercentage": ".000", "groundIntoDoublePlay": 7, "numberOfPitches": 495, "era": "6.01", "inningsPitched": "67.1", "wins": 4, "losses": 6, "saves": 0, "saveOpportunities": 0, "holds": 0, "blownSaves": 0, "earnedRuns": 45, "whip": "1.75", "battersFaced": 313, "outs": 202, "gamesPitched": 12, "completeGames": 2, "shutouts": 0, "strikes": 332, "strikePercentage": ".670", "hitBatsmen": 3, "balks": 0, "wildPitches": 1, "pickoffs": 2, "totalBases": 124, "groundOutsToAirouts": "0.67", "winPercentage": ".400", "pitchesPerInning": "7.35", "gamesFinished": 0, "strikeoutWalkRatio": "0.78", "strikeoutsPer9Inn": "4.14", "walksPer9Inn": "5.35", "hitsPer9Inn": "10.43", "runsScoredPer9": "6.55", "homeRunsPer9": "1.20", "inheritedRunners": 0, "inheritedRunnersScored": 0, "catchersInterference": 0, "sacBunts": 2, "sacFlies": 0}, "team": {"id": 145, "name": "Chicago White Sox", "link": "/api/v1/teams/145"}, "player": {"id": 110434, "fullName": "Stan Bahnsen", "link": "/api/v1/people/110434"}, "league": {"id": 103, "name": "American League", "link": "/api/v1/league/103"}, "sport": {"id": 1, "link": "/api/v1/sports/1", "abbreviation": "MLB"}, "gameType": "R"}, {"season": "1975", "stat": {"gamesPlayed": 21, "gamesStarted": 16, "groundOuts": 38, "airOuts": 45, "runs": 42, "doubles": 18, "triples": 2, "homeRuns": 2, "strikeOuts": 49, "baseOnBalls": 37, "intentionalWalks": 1, "hits": 88, "hitByPitch": 3, "avg": ".238", "atBats": 369, "obp": ".310", "slg": ".314", "ops": ".624", "caughtStealing": 2, "stolenBases": 5, "stolenBasePercentage": ".714", "groundIntoDoublePlay": 8, "numberOfPitches": 630, "era": "3.24", "inningsPitched": "100.0", "wins": 6, "losses": 7, "saves": 0, "saveOpportunities": 0, "holds": 0, "blownSaves": 0, "earnedRuns": 36, "whip": "1.25", "battersFaced": 421, "outs": 300, "gamesPitched": 21, "completeGames": 2, "shutouts": 0, "strikes": 479, "strikePercentage": ".760", "hitBatsmen": 3, "balks": 0, "wildPitches": 9, "pickoffs": 1, "totalBases": 116, "groundOutsToAirouts": "0.84", "winPercentage": ".462", "pitchesPerInning": "6.30", "gamesFinished": 4, "strikeoutWalkRatio": "1.32", "strikeoutsPer9Inn": "4.41", "walksPer9Inn": "3.33", "hitsPer9Inn": "7.92", "runsScoredPer9": "3.78", "homeRunsPer9": "0.18", "inheritedRunners": 3, "inheritedRunnersScored": 2, "catchersInterference": 0, "sacBunts": 8, "sacFlies": 4}, "team": {"id": 133, "name": "Oakland Athletics", "link": "/api/v1/teams/133"}, "player": {"id": 110434, "fullName": "Stan Bahnsen", "link": "/api/v1/people/110434"}, "league": {"id": 103, "name": "American League", "link": "/api/v1/league/103"}, "sport": {"id": 1, "link": "/api/v1/sports/1", "abbreviation": "MLB"}, "gameType": "R"}, {"season": "1975", "stat": {"gamesPlayed": 33, "gamesStarted": 28, "groundOuts": 58, "airOuts": 75, "runs": 91, "doubles": 27, "triples": 7, "homeRuns": 11, "strikeOuts": 80, "baseOnBalls": 77, "intentionalWalks": 1, "hits": 166, "hitByPitch": 6, "avg": ".261", "atBats": 637, "obp": ".344", "slg": ".377", "ops": ".721", "caughtStealing": 6, "stolenBases": 5, "stolenBasePercentage": ".455", "groundIntoDoublePlay": 15, "numberOfPitches": 1125, "era": "4.36", "inningsPitched": "167.1", "wins": 10, "losses": 13, "saves": 0, "saveOpportunities": 0, "holds": 0, "blownSaves": 0, "earnedRuns": 81, "whip": "1.45", "battersFaced": 734, "outs": 502, "gamesPitched": 33, "completeGames": 4, "shutouts": 0, "strikes": 811, "strikePercentage": ".720", "hitBatsmen": 6, "balks": 0, "wildPitches": 10, "pickoffs": 3, "totalBases": 240, "groundOutsToAirouts": "0.77", "winPercentage": ".435", "pitchesPerInning": "6.72", "gamesFinished": 4, "strikeoutWalkRatio": "1.04", "strikeoutsPer9Inn": "4.30", "walksPer9Inn": "4.14", "hitsPer9Inn": "8.93", "runsScoredPer9": "4.89", "homeRunsPer9": "0.59", "inheritedRunners": 3, "inheritedRunnersScored": 2, "catchersInterference": 0, "sacBunts": 10, "sacFlies": 4}, "player": {"id": 110434, "fullName": "Stan Bahnsen", "link": "/api/v1/people/110434"}, "sport": {"id": 1, "link": "/api/v1/sports/1", "abbreviation": "MLB"}, "gameType": "R", "numTeams": 2}, {"season": "1976", "stat": {"gamesPlayed": 35, "gamesStarted": 14, "groundOuts": 45, "airOuts": 82, "runs": 55, "doubles": 27, "triples": 4, "homeRuns": 13, "strikeOuts": 82, "baseOnBalls": 43, "intentionalWalks": 3, "hits": 124, "hitByPitch": 2, "avg": ".232", "atBats": 534, "obp": ".290", "slg": ".371", "ops": ".661", "caughtStealing": 5, "stolenBases": 12, "stolenBasePercentage": ".706", "groundIntoDoublePlay": 6, "numberOfPitches": 882, "era": "3.34", "inningsPitched": "143.0", "wins": 8, "losses": 7, "saves": 0, "saveOpportunities": 0, "holds": 0, "blownSaves": 0, "earnedRuns": 53, "whip": "1.17", "battersFaced": 589, "outs": 429, "gamesPitched": 35, "completeGames": 1, "shutouts": 1, "strikes": 708, "strikePercentage": ".800", "hitBatsmen": 2, "balks": 0, "wildPitches": 7, "pickoffs": 1, "totalBases": 198, "groundOutsToAirouts": "0.55", "winPercentage": ".533", "pitchesPerInning": "6.17", "gamesFinished": 10, "strikeoutWalkRatio": "1.91", "strikeoutsPer9Inn": "5.16", "walksPer9Inn": "2.71", "hitsPer9Inn": "7.80", "runsScoredPer9": "3.46", "homeRunsPer9": "0.82", "inheritedRunners": 31, "inheritedRunnersScored": 9, "catchersInterference": 0, "sacBunts": 6, "sacFlies": 4}, "team": {"id": 133, "name": "Oakland Athletics", "link": "/api/v1/teams/133"}, "player": {"id": 110434, "fullName": "Stan Bahnsen", "link": "/api/v1/people/110434"}, "league": {"id": 103, "name": "American League", "link": "/api/v1/league/103"}, "sport": {"id": 1, "link": "/api/v1/sports/1", "abbreviation": "MLB"}, "gameType": "R"}, {"season": "1977", "stat": {"gamesPlayed": 11, "gamesStarted": 2, "groundOuts": 4, "airOuts": 12, "runs": 16, "doubles": 5, "triples": 0, "homeRuns": 5, "strikeOuts": 21, "baseOnBalls": 13, "intentionalWalks": 5, "hits": 24, "hitByPitch": 1, "avg": ".286", "atBats": 84, "obp": ".380", "slg": ".524", "ops": ".904", "caughtStealing": 2, "stolenBases": 4, "stolenBasePercentage": ".667", "groundIntoDoublePlay": 2, "numberOfPitches": 181, "era": "6.14", "inningsPitched": "22.0", "wins": 1, "losses": 2, "saves": 1, "saveOpportunities": 1, "holds": 0, "blownSaves": 0, "earnedRuns": 15, "whip": "1.68", "battersFaced": 100, "outs": 66, "gamesPitched": 11, "completeGames": 0, "shutouts": 0, "strikes": 128, "strikePercentage": ".710", "hitBatsmen": 1, "balks": 0, "wildPitches": 2, "pickoffs": 0, "totalBases": 44, "groundOutsToAirouts": "0.33", "winPercentage": ".333", "pitchesPerInning": "8.23", "gamesFinished": 3, "strikeoutWalkRatio": "1.62", "strikeoutsPer9Inn": "8.59", "walksPer9Inn": "5.32", "hitsPer9Inn": "9.82", "runsScoredPer9": "6.55", "homeRunsPer9": "2.05", "inheritedRunners": 6, "inheritedRunnersScored": 3, "catchersInterference": 0, "sacBunts": 0, "sacFlies": 2}, "team": {"id": 133, "name": "Oakland Athletics", "link": "/api/v1/teams/133"}, "player": {"id": 110434, "fullName": "Stan Bahnsen", "link": "/api/v1/people/110434"}, "league": {"id": 103, "name": "American League", "link": "/api/v1/league/103"}, "sport": {"id": 1, "link": "/api/v1/sports/1", "abbreviation": "MLB"}, "gameType": "R"}, {"season": "1977", "stat": {"gamesPlayed": 23, "gamesStarted": 22, "groundOuts": 33, "airOuts": 52, "runs": 76, "doubles": 27, "triples": 6, "homeRuns": 14, "strikeOuts": 58, "baseOnBalls": 38, "intentionalWalks": 2, "hits": 142, "hitByPitch": 0, "avg": ".283", "atBats": 502, "obp": ".332", "slg": ".444", "ops": ".776", "caughtStealing": 8, "stolenBases": 4, "stolenBasePercentage": ".333", "groundIntoDoublePlay": 5, "numberOfPitches": 810, "era": "4.81", "inningsPitched": "127.1", "wins": 8, "losses": 9, "saves": 0, "saveOpportunities": 0, "holds": 0, "blownSaves": 0, "earnedRuns": 68, "whip": "1.41", "battersFaced": 547, "outs": 382, "gamesPitched": 23, "completeGames": 3, "shutouts": 1, "strikes": 644, "strikePercentage": ".800", "hitBatsmen": 0, "balks": 0, "wildPitches": 4, "pickoffs": 2, "totalBases": 223, "groundOutsToAirouts": "0.63", "winPercentage": ".471", "pitchesPerInning": "6.36", "gamesFinished": 0, "strikeoutWalkRatio": "1.53", "strikeoutsPer9Inn": "4.10", "walksPer9Inn": "2.69", "hitsPer9Inn": "10.04", "runsScoredPer9": "5.37", "homeRunsPer9": "0.99", "inheritedRunners": 2, "inheritedRunnersScored": 1, "catchersInterference": 0, "sacBunts": 5, "sacFlies": 2}, "team": {"id": 120, "name": "Montreal Expos", "link": "/api/v1/teams/120"}, "player": {"id": 110434, "fullName": "Stan Bahnsen", "link": "/api/v1/people/110434"}, "league": {"id": 104, "name": "National League", "link": "/api/v1/league/104"}, "sport": {"id": 1, "link": "/api/v1/sports/1", "abbreviation": "MLB"}, "gameType": "R"}, {"season": "1977", "stat": {"gamesPlayed": 34, "gamesStarted": 24, "groundOuts": 37, "airOuts": 64, "runs": 92, "doubles": 32, "triples": 6, "homeRuns": 19, "strikeOuts": 79, "baseOnBalls": 51, "intentionalWalks": 7, "hits": 166, "hitByPitch": 1, "avg": ".283", "atBats": 586, "obp": ".340", "slg": ".456", "ops": ".796", "caughtStealing": 10, "stolenBases": 8, "stolenBasePercentage": ".444", "groundIntoDoublePlay": 7, "numberOfPitches": 991, "era": "5.00", "inningsPitched": "149.1", "wins": 9, "losses": 11, "saves": 1, "saveOpportunities": 1, "holds": 0, "blownSaves": 0, "earnedRuns": 83, "whip": "1.45", "battersFaced": 647, "outs": 448, "gamesPitched": 34, "completeGames": 3, "shutouts": 1, "strikes": 772, "strikePercentage": ".780", "hitBatsmen": 1, "balks": 0, "wildPitches": 6, "pickoffs": 2, "totalBases": 267, "groundOutsToAirouts": "0.58", "winPercentage": ".450", "pitchesPerInning": "6.64", "gamesFinished": 3, "strikeoutWalkRatio": "1.55", "strikeoutsPer9Inn": "4.76", "walksPer9Inn": "3.07", "hitsPer9Inn": "10.00", "runsScoredPer9": "5.54", "homeRunsPer9": "1.15", "inheritedRunners": 8, "inheritedRunnersScored": 4, "catchersInterference": 0, "sacBunts": 5, "sacFlies": 4}, "player": {"id": 110434, "fullName": "Stan Bahnsen", "link": "/api/v1/people/110434"}, "sport": {"id": 1, "link": "/api/v1/sports/1", "abbreviation": "MLB"}, "gameType": "R", "numTeams": 2}, {"season": "1978", "stat": {"gamesPlayed": 44, "gamesStarted": 1, "groundOuts": 22, "airOuts": 36, "runs": 35, "doubles": 11, "triples": 0, "homeRuns": 9, "strikeOuts": 44, "baseOnBalls": 31, "intentionalWalks": 2, "hits": 74, "hitByPitch": 0, "avg": ".261", "atBats": 283, "obp": ".333", "slg": ".396", "ops": ".729", "caughtStealing": 5, "stolenBases": 0, "stolenBasePercentage": ".000", "groundIntoDoublePlay": 4, "numberOfPitches": 519, "era": "3.84", "inningsPitched": "75.0", "wins": 1, "losses": 5, "saves": 7, "saveOpportunities": 7, "holds": 0, "blownSaves": 0, "earnedRuns": 32, "whip": "1.40", "battersFaced": 317, "outs": 225, "gamesPitched": 44, "completeGames": 0, "shutouts": 0, "strikes": 385, "strikePercentage": ".740", "hitBatsmen": 0, "balks": 0, "wildPitches": 2, "pickoffs": 0, "totalBases": 112, "groundOutsToAirouts": "0.61", "winPercentage": ".167", "pitchesPerInning": "6.92", "gamesFinished": 22, "strikeoutWalkRatio": "1.42", "strikeoutsPer9Inn": "5.28", "walksPer9Inn": "3.72", "hitsPer9Inn": "8.88", "runsScoredPer9": "4.20", "homeRunsPer9": "1.08", "inheritedRunners": 36, "inheritedRunnersScored": 5, "catchersInterference": 0, "sacBunts": 2, "sacFlies": 1}, "team": {"id": 120, "name": "Montreal Expos", "link": "/api/v1/teams/120"}, "player": {"id": 110434, "fullName": "Stan Bahnsen", "link": "/api/v1/people/110434"}, "league": {"id": 104, "name": "National League", "link": "/api/v1/league/104"}, "sport": {"id": 1, "link": "/api/v1/sports/1", "abbreviation": "MLB"}, "gameType": "R"}, {"season": "1979", "stat": {"gamesPlayed": 55, "gamesStarted": 0, "groundOuts": 30, "airOuts": 30, "runs": 34, "doubles": 3, "triples": 3, "homeRuns": 10, "strikeOuts": 71, "baseOnBalls": 42, "intentionalWalks": 4, "hits": 80, "hitByPitch": 0, "avg": ".236", "atBats": 339, "obp": ".319", "slg": ".351", "ops": ".670", "caughtStealing": 14, "stolenBases": 6, "stolenBasePercentage": ".300", "groundIntoDoublePlay": 6, "numberOfPitches": 657, "era": "3.15", "inningsPitched": "94.1", "wins": 3, "losses": 1, "saves": 5, "saveOpportunities": 5, "holds": 0, "blownSaves": 0, "earnedRuns": 33, "whip": "1.29", "battersFaced": 388, "outs": 283, "gamesPitched": 55, "completeGames": 0, "shutouts": 0, "strikes": 489, "strikePercentage": ".740", "hitBatsmen": 0, "balks": 0, "wildPitches": 2, "pickoffs": 1, "totalBases": 119, "groundOutsToAirouts": "1.00", "winPercentage": ".750", "pitchesPerInning": "6.96", "gamesFinished": 15, "strikeoutWalkRatio": "1.69", "strikeoutsPer9Inn": "6.77", "walksPer9Inn": "4.01", "hitsPer9Inn": "7.63", "runsScoredPer9": "3.24", "homeRunsPer9": "0.95", "inheritedRunners": 46, "inheritedRunnersScored": 12, "catchersInterference": 0, "sacBunts": 6, "sacFlies": 1}, "team": {"id": 120, "name": "Montreal Expos", "link": "/api/v1/teams/120"}, "player": {"id": 110434, "fullName": "Stan Bahnsen", "link": "/api/v1/people/110434"}, "league": {"id": 104, "name": "National League", "link": "/api/v1/league/104"}, "sport": {"id": 1, "link": "/api/v1/sports/1", "abbreviation": "MLB"}, "gameType": "R"}, {"season": "1980", "stat": {"gamesPlayed": 57, "gamesStarted": 0, "groundOuts": 27, "airOuts": 56, "runs": 40, "doubles": 12, "triples": 2, "homeRuns": 7, "strikeOuts": 48, "baseOnBalls": 33, "intentionalWalks": 4, "hits": 80, "hitByPitch": 0, "avg": ".235", "atBats": 340, "obp": ".301", "slg": ".344", "ops": ".645", "caughtStealing": 2, "stolenBases": 3, "stolenBasePercentage": ".600", "groundIntoDoublePlay": 4, "numberOfPitches": 578, "era": "3.05", "inningsPitched": "91.1", "wins": 7, "losses": 6, "saves": 4, "saveOpportunities": 4, "holds": 0, "blownSaves": 0, "earnedRuns": 31, "whip": "1.24", "battersFaced": 383, "outs": 274, "gamesPitched": 57, "completeGames": 0, "shutouts": 0, "strikes": 446, "strikePercentage": ".770", "hitBatsmen": 0, "balks": 0, "wildPitches": 6, "pickoffs": 0, "totalBases": 117, "groundOutsToAirouts": "0.48", "winPercentage": ".538", "pitchesPerInning": "6.33", "gamesFinished": 19, "strikeoutWalkRatio": "1.45", "strikeoutsPer9Inn": "4.73", "walksPer9Inn": "3.25", "hitsPer9Inn": "7.88", "runsScoredPer9": "3.94", "homeRunsPer9": "0.69", "inheritedRunners": 38, "inheritedRunnersScored": 12, "catchersInterference": 1, "sacBunts": 6, "sacFlies": 3}, "team": {"id": 120, "name": "Montreal Expos", "link": "/api/v1/teams/120"}, "player": {"id": 110434, "fullName": "Stan Bahnsen", "link": "/api/v1/people/110434"}, "league": {"id": 104, "name": "National League", "link": "/api/v1/league/104"}, "sport": {"id": 1, "link": "/api/v1/sports/1", "abbreviation": "MLB"}, "gameType": "R"}, {"season": "1981", "stat": {"gamesPlayed": 25, "gamesStarted": 3, "groundOuts": 19, "airOuts": 25, "runs": 27, "doubles": 6, "triples": 2, "homeRuns": 7, "strikeOuts": 28, "baseOnBalls": 24, "intentionalWalks": 0, "hits": 45, "hitByPitch": 1, "avg": ".247", "atBats": 182, "obp": ".338", "slg": ".418", "ops": ".756", "caughtStealing": 6, "stolenBases": 4, "stolenBasePercentage": ".400", "groundIntoDoublePlay": 3, "numberOfPitches": 336, "era": "4.96", "inningsPitched": "49.0", "wins": 2, "losses": 1, "saves": 1, "saveOpportunities": 1, "holds": 0, "blownSaves": 0, "earnedRuns": 27, "whip": "1.41", "battersFaced": 208, "outs": 147, "gamesPitched": 25, "completeGames": 0, "shutouts": 0, "strikes": 239, "strikePercentage": ".710", "hitBatsmen": 1, "balks": 0, "wildPitches": 1, "pickoffs": 0, "totalBases": 76, "groundOutsToAirouts": "0.76", "winPercentage": ".667", "pitchesPerInning": "6.86", "gamesFinished": 4, "strikeoutWalkRatio": "1.17", "strikeoutsPer9Inn": "5.14", "walksPer9Inn": "4.41", "hitsPer9Inn": "8.27", "runsScoredPer9": "4.96", "homeRunsPer9": "1.29", "inheritedRunners": 7, "inheritedRunnersScored": 4, "catchersInterference": 0, "sacBunts": 1, "sacFlies": 0}, "team": {"id": 120, "name": "Montreal Expos", "link": "/api/v1/teams/120"}, "player": {"id": 110434, "fullName": "Stan Bahnsen", "link": "/api/v1/people/110434"}, "league": {"id": 104, "name": "National League", "link": "/api/v1/league/104"}, "sport": {"id": 1, "link": "/api/v1/sports/1", "abbreviation": "MLB"}, "gameType": "R"}, {"season": "1982", "stat": {"gamesPlayed": 7, "gamesStarted": 0, "groundOuts": 4, "airOuts": 2, "runs": 6, "doubles": 4, "triples": 1, "homeRuns": 0, "strikeOuts": 5, "baseOnBalls": 8, "intentionalWalks": 1, "hits": 13, "hitByPitch": 0, "avg": ".310", "atBats": 42, "obp": ".420", "slg": ".452", "ops": ".872", "caughtStealing": 2, "stolenBases": 1, "stolenBasePercentage": ".333", "groundIntoDoublePlay": 0, "numberOfPitches": 84, "era": "4.66", "inningsPitched": "9.2", "wins": 0, "losses": 1, "saves": 0, "saveOpportunities": 0, "holds": 0, "blownSaves": 0, "earnedRuns": 5, "whip": "2.17", "battersFaced": 50, "outs": 29, "gamesPitched": 7, "completeGames": 0, "shutouts": 0, "strikes": 52, "strikePercentage": ".620", "hitBatsmen": 0, "balks": 0, "wildPitches": 0, "pickoffs": 0, "totalBases": 19, "groundOutsToAirouts": "2.00", "winPercentage": ".000", "pitchesPerInning": "8.69", "gamesFinished": 0, "strikeoutWalkRatio": "0.63", "strikeoutsPer9Inn": "4.66", "walksPer9Inn": "7.45", "hitsPer9Inn": "12.10", "runsScoredPer9": "5.59", "homeRunsPer9": "0.00", "inheritedRunners": 4, "inheritedRunnersScored": 0, "catchersInterference": 0, "sacBunts": 0, "sacFlies": 0}, "team": {"id": 108, "name": "California Angels", "link": "/api/v1/teams/108"}, "player": {"id": 110434, "fullName": "Stan Bahnsen", "link": "/api/v1/people/110434"}, "league": {"id": 103, "name": "American League", "link": "/api/v1/league/103"}, "sport": {"id": 1, "link": "/api/v1/sports/1", "abbreviation": "MLB"}, "gameType": "R"}, {"season": "1982", "stat": {"gamesPlayed": 8, "gamesStarted": 0, "groundOuts": 6, "airOuts": 3, "runs": 2, "doubles": 0, "triples": 0, "homeRuns": 0, "strikeOuts": 9, "baseOnBalls": 3, "intentionalWalks": 1, "hits": 8, "hitByPitch": 0, "avg": ".182", "atBats": 44, "obp": ".229", "slg": ".182", "ops": ".411", "caughtStealing": 2, "stolenBases": 3, "stolenBasePercentage": ".600", "groundIntoDoublePlay": 1, "numberOfPitches": 75, "era": "1.35", "inningsPitched": "13.1", "wins": 0, "losses": 0, "saves": 0, "saveOpportunities": 0, "holds": 0, "blownSaves": 0, "earnedRuns": 2, "whip": "0.83", "battersFaced": 48, "outs": 40, "gamesPitched": 8, "completeGames": 0, "shutouts": 0, "strikes": 63, "strikePercentage": ".840", "hitBatsmen": 0, "balks": 0, "wildPitches": 0, "pickoffs": 0, "totalBases": 8, "groundOutsToAirouts": "2.00", "winPercentage": ".---", "pitchesPerInning": "5.63", "gamesFinished": 0, "strikeoutWalkRatio": "3.00", "strikeoutsPer9Inn": "6.08", "walksPer9Inn": "2.03", "hitsPer9Inn": "5.40", "runsScoredPer9": "1.35", "homeRunsPer9": "0.00", "inheritedRunners": 10, "inheritedRunnersScored": 1, "catchersInterference": 0, "sacBunts": 0, "sacFlies": 1}, "team": {"id": 143, "name": "Philadelphia Phillies", "link": "/api/v1/teams/143"}, "player": {"id": 110434, "fullName": "Stan Bahnsen", "link": "/api/v1/people/110434"}, "league": {"id": 104, "name": "National League", "link": "/api/v1/league/104"}, "sport": {"id": 1, "link": "/api/v1/sports/1", "abbreviation": "MLB"}, "gameType": "R"}, {"season": "1982", "stat": {"gamesPlayed": 15, "gamesStarted": 0, "groundOuts": 10, "airOuts": 5, "runs": 8, "doubles": 4, "triples": 1, "homeRuns": 0, "strikeOuts": 14, "baseOnBalls": 11, "intentionalWalks": 2, "hits": 21, "hitByPitch": 0, "avg": ".244", "atBats": 86, "obp": ".327", "slg": ".314", "ops": ".641", "caughtStealing": 4, "stolenBases": 4, "stolenBasePercentage": ".500", "groundIntoDoublePlay": 1, "numberOfPitches": 159, "era": "2.74", "inningsPitched": "23.0", "wins": 0, "losses": 1, "saves": 0, "saveOpportunities": 0, "holds": 0, "blownSaves": 0, "earnedRuns": 7, "whip": "1.39", "battersFaced": 98, "outs": 69, "gamesPitched": 15, "completeGames": 0, "shutouts": 0, "strikes": 115, "strikePercentage": ".720", "hitBatsmen": 0, "balks": 0, "wildPitches": 0, "pickoffs": 0, "totalBases": 27, "groundOutsToAirouts": "2.00", "winPercentage": ".000", "pitchesPerInning": "6.91", "gamesFinished": 0, "strikeoutWalkRatio": "1.27", "strikeoutsPer9Inn": "5.48", "walksPer9Inn": "4.30", "hitsPer9Inn": "8.22", "runsScoredPer9": "3.13", "homeRunsPer9": "0.00", "inheritedRunners": 14, "inheritedRunnersScored": 1, "catchersInterference": 0, "sacBunts": 0, "sacFlies": 1}, "player": {"id": 110434, "fullName": "Stan Bahnsen", "link": "/api/v1/people/110434"}, "sport": {"id": 1, "link": "/api/v1/sports/1", "abbreviation": "MLB"}, "gameType": "R", "numTeams": 2}]}], "mlbDebutDate": "1966-09-09", "batSide": {"code": "R", "description": "Right"}, "pitchHand": {"code": "R", "description": "Right"}, "nameFirstLast": "Stan Bahnsen", "nameSlug": "stan-bahnsen-110434", "firstLastName": "Stan Bahnsen", "lastFirstName": "Bahnsen, Stan", "lastInitName": "Bahnsen, S", "initLastName": "S Bahnsen", "fullFMLName": "Stanley Raymond Bahnsen", "fullLFMName": "Bahnsen, Stanley Raymond", "strikeZoneTop": 3.467, "strikeZoneBottom": 1.589}