{"id": 110299, "fullName": "Angel Aragon", "link": "/api/v1/people/110299", "firstName": "Angel", "lastName": "Aragon", "birthDate": "1890-08-02", "currentAge": 61, "birthCity": "Havana", "birthCountry": "Cuba", "height": "5' 5\"", "weight": 150, "active": false, "primaryPosition": {"code": "5", "name": "Third Base", "type": "Infielder", "abbreviation": "3B"}, "useName": "Angel", "useLastName": "Aragon", "boxscoreName": "Aragon", "nickName": "Pete", "gender": "M", "nameMatrilineal": "Valdes", "isPlayer": true, "isVerified": true, "deathDate": "1952-01-24", "deathCity": "New York", "deathStateProvince": "NY", "deathCountry": "USA", "lastPlayedDate": "1917-07-21", "stats": [{"type": {"displayName": "career"}, "group": {"displayName": "fielding"}, "exemptions": [], "splits": [{"stat": {"gamesPlayed": 12, "gamesStarted": 9, "assists": 26, "putOuts": 9, "errors": 3, "chances": 38, "fielding": ".921", "position": {"code": "5", "name": "Third Base", "type": "Infielder", "abbreviation": "3B"}, "rangeFactorPerGame": "2.92", "rangeFactorPer9Inn": "4.38", "innings": "72.0", "games": 12, "doublePlays": 1, "triplePlays": 0}, "team": {"id": 147, "name": "New York Yankees", "link": "/api/v1/teams/147"}, "player": {"id": 110299, "fullName": "Angel Aragon", "link": "/api/v1/people/110299"}, "league": {"id": 103, "name": "American League", "link": "/api/v1/league/103"}, "sport": {"id": 1, "link": "/api/v1/sports/1", "abbreviation": "MLB"}, "gameType": "R", "position": {"code": "5", "name": "Third Base", "type": "Infielder", "abbreviation": "3B"}}, {"stat": {"gamesPlayed": 2, "gamesStarted": 1, "assists": 3, "putOuts": 2, "errors": 0, "chances": 5, "fielding": "1.000", "position": {"code": "6", "name": "Shortstop", "type": "Infielder", "abbreviation": "SS"}, "rangeFactorPerGame": "2.50", "rangeFactorPer9Inn": "5.63", "innings": "8.0", "games": 2, "doublePlays": 1, "triplePlays": 0}, "team": {"id": 147, "name": "New York Yankees", "link": "/api/v1/teams/147"}, "player": {"id": 110299, "fullName": "Angel Aragon", "link": "/api/v1/people/110299"}, "league": {"id": 103, "name": "American League", "link": "/api/v1/league/103"}, "sport": {"id": 1, "link": "/api/v1/sports/1", "abbreviation": "MLB"}, "gameType": "R", "position": {"code": "6", "name": "Shortstop", "type": "Infielder", "abbreviation": "SS"}}, {"stat": {"gamesPlayed": 5, "gamesStarted": 4, "assists": 0, "putOuts": 9, "errors": 1, "chances": 10, "fielding": ".900", "position": {"code": "7", "name": "Outfielder", "type": "Outfielder", "abbreviation": "LF"}, "rangeFactorPerGame": "1.80", "rangeFactorPer9Inn": "1.88", "innings": "43.0", "games": 5, "doublePlays": 0, "triplePlays": 0}, "team": {"id": 147, "name": "New York Yankees", "link": "/api/v1/teams/147"}, "player": {"id": 110299, "fullName": "Angel Aragon", "link": "/api/v1/people/110299"}, "league": {"id": 103, "name": "American League", "link": "/api/v1/league/103"}, "sport": {"id": 1, "link": "/api/v1/sports/1", "abbreviation": "MLB"}, "gameType": "R", "position": {"code": "7", "name": "Outfielder", "type": "Outfielder", "abbreviation": "LF"}}, {"stat": {"gamesPlayed": 3, "gamesStarted": 3, "assists": 0, "putOuts": 5, "errors": 0, "chances": 5, "fielding": "1.000", "position": {"code": "8", "name": "Outfielder", "type": "Outfielder", "abbreviation": "CF"}, "rangeFactorPerGame": "1.67", "rangeFactorPer9Inn": "1.73", "innings": "26.0", "games": 3, "doublePlays": 0, "triplePlays": 0}, "team": {"id": 147, "name": "New York Yankees", "link": "/api/v1/teams/147"}, "player": {"id": 110299, "fullName": "Angel Aragon", "link": "/api/v1/people/110299"}, "league": {"id": 103, "name": "American League", "link": "/api/v1/league/103"}, "sport": {"id": 1, "link": "/api/v1/sports/1", "abbreviation": "MLB"}, "gameType": "R", "position": {"code": "8", "name": "Outfielder", "type": "Outfielder", "abbreviation": "CF"}}, {"stat": {"gamesPlayed": 1, "gamesStarted": 1, "assists": 1, "putOuts": 2, "errors": 0, "chances": 3, "fielding": "1.000", "position": {"code": "9", "name": "Outfielder", "type": "Outfielder", "abbreviation": "RF"}, "rangeFactorPerGame": "3.00", "rangeFactorPer9Inn": "3.00", "innings": "9.0", "games": 1, "doublePlays": 0, "triplePlays": 0}, "team": {"id": 147, "name": "New York Yankees", "link": "/api/v1/teams/147"}, "player": {"id": 110299, "fullName": "Angel Aragon", "link": "/api/v1/people/110299"}, "league": {"id": 103, "name": "American League", "link": "/api/v1/league/103"}, "sport": {"id": 1, "link": "/api/v1/sports/1", "abbreviation": "MLB"}, "gameType": "R", "position": {"code": "9", "name": "Outfielder", "type": "Outfielder", "abbreviation": "RF"}}]}, {"type": {"displayName": "career"}, "group": {"displayName": "hitting"}, "exemptions": [], "splits": [{"stat": {"gamesPlayed": 33, "runs": 4, "doubles": 1, "triples": 0, "homeRuns": 0, "strikeOuts": 6, "baseOnBalls": 5, "hits": 9, "hitByPitch": 1, "avg": ".118", "atBats": 76, "obp": ".183", "slg": ".132", "ops": ".315", "stolenBases": 2, "plateAppearances": 87, "totalBases": 10, "rbi": 5, "sacBunts": 5, "babip": ".129", "atBatsPerHomeRun": "-.--"}, "team": {"id": 147, "name": "New York Yankees", "link": "/api/v1/teams/147"}, "player": {"id": 110299, "fullName": "Angel Aragon", "link": "/api/v1/people/110299"}, "league": {"id": 103, "name": "American League", "link": "/api/v1/league/103"}, "sport": {"id": 1, "link": "/api/v1/sports/1", "abbreviation": "MLB"}, "gameType": "R"}]}, {"type": {"displayName": "yearByYear"}, "group": {"displayName": "fielding"}, "exemptions": [], "splits": [{"season": "1914", "stat": {"gamesPlayed": 1, "gamesStarted": 1, "assists": 0, "putOuts": 0, "errors": 0, "chances": 0, "fielding": ".000", "position": {"code": "8", "name": "Outfielder", "type": "Outfielder", "abbreviation": "CF"}, "rangeFactorPerGame": "0.00", "rangeFactorPer9Inn": "0.00", "innings": "9.0", "games": 1, "doublePlays": 0, "triplePlays": 0}, "team": {"id": 147, "name": "New York Yankees", "link": "/api/v1/teams/147"}, "player": {"id": 110299, "fullName": "Angel Aragon", "link": "/api/v1/people/110299"}, "league": {"id": 103, "name": "American League", "link": "/api/v1/league/103"}, "sport": {"id": 1, "link": "/api/v1/sports/1", "abbreviation": "MLB"}, "gameType": "R", "position": {"code": "8", "name": "Outfielder", "type": "Outfielder", "abbreviation": "CF"}}, {"season": "1916", "stat": {"gamesPlayed": 8, "gamesStarted": 7, "assists": 16, "putOuts": 3, "errors": 3, "chances": 22, "fielding": ".864", "position": {"code": "5", "name": "Third Base", "type": "Infielder", "abbreviation": "3B"}, "rangeFactorPerGame": "2.38", "rangeFactorPer9Inn": "3.64", "innings": "47.0", "games": 8, "doublePlays": 0, "triplePlays": 0}, "team": {"id": 147, "name": "New York Yankees", "link": "/api/v1/teams/147"}, "player": {"id": 110299, "fullName": "Angel Aragon", "link": "/api/v1/people/110299"}, "league": {"id": 103, "name": "American League", "link": "/api/v1/league/103"}, "sport": {"id": 1, "link": "/api/v1/sports/1", "abbreviation": "MLB"}, "gameType": "R", "position": {"code": "5", "name": "Third Base", "type": "Infielder", "abbreviation": "3B"}}, {"season": "1916", "stat": {"gamesPlayed": 1, "gamesStarted": 0, "assists": 0, "putOuts": 0, "errors": 0, "chances": 0, "fielding": ".000", "position": {"code": "7", "name": "Outfielder", "type": "Outfielder", "abbreviation": "LF"}, "rangeFactorPerGame": "0.00", "rangeFactorPer9Inn": "0.00", "innings": "1.0", "games": 1, "doublePlays": 0, "triplePlays": 0}, "team": {"id": 147, "name": "New York Yankees", "link": "/api/v1/teams/147"}, "player": {"id": 110299, "fullName": "Angel Aragon", "link": "/api/v1/people/110299"}, "league": {"id": 103, "name": "American League", "link": "/api/v1/league/103"}, "sport": {"id": 1, "link": "/api/v1/sports/1", "abbreviation": "MLB"}, "gameType": "R", "position": {"code": "7", "name": "Outfielder", "type": "Outfielder", "abbreviation": "LF"}}, {"season": "1916", "stat": {"gamesPlayed": 1, "gamesStarted": 1, "assists": 1, "putOuts": 2, "errors": 0, "chances": 3, "fielding": "1.000", "position": {"code": "9", "name": "Outfielder", "type": "Outfielder", "abbreviation": "RF"}, "rangeFactorPerGame": "3.00", "rangeFactorPer9Inn": "3.00", "innings": "9.0", "games": 1, "doublePlays": 0, "triplePlays": 0}, "team": {"id": 147, "name": "New York Yankees", "link": "/api/v1/teams/147"}, "player": {"id": 110299, "fullName": "Angel Aragon", "link": "/api/v1/people/110299"}, "league": {"id": 103, "name": "American League", "link": "/api/v1/league/103"}, "sport": {"id": 1, "link": "/api/v1/sports/1", "abbreviation": "MLB"}, "gameType": "R", "position": {"code": "9", "name": "Outfielder", "type": "Outfielder", "abbreviation": "RF"}}, {"season": "1917", "stat": {"gamesPlayed": 4, "gamesStarted": 2, "assists": 10, "putOuts": 6, "errors": 0, "chances": 16, "fielding": "1.000", "position": {"code": "5", "name": "Third Base", "type": "Infielder", "abbreviation": "3B"}, "rangeFactorPerGame": "4.00", "rangeFactorPer9Inn": "5.76", "innings": "25.0", "games": 4, "doublePlays": 1, "triplePlays": 0}, "team": {"id": 147, "name": "New York Yankees", "link": "/api/v1/teams/147"}, "player": {"id": 110299, "fullName": "Angel Aragon", "link": "/api/v1/people/110299"}, "league": {"id": 103, "name": "American League", "link": "/api/v1/league/103"}, "sport": {"id": 1, "link": "/api/v1/sports/1", "abbreviation": "MLB"}, "gameType": "R", "position": {"code": "5", "name": "Third Base", "type": "Infielder", "abbreviation": "3B"}}, {"season": "1917", "stat": {"gamesPlayed": 2, "gamesStarted": 1, "assists": 3, "putOuts": 2, "errors": 0, "chances": 5, "fielding": "1.000", "position": {"code": "6", "name": "Shortstop", "type": "Infielder", "abbreviation": "SS"}, "rangeFactorPerGame": "2.50", "rangeFactorPer9Inn": "5.63", "innings": "8.0", "games": 2, "doublePlays": 1, "triplePlays": 0}, "team": {"id": 147, "name": "New York Yankees", "link": "/api/v1/teams/147"}, "player": {"id": 110299, "fullName": "Angel Aragon", "link": "/api/v1/people/110299"}, "league": {"id": 103, "name": "American League", "link": "/api/v1/league/103"}, "sport": {"id": 1, "link": "/api/v1/sports/1", "abbreviation": "MLB"}, "gameType": "R", "position": {"code": "6", "name": "Shortstop", "type": "Infielder", "abbreviation": "SS"}}, {"season": "1917", "stat": {"gamesPlayed": 4, "gamesStarted": 4, "assists": 0, "putOuts": 9, "errors": 1, "chances": 10, "fielding": ".900", "position": {"code": "7", "name": "Outfielder", "type": "Outfielder", "abbreviation": "LF"}, "rangeFactorPerGame": "2.25", "rangeFactorPer9Inn": "1.93", "innings": "42.0", "games": 4, "doublePlays": 0, "triplePlays": 0}, "team": {"id": 147, "name": "New York Yankees", "link": "/api/v1/teams/147"}, "player": {"id": 110299, "fullName": "Angel Aragon", "link": "/api/v1/people/110299"}, "league": {"id": 103, "name": "American League", "link": "/api/v1/league/103"}, "sport": {"id": 1, "link": "/api/v1/sports/1", "abbreviation": "MLB"}, "gameType": "R", "position": {"code": "7", "name": "Outfielder", "type": "Outfielder", "abbreviation": "LF"}}, {"season": "1917", "stat": {"gamesPlayed": 2, "gamesStarted": 2, "assists": 0, "putOuts": 5, "errors": 0, "chances": 5, "fielding": "1.000", "position": {"code": "8", "name": "Outfielder", "type": "Outfielder", "abbreviation": "CF"}, "rangeFactorPerGame": "2.50", "rangeFactorPer9Inn": "2.65", "innings": "17.0", "games": 2, "doublePlays": 0, "triplePlays": 0}, "team": {"id": 147, "name": "New York Yankees", "link": "/api/v1/teams/147"}, "player": {"id": 110299, "fullName": "Angel Aragon", "link": "/api/v1/people/110299"}, "league": {"id": 103, "name": "American League", "link": "/api/v1/league/103"}, "sport": {"id": 1, "link": "/api/v1/sports/1", "abbreviation": "MLB"}, "gameType": "R", "position": {"code": "8", "name": "Outfielder", "type": "Outfielder", "abbreviation": "CF"}}]}, {"type": {"displayName": "yearByYear"}, "group": {"displayName": "hitting"}, "exemptions": [], "splits": [{"season": "1914", "stat": {"gamesPlayed": 6, "runs": 1, "doubles": 0, "triples": 0, "homeRuns": 0, "strikeOuts": 2, "baseOnBalls": 1, "hits": 1, "hitByPitch": 1, "avg": ".143", "atBats": 7, "obp": ".333", "slg": ".143", "ops": ".476", "stolenBases": 0, "plateAppearances": 10, "totalBases": 1, "rbi": 0, "sacBunts": 1, "babip": ".200", "atBatsPerHomeRun": "-.--"}, "team": {"id": 147, "name": "New York Yankees", "link": "/api/v1/teams/147"}, "player": {"id": 110299, "fullName": "Angel Aragon", "link": "/api/v1/people/110299"}, "league": {"id": 103, "name": "American League", "link": "/api/v1/league/103"}, "sport": {"id": 1, "link": "/api/v1/sports/1", "abbreviation": "MLB"}, "gameType": "R"}, {"season": "1916", "stat": {"gamesPlayed": 13, "runs": 1, "doubles": 0, "triples": 0, "homeRuns": 0, "strikeOuts": 2, "baseOnBalls": 2, "hits": 5, "hitByPitch": 0, "avg": ".208", "atBats": 24, "obp": ".269", "slg": ".208", "ops": ".477", "stolenBases": 2, "plateAppearances": 27, "totalBases": 5, "rbi": 3, "sacBunts": 1, "babip": ".227", "atBatsPerHomeRun": "-.--"}, "team": {"id": 147, "name": "New York Yankees", "link": "/api/v1/teams/147"}, "player": {"id": 110299, "fullName": "Angel Aragon", "link": "/api/v1/people/110299"}, "league": {"id": 103, "name": "American League", "link": "/api/v1/league/103"}, "sport": {"id": 1, "link": "/api/v1/sports/1", "abbreviation": "MLB"}, "gameType": "R"}, {"season": "1917", "stat": {"gamesPlayed": 14, "runs": 2, "doubles": 1, "triples": 0, "homeRuns": 0, "strikeOuts": 2, "baseOnBalls": 2, "hits": 3, "hitByPitch": 0, "avg": ".067", "atBats": 45, "obp": ".106", "slg": ".089", "ops": ".195", "stolenBases": 0, "plateAppearances": 50, "totalBases": 4, "rbi": 2, "sacBunts": 3, "babip": ".070", "atBatsPerHomeRun": "-.--"}, "team": {"id": 147, "name": "New York Yankees", "link": "/api/v1/teams/147"}, "player": {"id": 110299, "fullName": "Angel Aragon", "link": "/api/v1/people/110299"}, "league": {"id": 103, "name": "American League", "link": "/api/v1/league/103"}, "sport": {"id": 1, "link": "/api/v1/sports/1", "abbreviation": "MLB"}, "gameType": "R"}]}], "mlbDebutDate": "1914-08-20", "batSide": {"code": "R", "description": "Right"}, "pitchHand": {"code": "R", "description": "Right"}, "nameFirstLast": "Angel Aragon", "nameSlug": "angel-aragon-110299", "firstLastName": "Angel Aragon", "lastFirstName": "Aragon, Angel", "lastInitName": "Aragon, A", "initLastName": "A Aragon", "fullFMLName": "Angel Aragon", "fullLFMName": "Aragon, Angel", "strikeZoneTop": 2.8, "strikeZoneBottom": 1.34}