{"id": 110269, "fullName": "John Andrews", "link": "/api/v1/people/110269", "firstName": "John", "lastName": "Andrews", "primaryNumber": "37", "birthDate": "1949-02-09", "currentAge": 74, "birthCity": "Monterey Park", "birthStateProvince": "CA", "birthCountry": "USA", "height": "5' 10\"", "weight": 175, "active": false, "primaryPosition": {"code": "1", "name": "Pitcher", "type": "Pitcher", "abbreviation": "P"}, "useName": "John", "useLastName": "Andrews", "middleName": "Richard", "boxscoreName": "Andrews", "gender": "M", "isPlayer": true, "isVerified": true, "lastPlayedDate": "1973-09-19", "stats": [{"type": {"displayName": "career"}, "group": {"displayName": "pitching"}, "exemptions": [], "splits": [{"stat": {"gamesPlayed": 16, "gamesStarted": 0, "runs": 10, "homeRuns": 3, "strikeOuts": 5, "baseOnBalls": 11, "intentionalWalks": 1, "hits": 16, "hitByPitch": 0, "avg": ".235", "atBats": 68, "obp": ".342", "era": "4.42", "inningsPitched": "18.1", "wins": 1, "losses": 1, "saves": 0, "saveOpportunities": 0, "blownSaves": 0, "earnedRuns": 9, "whip": "1.47", "battersFaced": 80, "outs": 55, "gamesPitched": 16, "completeGames": 0, "shutouts": 0, "hitBatsmen": 0, "balks": 0, "wildPitches": 3, "winPercentage": ".500", "gamesFinished": 2, "strikeoutWalkRatio": "0.45", "strikeoutsPer9Inn": "2.45", "walksPer9Inn": "5.40", "hitsPer9Inn": "7.85", "runsScoredPer9": "4.91", "homeRunsPer9": "1.47", "sacBunts": 1, "sacFlies": 0}, "team": {"id": 138, "name": "St. Louis Cardinals", "link": "/api/v1/teams/138"}, "player": {"id": 110269, "fullName": "John Andrews", "link": "/api/v1/people/110269"}, "league": {"id": 104, "name": "National League", "link": "/api/v1/league/104"}, "sport": {"id": 1, "link": "/api/v1/sports/1", "abbreviation": "MLB"}, "gameType": "R"}]}, {"type": {"displayName": "career"}, "group": {"displayName": "hitting"}, "exemptions": [], "splits": [{"stat": {"gamesPlayed": 16, "runs": 0, "doubles": 0, "triples": 0, "homeRuns": 0, "strikeOuts": 0, "baseOnBalls": 0, "intentionalWalks": 0, "hits": 1, "hitByPitch": 0, "avg": ".500", "atBats": 2, "obp": ".500", "slg": ".500", "ops": "1.000", "caughtStealing": 0, "stolenBases": 0, "stolenBasePercentage": ".---", "groundIntoDoublePlay": 0, "plateAppearances": 2, "totalBases": 1, "rbi": 0, "sacBunts": 0, "sacFlies": 0, "babip": ".500", "atBatsPerHomeRun": "-.--"}, "team": {"id": 138, "name": "St. Louis Cardinals", "link": "/api/v1/teams/138"}, "player": {"id": 110269, "fullName": "John Andrews", "link": "/api/v1/people/110269"}, "league": {"id": 104, "name": "National League", "link": "/api/v1/league/104"}, "sport": {"id": 1, "link": "/api/v1/sports/1", "abbreviation": "MLB"}, "gameType": "R"}]}, {"type": {"displayName": "career"}, "group": {"displayName": "fielding"}, "exemptions": [], "splits": [{"stat": {"gamesPlayed": 16, "gamesStarted": 0, "assists": 2, "putOuts": 1, "errors": 0, "chances": 3, "fielding": "1.000", "position": {"code": "1", "name": "Pitcher", "type": "Pitcher", "abbreviation": "P"}, "rangeFactorPerGame": "0.19", "rangeFactorPer9Inn": "1.50", "innings": "18.1", "games": 16, "doublePlays": 0, "triplePlays": 0, "throwingErrors": 0}, "team": {"id": 138, "name": "St. Louis Cardinals", "link": "/api/v1/teams/138"}, "player": {"id": 110269, "fullName": "John Andrews", "link": "/api/v1/people/110269"}, "league": {"id": 104, "name": "National League", "link": "/api/v1/league/104"}, "sport": {"id": 1, "link": "/api/v1/sports/1", "abbreviation": "MLB"}, "gameType": "R", "position": {"code": "1", "name": "Pitcher", "type": "Pitcher", "abbreviation": "P"}}]}, {"type": {"displayName": "yearByYear"}, "group": {"displayName": "pitching"}, "exemptions": [], "splits": [{"season": "1973", "stat": {"gamesPlayed": 16, "gamesStarted": 0, "runs": 10, "homeRuns": 3, "strikeOuts": 5, "baseOnBalls": 11, "intentionalWalks": 1, "hits": 16, "hitByPitch": 0, "avg": ".235", "atBats": 68, "obp": ".342", "era": "4.42", "inningsPitched": "18.1", "wins": 1, "losses": 1, "saves": 0, "saveOpportunities": 0, "blownSaves": 0, "earnedRuns": 9, "whip": "1.47", "battersFaced": 80, "outs": 55, "gamesPitched": 16, "completeGames": 0, "shutouts": 0, "hitBatsmen": 0, "balks": 0, "wildPitches": 3, "winPercentage": ".500", "gamesFinished": 2, "strikeoutWalkRatio": "0.45", "strikeoutsPer9Inn": "2.45", "walksPer9Inn": "5.40", "hitsPer9Inn": "7.85", "runsScoredPer9": "4.91", "homeRunsPer9": "1.47", "sacBunts": 1, "sacFlies": 0}, "team": {"id": 138, "name": "St. Louis Cardinals", "link": "/api/v1/teams/138"}, "player": {"id": 110269, "fullName": "John Andrews", "link": "/api/v1/people/110269"}, "league": {"id": 104, "name": "National League", "link": "/api/v1/league/104"}, "sport": {"id": 1, "link": "/api/v1/sports/1", "abbreviation": "MLB"}, "gameType": "R"}]}, {"type": {"displayName": "yearByYear"}, "group": {"displayName": "hitting"}, "exemptions": [], "splits": [{"season": "1973", "stat": {"gamesPlayed": 16, "runs": 0, "doubles": 0, "triples": 0, "homeRuns": 0, "strikeOuts": 0, "baseOnBalls": 0, "intentionalWalks": 0, "hits": 1, "hitByPitch": 0, "avg": ".500", "atBats": 2, "obp": ".500", "slg": ".500", "ops": "1.000", "caughtStealing": 0, "stolenBases": 0, "stolenBasePercentage": ".---", "groundIntoDoublePlay": 0, "plateAppearances": 2, "totalBases": 1, "rbi": 0, "sacBunts": 0, "sacFlies": 0, "babip": ".500", "atBatsPerHomeRun": "-.--"}, "team": {"id": 138, "name": "St. Louis Cardinals", "link": "/api/v1/teams/138"}, "player": {"id": 110269, "fullName": "John Andrews", "link": "/api/v1/people/110269"}, "league": {"id": 104, "name": "National League", "link": "/api/v1/league/104"}, "sport": {"id": 1, "link": "/api/v1/sports/1", "abbreviation": "MLB"}, "gameType": "R"}]}, {"type": {"displayName": "yearByYear"}, "group": {"displayName": "fielding"}, "exemptions": [], "splits": [{"season": "1973", "stat": {"gamesPlayed": 16, "gamesStarted": 0, "assists": 2, "putOuts": 1, "errors": 0, "chances": 3, "fielding": "1.000", "position": {"code": "1", "name": "Pitcher", "type": "Pitcher", "abbreviation": "P"}, "rangeFactorPerGame": "0.19", "rangeFactorPer9Inn": "1.50", "innings": "18.1", "games": 16, "doublePlays": 0, "triplePlays": 0, "throwingErrors": 0}, "team": {"id": 138, "name": "St. Louis Cardinals", "link": "/api/v1/teams/138"}, "player": {"id": 110269, "fullName": "John Andrews", "link": "/api/v1/people/110269"}, "league": {"id": 104, "name": "National League", "link": "/api/v1/league/104"}, "sport": {"id": 1, "link": "/api/v1/sports/1", "abbreviation": "MLB"}, "gameType": "R", "position": {"code": "1", "name": "Pitcher", "type": "Pitcher", "abbreviation": "P"}}]}], "mlbDebutDate": "1973-04-08", "batSide": {"code": "L", "description": "Left"}, "pitchHand": {"code": "L", "description": "Left"}, "nameFirstLast": "John Andrews", "nameSlug": "john-andrews-110269", "firstLastName": "John Andrews", "lastFirstName": "Andrews, John", "lastInitName": "Andrews, J", "initLastName": "J Andrews", "fullFMLName": "John Richard Andrews", "fullLFMName": "Andrews, John Richard", "strikeZoneTop": 3.301, "strikeZoneBottom": 1.504}