{"id": 110319, "fullName": "Marcos Armas", "link": "/api/v1/people/110319", "firstName": "Marcos", "lastName": "Armas", "primaryNumber": "38", "birthDate": "1969-08-05", "currentAge": 54, "birthCity": "Puerto Piritu", "birthCountry": "Venezuela", "height": "6' 5\"", "weight": 195, "active": false, "primaryPosition": {"code": "3", "name": "First Base", "type": "Infielder", "abbreviation": "1B"}, "useName": "Marcos", "useLastName": "Armas", "middleName": "Rafael", "boxscoreName": "Armas", "gender": "M", "nameMatrilineal": "Ruiz", "isPlayer": true, "isVerified": true, "lastPlayedDate": "1993-09-29", "stats": [{"type": {"displayName": "career"}, "group": {"displayName": "fielding"}, "exemptions": [], "splits": [{"stat": {"gamesPlayed": 12, "gamesStarted": 6, "assists": 4, "putOuts": 74, "errors": 0, "chances": 78, "fielding": "1.000", "position": {"code": "3", "name": "First Base", "type": "Infielder", "abbreviation": "1B"}, "rangeFactorPerGame": "6.50", "rangeFactorPer9Inn": "9.89", "innings": "71.0", "games": 12, "doublePlays": 4, "triplePlays": 0, "throwingErrors": 0}, "team": {"id": 133, "name": "Oakland Athletics", "link": "/api/v1/teams/133"}, "player": {"id": 110319, "fullName": "Marcos Armas", "link": "/api/v1/people/110319"}, "league": {"id": 103, "name": "American League", "link": "/api/v1/league/103"}, "sport": {"id": 1, "link": "/api/v1/sports/1", "abbreviation": "MLB"}, "gameType": "R", "position": {"code": "3", "name": "First Base", "type": "Infielder", "abbreviation": "1B"}}, {"stat": {"gamesPlayed": 1, "gamesStarted": 1, "assists": 0, "putOuts": 3, "errors": 0, "chances": 3, "fielding": "1.000", "position": {"code": "9", "name": "Outfielder", "type": "Outfielder", "abbreviation": "RF"}, "rangeFactorPerGame": "3.00", "rangeFactorPer9Inn": "5.40", "innings": "5.0", "games": 1, "doublePlays": 0, "triplePlays": 0, "throwingErrors": 0}, "team": {"id": 133, "name": "Oakland Athletics", "link": "/api/v1/teams/133"}, "player": {"id": 110319, "fullName": "Marcos Armas", "link": "/api/v1/people/110319"}, "league": {"id": 103, "name": "American League", "link": "/api/v1/league/103"}, "sport": {"id": 1, "link": "/api/v1/sports/1", "abbreviation": "MLB"}, "gameType": "R", "position": {"code": "9", "name": "Outfielder", "type": "Outfielder", "abbreviation": "RF"}}]}, {"type": {"displayName": "career"}, "group": {"displayName": "hitting"}, "exemptions": [], "splits": [{"stat": {"gamesPlayed": 15, "groundOuts": 6, "airOuts": 7, "runs": 7, "doubles": 2, "triples": 0, "homeRuns": 1, "strikeOuts": 12, "baseOnBalls": 1, "intentionalWalks": 0, "hits": 6, "hitByPitch": 1, "avg": ".194", "atBats": 31, "obp": ".242", "slg": ".355", "ops": ".597", "caughtStealing": 0, "stolenBases": 1, "stolenBasePercentage": "1.000", "groundIntoDoublePlay": 0, "numberOfPitches": 140, "plateAppearances": 33, "totalBases": 11, "rbi": 1, "leftOnBase": 17, "sacBunts": 0, "sacFlies": 0, "babip": ".278", "groundOutsToAirouts": "0.86", "catchersInterference": 0, "atBatsPerHomeRun": "31.00"}, "team": {"id": 133, "name": "Oakland Athletics", "link": "/api/v1/teams/133"}, "player": {"id": 110319, "fullName": "Marcos Armas", "link": "/api/v1/people/110319"}, "league": {"id": 103, "name": "American League", "link": "/api/v1/league/103"}, "sport": {"id": 1, "link": "/api/v1/sports/1", "abbreviation": "MLB"}, "gameType": "R"}]}, {"type": {"displayName": "yearByYear"}, "group": {"displayName": "fielding"}, "exemptions": [], "splits": [{"season": "1993", "stat": {"gamesPlayed": 12, "gamesStarted": 6, "assists": 4, "putOuts": 74, "errors": 0, "chances": 78, "fielding": "1.000", "position": {"code": "3", "name": "First Base", "type": "Infielder", "abbreviation": "1B"}, "rangeFactorPerGame": "6.50", "rangeFactorPer9Inn": "9.89", "innings": "71.0", "games": 12, "doublePlays": 4, "triplePlays": 0, "throwingErrors": 0}, "team": {"id": 133, "name": "Oakland Athletics", "link": "/api/v1/teams/133"}, "player": {"id": 110319, "fullName": "Marcos Armas", "link": "/api/v1/people/110319"}, "league": {"id": 103, "name": "American League", "link": "/api/v1/league/103"}, "sport": {"id": 1, "link": "/api/v1/sports/1", "abbreviation": "MLB"}, "gameType": "R", "position": {"code": "3", "name": "First Base", "type": "Infielder", "abbreviation": "1B"}}, {"season": "1993", "stat": {"gamesPlayed": 1, "gamesStarted": 1, "assists": 0, "putOuts": 3, "errors": 0, "chances": 3, "fielding": "1.000", "position": {"code": "9", "name": "Outfielder", "type": "Outfielder", "abbreviation": "RF"}, "rangeFactorPerGame": "3.00", "rangeFactorPer9Inn": "5.40", "innings": "5.0", "games": 1, "doublePlays": 0, "triplePlays": 0, "throwingErrors": 0}, "team": {"id": 133, "name": "Oakland Athletics", "link": "/api/v1/teams/133"}, "player": {"id": 110319, "fullName": "Marcos Armas", "link": "/api/v1/people/110319"}, "league": {"id": 103, "name": "American League", "link": "/api/v1/league/103"}, "sport": {"id": 1, "link": "/api/v1/sports/1", "abbreviation": "MLB"}, "gameType": "R", "position": {"code": "9", "name": "Outfielder", "type": "Outfielder", "abbreviation": "RF"}}]}, {"type": {"displayName": "yearByYear"}, "group": {"displayName": "hitting"}, "exemptions": [], "splits": [{"season": "1993", "stat": {"gamesPlayed": 15, "groundOuts": 6, "airOuts": 7, "runs": 7, "doubles": 2, "triples": 0, "homeRuns": 1, "strikeOuts": 12, "baseOnBalls": 1, "intentionalWalks": 0, "hits": 6, "hitByPitch": 1, "avg": ".194", "atBats": 31, "obp": ".242", "slg": ".355", "ops": ".597", "caughtStealing": 0, "stolenBases": 1, "stolenBasePercentage": "1.000", "groundIntoDoublePlay": 0, "numberOfPitches": 140, "plateAppearances": 33, "totalBases": 11, "rbi": 1, "leftOnBase": 17, "sacBunts": 0, "sacFlies": 0, "babip": ".278", "groundOutsToAirouts": "0.86", "catchersInterference": 0, "atBatsPerHomeRun": "31.00"}, "team": {"id": 133, "name": "Oakland Athletics", "link": "/api/v1/teams/133"}, "player": {"id": 110319, "fullName": "Marcos Armas", "link": "/api/v1/people/110319"}, "league": {"id": 103, "name": "American League", "link": "/api/v1/league/103"}, "sport": {"id": 1, "link": "/api/v1/sports/1", "abbreviation": "MLB"}, "gameType": "R"}]}], "mlbDebutDate": "1993-05-25", "batSide": {"code": "R", "description": "Right"}, "pitchHand": {"code": "R", "description": "Right"}, "nameFirstLast": "Marcos Armas", "nameSlug": "marcos-armas-110319", "firstLastName": "Marcos Armas", "lastFirstName": "Armas, Marcos", "lastInitName": "Armas, M", "initLastName": "M Armas", "fullFMLName": "Marcos Rafael Armas", "fullLFMName": "Armas, Marcos Rafael", "strikeZoneTop": 3.575, "strikeZoneBottom": 1.681}