{"id": 110352, "fullName": "Tucker Ashford", "link": "/api/v1/people/110352", "firstName": "Thomas", "lastName": "Ashford", "primaryNumber": "12", "birthDate": "1954-12-04", "currentAge": 68, "birthCity": "Memphis", "birthStateProvince": "TN", "birthCountry": "USA", "height": "6' 1\"", "weight": 195, "active": false, "primaryPosition": {"code": "5", "name": "Third Base", "type": "Infielder", "abbreviation": "3B"}, "useName": "Tucker", "useLastName": "Ashford", "middleName": "Steven", "boxscoreName": "Ashford", "gender": "M", "isPlayer": true, "isVerified": true, "lastPlayedDate": "1984-05-14", "stats": [{"type": {"displayName": "career"}, "group": {"displayName": "hitting"}, "exemptions": [], "splits": [{"stat": {"gamesPlayed": 222, "groundOuts": 40, "airOuts": 59, "runs": 42, "doubles": 31, "triples": 1, "homeRuns": 6, "strikeOuts": 75, "baseOnBalls": 47, "intentionalWalks": 6, "hits": 111, "hitByPitch": 1, "avg": ".218", "atBats": 510, "obp": ".282", "slg": ".318", "ops": ".600", "caughtStealing": 3, "stolenBases": 5, "stolenBasePercentage": ".625", "groundIntoDoublePlay": 11, "numberOfPitches": 868, "plateAppearances": 569, "totalBases": 162, "rbi": 55, "leftOnBase": 220, "sacBunts": 5, "sacFlies": 6, "babip": ".241", "groundOutsToAirouts": "0.68", "catchersInterference": 0, "atBatsPerHomeRun": "85.00"}, "player": {"id": 110352, "fullName": "Tucker Ashford", "link": "/api/v1/people/110352"}, "sport": {"id": 1, "link": "/api/v1/sports/1", "abbreviation": "MLB"}, "gameType": "R", "numTeams": 5}]}, {"type": {"displayName": "career"}, "group": {"displayName": "fielding"}, "exemptions": [], "splits": [{"stat": {"gamesPlayed": 143, "gamesStarted": 106, "assists": 216, "putOuts": 65, "errors": 19, "chances": 300, "fielding": ".937", "position": {"code": "5", "name": "Third Base", "type": "Infielder", "abbreviation": "3B"}, "rangeFactorPerGame": "1.97", "rangeFactorPer9Inn": "2.68", "innings": "942.0", "games": 143, "doublePlays": 20, "triplePlays": 0, "throwingErrors": 2}, "player": {"id": 110352, "fullName": "Tucker Ashford", "link": "/api/v1/people/110352"}, "sport": {"id": 1, "link": "/api/v1/sports/1", "abbreviation": "MLB"}, "gameType": "R", "numTeams": 4, "position": {"code": "5", "name": "Third Base", "type": "Infielder", "abbreviation": "3B"}}, {"stat": {"gamesPlayed": 1, "gamesStarted": 0, "caughtStealing": 0, "stolenBases": 0, "stolenBasePercentage": ".---", "assists": 0, "putOuts": 1, "errors": 0, "chances": 1, "fielding": "1.000", "position": {"code": "2", "name": "Catcher", "type": "Catcher", "abbreviation": "C"}, "rangeFactorPerGame": "1.00", "rangeFactorPer9Inn": "9.00", "innings": "1.0", "games": 1, "passedBall": 0, "doublePlays": 0, "triplePlays": 0, "catcherERA": "0.00", "catchersInterference": 0, "wildPitches": 0, "throwingErrors": 0, "pickoffs": 0}, "team": {"id": 121, "name": "New York Mets", "link": "/api/v1/teams/121"}, "player": {"id": 110352, "fullName": "Tucker Ashford", "link": "/api/v1/people/110352"}, "league": {"id": 104, "name": "National League", "link": "/api/v1/league/104"}, "sport": {"id": 1, "link": "/api/v1/sports/1", "abbreviation": "MLB"}, "gameType": "R", "position": {"code": "2", "name": "Catcher", "type": "Catcher", "abbreviation": "C"}}, {"stat": {"gamesPlayed": 37, "gamesStarted": 14, "assists": 49, "putOuts": 41, "errors": 3, "chances": 93, "fielding": ".968", "position": {"code": "4", "name": "Second Base", "type": "Infielder", "abbreviation": "2B"}, "rangeFactorPerGame": "2.43", "rangeFactorPer9Inn": "4.97", "innings": "163.0", "games": 37, "doublePlays": 13, "triplePlays": 0, "throwingErrors": 1}, "player": {"id": 110352, "fullName": "Tucker Ashford", "link": "/api/v1/people/110352"}, "sport": {"id": 1, "link": "/api/v1/sports/1", "abbreviation": "MLB"}, "gameType": "R", "numTeams": 3, "position": {"code": "4", "name": "Second Base", "type": "Infielder", "abbreviation": "2B"}}, {"stat": {"gamesPlayed": 14, "gamesStarted": 7, "assists": 3, "putOuts": 60, "errors": 1, "chances": 64, "fielding": ".984", "position": {"code": "3", "name": "First Base", "type": "Infielder", "abbreviation": "1B"}, "rangeFactorPerGame": "4.50", "rangeFactorPer9Inn": "8.72", "innings": "65.0", "games": 14, "doublePlays": 11, "triplePlays": 0, "throwingErrors": 0}, "team": {"id": 135, "name": "San Diego Padres", "link": "/api/v1/teams/135"}, "player": {"id": 110352, "fullName": "Tucker Ashford", "link": "/api/v1/people/110352"}, "league": {"id": 104, "name": "National League", "link": "/api/v1/league/104"}, "sport": {"id": 1, "link": "/api/v1/sports/1", "abbreviation": "MLB"}, "gameType": "R", "position": {"code": "3", "name": "First Base", "type": "Infielder", "abbreviation": "1B"}}, {"stat": {"gamesPlayed": 12, "gamesStarted": 4, "assists": 16, "putOuts": 18, "errors": 2, "chances": 36, "fielding": ".944", "position": {"code": "6", "name": "Shortstop", "type": "Infielder", "abbreviation": "SS"}, "rangeFactorPerGame": "2.83", "rangeFactorPer9Inn": "5.10", "innings": "60.0", "games": 12, "doublePlays": 2, "triplePlays": 0, "throwingErrors": 0}, "player": {"id": 110352, "fullName": "Tucker Ashford", "link": "/api/v1/people/110352"}, "sport": {"id": 1, "link": "/api/v1/sports/1", "abbreviation": "MLB"}, "gameType": "R", "numTeams": 2, "position": {"code": "6", "name": "Shortstop", "type": "Infielder", "abbreviation": "SS"}}]}, {"type": {"displayName": "yearByYear"}, "group": {"displayName": "hitting"}, "exemptions": [], "splits": [{"season": "1976", "stat": {"gamesPlayed": 4, "groundOuts": 0, "airOuts": 1, "runs": 0, "doubles": 1, "triples": 0, "homeRuns": 0, "strikeOuts": 0, "baseOnBalls": 1, "intentionalWalks": 0, "hits": 3, "hitByPitch": 0, "avg": ".600", "atBats": 5, "obp": ".667", "slg": ".800", "ops": "1.467", "caughtStealing": 0, "stolenBases": 2, "stolenBasePercentage": "1.000", "groundIntoDoublePlay": 0, "numberOfPitches": 9, "plateAppearances": 6, "totalBases": 4, "rbi": 0, "leftOnBase": 0, "sacBunts": 0, "sacFlies": 0, "babip": ".600", "groundOutsToAirouts": "0.00", "catchersInterference": 0, "atBatsPerHomeRun": "-.--"}, "team": {"id": 135, "name": "San Diego Padres", "link": "/api/v1/teams/135"}, "player": {"id": 110352, "fullName": "Tucker Ashford", "link": "/api/v1/people/110352"}, "league": {"id": 104, "name": "National League", "link": "/api/v1/league/104"}, "sport": {"id": 1, "link": "/api/v1/sports/1", "abbreviation": "MLB"}, "gameType": "R"}, {"season": "1977", "stat": {"gamesPlayed": 81, "groundOuts": 17, "airOuts": 33, "runs": 25, "doubles": 18, "triples": 0, "homeRuns": 3, "strikeOuts": 35, "baseOnBalls": 21, "intentionalWalks": 4, "hits": 54, "hitByPitch": 1, "avg": ".217", "atBats": 249, "obp": ".278", "slg": ".325", "ops": ".603", "caughtStealing": 3, "stolenBases": 2, "stolenBasePercentage": ".400", "groundIntoDoublePlay": 5, "numberOfPitches": 413, "plateAppearances": 277, "totalBases": 81, "rbi": 24, "leftOnBase": 98, "sacBunts": 4, "sacFlies": 2, "babip": ".239", "groundOutsToAirouts": "0.52", "catchersInterference": 0, "atBatsPerHomeRun": "83.00"}, "team": {"id": 135, "name": "San Diego Padres", "link": "/api/v1/teams/135"}, "player": {"id": 110352, "fullName": "Tucker Ashford", "link": "/api/v1/people/110352"}, "league": {"id": 104, "name": "National League", "link": "/api/v1/league/104"}, "sport": {"id": 1, "link": "/api/v1/sports/1", "abbreviation": "MLB"}, "gameType": "R"}, {"season": "1978", "stat": {"gamesPlayed": 75, "groundOuts": 17, "airOuts": 13, "runs": 11, "doubles": 11, "triples": 0, "homeRuns": 3, "strikeOuts": 31, "baseOnBalls": 14, "intentionalWalks": 1, "hits": 38, "hitByPitch": 0, "avg": ".245", "atBats": 155, "obp": ".301", "slg": ".374", "ops": ".675", "caughtStealing": 0, "stolenBases": 1, "stolenBasePercentage": "1.000", "groundIntoDoublePlay": 3, "numberOfPitches": 283, "plateAppearances": 174, "totalBases": 58, "rbi": 26, "leftOnBase": 89, "sacBunts": 1, "sacFlies": 4, "babip": ".280", "groundOutsToAirouts": "1.31", "catchersInterference": 0, "atBatsPerHomeRun": "51.67"}, "team": {"id": 135, "name": "San Diego Padres", "link": "/api/v1/teams/135"}, "player": {"id": 110352, "fullName": "Tucker Ashford", "link": "/api/v1/people/110352"}, "league": {"id": 104, "name": "National League", "link": "/api/v1/league/104"}, "sport": {"id": 1, "link": "/api/v1/sports/1", "abbreviation": "MLB"}, "gameType": "R"}, {"season": "1980", "stat": {"gamesPlayed": 15, "groundOuts": 1, "airOuts": 5, "runs": 2, "doubles": 0, "triples": 0, "homeRuns": 0, "strikeOuts": 3, "baseOnBalls": 3, "intentionalWalks": 0, "hits": 4, "hitByPitch": 0, "avg": ".125", "atBats": 32, "obp": ".200", "slg": ".125", "ops": ".325", "caughtStealing": 0, "stolenBases": 0, "stolenBasePercentage": ".---", "groundIntoDoublePlay": 1, "numberOfPitches": 50, "plateAppearances": 35, "totalBases": 4, "rbi": 3, "leftOnBase": 12, "sacBunts": 0, "sacFlies": 0, "babip": ".138", "groundOutsToAirouts": "0.20", "catchersInterference": 0, "atBatsPerHomeRun": "-.--"}, "team": {"id": 140, "name": "Texas Rangers", "link": "/api/v1/teams/140"}, "player": {"id": 110352, "fullName": "Tucker Ashford", "link": "/api/v1/people/110352"}, "league": {"id": 103, "name": "American League", "link": "/api/v1/league/103"}, "sport": {"id": 1, "link": "/api/v1/sports/1", "abbreviation": "MLB"}, "gameType": "R"}, {"season": "1981", "stat": {"gamesPlayed": 3, "groundOuts": 0, "airOuts": 0, "runs": 0, "doubles": 0, "triples": 0, "homeRuns": 0, "strikeOuts": 0, "baseOnBalls": 0, "intentionalWalks": 0, "hits": 0, "hitByPitch": 0, "avg": ".000", "atBats": 0, "obp": ".000", "slg": ".000", "ops": ".000", "caughtStealing": 0, "stolenBases": 0, "stolenBasePercentage": ".---", "groundIntoDoublePlay": 0, "numberOfPitches": 0, "plateAppearances": 0, "totalBases": 0, "rbi": 0, "leftOnBase": 0, "sacBunts": 0, "sacFlies": 0, "babip": ".---", "groundOutsToAirouts": "-.--", "catchersInterference": 0, "atBatsPerHomeRun": "-.--"}, "team": {"id": 147, "name": "New York Yankees", "link": "/api/v1/teams/147"}, "player": {"id": 110352, "fullName": "Tucker Ashford", "link": "/api/v1/people/110352"}, "league": {"id": 103, "name": "American League", "link": "/api/v1/league/103"}, "sport": {"id": 1, "link": "/api/v1/sports/1", "abbreviation": "MLB"}, "gameType": "R"}, {"season": "1983", "stat": {"gamesPlayed": 35, "groundOuts": 4, "airOuts": 7, "runs": 3, "doubles": 0, "triples": 1, "homeRuns": 0, "strikeOuts": 4, "baseOnBalls": 7, "intentionalWalks": 1, "hits": 10, "hitByPitch": 0, "avg": ".179", "atBats": 56, "obp": ".270", "slg": ".214", "ops": ".484", "caughtStealing": 0, "stolenBases": 0, "stolenBasePercentage": ".---", "groundIntoDoublePlay": 1, "numberOfPitches": 92, "plateAppearances": 63, "totalBases": 12, "rbi": 2, "leftOnBase": 18, "sacBunts": 0, "sacFlies": 0, "babip": ".192", "groundOutsToAirouts": "0.57", "catchersInterference": 0, "atBatsPerHomeRun": "-.--"}, "team": {"id": 121, "name": "New York Mets", "link": "/api/v1/teams/121"}, "player": {"id": 110352, "fullName": "Tucker Ashford", "link": "/api/v1/people/110352"}, "league": {"id": 104, "name": "National League", "link": "/api/v1/league/104"}, "sport": {"id": 1, "link": "/api/v1/sports/1", "abbreviation": "MLB"}, "gameType": "R"}, {"season": "1984", "stat": {"gamesPlayed": 9, "groundOuts": 1, "airOuts": 0, "runs": 1, "doubles": 1, "triples": 0, "homeRuns": 0, "strikeOuts": 2, "baseOnBalls": 1, "intentionalWalks": 0, "hits": 2, "hitByPitch": 0, "avg": ".154", "atBats": 13, "obp": ".214", "slg": ".231", "ops": ".445", "caughtStealing": 0, "stolenBases": 0, "stolenBasePercentage": ".---", "groundIntoDoublePlay": 1, "numberOfPitches": 21, "plateAppearances": 14, "totalBases": 3, "rbi": 0, "leftOnBase": 3, "sacBunts": 0, "sacFlies": 0, "babip": ".182", "groundOutsToAirouts": "1.00", "catchersInterference": 0, "atBatsPerHomeRun": "-.--"}, "team": {"id": 118, "name": "Kansas City Royals", "link": "/api/v1/teams/118"}, "player": {"id": 110352, "fullName": "Tucker Ashford", "link": "/api/v1/people/110352"}, "league": {"id": 103, "name": "American League", "link": "/api/v1/league/103"}, "sport": {"id": 1, "link": "/api/v1/sports/1", "abbreviation": "MLB"}, "gameType": "R"}]}, {"type": {"displayName": "yearByYear"}, "group": {"displayName": "fielding"}, "exemptions": [], "splits": [{"season": "1976", "stat": {"gamesPlayed": 1, "gamesStarted": 1, "assists": 2, "putOuts": 2, "errors": 0, "chances": 4, "fielding": "1.000", "position": {"code": "5", "name": "Third Base", "type": "Infielder", "abbreviation": "3B"}, "rangeFactorPerGame": "4.00", "rangeFactorPer9Inn": "4.00", "innings": "9.0", "games": 1, "doublePlays": 0, "triplePlays": 0, "throwingErrors": 0}, "team": {"id": 135, "name": "San Diego Padres", "link": "/api/v1/teams/135"}, "player": {"id": 110352, "fullName": "Tucker Ashford", "link": "/api/v1/people/110352"}, "league": {"id": 104, "name": "National League", "link": "/api/v1/league/104"}, "sport": {"id": 1, "link": "/api/v1/sports/1", "abbreviation": "MLB"}, "gameType": "R", "position": {"code": "5", "name": "Third Base", "type": "Infielder", "abbreviation": "3B"}}, {"season": "1977", "stat": {"gamesPlayed": 4, "gamesStarted": 0, "assists": 3, "putOuts": 2, "errors": 1, "chances": 6, "fielding": ".833", "position": {"code": "4", "name": "Second Base", "type": "Infielder", "abbreviation": "2B"}, "rangeFactorPerGame": "1.25", "rangeFactorPer9Inn": "4.50", "innings": "10.0", "games": 4, "doublePlays": 0, "triplePlays": 0, "throwingErrors": 0}, "team": {"id": 135, "name": "San Diego Padres", "link": "/api/v1/teams/135"}, "player": {"id": 110352, "fullName": "Tucker Ashford", "link": "/api/v1/people/110352"}, "league": {"id": 104, "name": "National League", "link": "/api/v1/league/104"}, "sport": {"id": 1, "link": "/api/v1/sports/1", "abbreviation": "MLB"}, "gameType": "R", "position": {"code": "4", "name": "Second Base", "type": "Infielder", "abbreviation": "2B"}}, {"season": "1977", "stat": {"gamesPlayed": 74, "gamesStarted": 65, "assists": 145, "putOuts": 32, "errors": 12, "chances": 189, "fielding": ".937", "position": {"code": "5", "name": "Third Base", "type": "Infielder", "abbreviation": "3B"}, "rangeFactorPerGame": "2.39", "rangeFactorPer9Inn": "2.82", "innings": "564.1", "games": 74, "doublePlays": 14, "triplePlays": 0, "throwingErrors": 0}, "team": {"id": 135, "name": "San Diego Padres", "link": "/api/v1/teams/135"}, "player": {"id": 110352, "fullName": "Tucker Ashford", "link": "/api/v1/people/110352"}, "league": {"id": 104, "name": "National League", "link": "/api/v1/league/104"}, "sport": {"id": 1, "link": "/api/v1/sports/1", "abbreviation": "MLB"}, "gameType": "R", "position": {"code": "5", "name": "Third Base", "type": "Infielder", "abbreviation": "3B"}}, {"season": "1977", "stat": {"gamesPlayed": 10, "gamesStarted": 4, "assists": 15, "putOuts": 17, "errors": 2, "chances": 34, "fielding": ".941", "position": {"code": "6", "name": "Shortstop", "type": "Infielder", "abbreviation": "SS"}, "rangeFactorPerGame": "3.20", "rangeFactorPer9Inn": "5.05", "innings": "57.0", "games": 10, "doublePlays": 2, "triplePlays": 0, "throwingErrors": 0}, "team": {"id": 135, "name": "San Diego Padres", "link": "/api/v1/teams/135"}, "player": {"id": 110352, "fullName": "Tucker Ashford", "link": "/api/v1/people/110352"}, "league": {"id": 104, "name": "National League", "link": "/api/v1/league/104"}, "sport": {"id": 1, "link": "/api/v1/sports/1", "abbreviation": "MLB"}, "gameType": "R", "position": {"code": "6", "name": "Shortstop", "type": "Infielder", "abbreviation": "SS"}}, {"season": "1978", "stat": {"gamesPlayed": 14, "gamesStarted": 7, "assists": 3, "putOuts": 60, "errors": 1, "chances": 64, "fielding": ".984", "position": {"code": "3", "name": "First Base", "type": "Infielder", "abbreviation": "1B"}, "rangeFactorPerGame": "4.50", "rangeFactorPer9Inn": "8.72", "innings": "65.0", "games": 14, "doublePlays": 11, "triplePlays": 0, "throwingErrors": 0}, "team": {"id": 135, "name": "San Diego Padres", "link": "/api/v1/teams/135"}, "player": {"id": 110352, "fullName": "Tucker Ashford", "link": "/api/v1/people/110352"}, "league": {"id": 104, "name": "National League", "link": "/api/v1/league/104"}, "sport": {"id": 1, "link": "/api/v1/sports/1", "abbreviation": "MLB"}, "gameType": "R", "position": {"code": "3", "name": "First Base", "type": "Infielder", "abbreviation": "1B"}}, {"season": "1978", "stat": {"gamesPlayed": 18, "gamesStarted": 13, "assists": 34, "putOuts": 31, "errors": 2, "chances": 67, "fielding": ".970", "position": {"code": "4", "name": "Second Base", "type": "Infielder", "abbreviation": "2B"}, "rangeFactorPerGame": "3.61", "rangeFactorPer9Inn": "5.04", "innings": "116.2", "games": 18, "doublePlays": 9, "triplePlays": 0, "throwingErrors": 1}, "team": {"id": 135, "name": "San Diego Padres", "link": "/api/v1/teams/135"}, "player": {"id": 110352, "fullName": "Tucker Ashford", "link": "/api/v1/people/110352"}, "league": {"id": 104, "name": "National League", "link": "/api/v1/league/104"}, "sport": {"id": 1, "link": "/api/v1/sports/1", "abbreviation": "MLB"}, "gameType": "R", "position": {"code": "4", "name": "Second Base", "type": "Infielder", "abbreviation": "2B"}}, {"season": "1978", "stat": {"gamesPlayed": 32, "gamesStarted": 15, "assists": 19, "putOuts": 14, "errors": 3, "chances": 36, "fielding": ".917", "position": {"code": "5", "name": "Third Base", "type": "Infielder", "abbreviation": "3B"}, "rangeFactorPerGame": "1.03", "rangeFactorPer9Inn": "1.95", "innings": "152.1", "games": 32, "doublePlays": 2, "triplePlays": 0, "throwingErrors": 1}, "team": {"id": 135, "name": "San Diego Padres", "link": "/api/v1/teams/135"}, "player": {"id": 110352, "fullName": "Tucker Ashford", "link": "/api/v1/people/110352"}, "league": {"id": 104, "name": "National League", "link": "/api/v1/league/104"}, "sport": {"id": 1, "link": "/api/v1/sports/1", "abbreviation": "MLB"}, "gameType": "R", "position": {"code": "5", "name": "Third Base", "type": "Infielder", "abbreviation": "3B"}}, {"season": "1980", "stat": {"gamesPlayed": 12, "gamesStarted": 11, "assists": 24, "putOuts": 10, "errors": 2, "chances": 36, "fielding": ".944", "position": {"code": "5", "name": "Third Base", "type": "Infielder", "abbreviation": "3B"}, "rangeFactorPerGame": "2.83", "rangeFactorPer9Inn": "3.56", "innings": "86.2", "games": 12, "doublePlays": 1, "triplePlays": 0, "throwingErrors": 1}, "team": {"id": 140, "name": "Texas Rangers", "link": "/api/v1/teams/140"}, "player": {"id": 110352, "fullName": "Tucker Ashford", "link": "/api/v1/people/110352"}, "league": {"id": 103, "name": "American League", "link": "/api/v1/league/103"}, "sport": {"id": 1, "link": "/api/v1/sports/1", "abbreviation": "MLB"}, "gameType": "R", "position": {"code": "5", "name": "Third Base", "type": "Infielder", "abbreviation": "3B"}}, {"season": "1980", "stat": {"gamesPlayed": 2, "gamesStarted": 0, "assists": 1, "putOuts": 1, "errors": 0, "chances": 2, "fielding": "1.000", "position": {"code": "6", "name": "Shortstop", "type": "Infielder", "abbreviation": "SS"}, "rangeFactorPerGame": "1.00", "rangeFactorPer9Inn": "6.00", "innings": "3.0", "games": 2, "doublePlays": 0, "triplePlays": 0, "throwingErrors": 0}, "team": {"id": 140, "name": "Texas Rangers", "link": "/api/v1/teams/140"}, "player": {"id": 110352, "fullName": "Tucker Ashford", "link": "/api/v1/people/110352"}, "league": {"id": 103, "name": "American League", "link": "/api/v1/league/103"}, "sport": {"id": 1, "link": "/api/v1/sports/1", "abbreviation": "MLB"}, "gameType": "R", "position": {"code": "6", "name": "Shortstop", "type": "Infielder", "abbreviation": "SS"}}, {"season": "1981", "stat": {"gamesPlayed": 2, "gamesStarted": 0, "assists": 0, "putOuts": 0, "errors": 0, "chances": 0, "fielding": ".000", "position": {"code": "4", "name": "Second Base", "type": "Infielder", "abbreviation": "2B"}, "rangeFactorPerGame": "0.00", "rangeFactorPer9Inn": "0.00", "innings": "3.0", "games": 2, "doublePlays": 0, "triplePlays": 0, "throwingErrors": 0}, "team": {"id": 147, "name": "New York Yankees", "link": "/api/v1/teams/147"}, "player": {"id": 110352, "fullName": "Tucker Ashford", "link": "/api/v1/people/110352"}, "league": {"id": 103, "name": "American League", "link": "/api/v1/league/103"}, "sport": {"id": 1, "link": "/api/v1/sports/1", "abbreviation": "MLB"}, "gameType": "R", "position": {"code": "4", "name": "Second Base", "type": "Infielder", "abbreviation": "2B"}}, {"season": "1983", "stat": {"gamesPlayed": 1, "gamesStarted": 0, "caughtStealing": 0, "stolenBases": 0, "stolenBasePercentage": ".---", "assists": 0, "putOuts": 1, "errors": 0, "chances": 1, "fielding": "1.000", "position": {"code": "2", "name": "Catcher", "type": "Catcher", "abbreviation": "C"}, "rangeFactorPerGame": "1.00", "rangeFactorPer9Inn": "9.00", "innings": "1.0", "games": 1, "passedBall": 0, "doublePlays": 0, "triplePlays": 0, "catcherERA": "0.00", "catchersInterference": 0, "wildPitches": 0, "throwingErrors": 0, "pickoffs": 0}, "team": {"id": 121, "name": "New York Mets", "link": "/api/v1/teams/121"}, "player": {"id": 110352, "fullName": "Tucker Ashford", "link": "/api/v1/people/110352"}, "league": {"id": 104, "name": "National League", "link": "/api/v1/league/104"}, "sport": {"id": 1, "link": "/api/v1/sports/1", "abbreviation": "MLB"}, "gameType": "R", "position": {"code": "2", "name": "Catcher", "type": "Catcher", "abbreviation": "C"}}, {"season": "1983", "stat": {"gamesPlayed": 13, "gamesStarted": 1, "assists": 12, "putOuts": 8, "errors": 0, "chances": 20, "fielding": "1.000", "position": {"code": "4", "name": "Second Base", "type": "Infielder", "abbreviation": "2B"}, "rangeFactorPerGame": "1.54", "rangeFactorPer9Inn": "5.45", "innings": "33.1", "games": 13, "doublePlays": 4, "triplePlays": 0, "throwingErrors": 0}, "team": {"id": 121, "name": "New York Mets", "link": "/api/v1/teams/121"}, "player": {"id": 110352, "fullName": "Tucker Ashford", "link": "/api/v1/people/110352"}, "league": {"id": 104, "name": "National League", "link": "/api/v1/league/104"}, "sport": {"id": 1, "link": "/api/v1/sports/1", "abbreviation": "MLB"}, "gameType": "R", "position": {"code": "4", "name": "Second Base", "type": "Infielder", "abbreviation": "2B"}}, {"season": "1983", "stat": {"gamesPlayed": 15, "gamesStarted": 10, "assists": 18, "putOuts": 5, "errors": 1, "chances": 24, "fielding": ".958", "position": {"code": "5", "name": "Third Base", "type": "Infielder", "abbreviation": "3B"}, "rangeFactorPerGame": "1.53", "rangeFactorPer9Inn": "2.30", "innings": "90.0", "games": 15, "doublePlays": 2, "triplePlays": 0, "throwingErrors": 0}, "team": {"id": 121, "name": "New York Mets", "link": "/api/v1/teams/121"}, "player": {"id": 110352, "fullName": "Tucker Ashford", "link": "/api/v1/people/110352"}, "league": {"id": 104, "name": "National League", "link": "/api/v1/league/104"}, "sport": {"id": 1, "link": "/api/v1/sports/1", "abbreviation": "MLB"}, "gameType": "R", "position": {"code": "5", "name": "Third Base", "type": "Infielder", "abbreviation": "3B"}}, {"season": "1984", "stat": {"gamesPlayed": 9, "gamesStarted": 4, "assists": 8, "putOuts": 2, "errors": 1, "chances": 11, "fielding": ".909", "position": {"code": "5", "name": "Third Base", "type": "Infielder", "abbreviation": "3B"}, "rangeFactorPerGame": "1.11", "rangeFactorPer9Inn": "2.31", "innings": "39.2", "games": 9, "doublePlays": 1, "triplePlays": 0, "throwingErrors": 0}, "team": {"id": 118, "name": "Kansas City Royals", "link": "/api/v1/teams/118"}, "player": {"id": 110352, "fullName": "Tucker Ashford", "link": "/api/v1/people/110352"}, "league": {"id": 103, "name": "American League", "link": "/api/v1/league/103"}, "sport": {"id": 1, "link": "/api/v1/sports/1", "abbreviation": "MLB"}, "gameType": "R", "position": {"code": "5", "name": "Third Base", "type": "Infielder", "abbreviation": "3B"}}]}], "mlbDebutDate": "1976-09-21", "batSide": {"code": "R", "description": "Right"}, "pitchHand": {"code": "R", "description": "Right"}, "nameFirstLast": "Tucker Ashford", "nameSlug": "tucker-ashford-110352", "firstLastName": "Tucker Ashford", "lastFirstName": "Ashford, Tucker", "lastInitName": "Ashford, T", "initLastName": "T Ashford", "fullFMLName": "Thomas Steven Ashford", "fullLFMName": "Ashford, Thomas Steven", "strikeZoneTop": 3.411, "strikeZoneBottom": 1.565}