{"id": 110283, "fullName": "Bill Annis", "link": "/api/v1/people/110283", "firstName": "William", "lastName": "Annis", "birthDate": "1857-05-24", "currentAge": 66, "birthCity": "Stoneham", "birthStateProvince": "MA", "birthCountry": "USA", "height": "5' 7\"", "weight": 150, "active": false, "primaryPosition": {"code": "8", "name": "Outfielder", "type": "Outfielder", "abbreviation": "CF"}, "useName": "Bill", "useLastName": "Annis", "middleName": "Perley", "boxscoreName": "Annis", "gender": "M", "isPlayer": true, "isVerified": true, "deathDate": "1923-06-10", "deathCity": "Kennebunkport", "deathStateProvince": "ME", "deathCountry": "USA", "stats": [{"type": {"displayName": "career"}, "group": {"displayName": "hitting"}, "exemptions": [], "splits": [{"stat": {"gamesPlayed": 27, "runs": 17, "doubles": 2, "triples": 0, "homeRuns": 0, "strikeOuts": 8, "baseOnBalls": 0, "hits": 17, "avg": ".177", "atBats": 96, "slg": ".198", "plateAppearances": 96, "totalBases": 19, "rbi": 3, "babip": ".193", "atBatsPerHomeRun": "-.--"}, "team": {"id": 144, "name": "Atlanta Braves", "link": "/api/v1/teams/144"}, "player": {"id": 110283, "fullName": "Bill Annis", "link": "/api/v1/people/110283"}, "league": {"id": 104, "name": "National League", "link": "/api/v1/league/104"}, "sport": {"id": 1, "link": "/api/v1/sports/1", "abbreviation": "MLB"}, "gameType": "R"}]}, {"type": {"displayName": "yearByYear"}, "group": {"displayName": "hitting"}, "exemptions": [], "splits": [{"season": "1884", "stat": {"gamesPlayed": 27, "runs": 17, "doubles": 2, "triples": 0, "homeRuns": 0, "strikeOuts": 8, "baseOnBalls": 0, "hits": 17, "avg": ".177", "atBats": 96, "slg": ".198", "plateAppearances": 96, "totalBases": 19, "rbi": 3, "babip": ".193", "atBatsPerHomeRun": "-.--"}, "team": {"id": 144, "name": "Boston Beaneaters", "link": "/api/v1/teams/144"}, "player": {"id": 110283, "fullName": "Bill Annis", "link": "/api/v1/people/110283"}, "league": {"id": 104, "name": "National League", "link": "/api/v1/league/104"}, "sport": {"id": 1, "link": "/api/v1/sports/1", "abbreviation": "MLB"}, "gameType": "R"}]}], "mlbDebutDate": "1884-05-01", "batSide": {"code": "R", "description": "Right"}, "pitchHand": {"code": "R", "description": "Right"}, "nameFirstLast": "Bill Annis", "nameSlug": "bill-annis-110283", "firstLastName": "Bill Annis", "lastFirstName": "Annis, Bill", "lastInitName": "Annis, B", "initLastName": "B Annis", "fullFMLName": "William Perley Annis", "fullLFMName": "Annis, William Perley", "strikeZoneTop": 3.179, "strikeZoneBottom": 1.474}