{"id": 110382, "fullName": "Doug Ault", "link": "/api/v1/people/110382", "firstName": "Douglas", "lastName": "Ault", "primaryNumber": "25", "birthDate": "1950-03-09", "currentAge": 54, "birthCity": "Beaumont", "birthStateProvince": "TX", "birthCountry": "USA", "height": "6' 3\"", "weight": 200, "active": false, "primaryPosition": {"code": "3", "name": "First Base", "type": "Infielder", "abbreviation": "1B"}, "useName": "Doug", "useLastName": "Ault", "middleName": "Reagan", "boxscoreName": "Ault", "gender": "M", "isPlayer": true, "isVerified": true, "draftYear": 1969, "deathDate": "2004-12-22", "deathCity": "Tarpon Springs", "deathStateProvince": "FL", "deathCountry": "USA", "lastPlayedDate": "1980-10-05", "stats": [{"type": {"displayName": "career"}, "group": {"displayName": "hitting"}, "exemptions": [], "splits": [{"stat": {"gamesPlayed": 256, "groundOuts": 73, "airOuts": 75, "runs": 66, "doubles": 29, "triples": 5, "homeRuns": 17, "strikeOuts": 108, "baseOnBalls": 71, "intentionalWalks": 6, "hits": 168, "hitByPitch": 7, "avg": ".236", "atBats": 713, "obp": ".309", "slg": ".362", "ops": ".671", "caughtStealing": 5, "stolenBases": 4, "stolenBasePercentage": ".444", "groundIntoDoublePlay": 29, "numberOfPitches": 1229, "plateAppearances": 800, "totalBases": 258, "rbi": 86, "leftOnBase": 341, "sacBunts": 5, "sacFlies": 4, "babip": ".255", "groundOutsToAirouts": "0.97", "catchersInterference": 0, "atBatsPerHomeRun": "41.94"}, "player": {"id": 110382, "fullName": "Doug Ault", "link": "/api/v1/people/110382"}, "sport": {"id": 1, "link": "/api/v1/sports/1", "abbreviation": "MLB"}, "gameType": "R", "numTeams": 2}]}, {"type": {"displayName": "career"}, "group": {"displayName": "fielding"}, "exemptions": [], "splits": [{"stat": {"gamesPlayed": 183, "gamesStarted": 161, "assists": 135, "putOuts": 1510, "errors": 20, "chances": 1665, "fielding": ".988", "position": {"code": "3", "name": "First Base", "type": "Infielder", "abbreviation": "1B"}, "rangeFactorPerGame": "8.99", "rangeFactorPer9Inn": "10.40", "innings": "1423.2", "games": 183, "doublePlays": 126, "triplePlays": 0, "throwingErrors": 1}, "player": {"id": 110382, "fullName": "Doug Ault", "link": "/api/v1/people/110382"}, "sport": {"id": 1, "link": "/api/v1/sports/1", "abbreviation": "MLB"}, "gameType": "R", "numTeams": 2, "position": {"code": "3", "name": "First Base", "type": "Infielder", "abbreviation": "1B"}}, {"stat": {"gamesPlayed": 21, "gamesStarted": 21, "assists": 0, "putOuts": 0, "errors": 0, "chances": 0, "fielding": ".000", "position": {"code": "10", "name": "Designated Hitter", "type": "Hitter", "abbreviation": "DH"}, "rangeFactorPerGame": "0.00", "rangeFactorPer9Inn": "-.--", "innings": "0.0", "games": 21, "doublePlays": 0, "triplePlays": 0, "throwingErrors": 0}, "player": {"id": 110382, "fullName": "Doug Ault", "link": "/api/v1/people/110382"}, "sport": {"id": 1, "link": "/api/v1/sports/1", "abbreviation": "MLB"}, "gameType": "R", "numTeams": 2, "position": {"code": "10", "name": "Designated Hitter", "type": "Hitter", "abbreviation": "DH"}}, {"stat": {"gamesPlayed": 8, "gamesStarted": 6, "assists": 0, "putOuts": 14, "errors": 2, "chances": 16, "fielding": ".875", "position": {"code": "7", "name": "Outfielder", "type": "Outfielder", "abbreviation": "LF"}, "rangeFactorPerGame": "1.75", "rangeFactorPer9Inn": "2.52", "innings": "50.0", "games": 8, "doublePlays": 0, "triplePlays": 0, "throwingErrors": 1}, "team": {"id": 141, "name": "Toronto Blue Jays", "link": "/api/v1/teams/141"}, "player": {"id": 110382, "fullName": "Doug Ault", "link": "/api/v1/people/110382"}, "league": {"id": 103, "name": "American League", "link": "/api/v1/league/103"}, "sport": {"id": 1, "link": "/api/v1/sports/1", "abbreviation": "MLB"}, "gameType": "R", "position": {"code": "7", "name": "Outfielder", "type": "Outfielder", "abbreviation": "LF"}}, {"stat": {"gamesPlayed": 1, "gamesStarted": 0, "assists": 0, "putOuts": 0, "errors": 0, "chances": 0, "fielding": ".000", "position": {"code": "9", "name": "Outfielder", "type": "Outfielder", "abbreviation": "RF"}, "rangeFactorPerGame": "0.00", "rangeFactorPer9Inn": "0.00", "innings": "1.0", "games": 1, "doublePlays": 0, "triplePlays": 0, "throwingErrors": 0}, "team": {"id": 141, "name": "Toronto Blue Jays", "link": "/api/v1/teams/141"}, "player": {"id": 110382, "fullName": "Doug Ault", "link": "/api/v1/people/110382"}, "league": {"id": 103, "name": "American League", "link": "/api/v1/league/103"}, "sport": {"id": 1, "link": "/api/v1/sports/1", "abbreviation": "MLB"}, "gameType": "R", "position": {"code": "9", "name": "Outfielder", "type": "Outfielder", "abbreviation": "RF"}}]}, {"type": {"displayName": "yearByYear"}, "group": {"displayName": "hitting"}, "exemptions": [], "splits": [{"season": "1976", "stat": {"gamesPlayed": 9, "groundOuts": 1, "airOuts": 1, "runs": 0, "doubles": 1, "triples": 0, "homeRuns": 0, "strikeOuts": 3, "baseOnBalls": 1, "intentionalWalks": 0, "hits": 6, "hitByPitch": 0, "avg": ".300", "atBats": 20, "obp": ".333", "slg": ".350", "ops": ".683", "caughtStealing": 0, "stolenBases": 0, "stolenBasePercentage": ".---", "groundIntoDoublePlay": 0, "numberOfPitches": 30, "plateAppearances": 21, "totalBases": 7, "rbi": 0, "leftOnBase": 9, "sacBunts": 0, "sacFlies": 0, "babip": ".353", "groundOutsToAirouts": "1.00", "catchersInterference": 0, "atBatsPerHomeRun": "-.--"}, "team": {"id": 140, "name": "Texas Rangers", "link": "/api/v1/teams/140"}, "player": {"id": 110382, "fullName": "Doug Ault", "link": "/api/v1/people/110382"}, "league": {"id": 103, "name": "American League", "link": "/api/v1/league/103"}, "sport": {"id": 1, "link": "/api/v1/sports/1", "abbreviation": "MLB"}, "gameType": "R"}, {"season": "1977", "stat": {"gamesPlayed": 129, "groundOuts": 47, "airOuts": 45, "runs": 44, "doubles": 22, "triples": 3, "homeRuns": 11, "strikeOuts": 68, "baseOnBalls": 39, "intentionalWalks": 5, "hits": 109, "hitByPitch": 4, "avg": ".245", "atBats": 445, "obp": ".310", "slg": ".382", "ops": ".692", "caughtStealing": 4, "stolenBases": 4, "stolenBasePercentage": ".500", "groundIntoDoublePlay": 20, "numberOfPitches": 747, "plateAppearances": 494, "totalBases": 170, "rbi": 64, "leftOnBase": 216, "sacBunts": 3, "sacFlies": 3, "babip": ".266", "groundOutsToAirouts": "1.04", "catchersInterference": 0, "atBatsPerHomeRun": "40.46"}, "team": {"id": 141, "name": "Toronto Blue Jays", "link": "/api/v1/teams/141"}, "player": {"id": 110382, "fullName": "Doug Ault", "link": "/api/v1/people/110382"}, "league": {"id": 103, "name": "American League", "link": "/api/v1/league/103"}, "sport": {"id": 1, "link": "/api/v1/sports/1", "abbreviation": "MLB"}, "gameType": "R"}, {"season": "1978", "stat": {"gamesPlayed": 54, "groundOuts": 12, "airOuts": 12, "runs": 10, "doubles": 1, "triples": 1, "homeRuns": 3, "strikeOuts": 14, "baseOnBalls": 17, "intentionalWalks": 1, "hits": 25, "hitByPitch": 1, "avg": ".240", "atBats": 104, "obp": ".352", "slg": ".356", "ops": ".708", "caughtStealing": 0, "stolenBases": 0, "stolenBasePercentage": ".---", "groundIntoDoublePlay": 6, "numberOfPitches": 203, "plateAppearances": 124, "totalBases": 37, "rbi": 7, "leftOnBase": 46, "sacBunts": 2, "sacFlies": 0, "babip": ".253", "groundOutsToAirouts": "1.00", "catchersInterference": 0, "atBatsPerHomeRun": "34.67"}, "team": {"id": 141, "name": "Toronto Blue Jays", "link": "/api/v1/teams/141"}, "player": {"id": 110382, "fullName": "Doug Ault", "link": "/api/v1/people/110382"}, "league": {"id": 103, "name": "American League", "link": "/api/v1/league/103"}, "sport": {"id": 1, "link": "/api/v1/sports/1", "abbreviation": "MLB"}, "gameType": "R"}, {"season": "1980", "stat": {"gamesPlayed": 64, "groundOuts": 13, "airOuts": 17, "runs": 12, "doubles": 5, "triples": 1, "homeRuns": 3, "strikeOuts": 23, "baseOnBalls": 14, "intentionalWalks": 0, "hits": 28, "hitByPitch": 2, "avg": ".194", "atBats": 144, "obp": ".273", "slg": ".306", "ops": ".579", "caughtStealing": 1, "stolenBases": 0, "stolenBasePercentage": ".000", "groundIntoDoublePlay": 3, "numberOfPitches": 249, "plateAppearances": 161, "totalBases": 44, "rbi": 15, "leftOnBase": 70, "sacBunts": 0, "sacFlies": 1, "babip": ".210", "groundOutsToAirouts": "0.76", "catchersInterference": 0, "atBatsPerHomeRun": "48.00"}, "team": {"id": 141, "name": "Toronto Blue Jays", "link": "/api/v1/teams/141"}, "player": {"id": 110382, "fullName": "Doug Ault", "link": "/api/v1/people/110382"}, "league": {"id": 103, "name": "American League", "link": "/api/v1/league/103"}, "sport": {"id": 1, "link": "/api/v1/sports/1", "abbreviation": "MLB"}, "gameType": "R"}]}, {"type": {"displayName": "yearByYear"}, "group": {"displayName": "fielding"}, "exemptions": [], "splits": [{"season": "1976", "stat": {"gamesPlayed": 4, "gamesStarted": 2, "assists": 0, "putOuts": 23, "errors": 0, "chances": 23, "fielding": "1.000", "position": {"code": "3", "name": "First Base", "type": "Infielder", "abbreviation": "1B"}, "rangeFactorPerGame": "5.75", "rangeFactorPer9Inn": "10.89", "innings": "19.1", "games": 4, "doublePlays": 1, "triplePlays": 0, "throwingErrors": 0}, "team": {"id": 140, "name": "Texas Rangers", "link": "/api/v1/teams/140"}, "player": {"id": 110382, "fullName": "Doug Ault", "link": "/api/v1/people/110382"}, "league": {"id": 103, "name": "American League", "link": "/api/v1/league/103"}, "sport": {"id": 1, "link": "/api/v1/sports/1", "abbreviation": "MLB"}, "gameType": "R", "position": {"code": "3", "name": "First Base", "type": "Infielder", "abbreviation": "1B"}}, {"season": "1976", "stat": {"gamesPlayed": 2, "gamesStarted": 2, "assists": 0, "putOuts": 0, "errors": 0, "chances": 0, "fielding": ".000", "position": {"code": "10", "name": "Designated Hitter", "type": "Hitter", "abbreviation": "DH"}, "rangeFactorPerGame": "0.00", "rangeFactorPer9Inn": "-.--", "innings": "0.0", "games": 2, "doublePlays": 0, "triplePlays": 0, "throwingErrors": 0}, "team": {"id": 140, "name": "Texas Rangers", "link": "/api/v1/teams/140"}, "player": {"id": 110382, "fullName": "Doug Ault", "link": "/api/v1/people/110382"}, "league": {"id": 103, "name": "American League", "link": "/api/v1/league/103"}, "sport": {"id": 1, "link": "/api/v1/sports/1", "abbreviation": "MLB"}, "gameType": "R", "position": {"code": "10", "name": "Designated Hitter", "type": "Hitter", "abbreviation": "DH"}}, {"season": "1977", "stat": {"gamesPlayed": 122, "gamesStarted": 118, "assists": 104, "putOuts": 1113, "errors": 16, "chances": 1233, "fielding": ".987", "position": {"code": "3", "name": "First Base", "type": "Infielder", "abbreviation": "1B"}, "rangeFactorPerGame": "9.98", "rangeFactorPer9Inn": "10.40", "innings": "1053.2", "games": 122, "doublePlays": 91, "triplePlays": 0, "throwingErrors": 1}, "team": {"id": 141, "name": "Toronto Blue Jays", "link": "/api/v1/teams/141"}, "player": {"id": 110382, "fullName": "Doug Ault", "link": "/api/v1/people/110382"}, "league": {"id": 103, "name": "American League", "link": "/api/v1/league/103"}, "sport": {"id": 1, "link": "/api/v1/sports/1", "abbreviation": "MLB"}, "gameType": "R", "position": {"code": "3", "name": "First Base", "type": "Infielder", "abbreviation": "1B"}}, {"season": "1978", "stat": {"gamesPlayed": 25, "gamesStarted": 21, "assists": 12, "putOuts": 177, "errors": 4, "chances": 193, "fielding": ".979", "position": {"code": "3", "name": "First Base", "type": "Infielder", "abbreviation": "1B"}, "rangeFactorPerGame": "7.56", "rangeFactorPer9Inn": "10.44", "innings": "163.2", "games": 25, "doublePlays": 13, "triplePlays": 0, "throwingErrors": 0}, "team": {"id": 141, "name": "Toronto Blue Jays", "link": "/api/v1/teams/141"}, "player": {"id": 110382, "fullName": "Doug Ault", "link": "/api/v1/people/110382"}, "league": {"id": 103, "name": "American League", "link": "/api/v1/league/103"}, "sport": {"id": 1, "link": "/api/v1/sports/1", "abbreviation": "MLB"}, "gameType": "R", "position": {"code": "3", "name": "First Base", "type": "Infielder", "abbreviation": "1B"}}, {"season": "1978", "stat": {"gamesPlayed": 7, "gamesStarted": 5, "assists": 0, "putOuts": 12, "errors": 2, "chances": 14, "fielding": ".857", "position": {"code": "7", "name": "Outfielder", "type": "Outfielder", "abbreviation": "LF"}, "rangeFactorPerGame": "1.71", "rangeFactorPer9Inn": "2.57", "innings": "42.0", "games": 7, "doublePlays": 0, "triplePlays": 0, "throwingErrors": 1}, "team": {"id": 141, "name": "Toronto Blue Jays", "link": "/api/v1/teams/141"}, "player": {"id": 110382, "fullName": "Doug Ault", "link": "/api/v1/people/110382"}, "league": {"id": 103, "name": "American League", "link": "/api/v1/league/103"}, "sport": {"id": 1, "link": "/api/v1/sports/1", "abbreviation": "MLB"}, "gameType": "R", "position": {"code": "7", "name": "Outfielder", "type": "Outfielder", "abbreviation": "LF"}}, {"season": "1978", "stat": {"gamesPlayed": 1, "gamesStarted": 0, "assists": 0, "putOuts": 0, "errors": 0, "chances": 0, "fielding": ".000", "position": {"code": "9", "name": "Outfielder", "type": "Outfielder", "abbreviation": "RF"}, "rangeFactorPerGame": "0.00", "rangeFactorPer9Inn": "0.00", "innings": "1.0", "games": 1, "doublePlays": 0, "triplePlays": 0, "throwingErrors": 0}, "team": {"id": 141, "name": "Toronto Blue Jays", "link": "/api/v1/teams/141"}, "player": {"id": 110382, "fullName": "Doug Ault", "link": "/api/v1/people/110382"}, "league": {"id": 103, "name": "American League", "link": "/api/v1/league/103"}, "sport": {"id": 1, "link": "/api/v1/sports/1", "abbreviation": "MLB"}, "gameType": "R", "position": {"code": "9", "name": "Outfielder", "type": "Outfielder", "abbreviation": "RF"}}, {"season": "1978", "stat": {"gamesPlayed": 2, "gamesStarted": 2, "assists": 0, "putOuts": 0, "errors": 0, "chances": 0, "fielding": ".000", "position": {"code": "10", "name": "Designated Hitter", "type": "Hitter", "abbreviation": "DH"}, "rangeFactorPerGame": "0.00", "rangeFactorPer9Inn": "-.--", "innings": "0.0", "games": 2, "doublePlays": 0, "triplePlays": 0, "throwingErrors": 0}, "team": {"id": 141, "name": "Toronto Blue Jays", "link": "/api/v1/teams/141"}, "player": {"id": 110382, "fullName": "Doug Ault", "link": "/api/v1/people/110382"}, "league": {"id": 103, "name": "American League", "link": "/api/v1/league/103"}, "sport": {"id": 1, "link": "/api/v1/sports/1", "abbreviation": "MLB"}, "gameType": "R", "position": {"code": "10", "name": "Designated Hitter", "type": "Hitter", "abbreviation": "DH"}}, {"season": "1980", "stat": {"gamesPlayed": 32, "gamesStarted": 20, "assists": 19, "putOuts": 197, "errors": 0, "chances": 216, "fielding": "1.000", "position": {"code": "3", "name": "First Base", "type": "Infielder", "abbreviation": "1B"}, "rangeFactorPerGame": "6.75", "rangeFactorPer9Inn": "10.40", "innings": "187.0", "games": 32, "doublePlays": 21, "triplePlays": 0, "throwingErrors": 0}, "team": {"id": 141, "name": "Toronto Blue Jays", "link": "/api/v1/teams/141"}, "player": {"id": 110382, "fullName": "Doug Ault", "link": "/api/v1/people/110382"}, "league": {"id": 103, "name": "American League", "link": "/api/v1/league/103"}, "sport": {"id": 1, "link": "/api/v1/sports/1", "abbreviation": "MLB"}, "gameType": "R", "position": {"code": "3", "name": "First Base", "type": "Infielder", "abbreviation": "1B"}}, {"season": "1980", "stat": {"gamesPlayed": 1, "gamesStarted": 1, "assists": 0, "putOuts": 2, "errors": 0, "chances": 2, "fielding": "1.000", "position": {"code": "7", "name": "Outfielder", "type": "Outfielder", "abbreviation": "LF"}, "rangeFactorPerGame": "2.00", "rangeFactorPer9Inn": "2.25", "innings": "8.0", "games": 1, "doublePlays": 0, "triplePlays": 0, "throwingErrors": 0}, "team": {"id": 141, "name": "Toronto Blue Jays", "link": "/api/v1/teams/141"}, "player": {"id": 110382, "fullName": "Doug Ault", "link": "/api/v1/people/110382"}, "league": {"id": 103, "name": "American League", "link": "/api/v1/league/103"}, "sport": {"id": 1, "link": "/api/v1/sports/1", "abbreviation": "MLB"}, "gameType": "R", "position": {"code": "7", "name": "Outfielder", "type": "Outfielder", "abbreviation": "LF"}}, {"season": "1980", "stat": {"gamesPlayed": 17, "gamesStarted": 17, "assists": 0, "putOuts": 0, "errors": 0, "chances": 0, "fielding": ".000", "position": {"code": "10", "name": "Designated Hitter", "type": "Hitter", "abbreviation": "DH"}, "rangeFactorPerGame": "0.00", "rangeFactorPer9Inn": "-.--", "innings": "0.0", "games": 17, "doublePlays": 0, "triplePlays": 0, "throwingErrors": 0}, "team": {"id": 141, "name": "Toronto Blue Jays", "link": "/api/v1/teams/141"}, "player": {"id": 110382, "fullName": "Doug Ault", "link": "/api/v1/people/110382"}, "league": {"id": 103, "name": "American League", "link": "/api/v1/league/103"}, "sport": {"id": 1, "link": "/api/v1/sports/1", "abbreviation": "MLB"}, "gameType": "R", "position": {"code": "10", "name": "Designated Hitter", "type": "Hitter", "abbreviation": "DH"}}]}], "mlbDebutDate": "1976-09-09", "batSide": {"code": "R", "description": "Right"}, "pitchHand": {"code": "L", "description": "Left"}, "nameFirstLast": "Doug Ault", "nameSlug": "doug-ault-110382", "firstLastName": "Doug Ault", "lastFirstName": "Ault, Doug", "lastInitName": "Ault, D", "initLastName": "D Ault", "fullFMLName": "Douglas Reagan Ault", "fullLFMName": "Ault, Douglas Reagan", "strikeZoneTop": 3.49, "strikeZoneBottom": 1.601}