{"id": 110331, "fullName": "Chris Arnold", "link": "/api/v1/people/110331", "firstName": "Christopher", "lastName": "Arnold", "primaryNumber": "17", "birthDate": "1947-11-06", "currentAge": 75, "birthCity": "Long Beach", "birthStateProvince": "CA", "birthCountry": "USA", "height": "5' 10\"", "weight": 160, "active": false, "primaryPosition": {"code": "4", "name": "Second Base", "type": "Infielder", "abbreviation": "2B"}, "useName": "Chris", "useLastName": "Arnold", "middleName": "Paul", "boxscoreName": "Arnold", "gender": "M", "isPlayer": true, "isVerified": true, "draftYear": 1965, "lastPlayedDate": "1976-10-02", "stats": [{"type": {"displayName": "career"}, "group": {"displayName": "hitting"}, "exemptions": [], "splits": [{"stat": {"gamesPlayed": 273, "groundOuts": 20, "airOuts": 24, "runs": 47, "doubles": 12, "triples": 5, "homeRuns": 4, "strikeOuts": 76, "baseOnBalls": 42, "intentionalWalks": 5, "hits": 103, "hitByPitch": 1, "avg": ".237", "atBats": 435, "obp": ".303", "slg": ".315", "ops": ".618", "caughtStealing": 2, "stolenBases": 1, "stolenBasePercentage": ".333", "groundIntoDoublePlay": 13, "numberOfPitches": 503, "plateAppearances": 483, "totalBases": 137, "rbi": 51, "leftOnBase": 119, "sacBunts": 1, "sacFlies": 4, "babip": ".276", "groundOutsToAirouts": "0.83", "catchersInterference": 0, "atBatsPerHomeRun": "108.75"}, "team": {"id": 137, "name": "San Francisco Giants", "link": "/api/v1/teams/137"}, "player": {"id": 110331, "fullName": "Chris Arnold", "link": "/api/v1/people/110331"}, "league": {"id": 104, "name": "National League", "link": "/api/v1/league/104"}, "sport": {"id": 1, "link": "/api/v1/sports/1", "abbreviation": "MLB"}, "gameType": "R"}]}, {"type": {"displayName": "career"}, "group": {"displayName": "fielding"}, "exemptions": [], "splits": [{"stat": {"gamesPlayed": 9, "gamesStarted": 4, "caughtStealing": 0, "stolenBases": 4, "stolenBasePercentage": "1.000", "assists": 1, "putOuts": 21, "errors": 1, "chances": 23, "fielding": ".957", "position": {"code": "2", "name": "Catcher", "type": "Catcher", "abbreviation": "C"}, "rangeFactorPerGame": "2.44", "rangeFactorPer9Inn": "5.50", "innings": "36.0", "games": 9, "passedBall": 4, "doublePlays": 0, "triplePlays": 0, "catcherERA": "3.25", "catchersInterference": 0, "wildPitches": 3, "throwingErrors": 1, "pickoffs": 0}, "team": {"id": 137, "name": "San Francisco Giants", "link": "/api/v1/teams/137"}, "player": {"id": 110331, "fullName": "Chris Arnold", "link": "/api/v1/people/110331"}, "league": {"id": 104, "name": "National League", "link": "/api/v1/league/104"}, "sport": {"id": 1, "link": "/api/v1/sports/1", "abbreviation": "MLB"}, "gameType": "R", "position": {"code": "2", "name": "Catcher", "type": "Catcher", "abbreviation": "C"}}, {"stat": {"gamesPlayed": 1, "gamesStarted": 1, "assists": 1, "putOuts": 6, "errors": 0, "chances": 7, "fielding": "1.000", "position": {"code": "3", "name": "First Base", "type": "Infielder", "abbreviation": "1B"}, "rangeFactorPerGame": "7.00", "rangeFactorPer9Inn": "9.00", "innings": "7.0", "games": 1, "doublePlays": 2, "triplePlays": 0, "throwingErrors": 0}, "team": {"id": 137, "name": "San Francisco Giants", "link": "/api/v1/teams/137"}, "player": {"id": 110331, "fullName": "Chris Arnold", "link": "/api/v1/people/110331"}, "league": {"id": 104, "name": "National League", "link": "/api/v1/league/104"}, "sport": {"id": 1, "link": "/api/v1/sports/1", "abbreviation": "MLB"}, "gameType": "R", "position": {"code": "3", "name": "First Base", "type": "Infielder", "abbreviation": "1B"}}, {"stat": {"gamesPlayed": 56, "gamesStarted": 41, "assists": 137, "putOuts": 90, "errors": 7, "chances": 234, "fielding": ".970", "position": {"code": "4", "name": "Second Base", "type": "Infielder", "abbreviation": "2B"}, "rangeFactorPerGame": "4.05", "rangeFactorPer9Inn": "5.33", "innings": "383.1", "games": 56, "doublePlays": 22, "triplePlays": 0, "throwingErrors": 2}, "team": {"id": 137, "name": "San Francisco Giants", "link": "/api/v1/teams/137"}, "player": {"id": 110331, "fullName": "Chris Arnold", "link": "/api/v1/people/110331"}, "league": {"id": 104, "name": "National League", "link": "/api/v1/league/104"}, "sport": {"id": 1, "link": "/api/v1/sports/1", "abbreviation": "MLB"}, "gameType": "R", "position": {"code": "4", "name": "Second Base", "type": "Infielder", "abbreviation": "2B"}}, {"stat": {"gamesPlayed": 29, "gamesStarted": 17, "assists": 35, "putOuts": 16, "errors": 3, "chances": 54, "fielding": ".944", "position": {"code": "5", "name": "Third Base", "type": "Infielder", "abbreviation": "3B"}, "rangeFactorPerGame": "1.76", "rangeFactorPer9Inn": "2.83", "innings": "162.2", "games": 29, "doublePlays": 7, "triplePlays": 0, "throwingErrors": 1}, "team": {"id": 137, "name": "San Francisco Giants", "link": "/api/v1/teams/137"}, "player": {"id": 110331, "fullName": "Chris Arnold", "link": "/api/v1/people/110331"}, "league": {"id": 104, "name": "National League", "link": "/api/v1/league/104"}, "sport": {"id": 1, "link": "/api/v1/sports/1", "abbreviation": "MLB"}, "gameType": "R", "position": {"code": "5", "name": "Third Base", "type": "Infielder", "abbreviation": "3B"}}, {"stat": {"gamesPlayed": 6, "gamesStarted": 4, "assists": 11, "putOuts": 9, "errors": 0, "chances": 20, "fielding": "1.000", "position": {"code": "6", "name": "Shortstop", "type": "Infielder", "abbreviation": "SS"}, "rangeFactorPerGame": "3.33", "rangeFactorPer9Inn": "4.50", "innings": "40.2", "games": 6, "doublePlays": 1, "triplePlays": 0, "throwingErrors": 0}, "team": {"id": 137, "name": "San Francisco Giants", "link": "/api/v1/teams/137"}, "player": {"id": 110331, "fullName": "Chris Arnold", "link": "/api/v1/people/110331"}, "league": {"id": 104, "name": "National League", "link": "/api/v1/league/104"}, "sport": {"id": 1, "link": "/api/v1/sports/1", "abbreviation": "MLB"}, "gameType": "R", "position": {"code": "6", "name": "Shortstop", "type": "Infielder", "abbreviation": "SS"}}, {"stat": {"gamesPlayed": 3, "gamesStarted": 2, "assists": 1, "putOuts": 4, "errors": 0, "chances": 5, "fielding": "1.000", "position": {"code": "7", "name": "Outfielder", "type": "Outfielder", "abbreviation": "LF"}, "rangeFactorPerGame": "1.67", "rangeFactorPer9Inn": "2.37", "innings": "19.0", "games": 3, "doublePlays": 1, "triplePlays": 0, "throwingErrors": 0}, "team": {"id": 137, "name": "San Francisco Giants", "link": "/api/v1/teams/137"}, "player": {"id": 110331, "fullName": "Chris Arnold", "link": "/api/v1/people/110331"}, "league": {"id": 104, "name": "National League", "link": "/api/v1/league/104"}, "sport": {"id": 1, "link": "/api/v1/sports/1", "abbreviation": "MLB"}, "gameType": "R", "position": {"code": "7", "name": "Outfielder", "type": "Outfielder", "abbreviation": "LF"}}, {"stat": {"gamesPlayed": 1, "gamesStarted": 1, "assists": 0, "putOuts": 1, "errors": 0, "chances": 1, "fielding": "1.000", "position": {"code": "9", "name": "Outfielder", "type": "Outfielder", "abbreviation": "RF"}, "rangeFactorPerGame": "1.00", "rangeFactorPer9Inn": "1.00", "innings": "9.0", "games": 1, "doublePlays": 0, "triplePlays": 0, "throwingErrors": 0}, "team": {"id": 137, "name": "San Francisco Giants", "link": "/api/v1/teams/137"}, "player": {"id": 110331, "fullName": "Chris Arnold", "link": "/api/v1/people/110331"}, "league": {"id": 104, "name": "National League", "link": "/api/v1/league/104"}, "sport": {"id": 1, "link": "/api/v1/sports/1", "abbreviation": "MLB"}, "gameType": "R", "position": {"code": "9", "name": "Outfielder", "type": "Outfielder", "abbreviation": "RF"}}]}, {"type": {"displayName": "yearByYear"}, "group": {"displayName": "hitting"}, "exemptions": [], "splits": [{"season": "1971", "stat": {"gamesPlayed": 6, "runs": 2, "doubles": 0, "triples": 0, "homeRuns": 1, "strikeOuts": 2, "baseOnBalls": 1, "intentionalWalks": 0, "hits": 3, "hitByPitch": 0, "avg": ".231", "atBats": 13, "obp": ".286", "slg": ".462", "ops": ".748", "caughtStealing": 0, "stolenBases": 0, "stolenBasePercentage": ".---", "groundIntoDoublePlay": 0, "plateAppearances": 14, "totalBases": 6, "rbi": 3, "sacBunts": 0, "sacFlies": 0, "babip": ".200", "atBatsPerHomeRun": "13.00"}, "team": {"id": 137, "name": "San Francisco Giants", "link": "/api/v1/teams/137"}, "player": {"id": 110331, "fullName": "Chris Arnold", "link": "/api/v1/people/110331"}, "league": {"id": 104, "name": "National League", "link": "/api/v1/league/104"}, "sport": {"id": 1, "link": "/api/v1/sports/1", "abbreviation": "MLB"}, "gameType": "R"}, {"season": "1972", "stat": {"gamesPlayed": 51, "runs": 8, "doubles": 3, "triples": 1, "homeRuns": 1, "strikeOuts": 12, "baseOnBalls": 8, "intentionalWalks": 1, "hits": 19, "hitByPitch": 0, "avg": ".226", "atBats": 84, "obp": ".293", "slg": ".321", "ops": ".614", "caughtStealing": 1, "stolenBases": 0, "stolenBasePercentage": ".000", "groundIntoDoublePlay": 3, "plateAppearances": 93, "totalBases": 27, "rbi": 4, "sacBunts": 1, "sacFlies": 0, "babip": ".254", "atBatsPerHomeRun": "84.00"}, "team": {"id": 137, "name": "San Francisco Giants", "link": "/api/v1/teams/137"}, "player": {"id": 110331, "fullName": "Chris Arnold", "link": "/api/v1/people/110331"}, "league": {"id": 104, "name": "National League", "link": "/api/v1/league/104"}, "sport": {"id": 1, "link": "/api/v1/sports/1", "abbreviation": "MLB"}, "gameType": "R"}, {"season": "1973", "stat": {"gamesPlayed": 49, "runs": 7, "doubles": 2, "triples": 0, "homeRuns": 1, "strikeOuts": 11, "baseOnBalls": 8, "intentionalWalks": 2, "hits": 16, "hitByPitch": 0, "avg": ".296", "atBats": 54, "obp": ".381", "slg": ".389", "ops": ".770", "caughtStealing": 0, "stolenBases": 0, "stolenBasePercentage": ".---", "groundIntoDoublePlay": 2, "plateAppearances": 63, "totalBases": 21, "rbi": 13, "sacBunts": 0, "sacFlies": 1, "babip": ".349", "atBatsPerHomeRun": "54.00"}, "team": {"id": 137, "name": "San Francisco Giants", "link": "/api/v1/teams/137"}, "player": {"id": 110331, "fullName": "Chris Arnold", "link": "/api/v1/people/110331"}, "league": {"id": 104, "name": "National League", "link": "/api/v1/league/104"}, "sport": {"id": 1, "link": "/api/v1/sports/1", "abbreviation": "MLB"}, "gameType": "R"}, {"season": "1974", "stat": {"gamesPlayed": 78, "groundOuts": 7, "airOuts": 11, "runs": 22, "doubles": 7, "triples": 3, "homeRuns": 1, "strikeOuts": 27, "baseOnBalls": 15, "intentionalWalks": 1, "hits": 42, "hitByPitch": 1, "avg": ".241", "atBats": 174, "obp": ".302", "slg": ".333", "ops": ".635", "caughtStealing": 1, "stolenBases": 1, "stolenBasePercentage": ".500", "groundIntoDoublePlay": 1, "numberOfPitches": 297, "plateAppearances": 192, "totalBases": 58, "rbi": 26, "leftOnBase": 62, "sacBunts": 0, "sacFlies": 2, "babip": ".277", "groundOutsToAirouts": "0.64", "catchersInterference": 0, "atBatsPerHomeRun": "174.00"}, "team": {"id": 137, "name": "San Francisco Giants", "link": "/api/v1/teams/137"}, "player": {"id": 110331, "fullName": "Chris Arnold", "link": "/api/v1/people/110331"}, "league": {"id": 104, "name": "National League", "link": "/api/v1/league/104"}, "sport": {"id": 1, "link": "/api/v1/sports/1", "abbreviation": "MLB"}, "gameType": "R"}, {"season": "1975", "stat": {"gamesPlayed": 29, "groundOuts": 6, "airOuts": 2, "runs": 4, "doubles": 0, "triples": 0, "homeRuns": 0, "strikeOuts": 8, "baseOnBalls": 4, "intentionalWalks": 0, "hits": 8, "hitByPitch": 0, "avg": ".195", "atBats": 41, "obp": ".267", "slg": ".195", "ops": ".462", "caughtStealing": 0, "stolenBases": 0, "stolenBasePercentage": ".---", "groundIntoDoublePlay": 3, "numberOfPitches": 73, "plateAppearances": 45, "totalBases": 8, "rbi": 0, "leftOnBase": 18, "sacBunts": 0, "sacFlies": 0, "babip": ".242", "groundOutsToAirouts": "3.00", "catchersInterference": 0, "atBatsPerHomeRun": "-.--"}, "team": {"id": 137, "name": "San Francisco Giants", "link": "/api/v1/teams/137"}, "player": {"id": 110331, "fullName": "Chris Arnold", "link": "/api/v1/people/110331"}, "league": {"id": 104, "name": "National League", "link": "/api/v1/league/104"}, "sport": {"id": 1, "link": "/api/v1/sports/1", "abbreviation": "MLB"}, "gameType": "R"}, {"season": "1976", "stat": {"gamesPlayed": 60, "groundOuts": 7, "airOuts": 11, "runs": 4, "doubles": 0, "triples": 1, "homeRuns": 0, "strikeOuts": 16, "baseOnBalls": 6, "intentionalWalks": 1, "hits": 15, "hitByPitch": 0, "avg": ".217", "atBats": 69, "obp": ".276", "slg": ".246", "ops": ".522", "caughtStealing": 0, "stolenBases": 0, "stolenBasePercentage": ".---", "groundIntoDoublePlay": 4, "numberOfPitches": 133, "plateAppearances": 76, "totalBases": 17, "rbi": 5, "leftOnBase": 39, "sacBunts": 0, "sacFlies": 1, "babip": ".278", "groundOutsToAirouts": "0.64", "catchersInterference": 0, "atBatsPerHomeRun": "-.--"}, "team": {"id": 137, "name": "San Francisco Giants", "link": "/api/v1/teams/137"}, "player": {"id": 110331, "fullName": "Chris Arnold", "link": "/api/v1/people/110331"}, "league": {"id": 104, "name": "National League", "link": "/api/v1/league/104"}, "sport": {"id": 1, "link": "/api/v1/sports/1", "abbreviation": "MLB"}, "gameType": "R"}]}, {"type": {"displayName": "yearByYear"}, "group": {"displayName": "fielding"}, "exemptions": [], "splits": [{"season": "1971", "stat": {"gamesPlayed": 3, "gamesStarted": 2, "assists": 7, "putOuts": 4, "errors": 1, "chances": 12, "fielding": ".917", "position": {"code": "4", "name": "Second Base", "type": "Infielder", "abbreviation": "2B"}, "rangeFactorPerGame": "3.67", "rangeFactorPer9Inn": "5.50", "innings": "18.0", "games": 3, "doublePlays": 0, "triplePlays": 0, "throwingErrors": 0}, "team": {"id": 137, "name": "San Francisco Giants", "link": "/api/v1/teams/137"}, "player": {"id": 110331, "fullName": "Chris Arnold", "link": "/api/v1/people/110331"}, "league": {"id": 104, "name": "National League", "link": "/api/v1/league/104"}, "sport": {"id": 1, "link": "/api/v1/sports/1", "abbreviation": "MLB"}, "gameType": "R", "position": {"code": "4", "name": "Second Base", "type": "Infielder", "abbreviation": "2B"}}, {"season": "1972", "stat": {"gamesPlayed": 8, "gamesStarted": 4, "assists": 16, "putOuts": 13, "errors": 1, "chances": 30, "fielding": ".967", "position": {"code": "4", "name": "Second Base", "type": "Infielder", "abbreviation": "2B"}, "rangeFactorPerGame": "3.63", "rangeFactorPer9Inn": "6.07", "innings": "43.1", "games": 8, "doublePlays": 0, "triplePlays": 0, "throwingErrors": 0}, "team": {"id": 137, "name": "San Francisco Giants", "link": "/api/v1/teams/137"}, "player": {"id": 110331, "fullName": "Chris Arnold", "link": "/api/v1/people/110331"}, "league": {"id": 104, "name": "National League", "link": "/api/v1/league/104"}, "sport": {"id": 1, "link": "/api/v1/sports/1", "abbreviation": "MLB"}, "gameType": "R", "position": {"code": "4", "name": "Second Base", "type": "Infielder", "abbreviation": "2B"}}, {"season": "1972", "stat": {"gamesPlayed": 16, "gamesStarted": 10, "assists": 25, "putOuts": 6, "errors": 1, "chances": 32, "fielding": ".969", "position": {"code": "5", "name": "Third Base", "type": "Infielder", "abbreviation": "3B"}, "rangeFactorPerGame": "1.94", "rangeFactorPer9Inn": "2.82", "innings": "99.2", "games": 16, "doublePlays": 4, "triplePlays": 0, "throwingErrors": 0}, "team": {"id": 137, "name": "San Francisco Giants", "link": "/api/v1/teams/137"}, "player": {"id": 110331, "fullName": "Chris Arnold", "link": "/api/v1/people/110331"}, "league": {"id": 104, "name": "National League", "link": "/api/v1/league/104"}, "sport": {"id": 1, "link": "/api/v1/sports/1", "abbreviation": "MLB"}, "gameType": "R", "position": {"code": "5", "name": "Third Base", "type": "Infielder", "abbreviation": "3B"}}, {"season": "1972", "stat": {"gamesPlayed": 4, "gamesStarted": 3, "assists": 10, "putOuts": 7, "errors": 0, "chances": 17, "fielding": "1.000", "position": {"code": "6", "name": "Shortstop", "type": "Infielder", "abbreviation": "SS"}, "rangeFactorPerGame": "4.25", "rangeFactorPer9Inn": "4.94", "innings": "31.0", "games": 4, "doublePlays": 1, "triplePlays": 0, "throwingErrors": 0}, "team": {"id": 137, "name": "San Francisco Giants", "link": "/api/v1/teams/137"}, "player": {"id": 110331, "fullName": "Chris Arnold", "link": "/api/v1/people/110331"}, "league": {"id": 104, "name": "National League", "link": "/api/v1/league/104"}, "sport": {"id": 1, "link": "/api/v1/sports/1", "abbreviation": "MLB"}, "gameType": "R", "position": {"code": "6", "name": "Shortstop", "type": "Infielder", "abbreviation": "SS"}}, {"season": "1973", "stat": {"gamesPlayed": 9, "gamesStarted": 4, "caughtStealing": 0, "stolenBases": 4, "stolenBasePercentage": "1.000", "assists": 1, "putOuts": 21, "errors": 1, "chances": 23, "fielding": ".957", "position": {"code": "2", "name": "Catcher", "type": "Catcher", "abbreviation": "C"}, "rangeFactorPerGame": "2.44", "rangeFactorPer9Inn": "5.50", "innings": "36.0", "games": 9, "passedBall": 4, "doublePlays": 0, "triplePlays": 0, "catcherERA": "3.25", "catchersInterference": 0, "wildPitches": 3, "throwingErrors": 1, "pickoffs": 0}, "team": {"id": 137, "name": "San Francisco Giants", "link": "/api/v1/teams/137"}, "player": {"id": 110331, "fullName": "Chris Arnold", "link": "/api/v1/people/110331"}, "league": {"id": 104, "name": "National League", "link": "/api/v1/league/104"}, "sport": {"id": 1, "link": "/api/v1/sports/1", "abbreviation": "MLB"}, "gameType": "R", "position": {"code": "2", "name": "Catcher", "type": "Catcher", "abbreviation": "C"}}, {"season": "1973", "stat": {"gamesPlayed": 1, "gamesStarted": 0, "assists": 1, "putOuts": 0, "errors": 0, "chances": 1, "fielding": "1.000", "position": {"code": "4", "name": "Second Base", "type": "Infielder", "abbreviation": "2B"}, "rangeFactorPerGame": "1.00", "rangeFactorPer9Inn": "4.50", "innings": "2.2", "games": 1, "doublePlays": 0, "triplePlays": 0, "throwingErrors": 0}, "team": {"id": 137, "name": "San Francisco Giants", "link": "/api/v1/teams/137"}, "player": {"id": 110331, "fullName": "Chris Arnold", "link": "/api/v1/people/110331"}, "league": {"id": 104, "name": "National League", "link": "/api/v1/league/104"}, "sport": {"id": 1, "link": "/api/v1/sports/1", "abbreviation": "MLB"}, "gameType": "R", "position": {"code": "4", "name": "Second Base", "type": "Infielder", "abbreviation": "2B"}}, {"season": "1973", "stat": {"gamesPlayed": 1, "gamesStarted": 0, "assists": 0, "putOuts": 0, "errors": 0, "chances": 0, "fielding": ".000", "position": {"code": "5", "name": "Third Base", "type": "Infielder", "abbreviation": "3B"}, "rangeFactorPerGame": "0.00", "rangeFactorPer9Inn": "0.00", "innings": "1.0", "games": 1, "doublePlays": 0, "triplePlays": 0, "throwingErrors": 0}, "team": {"id": 137, "name": "San Francisco Giants", "link": "/api/v1/teams/137"}, "player": {"id": 110331, "fullName": "Chris Arnold", "link": "/api/v1/people/110331"}, "league": {"id": 104, "name": "National League", "link": "/api/v1/league/104"}, "sport": {"id": 1, "link": "/api/v1/sports/1", "abbreviation": "MLB"}, "gameType": "R", "position": {"code": "5", "name": "Third Base", "type": "Infielder", "abbreviation": "3B"}}, {"season": "1974", "stat": {"gamesPlayed": 32, "gamesStarted": 30, "assists": 81, "putOuts": 62, "errors": 4, "chances": 147, "fielding": ".973", "position": {"code": "4", "name": "Second Base", "type": "Infielder", "abbreviation": "2B"}, "rangeFactorPerGame": "4.47", "rangeFactorPer9Inn": "4.97", "innings": "259.1", "games": 32, "doublePlays": 16, "triplePlays": 0, "throwingErrors": 1}, "team": {"id": 137, "name": "San Francisco Giants", "link": "/api/v1/teams/137"}, "player": {"id": 110331, "fullName": "Chris Arnold", "link": "/api/v1/people/110331"}, "league": {"id": 104, "name": "National League", "link": "/api/v1/league/104"}, "sport": {"id": 1, "link": "/api/v1/sports/1", "abbreviation": "MLB"}, "gameType": "R", "position": {"code": "4", "name": "Second Base", "type": "Infielder", "abbreviation": "2B"}}, {"season": "1974", "stat": {"gamesPlayed": 8, "gamesStarted": 6, "assists": 7, "putOuts": 8, "errors": 1, "chances": 16, "fielding": ".938", "position": {"code": "5", "name": "Third Base", "type": "Infielder", "abbreviation": "3B"}, "rangeFactorPerGame": "1.88", "rangeFactorPer9Inn": "2.70", "innings": "50.0", "games": 8, "doublePlays": 3, "triplePlays": 0, "throwingErrors": 0}, "team": {"id": 137, "name": "San Francisco Giants", "link": "/api/v1/teams/137"}, "player": {"id": 110331, "fullName": "Chris Arnold", "link": "/api/v1/people/110331"}, "league": {"id": 104, "name": "National League", "link": "/api/v1/league/104"}, "sport": {"id": 1, "link": "/api/v1/sports/1", "abbreviation": "MLB"}, "gameType": "R", "position": {"code": "5", "name": "Third Base", "type": "Infielder", "abbreviation": "3B"}}, {"season": "1974", "stat": {"gamesPlayed": 1, "gamesStarted": 1, "assists": 0, "putOuts": 1, "errors": 0, "chances": 1, "fielding": "1.000", "position": {"code": "6", "name": "Shortstop", "type": "Infielder", "abbreviation": "SS"}, "rangeFactorPerGame": "1.00", "rangeFactorPer9Inn": "1.13", "innings": "8.0", "games": 1, "doublePlays": 0, "triplePlays": 0, "throwingErrors": 0}, "team": {"id": 137, "name": "San Francisco Giants", "link": "/api/v1/teams/137"}, "player": {"id": 110331, "fullName": "Chris Arnold", "link": "/api/v1/people/110331"}, "league": {"id": 104, "name": "National League", "link": "/api/v1/league/104"}, "sport": {"id": 1, "link": "/api/v1/sports/1", "abbreviation": "MLB"}, "gameType": "R", "position": {"code": "6", "name": "Shortstop", "type": "Infielder", "abbreviation": "SS"}}, {"season": "1975", "stat": {"gamesPlayed": 4, "gamesStarted": 2, "assists": 8, "putOuts": 4, "errors": 1, "chances": 13, "fielding": ".923", "position": {"code": "4", "name": "Second Base", "type": "Infielder", "abbreviation": "2B"}, "rangeFactorPerGame": "3.00", "rangeFactorPer9Inn": "4.91", "innings": "22.0", "games": 4, "doublePlays": 4, "triplePlays": 0, "throwingErrors": 1}, "team": {"id": 137, "name": "San Francisco Giants", "link": "/api/v1/teams/137"}, "player": {"id": 110331, "fullName": "Chris Arnold", "link": "/api/v1/people/110331"}, "league": {"id": 104, "name": "National League", "link": "/api/v1/league/104"}, "sport": {"id": 1, "link": "/api/v1/sports/1", "abbreviation": "MLB"}, "gameType": "R", "position": {"code": "4", "name": "Second Base", "type": "Infielder", "abbreviation": "2B"}}, {"season": "1975", "stat": {"gamesPlayed": 3, "gamesStarted": 2, "assists": 1, "putOuts": 4, "errors": 0, "chances": 5, "fielding": "1.000", "position": {"code": "7", "name": "Outfielder", "type": "Outfielder", "abbreviation": "LF"}, "rangeFactorPerGame": "1.67", "rangeFactorPer9Inn": "2.37", "innings": "19.0", "games": 3, "doublePlays": 1, "triplePlays": 0, "throwingErrors": 0}, "team": {"id": 137, "name": "San Francisco Giants", "link": "/api/v1/teams/137"}, "player": {"id": 110331, "fullName": "Chris Arnold", "link": "/api/v1/people/110331"}, "league": {"id": 104, "name": "National League", "link": "/api/v1/league/104"}, "sport": {"id": 1, "link": "/api/v1/sports/1", "abbreviation": "MLB"}, "gameType": "R", "position": {"code": "7", "name": "Outfielder", "type": "Outfielder", "abbreviation": "LF"}}, {"season": "1975", "stat": {"gamesPlayed": 1, "gamesStarted": 1, "assists": 0, "putOuts": 1, "errors": 0, "chances": 1, "fielding": "1.000", "position": {"code": "9", "name": "Outfielder", "type": "Outfielder", "abbreviation": "RF"}, "rangeFactorPerGame": "1.00", "rangeFactorPer9Inn": "1.00", "innings": "9.0", "games": 1, "doublePlays": 0, "triplePlays": 0, "throwingErrors": 0}, "team": {"id": 137, "name": "San Francisco Giants", "link": "/api/v1/teams/137"}, "player": {"id": 110331, "fullName": "Chris Arnold", "link": "/api/v1/people/110331"}, "league": {"id": 104, "name": "National League", "link": "/api/v1/league/104"}, "sport": {"id": 1, "link": "/api/v1/sports/1", "abbreviation": "MLB"}, "gameType": "R", "position": {"code": "9", "name": "Outfielder", "type": "Outfielder", "abbreviation": "RF"}}, {"season": "1976", "stat": {"gamesPlayed": 1, "gamesStarted": 1, "assists": 1, "putOuts": 6, "errors": 0, "chances": 7, "fielding": "1.000", "position": {"code": "3", "name": "First Base", "type": "Infielder", "abbreviation": "1B"}, "rangeFactorPerGame": "7.00", "rangeFactorPer9Inn": "9.00", "innings": "7.0", "games": 1, "doublePlays": 2, "triplePlays": 0, "throwingErrors": 0}, "team": {"id": 137, "name": "San Francisco Giants", "link": "/api/v1/teams/137"}, "player": {"id": 110331, "fullName": "Chris Arnold", "link": "/api/v1/people/110331"}, "league": {"id": 104, "name": "National League", "link": "/api/v1/league/104"}, "sport": {"id": 1, "link": "/api/v1/sports/1", "abbreviation": "MLB"}, "gameType": "R", "position": {"code": "3", "name": "First Base", "type": "Infielder", "abbreviation": "1B"}}, {"season": "1976", "stat": {"gamesPlayed": 8, "gamesStarted": 3, "assists": 24, "putOuts": 7, "errors": 0, "chances": 31, "fielding": "1.000", "position": {"code": "4", "name": "Second Base", "type": "Infielder", "abbreviation": "2B"}, "rangeFactorPerGame": "3.88", "rangeFactorPer9Inn": "7.34", "innings": "38.0", "games": 8, "doublePlays": 2, "triplePlays": 0, "throwingErrors": 0}, "team": {"id": 137, "name": "San Francisco Giants", "link": "/api/v1/teams/137"}, "player": {"id": 110331, "fullName": "Chris Arnold", "link": "/api/v1/people/110331"}, "league": {"id": 104, "name": "National League", "link": "/api/v1/league/104"}, "sport": {"id": 1, "link": "/api/v1/sports/1", "abbreviation": "MLB"}, "gameType": "R", "position": {"code": "4", "name": "Second Base", "type": "Infielder", "abbreviation": "2B"}}, {"season": "1976", "stat": {"gamesPlayed": 4, "gamesStarted": 1, "assists": 3, "putOuts": 2, "errors": 1, "chances": 6, "fielding": ".833", "position": {"code": "5", "name": "Third Base", "type": "Infielder", "abbreviation": "3B"}, "rangeFactorPerGame": "1.25", "rangeFactorPer9Inn": "3.75", "innings": "12.0", "games": 4, "doublePlays": 0, "triplePlays": 0, "throwingErrors": 1}, "team": {"id": 137, "name": "San Francisco Giants", "link": "/api/v1/teams/137"}, "player": {"id": 110331, "fullName": "Chris Arnold", "link": "/api/v1/people/110331"}, "league": {"id": 104, "name": "National League", "link": "/api/v1/league/104"}, "sport": {"id": 1, "link": "/api/v1/sports/1", "abbreviation": "MLB"}, "gameType": "R", "position": {"code": "5", "name": "Third Base", "type": "Infielder", "abbreviation": "3B"}}, {"season": "1976", "stat": {"gamesPlayed": 1, "gamesStarted": 0, "assists": 1, "putOuts": 1, "errors": 0, "chances": 2, "fielding": "1.000", "position": {"code": "6", "name": "Shortstop", "type": "Infielder", "abbreviation": "SS"}, "rangeFactorPerGame": "2.00", "rangeFactorPer9Inn": "18.00", "innings": "1.2", "games": 1, "doublePlays": 0, "triplePlays": 0, "throwingErrors": 0}, "team": {"id": 137, "name": "San Francisco Giants", "link": "/api/v1/teams/137"}, "player": {"id": 110331, "fullName": "Chris Arnold", "link": "/api/v1/people/110331"}, "league": {"id": 104, "name": "National League", "link": "/api/v1/league/104"}, "sport": {"id": 1, "link": "/api/v1/sports/1", "abbreviation": "MLB"}, "gameType": "R", "position": {"code": "6", "name": "Shortstop", "type": "Infielder", "abbreviation": "SS"}}]}], "mlbDebutDate": "1971-09-07", "batSide": {"code": "R", "description": "Right"}, "pitchHand": {"code": "R", "description": "Right"}, "nameFirstLast": "Chris Arnold", "nameSlug": "chris-arnold-110331", "firstLastName": "Chris Arnold", "lastFirstName": "Arnold, Chris", "lastInitName": "Arnold, C", "initLastName": "C Arnold", "fullFMLName": "Christopher Paul Arnold", "fullLFMName": "Arnold, Christopher Paul", "strikeZoneTop": 3.301, "strikeZoneBottom": 1.504}