{"id": 110313, "fullName": "George Arias", "link": "/api/v1/people/110313", "firstName": "George", "lastName": "Arias", "primaryNumber": "14", "birthDate": "1972-03-12", "currentAge": 51, "birthCity": "Tucson", "birthStateProvince": "AZ", "birthCountry": "USA", "height": "5' 11\"", "weight": 190, "active": false, "primaryPosition": {"code": "5", "name": "Third Base", "type": "Infielder", "abbreviation": "3B"}, "useName": "George", "useLastName": "Arias", "middleName": "Alberto", "boxscoreName": "Arias", "gender": "M", "isPlayer": true, "isVerified": true, "draftYear": 1993, "lastPlayedDate": "1999-07-28", "stats": [{"type": {"displayName": "career"}, "group": {"displayName": "hitting"}, "exemptions": [], "splits": [{"stat": {"gamesPlayed": 173, "groundOuts": 119, "airOuts": 128, "runs": 46, "doubles": 18, "triples": 2, "homeRuns": 14, "strikeOuts": 121, "baseOnBalls": 25, "intentionalWalks": 2, "hits": 114, "hitByPitch": 2, "avg": ".238", "atBats": 480, "obp": ".278", "slg": ".371", "ops": ".649", "caughtStealing": 0, "stolenBases": 2, "stolenBasePercentage": "1.000", "groundIntoDoublePlay": 14, "numberOfPitches": 1805, "plateAppearances": 513, "totalBases": 178, "rbi": 55, "leftOnBase": 262, "sacBunts": 6, "sacFlies": 0, "babip": ".290", "groundOutsToAirouts": "0.93", "catchersInterference": 0, "atBatsPerHomeRun": "34.29"}, "player": {"id": 110313, "fullName": "George Arias", "link": "/api/v1/people/110313"}, "sport": {"id": 1, "link": "/api/v1/sports/1", "abbreviation": "MLB"}, "gameType": "R", "numTeams": 2}]}, {"type": {"displayName": "career"}, "group": {"displayName": "fielding"}, "exemptions": [], "splits": [{"stat": {"gamesPlayed": 156, "gamesStarted": 134, "assists": 322, "putOuts": 93, "errors": 21, "chances": 436, "fielding": ".952", "position": {"code": "5", "name": "Third Base", "type": "Infielder", "abbreviation": "3B"}, "rangeFactorPerGame": "2.66", "rangeFactorPer9Inn": "3.17", "innings": "1177.2", "games": 156, "doublePlays": 25, "triplePlays": 0, "throwingErrors": 4}, "player": {"id": 110313, "fullName": "George Arias", "link": "/api/v1/people/110313"}, "sport": {"id": 1, "link": "/api/v1/sports/1", "abbreviation": "MLB"}, "gameType": "R", "numTeams": 2, "position": {"code": "5", "name": "Third Base", "type": "Infielder", "abbreviation": "3B"}}, {"stat": {"gamesPlayed": 1, "gamesStarted": 1, "assists": 0, "putOuts": 4, "errors": 0, "chances": 4, "fielding": "1.000", "position": {"code": "3", "name": "First Base", "type": "Infielder", "abbreviation": "1B"}, "rangeFactorPerGame": "4.00", "rangeFactorPer9Inn": "7.20", "innings": "5.0", "games": 1, "doublePlays": 1, "triplePlays": 0, "throwingErrors": 0}, "team": {"id": 135, "name": "San Diego Padres", "link": "/api/v1/teams/135"}, "player": {"id": 110313, "fullName": "George Arias", "link": "/api/v1/people/110313"}, "league": {"id": 104, "name": "National League", "link": "/api/v1/league/104"}, "sport": {"id": 1, "link": "/api/v1/sports/1", "abbreviation": "MLB"}, "gameType": "R", "position": {"code": "3", "name": "First Base", "type": "Infielder", "abbreviation": "1B"}}]}, {"type": {"displayName": "yearByYear"}, "group": {"displayName": "hitting"}, "exemptions": [], "splits": [{"season": "1996", "stat": {"gamesPlayed": 84, "groundOuts": 65, "airOuts": 79, "runs": 19, "doubles": 8, "triples": 1, "homeRuns": 6, "strikeOuts": 50, "baseOnBalls": 16, "intentionalWalks": 2, "hits": 60, "hitByPitch": 0, "avg": ".238", "atBats": 252, "obp": ".284", "slg": ".349", "ops": ".633", "caughtStealing": 0, "stolenBases": 2, "stolenBasePercentage": "1.000", "groundIntoDoublePlay": 6, "numberOfPitches": 900, "plateAppearances": 274, "totalBases": 88, "rbi": 28, "leftOnBase": 148, "sacBunts": 6, "sacFlies": 0, "babip": ".276", "groundOutsToAirouts": "0.82", "catchersInterference": 0, "atBatsPerHomeRun": "42.00"}, "team": {"id": 108, "name": "California Angels", "link": "/api/v1/teams/108"}, "player": {"id": 110313, "fullName": "George Arias", "link": "/api/v1/people/110313"}, "league": {"id": 103, "name": "American League", "link": "/api/v1/league/103"}, "sport": {"id": 1, "link": "/api/v1/sports/1", "abbreviation": "MLB"}, "gameType": "R"}, {"season": "1997", "stat": {"gamesPlayed": 3, "groundOuts": 3, "airOuts": 1, "runs": 1, "doubles": 0, "triples": 0, "homeRuns": 0, "strikeOuts": 0, "baseOnBalls": 0, "intentionalWalks": 0, "hits": 2, "hitByPitch": 0, "avg": ".333", "atBats": 6, "obp": ".333", "slg": ".333", "ops": ".666", "caughtStealing": 0, "stolenBases": 0, "stolenBasePercentage": ".---", "groundIntoDoublePlay": 0, "numberOfPitches": 23, "plateAppearances": 6, "totalBases": 2, "rbi": 1, "leftOnBase": 1, "sacBunts": 0, "sacFlies": 0, "babip": ".333", "groundOutsToAirouts": "3.00", "catchersInterference": 0, "atBatsPerHomeRun": "-.--"}, "team": {"id": 108, "name": "Anaheim Angels", "link": "/api/v1/teams/108"}, "player": {"id": 110313, "fullName": "George Arias", "link": "/api/v1/people/110313"}, "league": {"id": 103, "name": "American League", "link": "/api/v1/league/103"}, "sport": {"id": 1, "link": "/api/v1/sports/1", "abbreviation": "MLB"}, "gameType": "R"}, {"season": "1997", "stat": {"gamesPlayed": 11, "groundOuts": 9, "airOuts": 7, "runs": 2, "doubles": 1, "triples": 0, "homeRuns": 0, "strikeOuts": 1, "baseOnBalls": 0, "intentionalWalks": 0, "hits": 5, "hitByPitch": 0, "avg": ".227", "atBats": 22, "obp": ".227", "slg": ".273", "ops": ".500", "caughtStealing": 0, "stolenBases": 0, "stolenBasePercentage": ".---", "groundIntoDoublePlay": 2, "numberOfPitches": 52, "plateAppearances": 22, "totalBases": 6, "rbi": 2, "leftOnBase": 13, "sacBunts": 0, "sacFlies": 0, "babip": ".238", "groundOutsToAirouts": "1.29", "catchersInterference": 0, "atBatsPerHomeRun": "-.--"}, "team": {"id": 135, "name": "San Diego Padres", "link": "/api/v1/teams/135"}, "player": {"id": 110313, "fullName": "George Arias", "link": "/api/v1/people/110313"}, "league": {"id": 104, "name": "National League", "link": "/api/v1/league/104"}, "sport": {"id": 1, "link": "/api/v1/sports/1", "abbreviation": "MLB"}, "gameType": "R"}, {"season": "1997", "stat": {"gamesPlayed": 14, "groundOuts": 12, "airOuts": 8, "runs": 3, "doubles": 1, "triples": 0, "homeRuns": 0, "strikeOuts": 1, "baseOnBalls": 0, "intentionalWalks": 0, "hits": 7, "hitByPitch": 0, "avg": ".250", "atBats": 28, "obp": ".250", "slg": ".286", "ops": ".536", "caughtStealing": 0, "stolenBases": 0, "stolenBasePercentage": ".---", "groundIntoDoublePlay": 2, "numberOfPitches": 75, "plateAppearances": 28, "totalBases": 8, "rbi": 3, "leftOnBase": 14, "sacBunts": 0, "sacFlies": 0, "babip": ".259", "groundOutsToAirouts": "1.50", "catchersInterference": 0, "atBatsPerHomeRun": "-.--"}, "player": {"id": 110313, "fullName": "George Arias", "link": "/api/v1/people/110313"}, "sport": {"id": 1, "link": "/api/v1/sports/1", "abbreviation": "MLB"}, "gameType": "R", "numTeams": 2}, {"season": "1998", "stat": {"gamesPlayed": 20, "groundOuts": 7, "airOuts": 6, "runs": 4, "doubles": 1, "triples": 1, "homeRuns": 1, "strikeOuts": 16, "baseOnBalls": 3, "intentionalWalks": 0, "hits": 7, "hitByPitch": 2, "avg": ".194", "atBats": 36, "obp": ".293", "slg": ".361", "ops": ".654", "caughtStealing": 0, "stolenBases": 0, "stolenBasePercentage": ".---", "groundIntoDoublePlay": 0, "numberOfPitches": 165, "plateAppearances": 41, "totalBases": 13, "rbi": 4, "leftOnBase": 16, "sacBunts": 0, "sacFlies": 0, "babip": ".316", "groundOutsToAirouts": "1.17", "catchersInterference": 0, "atBatsPerHomeRun": "36.00"}, "team": {"id": 135, "name": "San Diego Padres", "link": "/api/v1/teams/135"}, "player": {"id": 110313, "fullName": "George Arias", "link": "/api/v1/people/110313"}, "league": {"id": 104, "name": "National League", "link": "/api/v1/league/104"}, "sport": {"id": 1, "link": "/api/v1/sports/1", "abbreviation": "MLB"}, "gameType": "R"}, {"season": "1999", "stat": {"gamesPlayed": 55, "groundOuts": 35, "airOuts": 35, "runs": 20, "doubles": 8, "triples": 0, "homeRuns": 7, "strikeOuts": 54, "baseOnBalls": 6, "intentionalWalks": 0, "hits": 40, "hitByPitch": 0, "avg": ".244", "atBats": 164, "obp": ".271", "slg": ".421", "ops": ".692", "caughtStealing": 0, "stolenBases": 0, "stolenBasePercentage": ".---", "groundIntoDoublePlay": 6, "numberOfPitches": 665, "plateAppearances": 170, "totalBases": 69, "rbi": 20, "leftOnBase": 84, "sacBunts": 0, "sacFlies": 0, "babip": ".320", "groundOutsToAirouts": "1.00", "catchersInterference": 0, "atBatsPerHomeRun": "23.43"}, "team": {"id": 135, "name": "San Diego Padres", "link": "/api/v1/teams/135"}, "player": {"id": 110313, "fullName": "George Arias", "link": "/api/v1/people/110313"}, "league": {"id": 104, "name": "National League", "link": "/api/v1/league/104"}, "sport": {"id": 1, "link": "/api/v1/sports/1", "abbreviation": "MLB"}, "gameType": "R"}]}, {"type": {"displayName": "yearByYear"}, "group": {"displayName": "fielding"}, "exemptions": [], "splits": [{"season": "1996", "stat": {"gamesPlayed": 83, "gamesStarted": 76, "assists": 189, "putOuts": 50, "errors": 10, "chances": 249, "fielding": ".960", "position": {"code": "5", "name": "Third Base", "type": "Infielder", "abbreviation": "3B"}, "rangeFactorPerGame": "2.88", "rangeFactorPer9Inn": "3.28", "innings": "656.1", "games": 83, "doublePlays": 19, "triplePlays": 0, "throwingErrors": 1}, "team": {"id": 108, "name": "California Angels", "link": "/api/v1/teams/108"}, "player": {"id": 110313, "fullName": "George Arias", "link": "/api/v1/people/110313"}, "league": {"id": 103, "name": "American League", "link": "/api/v1/league/103"}, "sport": {"id": 1, "link": "/api/v1/sports/1", "abbreviation": "MLB"}, "gameType": "R", "position": {"code": "5", "name": "Third Base", "type": "Infielder", "abbreviation": "3B"}}, {"season": "1997", "stat": {"gamesPlayed": 1, "gamesStarted": 1, "assists": 3, "putOuts": 0, "errors": 0, "chances": 3, "fielding": "1.000", "position": {"code": "5", "name": "Third Base", "type": "Infielder", "abbreviation": "3B"}, "rangeFactorPerGame": "3.00", "rangeFactorPer9Inn": "3.38", "innings": "8.0", "games": 1, "doublePlays": 0, "triplePlays": 0, "throwingErrors": 0}, "team": {"id": 108, "name": "Anaheim Angels", "link": "/api/v1/teams/108"}, "player": {"id": 110313, "fullName": "George Arias", "link": "/api/v1/people/110313"}, "league": {"id": 103, "name": "American League", "link": "/api/v1/league/103"}, "sport": {"id": 1, "link": "/api/v1/sports/1", "abbreviation": "MLB"}, "gameType": "R", "position": {"code": "5", "name": "Third Base", "type": "Infielder", "abbreviation": "3B"}}, {"season": "1997", "stat": {"gamesPlayed": 8, "gamesStarted": 3, "assists": 14, "putOuts": 4, "errors": 1, "chances": 19, "fielding": ".947", "position": {"code": "5", "name": "Third Base", "type": "Infielder", "abbreviation": "3B"}, "rangeFactorPerGame": "2.25", "rangeFactorPer9Inn": "3.38", "innings": "48.0", "games": 8, "doublePlays": 0, "triplePlays": 0, "throwingErrors": 0}, "team": {"id": 135, "name": "San Diego Padres", "link": "/api/v1/teams/135"}, "player": {"id": 110313, "fullName": "George Arias", "link": "/api/v1/people/110313"}, "league": {"id": 104, "name": "National League", "link": "/api/v1/league/104"}, "sport": {"id": 1, "link": "/api/v1/sports/1", "abbreviation": "MLB"}, "gameType": "R", "position": {"code": "5", "name": "Third Base", "type": "Infielder", "abbreviation": "3B"}}, {"season": "1997", "stat": {"gamesPlayed": 9, "gamesStarted": 4, "assists": 17, "putOuts": 4, "errors": 1, "chances": 22, "fielding": ".955", "position": {"code": "5", "name": "Third Base", "type": "Infielder", "abbreviation": "3B"}, "rangeFactorPerGame": "2.33", "rangeFactorPer9Inn": "3.38", "innings": "56.0", "games": 9, "doublePlays": 0, "triplePlays": 0, "throwingErrors": 0}, "player": {"id": 110313, "fullName": "George Arias", "link": "/api/v1/people/110313"}, "sport": {"id": 1, "link": "/api/v1/sports/1", "abbreviation": "MLB"}, "gameType": "R", "numTeams": 2, "position": {"code": "5", "name": "Third Base", "type": "Infielder", "abbreviation": "3B"}}, {"season": "1998", "stat": {"gamesPlayed": 1, "gamesStarted": 1, "assists": 0, "putOuts": 4, "errors": 0, "chances": 4, "fielding": "1.000", "position": {"code": "3", "name": "First Base", "type": "Infielder", "abbreviation": "1B"}, "rangeFactorPerGame": "4.00", "rangeFactorPer9Inn": "7.20", "innings": "5.0", "games": 1, "doublePlays": 1, "triplePlays": 0, "throwingErrors": 0}, "team": {"id": 135, "name": "San Diego Padres", "link": "/api/v1/teams/135"}, "player": {"id": 110313, "fullName": "George Arias", "link": "/api/v1/people/110313"}, "league": {"id": 104, "name": "National League", "link": "/api/v1/league/104"}, "sport": {"id": 1, "link": "/api/v1/sports/1", "abbreviation": "MLB"}, "gameType": "R", "position": {"code": "3", "name": "First Base", "type": "Infielder", "abbreviation": "1B"}}, {"season": "1998", "stat": {"gamesPlayed": 14, "gamesStarted": 9, "assists": 23, "putOuts": 4, "errors": 2, "chances": 29, "fielding": ".931", "position": {"code": "5", "name": "Third Base", "type": "Infielder", "abbreviation": "3B"}, "rangeFactorPerGame": "1.93", "rangeFactorPer9Inn": "2.83", "innings": "86.0", "games": 14, "doublePlays": 2, "triplePlays": 0, "throwingErrors": 2}, "team": {"id": 135, "name": "San Diego Padres", "link": "/api/v1/teams/135"}, "player": {"id": 110313, "fullName": "George Arias", "link": "/api/v1/people/110313"}, "league": {"id": 104, "name": "National League", "link": "/api/v1/league/104"}, "sport": {"id": 1, "link": "/api/v1/sports/1", "abbreviation": "MLB"}, "gameType": "R", "position": {"code": "5", "name": "Third Base", "type": "Infielder", "abbreviation": "3B"}}, {"season": "1999", "stat": {"gamesPlayed": 50, "gamesStarted": 45, "assists": 93, "putOuts": 35, "errors": 8, "chances": 136, "fielding": ".941", "position": {"code": "5", "name": "Third Base", "type": "Infielder", "abbreviation": "3B"}, "rangeFactorPerGame": "2.56", "rangeFactorPer9Inn": "3.04", "innings": "379.1", "games": 50, "doublePlays": 4, "triplePlays": 0, "throwingErrors": 1}, "team": {"id": 135, "name": "San Diego Padres", "link": "/api/v1/teams/135"}, "player": {"id": 110313, "fullName": "George Arias", "link": "/api/v1/people/110313"}, "league": {"id": 104, "name": "National League", "link": "/api/v1/league/104"}, "sport": {"id": 1, "link": "/api/v1/sports/1", "abbreviation": "MLB"}, "gameType": "R", "position": {"code": "5", "name": "Third Base", "type": "Infielder", "abbreviation": "3B"}}]}], "mlbDebutDate": "1996-04-02", "batSide": {"code": "R", "description": "Right"}, "pitchHand": {"code": "R", "description": "Right"}, "nameFirstLast": "George Arias", "nameSlug": "george-arias-110313", "firstLastName": "George Arias", "lastFirstName": "Arias, George", "lastInitName": "Arias, G", "initLastName": "G Arias", "fullFMLName": "George Alberto Arias", "fullLFMName": "Arias, George Alberto", "strikeZoneTop": 3.319, "strikeZoneBottom": 1.513}