{"id": 110247, "fullName": "Larry Anderson", "link": "/api/v1/people/110247", "firstName": "Lawrence", "lastName": "Anderson", "primaryNumber": "45", "birthDate": "1952-12-03", "currentAge": 70, "birthCity": "Maywood", "birthStateProvince": "CA", "birthCountry": "USA", "height": "6' 3\"", "weight": 190, "active": false, "primaryPosition": {"code": "1", "name": "Pitcher", "type": "Pitcher", "abbreviation": "P"}, "useName": "Larry", "useLastName": "Anderson", "middleName": "Dennis", "boxscoreName": "Anderson", "gender": "M", "isPlayer": true, "isVerified": true, "draftYear": 1971, "lastPlayedDate": "1977-06-26", "stats": [{"type": {"displayName": "career"}, "group": {"displayName": "pitching"}, "exemptions": [], "splits": [{"stat": {"gamesPlayed": 16, "gamesStarted": 1, "groundOuts": 12, "airOuts": 20, "runs": 28, "doubles": 4, "triples": 1, "homeRuns": 4, "strikeOuts": 23, "baseOnBalls": 22, "intentionalWalks": 4, "hits": 48, "hitByPitch": 0, "avg": ".293", "atBats": 164, "obp": ".372", "slg": ".402", "ops": ".774", "caughtStealing": 1, "stolenBases": 8, "stolenBasePercentage": ".889", "groundIntoDoublePlay": 5, "numberOfPitches": 303, "era": "5.66", "inningsPitched": "41.1", "wins": 2, "losses": 3, "saves": 0, "saveOpportunities": 0, "holds": 0, "blownSaves": 0, "earnedRuns": 26, "whip": "1.69", "battersFaced": 191, "outs": 124, "gamesPitched": 16, "completeGames": 1, "shutouts": 1, "strikes": 215, "strikePercentage": ".710", "hitBatsmen": 0, "balks": 0, "wildPitches": 11, "pickoffs": 2, "totalBases": 66, "groundOutsToAirouts": "0.60", "winPercentage": ".400", "pitchesPerInning": "7.33", "gamesFinished": 8, "strikeoutWalkRatio": "1.05", "strikeoutsPer9Inn": "5.01", "walksPer9Inn": "4.79", "hitsPer9Inn": "10.45", "runsScoredPer9": "6.10", "homeRunsPer9": "0.87", "inheritedRunners": 13, "inheritedRunnersScored": 3, "catchersInterference": 0, "sacBunts": 3, "sacFlies": 2}, "player": {"id": 110247, "fullName": "Larry Anderson", "link": "/api/v1/people/110247"}, "sport": {"id": 1, "link": "/api/v1/sports/1", "abbreviation": "MLB"}, "gameType": "R", "numTeams": 2}]}, {"type": {"displayName": "career"}, "group": {"displayName": "fielding"}, "exemptions": [], "splits": [{"stat": {"gamesPlayed": 16, "gamesStarted": 1, "assists": 6, "putOuts": 3, "errors": 0, "chances": 9, "fielding": "1.000", "position": {"code": "1", "name": "Pitcher", "type": "Pitcher", "abbreviation": "P"}, "rangeFactorPerGame": "0.56", "rangeFactorPer9Inn": "1.98", "innings": "41.1", "games": 16, "doublePlays": 0, "triplePlays": 0, "throwingErrors": 0}, "player": {"id": 110247, "fullName": "Larry Anderson", "link": "/api/v1/people/110247"}, "sport": {"id": 1, "link": "/api/v1/sports/1", "abbreviation": "MLB"}, "gameType": "R", "numTeams": 2, "position": {"code": "1", "name": "Pitcher", "type": "Pitcher", "abbreviation": "P"}}]}, {"type": {"displayName": "yearByYear"}, "group": {"displayName": "pitching"}, "exemptions": [], "splits": [{"season": "1974", "stat": {"gamesPlayed": 2, "gamesStarted": 0, "groundOuts": 0, "airOuts": 0, "runs": 0, "doubles": 0, "triples": 0, "homeRuns": 0, "strikeOuts": 3, "baseOnBalls": 1, "intentionalWalks": 0, "hits": 2, "hitByPitch": 0, "avg": ".250", "atBats": 8, "obp": ".333", "slg": ".250", "ops": ".583", "caughtStealing": 0, "stolenBases": 1, "stolenBasePercentage": "1.000", "groundIntoDoublePlay": 0, "numberOfPitches": 18, "era": "0.00", "inningsPitched": "2.1", "wins": 0, "losses": 0, "saves": 0, "saveOpportunities": 0, "holds": 0, "blownSaves": 0, "earnedRuns": 0, "whip": "1.29", "battersFaced": 9, "outs": 7, "gamesPitched": 2, "completeGames": 0, "shutouts": 0, "strikes": 14, "strikePercentage": ".780", "hitBatsmen": 0, "balks": 0, "wildPitches": 1, "pickoffs": 0, "totalBases": 2, "groundOutsToAirouts": "-.--", "winPercentage": ".---", "pitchesPerInning": "7.71", "gamesFinished": 2, "strikeoutWalkRatio": "3.00", "strikeoutsPer9Inn": "11.57", "walksPer9Inn": "3.86", "hitsPer9Inn": "7.71", "runsScoredPer9": "0.00", "homeRunsPer9": "0.00", "inheritedRunners": 1, "inheritedRunnersScored": 0, "catchersInterference": 0, "sacBunts": 0, "sacFlies": 0}, "team": {"id": 158, "name": "Milwaukee Brewers", "link": "/api/v1/teams/158"}, "player": {"id": 110247, "fullName": "Larry Anderson", "link": "/api/v1/people/110247"}, "league": {"id": 103, "name": "American League", "link": "/api/v1/league/103"}, "sport": {"id": 1, "link": "/api/v1/sports/1", "abbreviation": "MLB"}, "gameType": "R"}, {"season": "1975", "stat": {"gamesPlayed": 8, "gamesStarted": 1, "groundOuts": 8, "airOuts": 15, "runs": 18, "doubles": 2, "triples": 1, "homeRuns": 3, "strikeOuts": 13, "baseOnBalls": 6, "intentionalWalks": 0, "hits": 36, "hitByPitch": 0, "avg": ".298", "atBats": 121, "obp": ".328", "slg": ".405", "ops": ".733", "caughtStealing": 1, "stolenBases": 5, "stolenBasePercentage": ".833", "groundIntoDoublePlay": 5, "numberOfPitches": 172, "era": "5.04", "inningsPitched": "30.1", "wins": 1, "losses": 0, "saves": 0, "saveOpportunities": 0, "holds": 0, "blownSaves": 0, "earnedRuns": 17, "whip": "1.38", "battersFaced": 128, "outs": 91, "gamesPitched": 8, "completeGames": 1, "shutouts": 1, "strikes": 148, "strikePercentage": ".860", "hitBatsmen": 0, "balks": 0, "wildPitches": 6, "pickoffs": 2, "totalBases": 49, "groundOutsToAirouts": "0.53", "winPercentage": "1.000", "pitchesPerInning": "5.67", "gamesFinished": 2, "strikeoutWalkRatio": "2.17", "strikeoutsPer9Inn": "3.86", "walksPer9Inn": "1.78", "hitsPer9Inn": "10.68", "runsScoredPer9": "5.34", "homeRunsPer9": "0.89", "inheritedRunners": 7, "inheritedRunnersScored": 2, "catchersInterference": 0, "sacBunts": 0, "sacFlies": 1}, "team": {"id": 158, "name": "Milwaukee Brewers", "link": "/api/v1/teams/158"}, "player": {"id": 110247, "fullName": "Larry Anderson", "link": "/api/v1/people/110247"}, "league": {"id": 103, "name": "American League", "link": "/api/v1/league/103"}, "sport": {"id": 1, "link": "/api/v1/sports/1", "abbreviation": "MLB"}, "gameType": "R"}, {"season": "1977", "stat": {"gamesPlayed": 6, "gamesStarted": 0, "groundOuts": 4, "airOuts": 5, "runs": 10, "doubles": 2, "triples": 0, "homeRuns": 1, "strikeOuts": 7, "baseOnBalls": 15, "intentionalWalks": 4, "hits": 10, "hitByPitch": 0, "avg": ".286", "atBats": 35, "obp": ".490", "slg": ".429", "ops": ".919", "caughtStealing": 0, "stolenBases": 2, "stolenBasePercentage": "1.000", "groundIntoDoublePlay": 0, "numberOfPitches": 113, "era": "9.35", "inningsPitched": "8.2", "wins": 1, "losses": 3, "saves": 0, "saveOpportunities": 0, "holds": 0, "blownSaves": 0, "earnedRuns": 9, "whip": "2.88", "battersFaced": 54, "outs": 26, "gamesPitched": 6, "completeGames": 0, "shutouts": 0, "strikes": 53, "strikePercentage": ".470", "hitBatsmen": 0, "balks": 0, "wildPitches": 4, "pickoffs": 0, "totalBases": 15, "groundOutsToAirouts": "0.80", "winPercentage": ".250", "pitchesPerInning": "13.04", "gamesFinished": 4, "strikeoutWalkRatio": "0.47", "strikeoutsPer9Inn": "7.27", "walksPer9Inn": "15.58", "hitsPer9Inn": "10.38", "runsScoredPer9": "10.38", "homeRunsPer9": "1.04", "inheritedRunners": 5, "inheritedRunnersScored": 1, "catchersInterference": 0, "sacBunts": 3, "sacFlies": 1}, "team": {"id": 145, "name": "Chicago White Sox", "link": "/api/v1/teams/145"}, "player": {"id": 110247, "fullName": "Larry Anderson", "link": "/api/v1/people/110247"}, "league": {"id": 103, "name": "American League", "link": "/api/v1/league/103"}, "sport": {"id": 1, "link": "/api/v1/sports/1", "abbreviation": "MLB"}, "gameType": "R"}]}, {"type": {"displayName": "yearByYear"}, "group": {"displayName": "fielding"}, "exemptions": [], "splits": [{"season": "1974", "stat": {"gamesPlayed": 2, "gamesStarted": 0, "assists": 0, "putOuts": 0, "errors": 0, "chances": 0, "fielding": ".000", "position": {"code": "1", "name": "Pitcher", "type": "Pitcher", "abbreviation": "P"}, "rangeFactorPerGame": "0.00", "rangeFactorPer9Inn": "0.00", "innings": "2.1", "games": 2, "doublePlays": 0, "triplePlays": 0, "throwingErrors": 0}, "team": {"id": 158, "name": "Milwaukee Brewers", "link": "/api/v1/teams/158"}, "player": {"id": 110247, "fullName": "Larry Anderson", "link": "/api/v1/people/110247"}, "league": {"id": 103, "name": "American League", "link": "/api/v1/league/103"}, "sport": {"id": 1, "link": "/api/v1/sports/1", "abbreviation": "MLB"}, "gameType": "R", "position": {"code": "1", "name": "Pitcher", "type": "Pitcher", "abbreviation": "P"}}, {"season": "1975", "stat": {"gamesPlayed": 8, "gamesStarted": 1, "assists": 6, "putOuts": 2, "errors": 0, "chances": 8, "fielding": "1.000", "position": {"code": "1", "name": "Pitcher", "type": "Pitcher", "abbreviation": "P"}, "rangeFactorPerGame": "1.00", "rangeFactorPer9Inn": "2.40", "innings": "30.1", "games": 8, "doublePlays": 0, "triplePlays": 0, "throwingErrors": 0}, "team": {"id": 158, "name": "Milwaukee Brewers", "link": "/api/v1/teams/158"}, "player": {"id": 110247, "fullName": "Larry Anderson", "link": "/api/v1/people/110247"}, "league": {"id": 103, "name": "American League", "link": "/api/v1/league/103"}, "sport": {"id": 1, "link": "/api/v1/sports/1", "abbreviation": "MLB"}, "gameType": "R", "position": {"code": "1", "name": "Pitcher", "type": "Pitcher", "abbreviation": "P"}}, {"season": "1977", "stat": {"gamesPlayed": 6, "gamesStarted": 0, "assists": 0, "putOuts": 1, "errors": 0, "chances": 1, "fielding": "1.000", "position": {"code": "1", "name": "Pitcher", "type": "Pitcher", "abbreviation": "P"}, "rangeFactorPerGame": "0.17", "rangeFactorPer9Inn": "1.13", "innings": "8.2", "games": 6, "doublePlays": 0, "triplePlays": 0, "throwingErrors": 0}, "team": {"id": 145, "name": "Chicago White Sox", "link": "/api/v1/teams/145"}, "player": {"id": 110247, "fullName": "Larry Anderson", "link": "/api/v1/people/110247"}, "league": {"id": 103, "name": "American League", "link": "/api/v1/league/103"}, "sport": {"id": 1, "link": "/api/v1/sports/1", "abbreviation": "MLB"}, "gameType": "R", "position": {"code": "1", "name": "Pitcher", "type": "Pitcher", "abbreviation": "P"}}]}], "mlbDebutDate": "1974-09-25", "batSide": {"code": "R", "description": "Right"}, "pitchHand": {"code": "R", "description": "Right"}, "nameFirstLast": "Larry Anderson", "nameSlug": "larry-anderson-110247", "firstLastName": "Larry Anderson", "lastFirstName": "Anderson, Larry", "lastInitName": "Anderson, L", "initLastName": "L Anderson", "fullFMLName": "Lawrence Dennis Anderson", "fullLFMName": "Anderson, Lawrence Dennis", "strikeZoneTop": 3.49, "strikeZoneBottom": 1.601}