{"id": 110295, "fullName": "Ed Appleton", "link": "/api/v1/people/110295", "firstName": "Edward", "lastName": "Appleton", "birthDate": "1892-02-29", "currentAge": 39, "birthCity": "Arlington", "birthStateProvince": "TX", "birthCountry": "USA", "height": "6' 0\"", "weight": 173, "active": false, "primaryPosition": {"code": "1", "name": "Pitcher", "type": "Pitcher", "abbreviation": "P"}, "useName": "Ed", "useLastName": "Appleton", "middleName": "Samuel", "boxscoreName": "Appleton", "nickName": "Whitey", "gender": "M", "isPlayer": true, "isVerified": true, "deathDate": "1932-01-27", "deathCity": "Arlington", "deathStateProvince": "TX", "deathCountry": "USA", "lastPlayedDate": "1916-10-05", "stats": [{"type": {"displayName": "career"}, "group": {"displayName": "pitching"}, "exemptions": [], "splits": [{"stat": {"gamesPlayed": 48, "gamesStarted": 13, "runs": 96, "homeRuns": 4, "strikeOuts": 64, "baseOnBalls": 84, "hits": 182, "hitByPitch": 9, "avg": ".267", "atBats": 682, "obp": ".355", "era": "3.25", "inningsPitched": "185.1", "wins": 5, "losses": 12, "saves": 1, "earnedRuns": 67, "whip": "1.44", "battersFaced": 811, "outs": 556, "gamesPitched": 48, "completeGames": 6, "shutouts": 0, "hitBatsmen": 9, "balks": 1, "wildPitches": 8, "winPercentage": ".294", "gamesFinished": 15, "strikeoutWalkRatio": "0.76", "strikeoutsPer9Inn": "3.11", "walksPer9Inn": "4.08", "hitsPer9Inn": "8.84", "runsScoredPer9": "4.66", "homeRunsPer9": "0.19", "sacBunts": 36}, "team": {"id": 119, "name": "Los Angeles Dodgers", "link": "/api/v1/teams/119"}, "player": {"id": 110295, "fullName": "Ed Appleton", "link": "/api/v1/people/110295"}, "league": {"id": 104, "name": "National League", "link": "/api/v1/league/104"}, "sport": {"id": 1, "link": "/api/v1/sports/1", "abbreviation": "MLB"}, "gameType": "R"}]}, {"type": {"displayName": "career"}, "group": {"displayName": "hitting"}, "exemptions": [], "splits": [{"stat": {"gamesPlayed": 48, "runs": 4, "doubles": 0, "triples": 1, "homeRuns": 0, "strikeOuts": 15, "baseOnBalls": 2, "hits": 9, "hitByPitch": 0, "avg": ".161", "atBats": 56, "obp": ".190", "slg": ".196", "ops": ".386", "stolenBases": 0, "plateAppearances": 58, "totalBases": 11, "rbi": 0, "sacBunts": 0, "babip": ".220", "atBatsPerHomeRun": "-.--"}, "team": {"id": 119, "name": "Los Angeles Dodgers", "link": "/api/v1/teams/119"}, "player": {"id": 110295, "fullName": "Ed Appleton", "link": "/api/v1/people/110295"}, "league": {"id": 104, "name": "National League", "link": "/api/v1/league/104"}, "sport": {"id": 1, "link": "/api/v1/sports/1", "abbreviation": "MLB"}, "gameType": "R"}]}, {"type": {"displayName": "career"}, "group": {"displayName": "fielding"}, "exemptions": [], "splits": [{"stat": {"gamesPlayed": 48, "gamesStarted": 13, "assists": 44, "putOuts": 9, "errors": 5, "chances": 58, "fielding": ".914", "position": {"code": "1", "name": "Pitcher", "type": "Pitcher", "abbreviation": "P"}, "rangeFactorPerGame": "1.10", "rangeFactorPer9Inn": "2.58", "innings": "185.2", "games": 48, "doublePlays": 1, "triplePlays": 0}, "team": {"id": 119, "name": "Los Angeles Dodgers", "link": "/api/v1/teams/119"}, "player": {"id": 110295, "fullName": "Ed Appleton", "link": "/api/v1/people/110295"}, "league": {"id": 104, "name": "National League", "link": "/api/v1/league/104"}, "sport": {"id": 1, "link": "/api/v1/sports/1", "abbreviation": "MLB"}, "gameType": "R", "position": {"code": "1", "name": "Pitcher", "type": "Pitcher", "abbreviation": "P"}}]}, {"type": {"displayName": "yearByYear"}, "group": {"displayName": "pitching"}, "exemptions": [], "splits": [{"season": "1915", "stat": {"gamesPlayed": 34, "gamesStarted": 10, "runs": 71, "homeRuns": 3, "strikeOuts": 50, "baseOnBalls": 66, "hits": 133, "hitByPitch": 8, "avg": ".263", "atBats": 506, "obp": ".357", "era": "3.32", "inningsPitched": "138.1", "wins": 4, "losses": 10, "saves": 0, "earnedRuns": 51, "whip": "1.44", "battersFaced": 606, "outs": 415, "gamesPitched": 34, "completeGames": 5, "shutouts": 0, "hitBatsmen": 8, "balks": 1, "wildPitches": 7, "winPercentage": ".286", "gamesFinished": 13, "strikeoutWalkRatio": "0.76", "strikeoutsPer9Inn": "3.25", "walksPer9Inn": "4.29", "hitsPer9Inn": "8.65", "runsScoredPer9": "4.62", "homeRunsPer9": "0.20", "sacBunts": 26}, "team": {"id": 119, "name": "Brooklyn Robins", "link": "/api/v1/teams/119"}, "player": {"id": 110295, "fullName": "Ed Appleton", "link": "/api/v1/people/110295"}, "league": {"id": 104, "name": "National League", "link": "/api/v1/league/104"}, "sport": {"id": 1, "link": "/api/v1/sports/1", "abbreviation": "MLB"}, "gameType": "R"}, {"season": "1916", "stat": {"gamesPlayed": 14, "gamesStarted": 3, "runs": 25, "homeRuns": 1, "strikeOuts": 14, "baseOnBalls": 18, "hits": 49, "hitByPitch": 1, "avg": ".278", "atBats": 176, "obp": ".349", "era": "3.06", "inningsPitched": "47.0", "wins": 1, "losses": 2, "saves": 1, "earnedRuns": 16, "whip": "1.43", "battersFaced": 205, "outs": 141, "gamesPitched": 14, "completeGames": 1, "shutouts": 0, "hitBatsmen": 1, "balks": 0, "wildPitches": 1, "winPercentage": ".333", "gamesFinished": 2, "strikeoutWalkRatio": "0.78", "strikeoutsPer9Inn": "2.68", "walksPer9Inn": "3.45", "hitsPer9Inn": "9.38", "runsScoredPer9": "4.79", "homeRunsPer9": "0.19", "sacBunts": 10}, "team": {"id": 119, "name": "Brooklyn Robins", "link": "/api/v1/teams/119"}, "player": {"id": 110295, "fullName": "Ed Appleton", "link": "/api/v1/people/110295"}, "league": {"id": 104, "name": "National League", "link": "/api/v1/league/104"}, "sport": {"id": 1, "link": "/api/v1/sports/1", "abbreviation": "MLB"}, "gameType": "R"}]}, {"type": {"displayName": "yearByYear"}, "group": {"displayName": "hitting"}, "exemptions": [], "splits": [{"season": "1915", "stat": {"gamesPlayed": 34, "runs": 3, "doubles": 0, "triples": 1, "homeRuns": 0, "strikeOuts": 15, "baseOnBalls": 2, "hits": 7, "hitByPitch": 0, "avg": ".159", "atBats": 44, "obp": ".196", "slg": ".205", "ops": ".401", "stolenBases": 0, "plateAppearances": 46, "totalBases": 9, "rbi": 0, "sacBunts": 0, "babip": ".241", "atBatsPerHomeRun": "-.--"}, "team": {"id": 119, "name": "Brooklyn Robins", "link": "/api/v1/teams/119"}, "player": {"id": 110295, "fullName": "Ed Appleton", "link": "/api/v1/people/110295"}, "league": {"id": 104, "name": "National League", "link": "/api/v1/league/104"}, "sport": {"id": 1, "link": "/api/v1/sports/1", "abbreviation": "MLB"}, "gameType": "R"}, {"season": "1916", "stat": {"gamesPlayed": 14, "runs": 1, "doubles": 0, "triples": 0, "homeRuns": 0, "strikeOuts": 0, "baseOnBalls": 0, "hits": 2, "hitByPitch": 0, "avg": ".167", "atBats": 12, "obp": ".167", "slg": ".167", "ops": ".334", "stolenBases": 0, "plateAppearances": 12, "totalBases": 2, "rbi": 0, "sacBunts": 0, "babip": ".167", "atBatsPerHomeRun": "-.--"}, "team": {"id": 119, "name": "Brooklyn Robins", "link": "/api/v1/teams/119"}, "player": {"id": 110295, "fullName": "Ed Appleton", "link": "/api/v1/people/110295"}, "league": {"id": 104, "name": "National League", "link": "/api/v1/league/104"}, "sport": {"id": 1, "link": "/api/v1/sports/1", "abbreviation": "MLB"}, "gameType": "R"}]}, {"type": {"displayName": "yearByYear"}, "group": {"displayName": "fielding"}, "exemptions": [], "splits": [{"season": "1915", "stat": {"gamesPlayed": 34, "gamesStarted": 10, "assists": 36, "putOuts": 5, "errors": 4, "chances": 45, "fielding": ".911", "position": {"code": "1", "name": "Pitcher", "type": "Pitcher", "abbreviation": "P"}, "rangeFactorPerGame": "1.21", "rangeFactorPer9Inn": "2.69", "innings": "137.2", "games": 34, "doublePlays": 1, "triplePlays": 0}, "team": {"id": 119, "name": "Brooklyn Robins", "link": "/api/v1/teams/119"}, "player": {"id": 110295, "fullName": "Ed Appleton", "link": "/api/v1/people/110295"}, "league": {"id": 104, "name": "National League", "link": "/api/v1/league/104"}, "sport": {"id": 1, "link": "/api/v1/sports/1", "abbreviation": "MLB"}, "gameType": "R", "position": {"code": "1", "name": "Pitcher", "type": "Pitcher", "abbreviation": "P"}}, {"season": "1916", "stat": {"gamesPlayed": 14, "gamesStarted": 3, "assists": 8, "putOuts": 4, "errors": 1, "chances": 13, "fielding": ".923", "position": {"code": "1", "name": "Pitcher", "type": "Pitcher", "abbreviation": "P"}, "rangeFactorPerGame": "0.86", "rangeFactorPer9Inn": "2.25", "innings": "48.0", "games": 14, "doublePlays": 0, "triplePlays": 0}, "team": {"id": 119, "name": "Brooklyn Robins", "link": "/api/v1/teams/119"}, "player": {"id": 110295, "fullName": "Ed Appleton", "link": "/api/v1/people/110295"}, "league": {"id": 104, "name": "National League", "link": "/api/v1/league/104"}, "sport": {"id": 1, "link": "/api/v1/sports/1", "abbreviation": "MLB"}, "gameType": "R", "position": {"code": "1", "name": "Pitcher", "type": "Pitcher", "abbreviation": "P"}}]}], "mlbDebutDate": "1915-04-16", "batSide": {"code": "R", "description": "Right"}, "pitchHand": {"code": "R", "description": "Right"}, "nameFirstLast": "Ed Appleton", "nameSlug": "ed-appleton-110295", "firstLastName": "Ed Appleton", "lastFirstName": "Appleton, Ed", "lastInitName": "Appleton, E", "initLastName": "E Appleton", "fullFMLName": "Edward Samuel Appleton", "fullLFMName": "Appleton, Edward Samuel", "strikeZoneTop": 3.371, "strikeZoneBottom": 1.535}