{"id": 110152, "fullName": "Johnny Allen", "link": "/api/v1/people/110152", "firstName": "John", "lastName": "Allen", "primaryNumber": "15", "birthDate": "1904-09-30", "currentAge": 54, "birthCity": "Lenoir", "birthStateProvince": "NC", "birthCountry": "USA", "height": "6' 0\"", "weight": 180, "active": false, "primaryPosition": {"code": "1", "name": "Pitcher", "type": "Pitcher", "abbreviation": "P"}, "useName": "Johnny", "useLastName": "Allen", "middleName": "Thomas", "boxscoreName": "Allen", "gender": "M", "isPlayer": true, "isVerified": true, "deathDate": "1959-05-29", "deathCity": "St. Petersburg", "deathStateProvince": "FL", "deathCountry": "USA", "lastPlayedDate": "1944-09-26", "stats": [{"type": {"displayName": "career"}, "group": {"displayName": "hitting"}, "exemptions": [], "splits": [{"stat": {"gamesPlayed": 365, "runs": 82, "doubles": 12, "triples": 3, "homeRuns": 4, "strikeOuts": 155, "baseOnBalls": 33, "hits": 124, "hitByPitch": 0, "avg": ".173", "atBats": 716, "obp": ".210", "slg": ".215", "ops": ".425", "caughtStealing": 0, "stolenBases": 1, "stolenBasePercentage": "1.000", "groundIntoDoublePlay": 8, "plateAppearances": 785, "totalBases": 154, "rbi": 64, "sacBunts": 36, "babip": ".215", "atBatsPerHomeRun": "179.00"}, "player": {"id": 110152, "fullName": "Johnny Allen", "link": "/api/v1/people/110152"}, "sport": {"id": 1, "link": "/api/v1/sports/1", "abbreviation": "MLB"}, "gameType": "R", "numTeams": 5}]}, {"type": {"displayName": "career"}, "group": {"displayName": "pitching"}, "exemptions": [], "splits": [{"stat": {"gamesPlayed": 352, "gamesStarted": 241, "runs": 926, "homeRuns": 104, "strikeOuts": 1070, "baseOnBalls": 738, "hits": 1849, "hitByPitch": 38, "avg": ".249", "atBats": 7413, "obp": ".321", "era": "3.75", "inningsPitched": "1950.1", "wins": 142, "losses": 75, "saves": 18, "earnedRuns": 813, "whip": "1.33", "battersFaced": 8292, "outs": 5851, "gamesPitched": 352, "completeGames": 109, "shutouts": 17, "hitBatsmen": 38, "balks": 5, "wildPitches": 68, "winPercentage": ".654", "gamesFinished": 68, "strikeoutWalkRatio": "1.45", "strikeoutsPer9Inn": "4.94", "walksPer9Inn": "3.41", "hitsPer9Inn": "8.53", "runsScoredPer9": "4.27", "homeRunsPer9": "0.48", "sacBunts": 103}, "player": {"id": 110152, "fullName": "Johnny Allen", "link": "/api/v1/people/110152"}, "sport": {"id": 1, "link": "/api/v1/sports/1", "abbreviation": "MLB"}, "gameType": "R", "numTeams": 5}]}, {"type": {"displayName": "career"}, "group": {"displayName": "fielding"}, "exemptions": [], "splits": [{"stat": {"gamesPlayed": 352, "gamesStarted": 241, "assists": 364, "putOuts": 104, "errors": 19, "chances": 487, "fielding": ".961", "position": {"code": "1", "name": "Pitcher", "type": "Pitcher", "abbreviation": "P"}, "rangeFactorPerGame": "1.33", "rangeFactorPer9Inn": "2.16", "innings": "1950.1", "games": 352, "doublePlays": 26, "triplePlays": 0}, "player": {"id": 110152, "fullName": "Johnny Allen", "link": "/api/v1/people/110152"}, "sport": {"id": 1, "link": "/api/v1/sports/1", "abbreviation": "MLB"}, "gameType": "R", "numTeams": 5, "position": {"code": "1", "name": "Pitcher", "type": "Pitcher", "abbreviation": "P"}}]}, {"type": {"displayName": "yearByYear"}, "group": {"displayName": "hitting"}, "exemptions": [], "splits": [{"season": "1932", "stat": {"gamesPlayed": 33, "runs": 5, "doubles": 2, "triples": 1, "homeRuns": 1, "strikeOuts": 22, "baseOnBalls": 4, "hits": 9, "hitByPitch": 0, "avg": ".123", "atBats": 73, "obp": ".169", "slg": ".219", "ops": ".388", "caughtStealing": 0, "stolenBases": 0, "stolenBasePercentage": ".---", "plateAppearances": 80, "totalBases": 16, "rbi": 5, "sacBunts": 3, "babip": ".160", "atBatsPerHomeRun": "73.00"}, "team": {"id": 147, "name": "New York Yankees", "link": "/api/v1/teams/147"}, "player": {"id": 110152, "fullName": "Johnny Allen", "link": "/api/v1/people/110152"}, "league": {"id": 103, "name": "American League", "link": "/api/v1/league/103"}, "sport": {"id": 1, "link": "/api/v1/sports/1", "abbreviation": "MLB"}, "gameType": "R"}, {"season": "1933", "stat": {"gamesPlayed": 25, "runs": 7, "doubles": 1, "triples": 1, "homeRuns": 0, "strikeOuts": 16, "baseOnBalls": 4, "hits": 13, "hitByPitch": 0, "avg": ".181", "atBats": 72, "obp": ".224", "slg": ".222", "ops": ".446", "caughtStealing": 0, "stolenBases": 0, "stolenBasePercentage": ".---", "plateAppearances": 78, "totalBases": 16, "rbi": 3, "sacBunts": 2, "babip": ".232", "atBatsPerHomeRun": "-.--"}, "team": {"id": 147, "name": "New York Yankees", "link": "/api/v1/teams/147"}, "player": {"id": 110152, "fullName": "Johnny Allen", "link": "/api/v1/people/110152"}, "league": {"id": 103, "name": "American League", "link": "/api/v1/league/103"}, "sport": {"id": 1, "link": "/api/v1/sports/1", "abbreviation": "MLB"}, "gameType": "R"}, {"season": "1934", "stat": {"gamesPlayed": 13, "runs": 2, "doubles": 0, "triples": 0, "homeRuns": 0, "strikeOuts": 6, "baseOnBalls": 4, "hits": 5, "hitByPitch": 0, "avg": ".192", "atBats": 26, "obp": ".300", "slg": ".192", "ops": ".492", "caughtStealing": 0, "stolenBases": 0, "stolenBasePercentage": ".---", "plateAppearances": 32, "totalBases": 5, "rbi": 1, "sacBunts": 2, "babip": ".250", "atBatsPerHomeRun": "-.--"}, "team": {"id": 147, "name": "New York Yankees", "link": "/api/v1/teams/147"}, "player": {"id": 110152, "fullName": "Johnny Allen", "link": "/api/v1/people/110152"}, "league": {"id": 103, "name": "American League", "link": "/api/v1/league/103"}, "sport": {"id": 1, "link": "/api/v1/sports/1", "abbreviation": "MLB"}, "gameType": "R"}, {"season": "1935", "stat": {"gamesPlayed": 23, "runs": 12, "doubles": 1, "triples": 0, "homeRuns": 1, "strikeOuts": 13, "baseOnBalls": 3, "hits": 15, "hitByPitch": 0, "avg": ".224", "atBats": 67, "obp": ".257", "slg": ".284", "ops": ".541", "caughtStealing": 0, "stolenBases": 0, "stolenBasePercentage": ".---", "plateAppearances": 73, "totalBases": 19, "rbi": 12, "sacBunts": 3, "babip": ".264", "atBatsPerHomeRun": "67.00"}, "team": {"id": 147, "name": "New York Yankees", "link": "/api/v1/teams/147"}, "player": {"id": 110152, "fullName": "Johnny Allen", "link": "/api/v1/people/110152"}, "league": {"id": 103, "name": "American League", "link": "/api/v1/league/103"}, "sport": {"id": 1, "link": "/api/v1/sports/1", "abbreviation": "MLB"}, "gameType": "R"}, {"season": "1936", "stat": {"gamesPlayed": 37, "runs": 12, "doubles": 0, "triples": 0, "homeRuns": 0, "strikeOuts": 18, "baseOnBalls": 6, "hits": 14, "hitByPitch": 0, "avg": ".161", "atBats": 87, "obp": ".215", "slg": ".161", "ops": ".376", "caughtStealing": 0, "stolenBases": 0, "stolenBasePercentage": ".---", "plateAppearances": 101, "totalBases": 14, "rbi": 10, "sacBunts": 8, "babip": ".203", "atBatsPerHomeRun": "-.--"}, "team": {"id": 114, "name": "Cleveland Indians", "link": "/api/v1/teams/114"}, "player": {"id": 110152, "fullName": "Johnny Allen", "link": "/api/v1/people/110152"}, "league": {"id": 103, "name": "American League", "link": "/api/v1/league/103"}, "sport": {"id": 1, "link": "/api/v1/sports/1", "abbreviation": "MLB"}, "gameType": "R"}, {"season": "1937", "stat": {"gamesPlayed": 24, "runs": 5, "doubles": 0, "triples": 0, "homeRuns": 0, "strikeOuts": 15, "baseOnBalls": 1, "hits": 6, "hitByPitch": 0, "avg": ".090", "atBats": 67, "obp": ".103", "slg": ".090", "ops": ".193", "caughtStealing": 0, "stolenBases": 0, "stolenBasePercentage": ".---", "plateAppearances": 72, "totalBases": 6, "rbi": 6, "sacBunts": 4, "babip": ".115", "atBatsPerHomeRun": "-.--"}, "team": {"id": 114, "name": "Cleveland Indians", "link": "/api/v1/teams/114"}, "player": {"id": 110152, "fullName": "Johnny Allen", "link": "/api/v1/people/110152"}, "league": {"id": 103, "name": "American League", "link": "/api/v1/league/103"}, "sport": {"id": 1, "link": "/api/v1/sports/1", "abbreviation": "MLB"}, "gameType": "R"}, {"season": "1938", "stat": {"gamesPlayed": 30, "runs": 12, "doubles": 2, "triples": 1, "homeRuns": 1, "strikeOuts": 14, "baseOnBalls": 3, "hits": 20, "hitByPitch": 0, "avg": ".253", "atBats": 79, "obp": ".280", "slg": ".342", "ops": ".622", "caughtStealing": 0, "stolenBases": 1, "stolenBasePercentage": "1.000", "plateAppearances": 85, "totalBases": 27, "rbi": 14, "sacBunts": 3, "babip": ".297", "atBatsPerHomeRun": "79.00"}, "team": {"id": 114, "name": "Cleveland Indians", "link": "/api/v1/teams/114"}, "player": {"id": 110152, "fullName": "Johnny Allen", "link": "/api/v1/people/110152"}, "league": {"id": 103, "name": "American League", "link": "/api/v1/league/103"}, "sport": {"id": 1, "link": "/api/v1/sports/1", "abbreviation": "MLB"}, "gameType": "R"}, {"season": "1939", "stat": {"gamesPlayed": 34, "runs": 10, "doubles": 2, "triples": 0, "homeRuns": 0, "strikeOuts": 11, "baseOnBalls": 3, "hits": 16, "hitByPitch": 0, "avg": ".225", "atBats": 71, "obp": ".257", "slg": ".254", "ops": ".511", "caughtStealing": 0, "stolenBases": 0, "stolenBasePercentage": ".---", "groundIntoDoublePlay": 2, "plateAppearances": 76, "totalBases": 18, "rbi": 3, "sacBunts": 2, "babip": ".267", "atBatsPerHomeRun": "-.--"}, "team": {"id": 114, "name": "Cleveland Indians", "link": "/api/v1/teams/114"}, "player": {"id": 110152, "fullName": "Johnny Allen", "link": "/api/v1/people/110152"}, "league": {"id": 103, "name": "American League", "link": "/api/v1/league/103"}, "sport": {"id": 1, "link": "/api/v1/sports/1", "abbreviation": "MLB"}, "gameType": "R"}, {"season": "1940", "stat": {"gamesPlayed": 32, "runs": 3, "doubles": 3, "triples": 0, "homeRuns": 0, "strikeOuts": 9, "baseOnBalls": 1, "hits": 10, "hitByPitch": 0, "avg": ".208", "atBats": 48, "obp": ".224", "slg": ".271", "ops": ".495", "caughtStealing": 0, "stolenBases": 0, "stolenBasePercentage": ".---", "groundIntoDoublePlay": 1, "plateAppearances": 49, "totalBases": 13, "rbi": 3, "sacBunts": 0, "babip": ".256", "atBatsPerHomeRun": "-.--"}, "team": {"id": 114, "name": "Cleveland Indians", "link": "/api/v1/teams/114"}, "player": {"id": 110152, "fullName": "Johnny Allen", "link": "/api/v1/people/110152"}, "league": {"id": 103, "name": "American League", "link": "/api/v1/league/103"}, "sport": {"id": 1, "link": "/api/v1/sports/1", "abbreviation": "MLB"}, "gameType": "R"}, {"season": "1941", "stat": {"gamesPlayed": 20, "runs": 6, "doubles": 0, "triples": 0, "homeRuns": 1, "strikeOuts": 3, "baseOnBalls": 1, "hits": 3, "hitByPitch": 0, "avg": ".136", "atBats": 22, "obp": ".174", "slg": ".273", "ops": ".447", "caughtStealing": 0, "stolenBases": 0, "stolenBasePercentage": ".---", "groundIntoDoublePlay": 2, "plateAppearances": 24, "totalBases": 6, "rbi": 4, "sacBunts": 1, "babip": ".111", "atBatsPerHomeRun": "22.00"}, "team": {"id": 110, "name": "St. Louis Browns", "link": "/api/v1/teams/110"}, "player": {"id": 110152, "fullName": "Johnny Allen", "link": "/api/v1/people/110152"}, "league": {"id": 103, "name": "American League", "link": "/api/v1/league/103"}, "sport": {"id": 1, "link": "/api/v1/sports/1", "abbreviation": "MLB"}, "gameType": "R"}, {"season": "1941", "stat": {"gamesPlayed": 11, "runs": 0, "doubles": 0, "triples": 0, "homeRuns": 0, "strikeOuts": 5, "baseOnBalls": 0, "hits": 1, "hitByPitch": 0, "avg": ".050", "atBats": 20, "obp": ".050", "slg": ".050", "ops": ".100", "stolenBases": 0, "groundIntoDoublePlay": 0, "plateAppearances": 21, "totalBases": 1, "rbi": 0, "sacBunts": 1, "babip": ".067", "atBatsPerHomeRun": "-.--"}, "team": {"id": 119, "name": "Brooklyn Dodgers", "link": "/api/v1/teams/119"}, "player": {"id": 110152, "fullName": "Johnny Allen", "link": "/api/v1/people/110152"}, "league": {"id": 104, "name": "National League", "link": "/api/v1/league/104"}, "sport": {"id": 1, "link": "/api/v1/sports/1", "abbreviation": "MLB"}, "gameType": "R"}, {"season": "1941", "stat": {"gamesPlayed": 31, "runs": 6, "doubles": 0, "triples": 0, "homeRuns": 1, "strikeOuts": 8, "baseOnBalls": 1, "hits": 4, "hitByPitch": 0, "avg": ".095", "atBats": 42, "obp": ".116", "slg": ".167", "ops": ".283", "caughtStealing": 0, "stolenBases": 0, "stolenBasePercentage": ".---", "groundIntoDoublePlay": 2, "plateAppearances": 45, "totalBases": 7, "rbi": 4, "sacBunts": 2, "babip": ".091", "atBatsPerHomeRun": "42.00"}, "player": {"id": 110152, "fullName": "Johnny Allen", "link": "/api/v1/people/110152"}, "sport": {"id": 1, "link": "/api/v1/sports/1", "abbreviation": "MLB"}, "gameType": "R", "numTeams": 2}, {"season": "1942", "stat": {"gamesPlayed": 27, "runs": 3, "doubles": 0, "triples": 0, "homeRuns": 0, "strikeOuts": 11, "baseOnBalls": 1, "hits": 7, "hitByPitch": 0, "avg": ".179", "atBats": 39, "obp": ".200", "slg": ".179", "ops": ".379", "stolenBases": 0, "groundIntoDoublePlay": 2, "plateAppearances": 44, "totalBases": 7, "rbi": 2, "sacBunts": 4, "babip": ".250", "atBatsPerHomeRun": "-.--"}, "team": {"id": 119, "name": "Brooklyn Dodgers", "link": "/api/v1/teams/119"}, "player": {"id": 110152, "fullName": "Johnny Allen", "link": "/api/v1/people/110152"}, "league": {"id": 104, "name": "National League", "link": "/api/v1/league/104"}, "sport": {"id": 1, "link": "/api/v1/sports/1", "abbreviation": "MLB"}, "gameType": "R"}, {"season": "1943", "stat": {"gamesPlayed": 17, "runs": 2, "doubles": 1, "triples": 0, "homeRuns": 0, "strikeOuts": 0, "baseOnBalls": 2, "hits": 3, "hitByPitch": 0, "avg": ".429", "atBats": 7, "obp": ".556", "slg": ".571", "ops": "1.127", "stolenBases": 0, "groundIntoDoublePlay": 0, "plateAppearances": 11, "totalBases": 4, "rbi": 1, "sacBunts": 2, "babip": ".429", "atBatsPerHomeRun": "-.--"}, "team": {"id": 119, "name": "Brooklyn Dodgers", "link": "/api/v1/teams/119"}, "player": {"id": 110152, "fullName": "Johnny Allen", "link": "/api/v1/people/110152"}, "league": {"id": 104, "name": "National League", "link": "/api/v1/league/104"}, "sport": {"id": 1, "link": "/api/v1/sports/1", "abbreviation": "MLB"}, "gameType": "R"}, {"season": "1943", "stat": {"gamesPlayed": 15, "runs": 1, "doubles": 0, "triples": 0, "homeRuns": 0, "strikeOuts": 3, "baseOnBalls": 0, "hits": 0, "hitByPitch": 0, "avg": ".000", "atBats": 14, "obp": ".000", "slg": ".000", "ops": ".000", "stolenBases": 0, "groundIntoDoublePlay": 0, "plateAppearances": 15, "totalBases": 0, "rbi": 0, "sacBunts": 1, "babip": ".000", "atBatsPerHomeRun": "-.--"}, "team": {"id": 137, "name": "New York Giants", "link": "/api/v1/teams/137"}, "player": {"id": 110152, "fullName": "Johnny Allen", "link": "/api/v1/people/110152"}, "league": {"id": 104, "name": "National League", "link": "/api/v1/league/104"}, "sport": {"id": 1, "link": "/api/v1/sports/1", "abbreviation": "MLB"}, "gameType": "R"}, {"season": "1943", "stat": {"gamesPlayed": 32, "runs": 3, "doubles": 1, "triples": 0, "homeRuns": 0, "strikeOuts": 3, "baseOnBalls": 2, "hits": 3, "hitByPitch": 0, "avg": ".143", "atBats": 21, "obp": ".217", "slg": ".190", "ops": ".407", "stolenBases": 0, "groundIntoDoublePlay": 0, "plateAppearances": 26, "totalBases": 4, "rbi": 1, "sacBunts": 3, "babip": ".167", "atBatsPerHomeRun": "-.--"}, "player": {"id": 110152, "fullName": "Johnny Allen", "link": "/api/v1/people/110152"}, "sport": {"id": 1, "link": "/api/v1/sports/1", "abbreviation": "MLB"}, "gameType": "R", "numTeams": 2}, {"season": "1944", "stat": {"gamesPlayed": 24, "runs": 2, "doubles": 0, "triples": 0, "homeRuns": 0, "strikeOuts": 9, "baseOnBalls": 0, "hits": 2, "hitByPitch": 0, "avg": ".083", "atBats": 24, "obp": ".083", "slg": ".083", "ops": ".166", "stolenBases": 0, "groundIntoDoublePlay": 1, "plateAppearances": 24, "totalBases": 2, "rbi": 0, "sacBunts": 0, "babip": ".133", "atBatsPerHomeRun": "-.--"}, "team": {"id": 137, "name": "New York Giants", "link": "/api/v1/teams/137"}, "player": {"id": 110152, "fullName": "Johnny Allen", "link": "/api/v1/people/110152"}, "league": {"id": 104, "name": "National League", "link": "/api/v1/league/104"}, "sport": {"id": 1, "link": "/api/v1/sports/1", "abbreviation": "MLB"}, "gameType": "R"}]}, {"type": {"displayName": "yearByYear"}, "group": {"displayName": "pitching"}, "exemptions": [], "splits": [{"season": "1932", "stat": {"gamesPlayed": 33, "gamesStarted": 21, "runs": 86, "homeRuns": 10, "strikeOuts": 109, "baseOnBalls": 76, "hits": 162, "hitByPitch": 5, "avg": ".228", "atBats": 712, "obp": ".306", "era": "3.70", "inningsPitched": "192.0", "wins": 17, "losses": 4, "saves": 4, "earnedRuns": 79, "whip": "1.24", "battersFaced": 804, "outs": 576, "gamesPitched": 33, "completeGames": 13, "shutouts": 3, "hitBatsmen": 5, "balks": 1, "wildPitches": 5, "winPercentage": ".810", "gamesFinished": 6, "strikeoutWalkRatio": "1.43", "strikeoutsPer9Inn": "5.11", "walksPer9Inn": "3.56", "hitsPer9Inn": "7.59", "runsScoredPer9": "4.03", "homeRunsPer9": "0.47", "sacBunts": 11}, "team": {"id": 147, "name": "New York Yankees", "link": "/api/v1/teams/147"}, "player": {"id": 110152, "fullName": "Johnny Allen", "link": "/api/v1/people/110152"}, "league": {"id": 103, "name": "American League", "link": "/api/v1/league/103"}, "sport": {"id": 1, "link": "/api/v1/sports/1", "abbreviation": "MLB"}, "gameType": "R"}, {"season": "1933", "stat": {"gamesPlayed": 25, "gamesStarted": 24, "runs": 96, "homeRuns": 9, "strikeOuts": 119, "baseOnBalls": 87, "hits": 171, "hitByPitch": 4, "avg": ".242", "atBats": 708, "obp": ".328", "era": "4.39", "inningsPitched": "184.2", "wins": 15, "losses": 7, "saves": 1, "earnedRuns": 90, "whip": "1.40", "battersFaced": 804, "outs": 554, "gamesPitched": 25, "completeGames": 10, "shutouts": 1, "hitBatsmen": 4, "balks": 0, "wildPitches": 10, "winPercentage": ".682", "gamesFinished": 1, "strikeoutWalkRatio": "1.37", "strikeoutsPer9Inn": "5.80", "walksPer9Inn": "4.24", "hitsPer9Inn": "8.33", "runsScoredPer9": "4.68", "homeRunsPer9": "0.44", "sacBunts": 5}, "team": {"id": 147, "name": "New York Yankees", "link": "/api/v1/teams/147"}, "player": {"id": 110152, "fullName": "Johnny Allen", "link": "/api/v1/people/110152"}, "league": {"id": 103, "name": "American League", "link": "/api/v1/league/103"}, "sport": {"id": 1, "link": "/api/v1/sports/1", "abbreviation": "MLB"}, "gameType": "R"}, {"season": "1934", "stat": {"gamesPlayed": 13, "gamesStarted": 10, "runs": 30, "homeRuns": 3, "strikeOuts": 54, "baseOnBalls": 32, "hits": 62, "hitByPitch": 2, "avg": ".227", "atBats": 273, "obp": ".313", "era": "2.89", "inningsPitched": "71.2", "wins": 5, "losses": 2, "saves": 0, "earnedRuns": 23, "whip": "1.31", "battersFaced": 309, "outs": 215, "gamesPitched": 13, "completeGames": 4, "shutouts": 0, "hitBatsmen": 2, "balks": 0, "wildPitches": 5, "winPercentage": ".714", "gamesFinished": 2, "strikeoutWalkRatio": "1.69", "strikeoutsPer9Inn": "6.78", "walksPer9Inn": "4.02", "hitsPer9Inn": "7.79", "runsScoredPer9": "3.77", "homeRunsPer9": "0.38", "sacBunts": 2}, "team": {"id": 147, "name": "New York Yankees", "link": "/api/v1/teams/147"}, "player": {"id": 110152, "fullName": "Johnny Allen", "link": "/api/v1/people/110152"}, "league": {"id": 103, "name": "American League", "link": "/api/v1/league/103"}, "sport": {"id": 1, "link": "/api/v1/sports/1", "abbreviation": "MLB"}, "gameType": "R"}, {"season": "1935", "stat": {"gamesPlayed": 23, "gamesStarted": 23, "runs": 76, "homeRuns": 11, "strikeOuts": 113, "baseOnBalls": 58, "hits": 149, "hitByPitch": 4, "avg": ".238", "atBats": 625, "obp": ".307", "era": "3.61", "inningsPitched": "167.0", "wins": 13, "losses": 6, "saves": 0, "earnedRuns": 67, "whip": "1.24", "battersFaced": 692, "outs": 501, "gamesPitched": 23, "completeGames": 12, "shutouts": 2, "hitBatsmen": 4, "balks": 0, "wildPitches": 3, "winPercentage": ".684", "gamesFinished": 0, "strikeoutWalkRatio": "1.95", "strikeoutsPer9Inn": "6.09", "walksPer9Inn": "3.13", "hitsPer9Inn": "8.03", "runsScoredPer9": "4.10", "homeRunsPer9": "0.59", "sacBunts": 5}, "team": {"id": 147, "name": "New York Yankees", "link": "/api/v1/teams/147"}, "player": {"id": 110152, "fullName": "Johnny Allen", "link": "/api/v1/people/110152"}, "league": {"id": 103, "name": "American League", "link": "/api/v1/league/103"}, "sport": {"id": 1, "link": "/api/v1/sports/1", "abbreviation": "MLB"}, "gameType": "R"}, {"season": "1936", "stat": {"gamesPlayed": 36, "gamesStarted": 31, "runs": 108, "homeRuns": 5, "strikeOuts": 165, "baseOnBalls": 97, "hits": 234, "hitByPitch": 1, "avg": ".256", "atBats": 915, "obp": ".328", "era": "3.44", "inningsPitched": "243.0", "wins": 20, "losses": 10, "saves": 1, "earnedRuns": 93, "whip": "1.36", "battersFaced": 1030, "outs": 729, "gamesPitched": 36, "completeGames": 19, "shutouts": 4, "hitBatsmen": 1, "balks": 0, "wildPitches": 13, "winPercentage": ".667", "gamesFinished": 4, "strikeoutWalkRatio": "1.70", "strikeoutsPer9Inn": "6.11", "walksPer9Inn": "3.59", "hitsPer9Inn": "8.67", "runsScoredPer9": "4.00", "homeRunsPer9": "0.19", "sacBunts": 17}, "team": {"id": 114, "name": "Cleveland Indians", "link": "/api/v1/teams/114"}, "player": {"id": 110152, "fullName": "Johnny Allen", "link": "/api/v1/people/110152"}, "league": {"id": 103, "name": "American League", "link": "/api/v1/league/103"}, "sport": {"id": 1, "link": "/api/v1/sports/1", "abbreviation": "MLB"}, "gameType": "R"}, {"season": "1937", "stat": {"gamesPlayed": 24, "gamesStarted": 20, "runs": 55, "homeRuns": 4, "strikeOuts": 87, "baseOnBalls": 60, "hits": 157, "hitByPitch": 5, "avg": ".244", "atBats": 644, "obp": ".313", "era": "2.55", "inningsPitched": "173.0", "wins": 15, "losses": 1, "saves": 0, "earnedRuns": 49, "whip": "1.25", "battersFaced": 713, "outs": 519, "gamesPitched": 24, "completeGames": 14, "shutouts": 0, "hitBatsmen": 5, "balks": 0, "wildPitches": 2, "winPercentage": ".938", "gamesFinished": 4, "strikeoutWalkRatio": "1.45", "strikeoutsPer9Inn": "4.53", "walksPer9Inn": "3.12", "hitsPer9Inn": "8.17", "runsScoredPer9": "2.86", "homeRunsPer9": "0.21", "sacBunts": 4}, "team": {"id": 114, "name": "Cleveland Indians", "link": "/api/v1/teams/114"}, "player": {"id": 110152, "fullName": "Johnny Allen", "link": "/api/v1/people/110152"}, "league": {"id": 103, "name": "American League", "link": "/api/v1/league/103"}, "sport": {"id": 1, "link": "/api/v1/sports/1", "abbreviation": "MLB"}, "gameType": "R"}, {"season": "1938", "stat": {"gamesPlayed": 30, "gamesStarted": 27, "runs": 107, "homeRuns": 15, "strikeOuts": 112, "baseOnBalls": 81, "hits": 189, "hitByPitch": 3, "avg": ".246", "atBats": 767, "obp": ".321", "era": "4.19", "inningsPitched": "200.0", "wins": 14, "losses": 8, "saves": 0, "earnedRuns": 93, "whip": "1.35", "battersFaced": 855, "outs": 600, "gamesPitched": 30, "completeGames": 13, "shutouts": 0, "hitBatsmen": 3, "balks": 0, "wildPitches": 7, "winPercentage": ".636", "gamesFinished": 3, "strikeoutWalkRatio": "1.38", "strikeoutsPer9Inn": "5.04", "walksPer9Inn": "3.65", "hitsPer9Inn": "8.51", "runsScoredPer9": "4.82", "homeRunsPer9": "0.68", "sacBunts": 4}, "team": {"id": 114, "name": "Cleveland Indians", "link": "/api/v1/teams/114"}, "player": {"id": 110152, "fullName": "Johnny Allen", "link": "/api/v1/people/110152"}, "league": {"id": 103, "name": "American League", "link": "/api/v1/league/103"}, "sport": {"id": 1, "link": "/api/v1/sports/1", "abbreviation": "MLB"}, "gameType": "R"}, {"season": "1939", "stat": {"gamesPlayed": 28, "gamesStarted": 26, "runs": 96, "homeRuns": 9, "strikeOuts": 79, "baseOnBalls": 56, "hits": 199, "hitByPitch": 3, "avg": ".291", "atBats": 685, "obp": ".347", "era": "4.58", "inningsPitched": "175.0", "wins": 9, "losses": 7, "saves": 0, "earnedRuns": 89, "whip": "1.46", "battersFaced": 763, "outs": 525, "gamesPitched": 28, "completeGames": 9, "shutouts": 2, "hitBatsmen": 3, "balks": 2, "wildPitches": 5, "winPercentage": ".563", "gamesFinished": 2, "strikeoutWalkRatio": "1.41", "strikeoutsPer9Inn": "4.06", "walksPer9Inn": "2.88", "hitsPer9Inn": "10.23", "runsScoredPer9": "4.94", "homeRunsPer9": "0.46", "sacBunts": 19}, "team": {"id": 114, "name": "Cleveland Indians", "link": "/api/v1/teams/114"}, "player": {"id": 110152, "fullName": "Johnny Allen", "link": "/api/v1/people/110152"}, "league": {"id": 103, "name": "American League", "link": "/api/v1/league/103"}, "sport": {"id": 1, "link": "/api/v1/sports/1", "abbreviation": "MLB"}, "gameType": "R"}, {"season": "1940", "stat": {"gamesPlayed": 32, "gamesStarted": 17, "runs": 61, "homeRuns": 3, "strikeOuts": 62, "baseOnBalls": 48, "hits": 126, "hitByPitch": 3, "avg": ".243", "atBats": 518, "obp": ".311", "era": "3.44", "inningsPitched": "138.2", "wins": 9, "losses": 8, "saves": 5, "earnedRuns": 53, "whip": "1.25", "battersFaced": 576, "outs": 416, "gamesPitched": 32, "completeGames": 5, "shutouts": 3, "hitBatsmen": 3, "balks": 0, "wildPitches": 0, "winPercentage": ".529", "gamesFinished": 12, "strikeoutWalkRatio": "1.29", "strikeoutsPer9Inn": "4.02", "walksPer9Inn": "3.12", "hitsPer9Inn": "8.18", "runsScoredPer9": "3.96", "homeRunsPer9": "0.19", "sacBunts": 7}, "team": {"id": 114, "name": "Cleveland Indians", "link": "/api/v1/teams/114"}, "player": {"id": 110152, "fullName": "Johnny Allen", "link": "/api/v1/people/110152"}, "league": {"id": 103, "name": "American League", "link": "/api/v1/league/103"}, "sport": {"id": 1, "link": "/api/v1/sports/1", "abbreviation": "MLB"}, "gameType": "R"}, {"season": "1941", "stat": {"gamesPlayed": 20, "gamesStarted": 9, "runs": 53, "homeRuns": 4, "strikeOuts": 27, "baseOnBalls": 29, "hits": 89, "hitByPitch": 2, "avg": ".319", "atBats": 279, "obp": ".387", "era": "6.58", "inningsPitched": "67.0", "wins": 2, "losses": 5, "saves": 1, "earnedRuns": 49, "whip": "1.76", "battersFaced": 317, "outs": 201, "gamesPitched": 20, "completeGames": 2, "shutouts": 0, "hitBatsmen": 2, "balks": 1, "wildPitches": 8, "winPercentage": ".286", "gamesFinished": 6, "strikeoutWalkRatio": "0.93", "strikeoutsPer9Inn": "3.63", "walksPer9Inn": "3.90", "hitsPer9Inn": "11.96", "runsScoredPer9": "7.12", "homeRunsPer9": "0.54", "sacBunts": 7}, "team": {"id": 110, "name": "St. Louis Browns", "link": "/api/v1/teams/110"}, "player": {"id": 110152, "fullName": "Johnny Allen", "link": "/api/v1/people/110152"}, "league": {"id": 103, "name": "American League", "link": "/api/v1/league/103"}, "sport": {"id": 1, "link": "/api/v1/sports/1", "abbreviation": "MLB"}, "gameType": "R"}, {"season": "1941", "stat": {"gamesPlayed": 11, "gamesStarted": 4, "runs": 18, "homeRuns": 6, "strikeOuts": 21, "baseOnBalls": 12, "hits": 38, "hitByPitch": 0, "avg": ".188", "atBats": 202, "obp": ".234", "era": "2.51", "inningsPitched": "57.1", "wins": 3, "losses": 0, "saves": 0, "earnedRuns": 16, "whip": "0.87", "battersFaced": 218, "outs": 172, "gamesPitched": 11, "completeGames": 1, "shutouts": 0, "hitBatsmen": 0, "balks": 0, "wildPitches": 0, "winPercentage": "1.000", "gamesFinished": 2, "strikeoutWalkRatio": "1.75", "strikeoutsPer9Inn": "3.30", "walksPer9Inn": "1.88", "hitsPer9Inn": "5.97", "runsScoredPer9": "2.83", "homeRunsPer9": "0.94", "sacBunts": 4}, "team": {"id": 119, "name": "Brooklyn Dodgers", "link": "/api/v1/teams/119"}, "player": {"id": 110152, "fullName": "Johnny Allen", "link": "/api/v1/people/110152"}, "league": {"id": 104, "name": "National League", "link": "/api/v1/league/104"}, "sport": {"id": 1, "link": "/api/v1/sports/1", "abbreviation": "MLB"}, "gameType": "R"}, {"season": "1941", "stat": {"gamesPlayed": 31, "gamesStarted": 13, "runs": 71, "homeRuns": 10, "strikeOuts": 48, "baseOnBalls": 41, "hits": 127, "hitByPitch": 2, "avg": ".264", "atBats": 481, "obp": ".324", "era": "4.71", "inningsPitched": "124.1", "wins": 5, "losses": 5, "saves": 1, "earnedRuns": 65, "whip": "1.35", "battersFaced": 535, "outs": 373, "gamesPitched": 31, "completeGames": 3, "shutouts": 0, "hitBatsmen": 2, "balks": 1, "wildPitches": 8, "winPercentage": ".500", "gamesFinished": 8, "strikeoutWalkRatio": "1.17", "strikeoutsPer9Inn": "3.47", "walksPer9Inn": "2.97", "hitsPer9Inn": "9.19", "runsScoredPer9": "5.14", "homeRunsPer9": "0.72", "sacBunts": 11}, "player": {"id": 110152, "fullName": "Johnny Allen", "link": "/api/v1/people/110152"}, "sport": {"id": 1, "link": "/api/v1/sports/1", "abbreviation": "MLB"}, "gameType": "R", "numTeams": 2}, {"season": "1942", "stat": {"gamesPlayed": 27, "gamesStarted": 15, "runs": 53, "homeRuns": 11, "strikeOuts": 50, "baseOnBalls": 39, "hits": 106, "hitByPitch": 2, "avg": ".238", "atBats": 446, "obp": ".302", "era": "3.20", "inningsPitched": "118.0", "wins": 10, "losses": 6, "saves": 3, "earnedRuns": 42, "whip": "1.23", "battersFaced": 494, "outs": 354, "gamesPitched": 27, "completeGames": 5, "shutouts": 1, "hitBatsmen": 2, "balks": 0, "wildPitches": 1, "winPercentage": ".625", "gamesFinished": 9, "strikeoutWalkRatio": "1.28", "strikeoutsPer9Inn": "3.81", "walksPer9Inn": "2.97", "hitsPer9Inn": "8.08", "runsScoredPer9": "4.04", "homeRunsPer9": "0.84", "sacBunts": 7}, "team": {"id": 119, "name": "Brooklyn Dodgers", "link": "/api/v1/teams/119"}, "player": {"id": 110152, "fullName": "Johnny Allen", "link": "/api/v1/people/110152"}, "league": {"id": 104, "name": "National League", "link": "/api/v1/league/104"}, "sport": {"id": 1, "link": "/api/v1/sports/1", "abbreviation": "MLB"}, "gameType": "R"}, {"season": "1943", "stat": {"gamesPlayed": 17, "gamesStarted": 1, "runs": 23, "homeRuns": 3, "strikeOuts": 15, "baseOnBalls": 25, "hits": 42, "hitByPitch": 2, "avg": ".280", "atBats": 150, "obp": ".390", "era": "4.26", "inningsPitched": "38.0", "wins": 5, "losses": 1, "saves": 1, "earnedRuns": 18, "whip": "1.76", "battersFaced": 180, "outs": 114, "gamesPitched": 17, "completeGames": 0, "shutouts": 0, "hitBatsmen": 2, "balks": 1, "wildPitches": 2, "winPercentage": ".833", "gamesFinished": 4, "strikeoutWalkRatio": "0.60", "strikeoutsPer9Inn": "3.55", "walksPer9Inn": "5.92", "hitsPer9Inn": "9.95", "runsScoredPer9": "5.45", "homeRunsPer9": "0.71", "sacBunts": 3}, "team": {"id": 119, "name": "Brooklyn Dodgers", "link": "/api/v1/teams/119"}, "player": {"id": 110152, "fullName": "Johnny Allen", "link": "/api/v1/people/110152"}, "league": {"id": 104, "name": "National League", "link": "/api/v1/league/104"}, "sport": {"id": 1, "link": "/api/v1/sports/1", "abbreviation": "MLB"}, "gameType": "R"}, {"season": "1943", "stat": {"gamesPlayed": 15, "gamesStarted": 0, "runs": 16, "homeRuns": 4, "strikeOuts": 24, "baseOnBalls": 14, "hits": 37, "hitByPitch": 0, "avg": ".245", "atBats": 151, "obp": ".309", "era": "3.07", "inningsPitched": "41.0", "wins": 1, "losses": 3, "saves": 2, "earnedRuns": 14, "whip": "1.24", "battersFaced": 169, "outs": 123, "gamesPitched": 15, "completeGames": 0, "shutouts": 0, "hitBatsmen": 0, "balks": 0, "wildPitches": 4, "winPercentage": ".250", "gamesFinished": 10, "strikeoutWalkRatio": "1.71", "strikeoutsPer9Inn": "5.27", "walksPer9Inn": "3.07", "hitsPer9Inn": "8.12", "runsScoredPer9": "3.51", "homeRunsPer9": "0.88", "sacBunts": 4}, "team": {"id": 137, "name": "New York Giants", "link": "/api/v1/teams/137"}, "player": {"id": 110152, "fullName": "Johnny Allen", "link": "/api/v1/people/110152"}, "league": {"id": 104, "name": "National League", "link": "/api/v1/league/104"}, "sport": {"id": 1, "link": "/api/v1/sports/1", "abbreviation": "MLB"}, "gameType": "R"}, {"season": "1943", "stat": {"gamesPlayed": 32, "gamesStarted": 1, "runs": 39, "homeRuns": 7, "strikeOuts": 39, "baseOnBalls": 39, "hits": 79, "hitByPitch": 2, "avg": ".262", "atBats": 301, "obp": ".351", "era": "3.65", "inningsPitched": "79.0", "wins": 6, "losses": 4, "saves": 3, "earnedRuns": 32, "whip": "1.49", "battersFaced": 349, "outs": 237, "gamesPitched": 32, "completeGames": 0, "shutouts": 0, "hitBatsmen": 2, "balks": 1, "wildPitches": 6, "winPercentage": ".600", "gamesFinished": 14, "strikeoutWalkRatio": "1.00", "strikeoutsPer9Inn": "4.44", "walksPer9Inn": "4.44", "hitsPer9Inn": "9.00", "runsScoredPer9": "4.44", "homeRunsPer9": "0.80", "sacBunts": 7}, "player": {"id": 110152, "fullName": "Johnny Allen", "link": "/api/v1/people/110152"}, "sport": {"id": 1, "link": "/api/v1/sports/1", "abbreviation": "MLB"}, "gameType": "R", "numTeams": 2}, {"season": "1944", "stat": {"gamesPlayed": 18, "gamesStarted": 13, "runs": 48, "homeRuns": 7, "strikeOuts": 33, "baseOnBalls": 24, "hits": 88, "hitByPitch": 2, "avg": ".260", "atBats": 338, "obp": ".313", "era": "4.07", "inningsPitched": "84.0", "wins": 4, "losses": 7, "saves": 0, "earnedRuns": 38, "whip": "1.33", "battersFaced": 368, "outs": 252, "gamesPitched": 18, "completeGames": 2, "shutouts": 1, "hitBatsmen": 2, "balks": 0, "wildPitches": 3, "winPercentage": ".364", "gamesFinished": 3, "strikeoutWalkRatio": "1.38", "strikeoutsPer9Inn": "3.54", "walksPer9Inn": "2.57", "hitsPer9Inn": "9.43", "runsScoredPer9": "5.14", "homeRunsPer9": "0.75", "sacBunts": 4}, "team": {"id": 137, "name": "New York Giants", "link": "/api/v1/teams/137"}, "player": {"id": 110152, "fullName": "Johnny Allen", "link": "/api/v1/people/110152"}, "league": {"id": 104, "name": "National League", "link": "/api/v1/league/104"}, "sport": {"id": 1, "link": "/api/v1/sports/1", "abbreviation": "MLB"}, "gameType": "R"}]}, {"type": {"displayName": "yearByYear"}, "group": {"displayName": "fielding"}, "exemptions": [], "splits": [{"season": "1932", "stat": {"gamesPlayed": 33, "gamesStarted": 21, "assists": 31, "putOuts": 8, "errors": 3, "chances": 42, "fielding": ".929", "position": {"code": "1", "name": "Pitcher", "type": "Pitcher", "abbreviation": "P"}, "rangeFactorPerGame": "1.18", "rangeFactorPer9Inn": "1.83", "innings": "192.0", "games": 33, "doublePlays": 3, "triplePlays": 0}, "team": {"id": 147, "name": "New York Yankees", "link": "/api/v1/teams/147"}, "player": {"id": 110152, "fullName": "Johnny Allen", "link": "/api/v1/people/110152"}, "league": {"id": 103, "name": "American League", "link": "/api/v1/league/103"}, "sport": {"id": 1, "link": "/api/v1/sports/1", "abbreviation": "MLB"}, "gameType": "R", "position": {"code": "1", "name": "Pitcher", "type": "Pitcher", "abbreviation": "P"}}, {"season": "1933", "stat": {"gamesPlayed": 25, "gamesStarted": 24, "assists": 29, "putOuts": 10, "errors": 1, "chances": 40, "fielding": ".975", "position": {"code": "1", "name": "Pitcher", "type": "Pitcher", "abbreviation": "P"}, "rangeFactorPerGame": "1.56", "rangeFactorPer9Inn": "1.91", "innings": "184.2", "games": 25, "doublePlays": 0, "triplePlays": 0}, "team": {"id": 147, "name": "New York Yankees", "link": "/api/v1/teams/147"}, "player": {"id": 110152, "fullName": "Johnny Allen", "link": "/api/v1/people/110152"}, "league": {"id": 103, "name": "American League", "link": "/api/v1/league/103"}, "sport": {"id": 1, "link": "/api/v1/sports/1", "abbreviation": "MLB"}, "gameType": "R", "position": {"code": "1", "name": "Pitcher", "type": "Pitcher", "abbreviation": "P"}}, {"season": "1934", "stat": {"gamesPlayed": 13, "gamesStarted": 10, "assists": 12, "putOuts": 1, "errors": 0, "chances": 13, "fielding": "1.000", "position": {"code": "1", "name": "Pitcher", "type": "Pitcher", "abbreviation": "P"}, "rangeFactorPerGame": "1.00", "rangeFactorPer9Inn": "1.65", "innings": "71.2", "games": 13, "doublePlays": 2, "triplePlays": 0}, "team": {"id": 147, "name": "New York Yankees", "link": "/api/v1/teams/147"}, "player": {"id": 110152, "fullName": "Johnny Allen", "link": "/api/v1/people/110152"}, "league": {"id": 103, "name": "American League", "link": "/api/v1/league/103"}, "sport": {"id": 1, "link": "/api/v1/sports/1", "abbreviation": "MLB"}, "gameType": "R", "position": {"code": "1", "name": "Pitcher", "type": "Pitcher", "abbreviation": "P"}}, {"season": "1935", "stat": {"gamesPlayed": 23, "gamesStarted": 23, "assists": 33, "putOuts": 9, "errors": 1, "chances": 43, "fielding": ".977", "position": {"code": "1", "name": "Pitcher", "type": "Pitcher", "abbreviation": "P"}, "rangeFactorPerGame": "1.83", "rangeFactorPer9Inn": "2.26", "innings": "167.0", "games": 23, "doublePlays": 1, "triplePlays": 0}, "team": {"id": 147, "name": "New York Yankees", "link": "/api/v1/teams/147"}, "player": {"id": 110152, "fullName": "Johnny Allen", "link": "/api/v1/people/110152"}, "league": {"id": 103, "name": "American League", "link": "/api/v1/league/103"}, "sport": {"id": 1, "link": "/api/v1/sports/1", "abbreviation": "MLB"}, "gameType": "R", "position": {"code": "1", "name": "Pitcher", "type": "Pitcher", "abbreviation": "P"}}, {"season": "1936", "stat": {"gamesPlayed": 36, "gamesStarted": 31, "assists": 50, "putOuts": 9, "errors": 2, "chances": 61, "fielding": ".967", "position": {"code": "1", "name": "Pitcher", "type": "Pitcher", "abbreviation": "P"}, "rangeFactorPerGame": "1.64", "rangeFactorPer9Inn": "2.19", "innings": "243.0", "games": 36, "doublePlays": 1, "triplePlays": 0}, "team": {"id": 114, "name": "Cleveland Indians", "link": "/api/v1/teams/114"}, "player": {"id": 110152, "fullName": "Johnny Allen", "link": "/api/v1/people/110152"}, "league": {"id": 103, "name": "American League", "link": "/api/v1/league/103"}, "sport": {"id": 1, "link": "/api/v1/sports/1", "abbreviation": "MLB"}, "gameType": "R", "position": {"code": "1", "name": "Pitcher", "type": "Pitcher", "abbreviation": "P"}}, {"season": "1937", "stat": {"gamesPlayed": 24, "gamesStarted": 20, "assists": 37, "putOuts": 7, "errors": 1, "chances": 45, "fielding": ".978", "position": {"code": "1", "name": "Pitcher", "type": "Pitcher", "abbreviation": "P"}, "rangeFactorPerGame": "1.83", "rangeFactorPer9Inn": "2.29", "innings": "173.0", "games": 24, "doublePlays": 1, "triplePlays": 0}, "team": {"id": 114, "name": "Cleveland Indians", "link": "/api/v1/teams/114"}, "player": {"id": 110152, "fullName": "Johnny Allen", "link": "/api/v1/people/110152"}, "league": {"id": 103, "name": "American League", "link": "/api/v1/league/103"}, "sport": {"id": 1, "link": "/api/v1/sports/1", "abbreviation": "MLB"}, "gameType": "R", "position": {"code": "1", "name": "Pitcher", "type": "Pitcher", "abbreviation": "P"}}, {"season": "1938", "stat": {"gamesPlayed": 30, "gamesStarted": 27, "assists": 40, "putOuts": 14, "errors": 2, "chances": 56, "fielding": ".964", "position": {"code": "1", "name": "Pitcher", "type": "Pitcher", "abbreviation": "P"}, "rangeFactorPerGame": "1.80", "rangeFactorPer9Inn": "2.43", "innings": "200.0", "games": 30, "doublePlays": 3, "triplePlays": 0}, "team": {"id": 114, "name": "Cleveland Indians", "link": "/api/v1/teams/114"}, "player": {"id": 110152, "fullName": "Johnny Allen", "link": "/api/v1/people/110152"}, "league": {"id": 103, "name": "American League", "link": "/api/v1/league/103"}, "sport": {"id": 1, "link": "/api/v1/sports/1", "abbreviation": "MLB"}, "gameType": "R", "position": {"code": "1", "name": "Pitcher", "type": "Pitcher", "abbreviation": "P"}}, {"season": "1939", "stat": {"gamesPlayed": 28, "gamesStarted": 26, "assists": 36, "putOuts": 17, "errors": 5, "chances": 58, "fielding": ".914", "position": {"code": "1", "name": "Pitcher", "type": "Pitcher", "abbreviation": "P"}, "rangeFactorPerGame": "1.89", "rangeFactorPer9Inn": "2.73", "innings": "175.0", "games": 28, "doublePlays": 7, "triplePlays": 0}, "team": {"id": 114, "name": "Cleveland Indians", "link": "/api/v1/teams/114"}, "player": {"id": 110152, "fullName": "Johnny Allen", "link": "/api/v1/people/110152"}, "league": {"id": 103, "name": "American League", "link": "/api/v1/league/103"}, "sport": {"id": 1, "link": "/api/v1/sports/1", "abbreviation": "MLB"}, "gameType": "R", "position": {"code": "1", "name": "Pitcher", "type": "Pitcher", "abbreviation": "P"}}, {"season": "1940", "stat": {"gamesPlayed": 32, "gamesStarted": 17, "assists": 22, "putOuts": 8, "errors": 0, "chances": 30, "fielding": "1.000", "position": {"code": "1", "name": "Pitcher", "type": "Pitcher", "abbreviation": "P"}, "rangeFactorPerGame": "0.94", "rangeFactorPer9Inn": "1.96", "innings": "138.2", "games": 32, "doublePlays": 2, "triplePlays": 0}, "team": {"id": 114, "name": "Cleveland Indians", "link": "/api/v1/teams/114"}, "player": {"id": 110152, "fullName": "Johnny Allen", "link": "/api/v1/people/110152"}, "league": {"id": 103, "name": "American League", "link": "/api/v1/league/103"}, "sport": {"id": 1, "link": "/api/v1/sports/1", "abbreviation": "MLB"}, "gameType": "R", "position": {"code": "1", "name": "Pitcher", "type": "Pitcher", "abbreviation": "P"}}, {"season": "1941", "stat": {"gamesPlayed": 20, "gamesStarted": 9, "assists": 12, "putOuts": 3, "errors": 2, "chances": 17, "fielding": ".882", "position": {"code": "1", "name": "Pitcher", "type": "Pitcher", "abbreviation": "P"}, "rangeFactorPerGame": "0.75", "rangeFactorPer9Inn": "2.01", "innings": "67.0", "games": 20, "doublePlays": 1, "triplePlays": 0}, "team": {"id": 110, "name": "St. Louis Browns", "link": "/api/v1/teams/110"}, "player": {"id": 110152, "fullName": "Johnny Allen", "link": "/api/v1/people/110152"}, "league": {"id": 103, "name": "American League", "link": "/api/v1/league/103"}, "sport": {"id": 1, "link": "/api/v1/sports/1", "abbreviation": "MLB"}, "gameType": "R", "position": {"code": "1", "name": "Pitcher", "type": "Pitcher", "abbreviation": "P"}}, {"season": "1941", "stat": {"gamesPlayed": 11, "gamesStarted": 4, "assists": 11, "putOuts": 2, "errors": 0, "chances": 13, "fielding": "1.000", "position": {"code": "1", "name": "Pitcher", "type": "Pitcher", "abbreviation": "P"}, "rangeFactorPerGame": "1.18", "rangeFactorPer9Inn": "2.05", "innings": "57.1", "games": 11, "doublePlays": 1, "triplePlays": 0}, "team": {"id": 119, "name": "Brooklyn Dodgers", "link": "/api/v1/teams/119"}, "player": {"id": 110152, "fullName": "Johnny Allen", "link": "/api/v1/people/110152"}, "league": {"id": 104, "name": "National League", "link": "/api/v1/league/104"}, "sport": {"id": 1, "link": "/api/v1/sports/1", "abbreviation": "MLB"}, "gameType": "R", "position": {"code": "1", "name": "Pitcher", "type": "Pitcher", "abbreviation": "P"}}, {"season": "1941", "stat": {"gamesPlayed": 31, "gamesStarted": 13, "assists": 23, "putOuts": 5, "errors": 2, "chances": 30, "fielding": ".933", "position": {"code": "1", "name": "Pitcher", "type": "Pitcher", "abbreviation": "P"}, "rangeFactorPerGame": "0.90", "rangeFactorPer9Inn": "2.03", "innings": "124.1", "games": 31, "doublePlays": 2, "triplePlays": 0}, "player": {"id": 110152, "fullName": "Johnny Allen", "link": "/api/v1/people/110152"}, "sport": {"id": 1, "link": "/api/v1/sports/1", "abbreviation": "MLB"}, "gameType": "R", "numTeams": 2, "position": {"code": "1", "name": "Pitcher", "type": "Pitcher", "abbreviation": "P"}}, {"season": "1942", "stat": {"gamesPlayed": 27, "gamesStarted": 15, "assists": 25, "putOuts": 3, "errors": 0, "chances": 28, "fielding": "1.000", "position": {"code": "1", "name": "Pitcher", "type": "Pitcher", "abbreviation": "P"}, "rangeFactorPerGame": "1.04", "rangeFactorPer9Inn": "2.14", "innings": "118.0", "games": 27, "doublePlays": 4, "triplePlays": 0}, "team": {"id": 119, "name": "Brooklyn Dodgers", "link": "/api/v1/teams/119"}, "player": {"id": 110152, "fullName": "Johnny Allen", "link": "/api/v1/people/110152"}, "league": {"id": 104, "name": "National League", "link": "/api/v1/league/104"}, "sport": {"id": 1, "link": "/api/v1/sports/1", "abbreviation": "MLB"}, "gameType": "R", "position": {"code": "1", "name": "Pitcher", "type": "Pitcher", "abbreviation": "P"}}, {"season": "1943", "stat": {"gamesPlayed": 17, "gamesStarted": 1, "assists": 5, "putOuts": 7, "errors": 2, "chances": 14, "fielding": ".857", "position": {"code": "1", "name": "Pitcher", "type": "Pitcher", "abbreviation": "P"}, "rangeFactorPerGame": "0.71", "rangeFactorPer9Inn": "2.84", "innings": "38.0", "games": 17, "doublePlays": 0, "triplePlays": 0}, "team": {"id": 119, "name": "Brooklyn Dodgers", "link": "/api/v1/teams/119"}, "player": {"id": 110152, "fullName": "Johnny Allen", "link": "/api/v1/people/110152"}, "league": {"id": 104, "name": "National League", "link": "/api/v1/league/104"}, "sport": {"id": 1, "link": "/api/v1/sports/1", "abbreviation": "MLB"}, "gameType": "R", "position": {"code": "1", "name": "Pitcher", "type": "Pitcher", "abbreviation": "P"}}, {"season": "1943", "stat": {"gamesPlayed": 15, "gamesStarted": 0, "assists": 13, "putOuts": 0, "errors": 0, "chances": 13, "fielding": "1.000", "position": {"code": "1", "name": "Pitcher", "type": "Pitcher", "abbreviation": "P"}, "rangeFactorPerGame": "0.87", "rangeFactorPer9Inn": "2.85", "innings": "41.0", "games": 15, "doublePlays": 0, "triplePlays": 0}, "team": {"id": 137, "name": "New York Giants", "link": "/api/v1/teams/137"}, "player": {"id": 110152, "fullName": "Johnny Allen", "link": "/api/v1/people/110152"}, "league": {"id": 104, "name": "National League", "link": "/api/v1/league/104"}, "sport": {"id": 1, "link": "/api/v1/sports/1", "abbreviation": "MLB"}, "gameType": "R", "position": {"code": "1", "name": "Pitcher", "type": "Pitcher", "abbreviation": "P"}}, {"season": "1943", "stat": {"gamesPlayed": 32, "gamesStarted": 1, "assists": 18, "putOuts": 7, "errors": 2, "chances": 27, "fielding": ".926", "position": {"code": "1", "name": "Pitcher", "type": "Pitcher", "abbreviation": "P"}, "rangeFactorPerGame": "0.78", "rangeFactorPer9Inn": "2.85", "innings": "79.0", "games": 32, "doublePlays": 0, "triplePlays": 0}, "player": {"id": 110152, "fullName": "Johnny Allen", "link": "/api/v1/people/110152"}, "sport": {"id": 1, "link": "/api/v1/sports/1", "abbreviation": "MLB"}, "gameType": "R", "numTeams": 2, "position": {"code": "1", "name": "Pitcher", "type": "Pitcher", "abbreviation": "P"}}, {"season": "1944", "stat": {"gamesPlayed": 18, "gamesStarted": 13, "assists": 8, "putOuts": 6, "errors": 0, "chances": 14, "fielding": "1.000", "position": {"code": "1", "name": "Pitcher", "type": "Pitcher", "abbreviation": "P"}, "rangeFactorPerGame": "0.78", "rangeFactorPer9Inn": "1.50", "innings": "84.0", "games": 18, "doublePlays": 0, "triplePlays": 0}, "team": {"id": 137, "name": "New York Giants", "link": "/api/v1/teams/137"}, "player": {"id": 110152, "fullName": "Johnny Allen", "link": "/api/v1/people/110152"}, "league": {"id": 104, "name": "National League", "link": "/api/v1/league/104"}, "sport": {"id": 1, "link": "/api/v1/sports/1", "abbreviation": "MLB"}, "gameType": "R", "position": {"code": "1", "name": "Pitcher", "type": "Pitcher", "abbreviation": "P"}}]}], "mlbDebutDate": "1932-04-19", "batSide": {"code": "R", "description": "Right"}, "pitchHand": {"code": "R", "description": "Right"}, "nameFirstLast": "Johnny Allen", "nameSlug": "johnny-allen-110152", "firstLastName": "Johnny Allen", "lastFirstName": "Allen, Johnny", "lastInitName": "Allen, J", "initLastName": "J Allen", "fullFMLName": "John Thomas Allen", "fullLFMName": "Allen, John Thomas", "strikeZoneTop": 3.371, "strikeZoneBottom": 1.535}