{"id": 110052, "fullName": "Herb Adams", "link": "/api/v1/people/110052", "firstName": "Herbert", "lastName": "Adams", "primaryNumber": "24", "birthDate": "1928-04-14", "currentAge": 83, "birthCity": "Hollywood", "birthStateProvince": "CA", "birthCountry": "USA", "height": "5' 9\"", "weight": 160, "active": false, "primaryPosition": {"code": "8", "name": "Outfielder", "type": "Outfielder", "abbreviation": "CF"}, "useName": "Herb", "useLastName": "Adams", "middleName": "Loren", "boxscoreName": "Adams", "gender": "M", "isPlayer": true, "isVerified": true, "deathDate": "2012-02-01", "deathCity": "Tulsa", "deathStateProvince": "OK", "deathCountry": "USA", "lastPlayedDate": "1950-08-30", "stats": [{"type": {"displayName": "career"}, "group": {"displayName": "hitting"}, "exemptions": [], "splits": [{"stat": {"gamesPlayed": 95, "runs": 39, "doubles": 8, "triples": 6, "homeRuns": 0, "strikeOuts": 24, "baseOnBalls": 22, "hits": 88, "hitByPitch": 2, "avg": ".261", "atBats": 337, "obp": ".310", "slg": ".320", "ops": ".630", "caughtStealing": 2, "stolenBases": 4, "stolenBasePercentage": ".667", "groundIntoDoublePlay": 5, "plateAppearances": 364, "totalBases": 108, "rbi": 18, "sacBunts": 3, "babip": ".281", "atBatsPerHomeRun": "-.--"}, "team": {"id": 145, "name": "Chicago White Sox", "link": "/api/v1/teams/145"}, "player": {"id": 110052, "fullName": "Herb Adams", "link": "/api/v1/people/110052"}, "league": {"id": 103, "name": "American League", "link": "/api/v1/league/103"}, "sport": {"id": 1, "link": "/api/v1/sports/1", "abbreviation": "MLB"}, "gameType": "R"}]}, {"type": {"displayName": "career"}, "group": {"displayName": "fielding"}, "exemptions": [], "splits": [{"stat": {"gamesPlayed": 14, "gamesStarted": 13, "assists": 1, "putOuts": 29, "errors": 0, "chances": 30, "fielding": "1.000", "position": {"code": "7", "name": "Outfielder", "type": "Outfielder", "abbreviation": "LF"}, "rangeFactorPerGame": "2.14", "rangeFactorPer9Inn": "2.50", "innings": "108.1", "games": 14, "doublePlays": 0, "triplePlays": 0}, "team": {"id": 145, "name": "Chicago White Sox", "link": "/api/v1/teams/145"}, "player": {"id": 110052, "fullName": "Herb Adams", "link": "/api/v1/people/110052"}, "league": {"id": 103, "name": "American League", "link": "/api/v1/league/103"}, "sport": {"id": 1, "link": "/api/v1/sports/1", "abbreviation": "MLB"}, "gameType": "R", "position": {"code": "7", "name": "Outfielder", "type": "Outfielder", "abbreviation": "LF"}}, {"stat": {"gamesPlayed": 68, "gamesStarted": 65, "assists": 5, "putOuts": 174, "errors": 5, "chances": 184, "fielding": ".973", "position": {"code": "8", "name": "Outfielder", "type": "Outfielder", "abbreviation": "CF"}, "rangeFactorPerGame": "2.63", "rangeFactorPer9Inn": "2.94", "innings": "548.2", "games": 68, "doublePlays": 1, "triplePlays": 0, "throwingErrors": 0}, "team": {"id": 145, "name": "Chicago White Sox", "link": "/api/v1/teams/145"}, "player": {"id": 110052, "fullName": "Herb Adams", "link": "/api/v1/people/110052"}, "league": {"id": 103, "name": "American League", "link": "/api/v1/league/103"}, "sport": {"id": 1, "link": "/api/v1/sports/1", "abbreviation": "MLB"}, "gameType": "R", "position": {"code": "8", "name": "Outfielder", "type": "Outfielder", "abbreviation": "CF"}}, {"stat": {"gamesPlayed": 3, "gamesStarted": 2, "assists": 1, "putOuts": 9, "errors": 0, "chances": 10, "fielding": "1.000", "position": {"code": "9", "name": "Outfielder", "type": "Outfielder", "abbreviation": "RF"}, "rangeFactorPerGame": "3.33", "rangeFactorPer9Inn": "5.29", "innings": "17.0", "games": 3, "doublePlays": 0, "triplePlays": 0}, "team": {"id": 145, "name": "Chicago White Sox", "link": "/api/v1/teams/145"}, "player": {"id": 110052, "fullName": "Herb Adams", "link": "/api/v1/people/110052"}, "league": {"id": 103, "name": "American League", "link": "/api/v1/league/103"}, "sport": {"id": 1, "link": "/api/v1/sports/1", "abbreviation": "MLB"}, "gameType": "R", "position": {"code": "9", "name": "Outfielder", "type": "Outfielder", "abbreviation": "RF"}}]}, {"type": {"displayName": "yearByYear"}, "group": {"displayName": "hitting"}, "exemptions": [], "splits": [{"season": "1948", "stat": {"gamesPlayed": 5, "runs": 1, "doubles": 1, "triples": 0, "homeRuns": 0, "strikeOuts": 1, "baseOnBalls": 1, "hits": 3, "hitByPitch": 0, "avg": ".273", "atBats": 11, "obp": ".333", "slg": ".364", "ops": ".697", "caughtStealing": 0, "stolenBases": 0, "stolenBasePercentage": ".---", "groundIntoDoublePlay": 0, "plateAppearances": 13, "totalBases": 4, "rbi": 0, "sacBunts": 1, "babip": ".300", "atBatsPerHomeRun": "-.--"}, "team": {"id": 145, "name": "Chicago White Sox", "link": "/api/v1/teams/145"}, "player": {"id": 110052, "fullName": "Herb Adams", "link": "/api/v1/people/110052"}, "league": {"id": 103, "name": "American League", "link": "/api/v1/league/103"}, "sport": {"id": 1, "link": "/api/v1/sports/1", "abbreviation": "MLB"}, "gameType": "R"}, {"season": "1949", "stat": {"gamesPlayed": 56, "runs": 26, "doubles": 5, "triples": 3, "homeRuns": 0, "strikeOuts": 16, "baseOnBalls": 9, "hits": 61, "hitByPitch": 0, "avg": ".293", "atBats": 208, "obp": ".323", "slg": ".346", "ops": ".669", "caughtStealing": 2, "stolenBases": 1, "stolenBasePercentage": ".333", "groundIntoDoublePlay": 3, "plateAppearances": 218, "totalBases": 72, "rbi": 16, "sacBunts": 1, "babip": ".318", "atBatsPerHomeRun": "-.--"}, "team": {"id": 145, "name": "Chicago White Sox", "link": "/api/v1/teams/145"}, "player": {"id": 110052, "fullName": "Herb Adams", "link": "/api/v1/people/110052"}, "league": {"id": 103, "name": "American League", "link": "/api/v1/league/103"}, "sport": {"id": 1, "link": "/api/v1/sports/1", "abbreviation": "MLB"}, "gameType": "R"}, {"season": "1950", "stat": {"gamesPlayed": 34, "runs": 12, "doubles": 2, "triples": 3, "homeRuns": 0, "strikeOuts": 7, "baseOnBalls": 12, "hits": 24, "hitByPitch": 2, "avg": ".203", "atBats": 118, "obp": ".288", "slg": ".271", "ops": ".559", "caughtStealing": 0, "stolenBases": 3, "stolenBasePercentage": "1.000", "groundIntoDoublePlay": 2, "plateAppearances": 133, "totalBases": 32, "rbi": 2, "sacBunts": 1, "babip": ".216", "atBatsPerHomeRun": "-.--"}, "team": {"id": 145, "name": "Chicago White Sox", "link": "/api/v1/teams/145"}, "player": {"id": 110052, "fullName": "Herb Adams", "link": "/api/v1/people/110052"}, "league": {"id": 103, "name": "American League", "link": "/api/v1/league/103"}, "sport": {"id": 1, "link": "/api/v1/sports/1", "abbreviation": "MLB"}, "gameType": "R"}]}, {"type": {"displayName": "yearByYear"}, "group": {"displayName": "fielding"}, "exemptions": [], "splits": [{"season": "1948", "stat": {"gamesPlayed": 2, "gamesStarted": 1, "assists": 1, "putOuts": 3, "errors": 0, "chances": 4, "fielding": "1.000", "position": {"code": "8", "name": "Outfielder", "type": "Outfielder", "abbreviation": "CF"}, "rangeFactorPerGame": "2.00", "rangeFactorPer9Inn": "4.00", "innings": "9.0", "games": 2, "doublePlays": 0, "triplePlays": 0}, "team": {"id": 145, "name": "Chicago White Sox", "link": "/api/v1/teams/145"}, "player": {"id": 110052, "fullName": "Herb Adams", "link": "/api/v1/people/110052"}, "league": {"id": 103, "name": "American League", "link": "/api/v1/league/103"}, "sport": {"id": 1, "link": "/api/v1/sports/1", "abbreviation": "MLB"}, "gameType": "R", "position": {"code": "8", "name": "Outfielder", "type": "Outfielder", "abbreviation": "CF"}}, {"season": "1948", "stat": {"gamesPlayed": 2, "gamesStarted": 2, "assists": 1, "putOuts": 7, "errors": 0, "chances": 8, "fielding": "1.000", "position": {"code": "9", "name": "Outfielder", "type": "Outfielder", "abbreviation": "RF"}, "rangeFactorPerGame": "4.00", "rangeFactorPer9Inn": "4.24", "innings": "17.0", "games": 2, "doublePlays": 0, "triplePlays": 0}, "team": {"id": 145, "name": "Chicago White Sox", "link": "/api/v1/teams/145"}, "player": {"id": 110052, "fullName": "Herb Adams", "link": "/api/v1/people/110052"}, "league": {"id": 103, "name": "American League", "link": "/api/v1/league/103"}, "sport": {"id": 1, "link": "/api/v1/sports/1", "abbreviation": "MLB"}, "gameType": "R", "position": {"code": "9", "name": "Outfielder", "type": "Outfielder", "abbreviation": "RF"}}, {"season": "1949", "stat": {"gamesPlayed": 14, "gamesStarted": 13, "assists": 1, "putOuts": 29, "errors": 0, "chances": 30, "fielding": "1.000", "position": {"code": "7", "name": "Outfielder", "type": "Outfielder", "abbreviation": "LF"}, "rangeFactorPerGame": "2.14", "rangeFactorPer9Inn": "2.50", "innings": "108.1", "games": 14, "doublePlays": 0, "triplePlays": 0}, "team": {"id": 145, "name": "Chicago White Sox", "link": "/api/v1/teams/145"}, "player": {"id": 110052, "fullName": "Herb Adams", "link": "/api/v1/people/110052"}, "league": {"id": 103, "name": "American League", "link": "/api/v1/league/103"}, "sport": {"id": 1, "link": "/api/v1/sports/1", "abbreviation": "MLB"}, "gameType": "R", "position": {"code": "7", "name": "Outfielder", "type": "Outfielder", "abbreviation": "LF"}}, {"season": "1949", "stat": {"gamesPlayed": 33, "gamesStarted": 33, "assists": 3, "putOuts": 81, "errors": 3, "chances": 87, "fielding": ".966", "position": {"code": "8", "name": "Outfielder", "type": "Outfielder", "abbreviation": "CF"}, "rangeFactorPerGame": "2.55", "rangeFactorPer9Inn": "2.68", "innings": "282.2", "games": 33, "doublePlays": 1, "triplePlays": 0}, "team": {"id": 145, "name": "Chicago White Sox", "link": "/api/v1/teams/145"}, "player": {"id": 110052, "fullName": "Herb Adams", "link": "/api/v1/people/110052"}, "league": {"id": 103, "name": "American League", "link": "/api/v1/league/103"}, "sport": {"id": 1, "link": "/api/v1/sports/1", "abbreviation": "MLB"}, "gameType": "R", "position": {"code": "8", "name": "Outfielder", "type": "Outfielder", "abbreviation": "CF"}}, {"season": "1949", "stat": {"gamesPlayed": 1, "gamesStarted": 0, "assists": 0, "putOuts": 2, "errors": 0, "chances": 2, "fielding": "1.000", "position": {"code": "9", "name": "Outfielder", "type": "Outfielder", "abbreviation": "RF"}, "rangeFactorPerGame": "2.00", "games": 1, "doublePlays": 0, "triplePlays": 0}, "team": {"id": 145, "name": "Chicago White Sox", "link": "/api/v1/teams/145"}, "player": {"id": 110052, "fullName": "Herb Adams", "link": "/api/v1/people/110052"}, "league": {"id": 103, "name": "American League", "link": "/api/v1/league/103"}, "sport": {"id": 1, "link": "/api/v1/sports/1", "abbreviation": "MLB"}, "gameType": "R", "position": {"code": "9", "name": "Outfielder", "type": "Outfielder", "abbreviation": "RF"}}, {"season": "1950", "stat": {"gamesPlayed": 33, "gamesStarted": 31, "assists": 1, "putOuts": 90, "errors": 2, "chances": 93, "fielding": ".978", "position": {"code": "8", "name": "Outfielder", "type": "Outfielder", "abbreviation": "CF"}, "rangeFactorPerGame": "2.76", "rangeFactorPer9Inn": "3.19", "innings": "257.0", "games": 33, "doublePlays": 0, "triplePlays": 0, "throwingErrors": 0}, "team": {"id": 145, "name": "Chicago White Sox", "link": "/api/v1/teams/145"}, "player": {"id": 110052, "fullName": "Herb Adams", "link": "/api/v1/people/110052"}, "league": {"id": 103, "name": "American League", "link": "/api/v1/league/103"}, "sport": {"id": 1, "link": "/api/v1/sports/1", "abbreviation": "MLB"}, "gameType": "R", "position": {"code": "8", "name": "Outfielder", "type": "Outfielder", "abbreviation": "CF"}}]}], "mlbDebutDate": "1948-09-17", "batSide": {"code": "L", "description": "Left"}, "pitchHand": {"code": "L", "description": "Left"}, "nameFirstLast": "Herb Adams", "nameSlug": "herb-adams-110052", "firstLastName": "Herb Adams", "lastFirstName": "Adams, Herb", "lastInitName": "Adams, H", "initLastName": "H Adams", "fullFMLName": "Herbert Loren Adams", "fullLFMName": "Adams, Herbert Loren", "strikeZoneTop": 3.285, "strikeZoneBottom": 1.487}