{"id": 110224, "fullName": "Larry Andersen", "link": "/api/v1/people/110224", "firstName": "Larry", "lastName": "Andersen", "primaryNumber": "47", "birthDate": "1953-05-06", "currentAge": 70, "birthCity": "Portland", "birthStateProvince": "OR", "birthCountry": "USA", "height": "6' 3\"", "weight": 205, "active": false, "primaryPosition": {"code": "1", "name": "Pitcher", "type": "Pitcher", "abbreviation": "P"}, "useName": "Larry", "useLastName": "Andersen", "middleName": "Eugene", "boxscoreName": "Andersen", "gender": "M", "isPlayer": true, "isVerified": true, "draftYear": 1971, "lastPlayedDate": "1994-07-31", "stats": [{"type": {"displayName": "career"}, "group": {"displayName": "fielding"}, "exemptions": [], "splits": [{"stat": {"gamesPlayed": 699, "gamesStarted": 1, "assists": 156, "putOuts": 91, "errors": 25, "chances": 272, "fielding": ".908", "position": {"code": "1", "name": "Pitcher", "type": "Pitcher", "abbreviation": "P"}, "rangeFactorPerGame": "0.35", "rangeFactorPer9Inn": "2.23", "innings": "995.1", "games": 699, "doublePlays": 13, "triplePlays": 0, "throwingErrors": 8}, "player": {"id": 110224, "fullName": "Larry Andersen", "link": "/api/v1/people/110224"}, "sport": {"id": 1, "link": "/api/v1/sports/1", "abbreviation": "MLB"}, "gameType": "R", "numTeams": 6, "position": {"code": "1", "name": "Pitcher", "type": "Pitcher", "abbreviation": "P"}}]}, {"type": {"displayName": "career"}, "group": {"displayName": "hitting"}, "exemptions": [], "splits": [{"stat": {"gamesPlayed": 581, "groundOuts": 12, "airOuts": 1, "runs": 4, "doubles": 0, "triples": 0, "homeRuns": 0, "strikeOuts": 15, "baseOnBalls": 3, "intentionalWalks": 0, "hits": 5, "hitByPitch": 0, "avg": ".132", "atBats": 38, "obp": ".195", "slg": ".132", "ops": ".327", "caughtStealing": 0, "stolenBases": 0, "stolenBasePercentage": ".---", "groundIntoDoublePlay": 0, "numberOfPitches": 114, "plateAppearances": 45, "totalBases": 5, "rbi": 0, "leftOnBase": 23, "sacBunts": 4, "sacFlies": 0, "babip": ".217", "groundOutsToAirouts": "12.00", "catchersInterference": 0, "atBatsPerHomeRun": "-.--"}, "player": {"id": 110224, "fullName": "Larry Andersen", "link": "/api/v1/people/110224"}, "sport": {"id": 1, "link": "/api/v1/sports/1", "abbreviation": "MLB"}, "gameType": "R", "numTeams": 3}]}, {"type": {"displayName": "career"}, "group": {"displayName": "pitching"}, "exemptions": [], "splits": [{"stat": {"gamesPlayed": 699, "gamesStarted": 1, "groundOuts": 631, "airOuts": 549, "runs": 402, "doubles": 141, "triples": 26, "homeRuns": 58, "strikeOuts": 758, "baseOnBalls": 311, "intentionalWalks": 64, "hits": 932, "hitByPitch": 17, "avg": ".249", "atBats": 3748, "obp": ".306", "slg": ".347", "ops": ".653", "caughtStealing": 31, "stolenBases": 110, "stolenBasePercentage": ".780", "groundIntoDoublePlay": 71, "numberOfPitches": 10539, "era": "3.15", "inningsPitched": "995.1", "wins": 40, "losses": 39, "saves": 49, "saveOpportunities": 49, "holds": 0, "blownSaves": 0, "earnedRuns": 348, "whip": "1.25", "battersFaced": 4171, "outs": 2986, "gamesPitched": 699, "completeGames": 0, "shutouts": 0, "strikes": 7339, "strikePercentage": ".700", "hitBatsmen": 17, "balks": 7, "wildPitches": 21, "pickoffs": 9, "totalBases": 1299, "groundOutsToAirouts": "1.15", "winPercentage": ".506", "pitchesPerInning": "10.59", "gamesFinished": 267, "strikeoutWalkRatio": "2.44", "strikeoutsPer9Inn": "6.85", "walksPer9Inn": "2.81", "hitsPer9Inn": "8.43", "runsScoredPer9": "3.63", "homeRunsPer9": "0.52", "inheritedRunners": 496, "inheritedRunnersScored": 176, "catchersInterference": 2, "sacBunts": 53, "sacFlies": 40}, "player": {"id": 110224, "fullName": "Larry Andersen", "link": "/api/v1/people/110224"}, "sport": {"id": 1, "link": "/api/v1/sports/1", "abbreviation": "MLB"}, "gameType": "R", "numTeams": 6}]}, {"type": {"displayName": "yearByYear"}, "group": {"displayName": "fielding"}, "exemptions": [], "splits": [{"season": "1975", "stat": {"gamesPlayed": 3, "gamesStarted": 0, "assists": 1, "putOuts": 1, "errors": 0, "chances": 2, "fielding": "1.000", "position": {"code": "1", "name": "Pitcher", "type": "Pitcher", "abbreviation": "P"}, "rangeFactorPerGame": "0.67", "rangeFactorPer9Inn": "3.60", "innings": "5.2", "games": 3, "doublePlays": 0, "triplePlays": 0, "throwingErrors": 0}, "team": {"id": 114, "name": "Cleveland Indians", "link": "/api/v1/teams/114"}, "player": {"id": 110224, "fullName": "Larry Andersen", "link": "/api/v1/people/110224"}, "league": {"id": 103, "name": "American League", "link": "/api/v1/league/103"}, "sport": {"id": 1, "link": "/api/v1/sports/1", "abbreviation": "MLB"}, "gameType": "R", "position": {"code": "1", "name": "Pitcher", "type": "Pitcher", "abbreviation": "P"}}, {"season": "1977", "stat": {"gamesPlayed": 11, "gamesStarted": 0, "assists": 6, "putOuts": 3, "errors": 2, "chances": 11, "fielding": ".818", "position": {"code": "1", "name": "Pitcher", "type": "Pitcher", "abbreviation": "P"}, "rangeFactorPerGame": "0.82", "rangeFactorPer9Inn": "5.79", "innings": "14.1", "games": 11, "doublePlays": 1, "triplePlays": 0, "throwingErrors": 0}, "team": {"id": 114, "name": "Cleveland Indians", "link": "/api/v1/teams/114"}, "player": {"id": 110224, "fullName": "Larry Andersen", "link": "/api/v1/people/110224"}, "league": {"id": 103, "name": "American League", "link": "/api/v1/league/103"}, "sport": {"id": 1, "link": "/api/v1/sports/1", "abbreviation": "MLB"}, "gameType": "R", "position": {"code": "1", "name": "Pitcher", "type": "Pitcher", "abbreviation": "P"}}, {"season": "1979", "stat": {"gamesPlayed": 8, "gamesStarted": 0, "assists": 4, "putOuts": 0, "errors": 0, "chances": 4, "fielding": "1.000", "position": {"code": "1", "name": "Pitcher", "type": "Pitcher", "abbreviation": "P"}, "rangeFactorPerGame": "0.50", "rangeFactorPer9Inn": "2.25", "innings": "16.2", "games": 8, "doublePlays": 1, "triplePlays": 0, "throwingErrors": 0}, "team": {"id": 114, "name": "Cleveland Indians", "link": "/api/v1/teams/114"}, "player": {"id": 110224, "fullName": "Larry Andersen", "link": "/api/v1/people/110224"}, "league": {"id": 103, "name": "American League", "link": "/api/v1/league/103"}, "sport": {"id": 1, "link": "/api/v1/sports/1", "abbreviation": "MLB"}, "gameType": "R", "position": {"code": "1", "name": "Pitcher", "type": "Pitcher", "abbreviation": "P"}}, {"season": "1981", "stat": {"gamesPlayed": 41, "gamesStarted": 0, "assists": 10, "putOuts": 4, "errors": 0, "chances": 14, "fielding": "1.000", "position": {"code": "1", "name": "Pitcher", "type": "Pitcher", "abbreviation": "P"}, "rangeFactorPerGame": "0.34", "rangeFactorPer9Inn": "1.88", "innings": "67.2", "games": 41, "doublePlays": 1, "triplePlays": 0, "throwingErrors": 0}, "team": {"id": 136, "name": "Seattle Mariners", "link": "/api/v1/teams/136"}, "player": {"id": 110224, "fullName": "Larry Andersen", "link": "/api/v1/people/110224"}, "league": {"id": 103, "name": "American League", "link": "/api/v1/league/103"}, "sport": {"id": 1, "link": "/api/v1/sports/1", "abbreviation": "MLB"}, "gameType": "R", "position": {"code": "1", "name": "Pitcher", "type": "Pitcher", "abbreviation": "P"}}, {"season": "1982", "stat": {"gamesPlayed": 40, "gamesStarted": 1, "assists": 14, "putOuts": 8, "errors": 0, "chances": 22, "fielding": "1.000", "position": {"code": "1", "name": "Pitcher", "type": "Pitcher", "abbreviation": "P"}, "rangeFactorPerGame": "0.55", "rangeFactorPer9Inn": "2.51", "innings": "79.2", "games": 40, "doublePlays": 2, "triplePlays": 0, "throwingErrors": 0}, "team": {"id": 136, "name": "Seattle Mariners", "link": "/api/v1/teams/136"}, "player": {"id": 110224, "fullName": "Larry Andersen", "link": "/api/v1/people/110224"}, "league": {"id": 103, "name": "American League", "link": "/api/v1/league/103"}, "sport": {"id": 1, "link": "/api/v1/sports/1", "abbreviation": "MLB"}, "gameType": "R", "position": {"code": "1", "name": "Pitcher", "type": "Pitcher", "abbreviation": "P"}}, {"season": "1983", "stat": {"gamesPlayed": 17, "gamesStarted": 0, "assists": 6, "putOuts": 2, "errors": 0, "chances": 8, "fielding": "1.000", "position": {"code": "1", "name": "Pitcher", "type": "Pitcher", "abbreviation": "P"}, "rangeFactorPerGame": "0.47", "rangeFactorPer9Inn": "2.77", "innings": "26.1", "games": 17, "doublePlays": 0, "triplePlays": 0, "throwingErrors": 0}, "team": {"id": 143, "name": "Philadelphia Phillies", "link": "/api/v1/teams/143"}, "player": {"id": 110224, "fullName": "Larry Andersen", "link": "/api/v1/people/110224"}, "league": {"id": 104, "name": "National League", "link": "/api/v1/league/104"}, "sport": {"id": 1, "link": "/api/v1/sports/1", "abbreviation": "MLB"}, "gameType": "R", "position": {"code": "1", "name": "Pitcher", "type": "Pitcher", "abbreviation": "P"}}, {"season": "1984", "stat": {"gamesPlayed": 64, "gamesStarted": 0, "assists": 16, "putOuts": 4, "errors": 4, "chances": 24, "fielding": ".833", "position": {"code": "1", "name": "Pitcher", "type": "Pitcher", "abbreviation": "P"}, "rangeFactorPerGame": "0.31", "rangeFactorPer9Inn": "2.00", "innings": "90.2", "games": 64, "doublePlays": 1, "triplePlays": 0, "throwingErrors": 1}, "team": {"id": 143, "name": "Philadelphia Phillies", "link": "/api/v1/teams/143"}, "player": {"id": 110224, "fullName": "Larry Andersen", "link": "/api/v1/people/110224"}, "league": {"id": 104, "name": "National League", "link": "/api/v1/league/104"}, "sport": {"id": 1, "link": "/api/v1/sports/1", "abbreviation": "MLB"}, "gameType": "R", "position": {"code": "1", "name": "Pitcher", "type": "Pitcher", "abbreviation": "P"}}, {"season": "1985", "stat": {"gamesPlayed": 57, "gamesStarted": 0, "assists": 20, "putOuts": 6, "errors": 2, "chances": 28, "fielding": ".929", "position": {"code": "1", "name": "Pitcher", "type": "Pitcher", "abbreviation": "P"}, "rangeFactorPerGame": "0.46", "rangeFactorPer9Inn": "3.21", "innings": "73.0", "games": 57, "doublePlays": 2, "triplePlays": 0, "throwingErrors": 0}, "team": {"id": 143, "name": "Philadelphia Phillies", "link": "/api/v1/teams/143"}, "player": {"id": 110224, "fullName": "Larry Andersen", "link": "/api/v1/people/110224"}, "league": {"id": 104, "name": "National League", "link": "/api/v1/league/104"}, "sport": {"id": 1, "link": "/api/v1/sports/1", "abbreviation": "MLB"}, "gameType": "R", "position": {"code": "1", "name": "Pitcher", "type": "Pitcher", "abbreviation": "P"}}, {"season": "1986", "stat": {"gamesPlayed": 10, "gamesStarted": 0, "assists": 2, "putOuts": 2, "errors": 1, "chances": 5, "fielding": ".800", "position": {"code": "1", "name": "Pitcher", "type": "Pitcher", "abbreviation": "P"}, "rangeFactorPerGame": "0.40", "rangeFactorPer9Inn": "3.00", "innings": "12.2", "games": 10, "doublePlays": 1, "triplePlays": 0, "throwingErrors": 0}, "team": {"id": 143, "name": "Philadelphia Phillies", "link": "/api/v1/teams/143"}, "player": {"id": 110224, "fullName": "Larry Andersen", "link": "/api/v1/people/110224"}, "league": {"id": 104, "name": "National League", "link": "/api/v1/league/104"}, "sport": {"id": 1, "link": "/api/v1/sports/1", "abbreviation": "MLB"}, "gameType": "R", "position": {"code": "1", "name": "Pitcher", "type": "Pitcher", "abbreviation": "P"}}, {"season": "1986", "stat": {"gamesPlayed": 38, "gamesStarted": 0, "assists": 9, "putOuts": 7, "errors": 1, "chances": 17, "fielding": ".941", "position": {"code": "1", "name": "Pitcher", "type": "Pitcher", "abbreviation": "P"}, "rangeFactorPerGame": "0.42", "rangeFactorPer9Inn": "2.25", "innings": "64.2", "games": 38, "doublePlays": 1, "triplePlays": 0, "throwingErrors": 0}, "team": {"id": 117, "name": "Houston Astros", "link": "/api/v1/teams/117"}, "player": {"id": 110224, "fullName": "Larry Andersen", "link": "/api/v1/people/110224"}, "league": {"id": 104, "name": "National League", "link": "/api/v1/league/104"}, "sport": {"id": 1, "link": "/api/v1/sports/1", "abbreviation": "MLB"}, "gameType": "R", "position": {"code": "1", "name": "Pitcher", "type": "Pitcher", "abbreviation": "P"}}, {"season": "1986", "stat": {"gamesPlayed": 48, "gamesStarted": 0, "assists": 11, "putOuts": 9, "errors": 2, "chances": 22, "fielding": ".909", "position": {"code": "1", "name": "Pitcher", "type": "Pitcher", "abbreviation": "P"}, "rangeFactorPerGame": "0.42", "rangeFactorPer9Inn": "2.34", "innings": "77.1", "games": 48, "doublePlays": 2, "triplePlays": 0, "throwingErrors": 0}, "player": {"id": 110224, "fullName": "Larry Andersen", "link": "/api/v1/people/110224"}, "sport": {"id": 1, "link": "/api/v1/sports/1", "abbreviation": "MLB"}, "gameType": "R", "numTeams": 2, "position": {"code": "1", "name": "Pitcher", "type": "Pitcher", "abbreviation": "P"}}, {"season": "1987", "stat": {"gamesPlayed": 67, "gamesStarted": 0, "assists": 13, "putOuts": 11, "errors": 3, "chances": 27, "fielding": ".889", "position": {"code": "1", "name": "Pitcher", "type": "Pitcher", "abbreviation": "P"}, "rangeFactorPerGame": "0.36", "rangeFactorPer9Inn": "2.14", "innings": "101.2", "games": 67, "doublePlays": 0, "triplePlays": 0, "throwingErrors": 1}, "team": {"id": 117, "name": "Houston Astros", "link": "/api/v1/teams/117"}, "player": {"id": 110224, "fullName": "Larry Andersen", "link": "/api/v1/people/110224"}, "league": {"id": 104, "name": "National League", "link": "/api/v1/league/104"}, "sport": {"id": 1, "link": "/api/v1/sports/1", "abbreviation": "MLB"}, "gameType": "R", "position": {"code": "1", "name": "Pitcher", "type": "Pitcher", "abbreviation": "P"}}, {"season": "1988", "stat": {"gamesPlayed": 53, "gamesStarted": 0, "assists": 10, "putOuts": 9, "errors": 2, "chances": 21, "fielding": ".905", "position": {"code": "1", "name": "Pitcher", "type": "Pitcher", "abbreviation": "P"}, "rangeFactorPerGame": "0.36", "rangeFactorPer9Inn": "2.09", "innings": "82.2", "games": 53, "doublePlays": 1, "triplePlays": 0, "throwingErrors": 2}, "team": {"id": 117, "name": "Houston Astros", "link": "/api/v1/teams/117"}, "player": {"id": 110224, "fullName": "Larry Andersen", "link": "/api/v1/people/110224"}, "league": {"id": 104, "name": "National League", "link": "/api/v1/league/104"}, "sport": {"id": 1, "link": "/api/v1/sports/1", "abbreviation": "MLB"}, "gameType": "R", "position": {"code": "1", "name": "Pitcher", "type": "Pitcher", "abbreviation": "P"}}, {"season": "1989", "stat": {"gamesPlayed": 60, "gamesStarted": 0, "assists": 14, "putOuts": 8, "errors": 4, "chances": 26, "fielding": ".846", "position": {"code": "1", "name": "Pitcher", "type": "Pitcher", "abbreviation": "P"}, "rangeFactorPerGame": "0.37", "rangeFactorPer9Inn": "2.28", "innings": "87.2", "games": 60, "doublePlays": 0, "triplePlays": 0, "throwingErrors": 0}, "team": {"id": 117, "name": "Houston Astros", "link": "/api/v1/teams/117"}, "player": {"id": 110224, "fullName": "Larry Andersen", "link": "/api/v1/people/110224"}, "league": {"id": 104, "name": "National League", "link": "/api/v1/league/104"}, "sport": {"id": 1, "link": "/api/v1/sports/1", "abbreviation": "MLB"}, "gameType": "R", "position": {"code": "1", "name": "Pitcher", "type": "Pitcher", "abbreviation": "P"}}, {"season": "1990", "stat": {"gamesPlayed": 50, "gamesStarted": 0, "assists": 12, "putOuts": 10, "errors": 1, "chances": 23, "fielding": ".957", "position": {"code": "1", "name": "Pitcher", "type": "Pitcher", "abbreviation": "P"}, "rangeFactorPerGame": "0.44", "rangeFactorPer9Inn": "2.71", "innings": "73.2", "games": 50, "doublePlays": 1, "triplePlays": 0, "throwingErrors": 0}, "team": {"id": 117, "name": "Houston Astros", "link": "/api/v1/teams/117"}, "player": {"id": 110224, "fullName": "Larry Andersen", "link": "/api/v1/people/110224"}, "league": {"id": 104, "name": "National League", "link": "/api/v1/league/104"}, "sport": {"id": 1, "link": "/api/v1/sports/1", "abbreviation": "MLB"}, "gameType": "R", "position": {"code": "1", "name": "Pitcher", "type": "Pitcher", "abbreviation": "P"}}, {"season": "1990", "stat": {"gamesPlayed": 15, "gamesStarted": 0, "assists": 0, "putOuts": 2, "errors": 1, "chances": 3, "fielding": ".667", "position": {"code": "1", "name": "Pitcher", "type": "Pitcher", "abbreviation": "P"}, "rangeFactorPerGame": "0.13", "rangeFactorPer9Inn": "0.82", "innings": "22.0", "games": 15, "doublePlays": 0, "triplePlays": 0, "throwingErrors": 0}, "team": {"id": 111, "name": "Boston Red Sox", "link": "/api/v1/teams/111"}, "player": {"id": 110224, "fullName": "Larry Andersen", "link": "/api/v1/people/110224"}, "league": {"id": 103, "name": "American League", "link": "/api/v1/league/103"}, "sport": {"id": 1, "link": "/api/v1/sports/1", "abbreviation": "MLB"}, "gameType": "R", "position": {"code": "1", "name": "Pitcher", "type": "Pitcher", "abbreviation": "P"}}, {"season": "1990", "stat": {"gamesPlayed": 65, "gamesStarted": 0, "assists": 12, "putOuts": 12, "errors": 2, "chances": 26, "fielding": ".923", "position": {"code": "1", "name": "Pitcher", "type": "Pitcher", "abbreviation": "P"}, "rangeFactorPerGame": "0.37", "rangeFactorPer9Inn": "2.27", "innings": "95.2", "games": 65, "doublePlays": 1, "triplePlays": 0, "throwingErrors": 0}, "player": {"id": 110224, "fullName": "Larry Andersen", "link": "/api/v1/people/110224"}, "sport": {"id": 1, "link": "/api/v1/sports/1", "abbreviation": "MLB"}, "gameType": "R", "numTeams": 2, "position": {"code": "1", "name": "Pitcher", "type": "Pitcher", "abbreviation": "P"}}, {"season": "1991", "stat": {"gamesPlayed": 38, "gamesStarted": 0, "assists": 7, "putOuts": 5, "errors": 1, "chances": 13, "fielding": ".923", "position": {"code": "1", "name": "Pitcher", "type": "Pitcher", "abbreviation": "P"}, "rangeFactorPerGame": "0.32", "rangeFactorPer9Inn": "2.30", "innings": "47.0", "games": 38, "doublePlays": 0, "triplePlays": 0, "throwingErrors": 1}, "team": {"id": 135, "name": "San Diego Padres", "link": "/api/v1/teams/135"}, "player": {"id": 110224, "fullName": "Larry Andersen", "link": "/api/v1/people/110224"}, "league": {"id": 104, "name": "National League", "link": "/api/v1/league/104"}, "sport": {"id": 1, "link": "/api/v1/sports/1", "abbreviation": "MLB"}, "gameType": "R", "position": {"code": "1", "name": "Pitcher", "type": "Pitcher", "abbreviation": "P"}}, {"season": "1992", "stat": {"gamesPlayed": 34, "gamesStarted": 0, "assists": 5, "putOuts": 4, "errors": 1, "chances": 10, "fielding": ".900", "position": {"code": "1", "name": "Pitcher", "type": "Pitcher", "abbreviation": "P"}, "rangeFactorPerGame": "0.26", "rangeFactorPer9Inn": "2.31", "innings": "35.0", "games": 34, "doublePlays": 0, "triplePlays": 0, "throwingErrors": 1}, "team": {"id": 135, "name": "San Diego Padres", "link": "/api/v1/teams/135"}, "player": {"id": 110224, "fullName": "Larry Andersen", "link": "/api/v1/people/110224"}, "league": {"id": 104, "name": "National League", "link": "/api/v1/league/104"}, "sport": {"id": 1, "link": "/api/v1/sports/1", "abbreviation": "MLB"}, "gameType": "R", "position": {"code": "1", "name": "Pitcher", "type": "Pitcher", "abbreviation": "P"}}, {"season": "1993", "stat": {"gamesPlayed": 64, "gamesStarted": 0, "assists": 4, "putOuts": 3, "errors": 1, "chances": 8, "fielding": ".875", "position": {"code": "1", "name": "Pitcher", "type": "Pitcher", "abbreviation": "P"}, "rangeFactorPerGame": "0.11", "rangeFactorPer9Inn": "1.03", "innings": "61.2", "games": 64, "doublePlays": 1, "triplePlays": 0, "throwingErrors": 1}, "team": {"id": 143, "name": "Philadelphia Phillies", "link": "/api/v1/teams/143"}, "player": {"id": 110224, "fullName": "Larry Andersen", "link": "/api/v1/people/110224"}, "league": {"id": 104, "name": "National League", "link": "/api/v1/league/104"}, "sport": {"id": 1, "link": "/api/v1/sports/1", "abbreviation": "MLB"}, "gameType": "R", "position": {"code": "1", "name": "Pitcher", "type": "Pitcher", "abbreviation": "P"}}, {"season": "1994", "stat": {"gamesPlayed": 29, "gamesStarted": 0, "assists": 3, "putOuts": 2, "errors": 1, "chances": 6, "fielding": ".833", "position": {"code": "1", "name": "Pitcher", "type": "Pitcher", "abbreviation": "P"}, "rangeFactorPerGame": "0.17", "rangeFactorPer9Inn": "1.41", "innings": "32.2", "games": 29, "doublePlays": 0, "triplePlays": 0, "throwingErrors": 1}, "team": {"id": 143, "name": "Philadelphia Phillies", "link": "/api/v1/teams/143"}, "player": {"id": 110224, "fullName": "Larry Andersen", "link": "/api/v1/people/110224"}, "league": {"id": 104, "name": "National League", "link": "/api/v1/league/104"}, "sport": {"id": 1, "link": "/api/v1/sports/1", "abbreviation": "MLB"}, "gameType": "R", "position": {"code": "1", "name": "Pitcher", "type": "Pitcher", "abbreviation": "P"}}]}, {"type": {"displayName": "yearByYear"}, "group": {"displayName": "hitting"}, "exemptions": [], "splits": [{"season": "1983", "stat": {"gamesPlayed": 17, "groundOuts": 1, "airOuts": 0, "runs": 0, "doubles": 0, "triples": 0, "homeRuns": 0, "strikeOuts": 0, "baseOnBalls": 0, "intentionalWalks": 0, "hits": 0, "hitByPitch": 0, "avg": ".000", "atBats": 2, "obp": ".000", "slg": ".000", "ops": ".000", "caughtStealing": 0, "stolenBases": 0, "stolenBasePercentage": ".---", "groundIntoDoublePlay": 0, "numberOfPitches": 2, "plateAppearances": 2, "totalBases": 0, "rbi": 0, "leftOnBase": 0, "sacBunts": 0, "sacFlies": 0, "babip": ".000", "groundOutsToAirouts": "1.00", "catchersInterference": 0, "atBatsPerHomeRun": "-.--"}, "team": {"id": 143, "name": "Philadelphia Phillies", "link": "/api/v1/teams/143"}, "player": {"id": 110224, "fullName": "Larry Andersen", "link": "/api/v1/people/110224"}, "league": {"id": 104, "name": "National League", "link": "/api/v1/league/104"}, "sport": {"id": 1, "link": "/api/v1/sports/1", "abbreviation": "MLB"}, "gameType": "R"}, {"season": "1984", "stat": {"gamesPlayed": 64, "groundOuts": 1, "airOuts": 0, "runs": 0, "doubles": 0, "triples": 0, "homeRuns": 0, "strikeOuts": 3, "baseOnBalls": 0, "intentionalWalks": 0, "hits": 0, "hitByPitch": 0, "avg": ".000", "atBats": 4, "obp": ".000", "slg": ".000", "ops": ".000", "caughtStealing": 0, "stolenBases": 0, "stolenBasePercentage": ".---", "groundIntoDoublePlay": 0, "numberOfPitches": 10, "plateAppearances": 4, "totalBases": 0, "rbi": 0, "leftOnBase": 3, "sacBunts": 0, "sacFlies": 0, "babip": ".000", "groundOutsToAirouts": "1.00", "catchersInterference": 0, "atBatsPerHomeRun": "-.--"}, "team": {"id": 143, "name": "Philadelphia Phillies", "link": "/api/v1/teams/143"}, "player": {"id": 110224, "fullName": "Larry Andersen", "link": "/api/v1/people/110224"}, "league": {"id": 104, "name": "National League", "link": "/api/v1/league/104"}, "sport": {"id": 1, "link": "/api/v1/sports/1", "abbreviation": "MLB"}, "gameType": "R"}, {"season": "1985", "stat": {"gamesPlayed": 57, "groundOuts": 3, "airOuts": 0, "runs": 1, "doubles": 0, "triples": 0, "homeRuns": 0, "strikeOuts": 0, "baseOnBalls": 0, "intentionalWalks": 0, "hits": 0, "hitByPitch": 0, "avg": ".000", "atBats": 4, "obp": ".000", "slg": ".000", "ops": ".000", "caughtStealing": 0, "stolenBases": 0, "stolenBasePercentage": ".---", "groundIntoDoublePlay": 0, "numberOfPitches": 5, "plateAppearances": 5, "totalBases": 0, "rbi": 0, "leftOnBase": 6, "sacBunts": 1, "sacFlies": 0, "babip": ".000", "groundOutsToAirouts": "3.00", "catchersInterference": 0, "atBatsPerHomeRun": "-.--"}, "team": {"id": 143, "name": "Philadelphia Phillies", "link": "/api/v1/teams/143"}, "player": {"id": 110224, "fullName": "Larry Andersen", "link": "/api/v1/people/110224"}, "league": {"id": 104, "name": "National League", "link": "/api/v1/league/104"}, "sport": {"id": 1, "link": "/api/v1/sports/1", "abbreviation": "MLB"}, "gameType": "R"}, {"season": "1986", "stat": {"gamesPlayed": 10, "groundOuts": 1, "airOuts": 0, "runs": 0, "doubles": 0, "triples": 0, "homeRuns": 0, "strikeOuts": 0, "baseOnBalls": 0, "intentionalWalks": 0, "hits": 0, "hitByPitch": 0, "avg": ".000", "atBats": 0, "obp": ".000", "slg": ".000", "ops": ".000", "caughtStealing": 0, "stolenBases": 0, "stolenBasePercentage": ".---", "groundIntoDoublePlay": 0, "numberOfPitches": 1, "plateAppearances": 1, "totalBases": 0, "rbi": 0, "leftOnBase": 0, "sacBunts": 1, "sacFlies": 0, "babip": ".---", "groundOutsToAirouts": "1.00", "catchersInterference": 0, "atBatsPerHomeRun": "-.--"}, "team": {"id": 143, "name": "Philadelphia Phillies", "link": "/api/v1/teams/143"}, "player": {"id": 110224, "fullName": "Larry Andersen", "link": "/api/v1/people/110224"}, "league": {"id": 104, "name": "National League", "link": "/api/v1/league/104"}, "sport": {"id": 1, "link": "/api/v1/sports/1", "abbreviation": "MLB"}, "gameType": "R"}, {"season": "1986", "stat": {"gamesPlayed": 38, "groundOuts": 0, "airOuts": 0, "runs": 0, "doubles": 0, "triples": 0, "homeRuns": 0, "strikeOuts": 3, "baseOnBalls": 0, "intentionalWalks": 0, "hits": 0, "hitByPitch": 0, "avg": ".000", "atBats": 6, "obp": ".000", "slg": ".000", "ops": ".000", "caughtStealing": 0, "stolenBases": 0, "stolenBasePercentage": ".---", "groundIntoDoublePlay": 0, "numberOfPitches": 12, "plateAppearances": 6, "totalBases": 0, "rbi": 0, "leftOnBase": 2, "sacBunts": 0, "sacFlies": 0, "babip": ".000", "groundOutsToAirouts": "-.--", "catchersInterference": 0, "atBatsPerHomeRun": "-.--"}, "team": {"id": 117, "name": "Houston Astros", "link": "/api/v1/teams/117"}, "player": {"id": 110224, "fullName": "Larry Andersen", "link": "/api/v1/people/110224"}, "league": {"id": 104, "name": "National League", "link": "/api/v1/league/104"}, "sport": {"id": 1, "link": "/api/v1/sports/1", "abbreviation": "MLB"}, "gameType": "R"}, {"season": "1986", "stat": {"gamesPlayed": 48, "groundOuts": 1, "airOuts": 0, "runs": 0, "doubles": 0, "triples": 0, "homeRuns": 0, "strikeOuts": 3, "baseOnBalls": 0, "intentionalWalks": 0, "hits": 0, "hitByPitch": 0, "avg": ".000", "atBats": 6, "obp": ".000", "slg": ".000", "ops": ".000", "caughtStealing": 0, "stolenBases": 0, "stolenBasePercentage": ".---", "groundIntoDoublePlay": 0, "numberOfPitches": 13, "plateAppearances": 7, "totalBases": 0, "rbi": 0, "leftOnBase": 2, "sacBunts": 1, "sacFlies": 0, "babip": ".000", "groundOutsToAirouts": "1.00", "catchersInterference": 0, "atBatsPerHomeRun": "-.--"}, "player": {"id": 110224, "fullName": "Larry Andersen", "link": "/api/v1/people/110224"}, "sport": {"id": 1, "link": "/api/v1/sports/1", "abbreviation": "MLB"}, "gameType": "R", "numTeams": 2}, {"season": "1987", "stat": {"gamesPlayed": 67, "groundOuts": 0, "airOuts": 0, "runs": 1, "doubles": 0, "triples": 0, "homeRuns": 0, "strikeOuts": 4, "baseOnBalls": 1, "intentionalWalks": 0, "hits": 1, "hitByPitch": 0, "avg": ".167", "atBats": 6, "obp": ".286", "slg": ".167", "ops": ".453", "caughtStealing": 0, "stolenBases": 0, "stolenBasePercentage": ".---", "groundIntoDoublePlay": 0, "numberOfPitches": 18, "plateAppearances": 7, "totalBases": 1, "rbi": 0, "leftOnBase": 4, "sacBunts": 0, "sacFlies": 0, "babip": ".500", "groundOutsToAirouts": "-.--", "catchersInterference": 0, "atBatsPerHomeRun": "-.--"}, "team": {"id": 117, "name": "Houston Astros", "link": "/api/v1/teams/117"}, "player": {"id": 110224, "fullName": "Larry Andersen", "link": "/api/v1/people/110224"}, "league": {"id": 104, "name": "National League", "link": "/api/v1/league/104"}, "sport": {"id": 1, "link": "/api/v1/sports/1", "abbreviation": "MLB"}, "gameType": "R"}, {"season": "1988", "stat": {"gamesPlayed": 53, "groundOuts": 1, "airOuts": 0, "runs": 1, "doubles": 0, "triples": 0, "homeRuns": 0, "strikeOuts": 1, "baseOnBalls": 0, "intentionalWalks": 0, "hits": 2, "hitByPitch": 0, "avg": ".333", "atBats": 6, "obp": ".333", "slg": ".333", "ops": ".666", "caughtStealing": 0, "stolenBases": 0, "stolenBasePercentage": ".---", "groundIntoDoublePlay": 0, "numberOfPitches": 18, "plateAppearances": 6, "totalBases": 2, "rbi": 0, "leftOnBase": 2, "sacBunts": 0, "sacFlies": 0, "babip": ".400", "groundOutsToAirouts": "1.00", "catchersInterference": 0, "atBatsPerHomeRun": "-.--"}, "team": {"id": 117, "name": "Houston Astros", "link": "/api/v1/teams/117"}, "player": {"id": 110224, "fullName": "Larry Andersen", "link": "/api/v1/people/110224"}, "league": {"id": 104, "name": "National League", "link": "/api/v1/league/104"}, "sport": {"id": 1, "link": "/api/v1/sports/1", "abbreviation": "MLB"}, "gameType": "R"}, {"season": "1989", "stat": {"gamesPlayed": 60, "groundOuts": 1, "airOuts": 0, "runs": 0, "doubles": 0, "triples": 0, "homeRuns": 0, "strikeOuts": 2, "baseOnBalls": 0, "intentionalWalks": 0, "hits": 1, "hitByPitch": 0, "avg": ".333", "atBats": 3, "obp": ".333", "slg": ".333", "ops": ".666", "caughtStealing": 0, "stolenBases": 0, "stolenBasePercentage": ".---", "groundIntoDoublePlay": 0, "numberOfPitches": 13, "plateAppearances": 4, "totalBases": 1, "rbi": 0, "leftOnBase": 1, "sacBunts": 1, "sacFlies": 0, "babip": "1.000", "groundOutsToAirouts": "1.00", "catchersInterference": 0, "atBatsPerHomeRun": "-.--"}, "team": {"id": 117, "name": "Houston Astros", "link": "/api/v1/teams/117"}, "player": {"id": 110224, "fullName": "Larry Andersen", "link": "/api/v1/people/110224"}, "league": {"id": 104, "name": "National League", "link": "/api/v1/league/104"}, "sport": {"id": 1, "link": "/api/v1/sports/1", "abbreviation": "MLB"}, "gameType": "R"}, {"season": "1990", "stat": {"gamesPlayed": 50, "groundOuts": 4, "airOuts": 0, "runs": 0, "doubles": 0, "triples": 0, "homeRuns": 0, "strikeOuts": 0, "baseOnBalls": 0, "intentionalWalks": 0, "hits": 0, "hitByPitch": 0, "avg": ".000", "atBats": 3, "obp": ".000", "slg": ".000", "ops": ".000", "caughtStealing": 0, "stolenBases": 0, "stolenBasePercentage": ".---", "groundIntoDoublePlay": 0, "numberOfPitches": 12, "plateAppearances": 4, "totalBases": 0, "rbi": 0, "leftOnBase": 1, "sacBunts": 1, "sacFlies": 0, "babip": ".000", "groundOutsToAirouts": "4.00", "catchersInterference": 0, "atBatsPerHomeRun": "-.--"}, "team": {"id": 117, "name": "Houston Astros", "link": "/api/v1/teams/117"}, "player": {"id": 110224, "fullName": "Larry Andersen", "link": "/api/v1/people/110224"}, "league": {"id": 104, "name": "National League", "link": "/api/v1/league/104"}, "sport": {"id": 1, "link": "/api/v1/sports/1", "abbreviation": "MLB"}, "gameType": "R"}, {"season": "1991", "stat": {"gamesPlayed": 38, "groundOuts": 0, "airOuts": 1, "runs": 0, "doubles": 0, "triples": 0, "homeRuns": 0, "strikeOuts": 1, "baseOnBalls": 0, "intentionalWalks": 0, "hits": 0, "hitByPitch": 0, "avg": ".000", "atBats": 2, "obp": ".000", "slg": ".000", "ops": ".000", "caughtStealing": 0, "stolenBases": 0, "stolenBasePercentage": ".---", "groundIntoDoublePlay": 0, "numberOfPitches": 5, "plateAppearances": 2, "totalBases": 0, "rbi": 0, "leftOnBase": 2, "sacBunts": 0, "sacFlies": 0, "babip": ".000", "groundOutsToAirouts": "0.00", "catchersInterference": 0, "atBatsPerHomeRun": "-.--"}, "team": {"id": 135, "name": "San Diego Padres", "link": "/api/v1/teams/135"}, "player": {"id": 110224, "fullName": "Larry Andersen", "link": "/api/v1/people/110224"}, "league": {"id": 104, "name": "National League", "link": "/api/v1/league/104"}, "sport": {"id": 1, "link": "/api/v1/sports/1", "abbreviation": "MLB"}, "gameType": "R"}, {"season": "1992", "stat": {"gamesPlayed": 34, "groundOuts": 0, "airOuts": 0, "runs": 1, "doubles": 0, "triples": 0, "homeRuns": 0, "strikeOuts": 1, "baseOnBalls": 1, "intentionalWalks": 0, "hits": 0, "hitByPitch": 0, "avg": ".000", "atBats": 1, "obp": ".500", "slg": ".000", "ops": ".500", "caughtStealing": 0, "stolenBases": 0, "stolenBasePercentage": ".---", "groundIntoDoublePlay": 0, "numberOfPitches": 7, "plateAppearances": 2, "totalBases": 0, "rbi": 0, "leftOnBase": 2, "sacBunts": 0, "sacFlies": 0, "babip": ".---", "groundOutsToAirouts": "-.--", "catchersInterference": 0, "atBatsPerHomeRun": "-.--"}, "team": {"id": 135, "name": "San Diego Padres", "link": "/api/v1/teams/135"}, "player": {"id": 110224, "fullName": "Larry Andersen", "link": "/api/v1/people/110224"}, "league": {"id": 104, "name": "National League", "link": "/api/v1/league/104"}, "sport": {"id": 1, "link": "/api/v1/sports/1", "abbreviation": "MLB"}, "gameType": "R"}, {"season": "1993", "stat": {"gamesPlayed": 64, "groundOuts": 0, "airOuts": 0, "runs": 0, "doubles": 0, "triples": 0, "homeRuns": 0, "strikeOuts": 0, "baseOnBalls": 0, "intentionalWalks": 0, "hits": 1, "hitByPitch": 0, "avg": "1.000", "atBats": 1, "obp": "1.000", "slg": "1.000", "ops": "2.000", "caughtStealing": 0, "stolenBases": 0, "stolenBasePercentage": ".---", "groundIntoDoublePlay": 0, "numberOfPitches": 6, "plateAppearances": 1, "totalBases": 1, "rbi": 0, "leftOnBase": 0, "sacBunts": 0, "sacFlies": 0, "babip": "1.000", "groundOutsToAirouts": "-.--", "catchersInterference": 0, "atBatsPerHomeRun": "-.--"}, "team": {"id": 143, "name": "Philadelphia Phillies", "link": "/api/v1/teams/143"}, "player": {"id": 110224, "fullName": "Larry Andersen", "link": "/api/v1/people/110224"}, "league": {"id": 104, "name": "National League", "link": "/api/v1/league/104"}, "sport": {"id": 1, "link": "/api/v1/sports/1", "abbreviation": "MLB"}, "gameType": "R"}, {"season": "1994", "stat": {"gamesPlayed": 29, "groundOuts": 0, "airOuts": 0, "runs": 0, "doubles": 0, "triples": 0, "homeRuns": 0, "strikeOuts": 0, "baseOnBalls": 1, "intentionalWalks": 0, "hits": 0, "hitByPitch": 0, "avg": ".000", "atBats": 0, "obp": "1.000", "slg": ".000", "ops": "1.000", "caughtStealing": 0, "stolenBases": 0, "stolenBasePercentage": ".---", "groundIntoDoublePlay": 0, "numberOfPitches": 5, "plateAppearances": 1, "totalBases": 0, "rbi": 0, "leftOnBase": 0, "sacBunts": 0, "sacFlies": 0, "babip": ".---", "groundOutsToAirouts": "-.--", "catchersInterference": 0, "atBatsPerHomeRun": "-.--"}, "team": {"id": 143, "name": "Philadelphia Phillies", "link": "/api/v1/teams/143"}, "player": {"id": 110224, "fullName": "Larry Andersen", "link": "/api/v1/people/110224"}, "league": {"id": 104, "name": "National League", "link": "/api/v1/league/104"}, "sport": {"id": 1, "link": "/api/v1/sports/1", "abbreviation": "MLB"}, "gameType": "R"}]}, {"type": {"displayName": "yearByYear"}, "group": {"displayName": "pitching"}, "exemptions": [], "splits": [{"season": "1975", "stat": {"gamesPlayed": 3, "gamesStarted": 0, "groundOuts": 2, "airOuts": 4, "runs": 3, "doubles": 1, "triples": 1, "homeRuns": 0, "strikeOuts": 4, "baseOnBalls": 2, "intentionalWalks": 0, "hits": 4, "hitByPitch": 0, "avg": ".200", "atBats": 20, "obp": ".261", "slg": ".350", "ops": ".611", "caughtStealing": 0, "stolenBases": 0, "stolenBasePercentage": ".---", "groundIntoDoublePlay": 1, "numberOfPitches": 37, "era": "4.76", "inningsPitched": "5.2", "wins": 0, "losses": 0, "saves": 0, "saveOpportunities": 0, "holds": 0, "blownSaves": 0, "earnedRuns": 3, "whip": "1.06", "battersFaced": 23, "outs": 17, "gamesPitched": 3, "completeGames": 0, "shutouts": 0, "strikes": 29, "strikePercentage": ".780", "hitBatsmen": 0, "balks": 0, "wildPitches": 2, "pickoffs": 0, "totalBases": 7, "groundOutsToAirouts": "0.50", "winPercentage": ".---", "pitchesPerInning": "6.53", "gamesFinished": 1, "strikeoutWalkRatio": "2.00", "strikeoutsPer9Inn": "6.35", "walksPer9Inn": "3.18", "hitsPer9Inn": "6.35", "runsScoredPer9": "4.76", "homeRunsPer9": "0.00", "inheritedRunners": 1, "inheritedRunnersScored": 1, "catchersInterference": 0, "sacBunts": 0, "sacFlies": 1}, "team": {"id": 114, "name": "Cleveland Indians", "link": "/api/v1/teams/114"}, "player": {"id": 110224, "fullName": "Larry Andersen", "link": "/api/v1/people/110224"}, "league": {"id": 103, "name": "American League", "link": "/api/v1/league/103"}, "sport": {"id": 1, "link": "/api/v1/sports/1", "abbreviation": "MLB"}, "gameType": "R"}, {"season": "1977", "stat": {"gamesPlayed": 11, "gamesStarted": 0, "groundOuts": 7, "airOuts": 0, "runs": 7, "doubles": 1, "triples": 0, "homeRuns": 1, "strikeOuts": 8, "baseOnBalls": 9, "intentionalWalks": 3, "hits": 10, "hitByPitch": 0, "avg": ".200", "atBats": 50, "obp": ".322", "slg": ".280", "ops": ".602", "caughtStealing": 0, "stolenBases": 2, "stolenBasePercentage": "1.000", "groundIntoDoublePlay": 1, "numberOfPitches": 105, "era": "3.14", "inningsPitched": "14.1", "wins": 0, "losses": 1, "saves": 0, "saveOpportunities": 0, "holds": 0, "blownSaves": 0, "earnedRuns": 5, "whip": "1.33", "battersFaced": 62, "outs": 43, "gamesPitched": 11, "completeGames": 0, "shutouts": 0, "strikes": 69, "strikePercentage": ".660", "hitBatsmen": 0, "balks": 0, "wildPitches": 1, "pickoffs": 0, "totalBases": 14, "groundOutsToAirouts": "7.00", "winPercentage": ".000", "pitchesPerInning": "7.33", "gamesFinished": 7, "strikeoutWalkRatio": "0.89", "strikeoutsPer9Inn": "5.02", "walksPer9Inn": "5.65", "hitsPer9Inn": "6.28", "runsScoredPer9": "4.40", "homeRunsPer9": "0.63", "inheritedRunners": 8, "inheritedRunnersScored": 3, "catchersInterference": 0, "sacBunts": 3, "sacFlies": 0}, "team": {"id": 114, "name": "Cleveland Indians", "link": "/api/v1/teams/114"}, "player": {"id": 110224, "fullName": "Larry Andersen", "link": "/api/v1/people/110224"}, "league": {"id": 103, "name": "American League", "link": "/api/v1/league/103"}, "sport": {"id": 1, "link": "/api/v1/sports/1", "abbreviation": "MLB"}, "gameType": "R"}, {"season": "1979", "stat": {"gamesPlayed": 8, "gamesStarted": 0, "groundOuts": 5, "airOuts": 6, "runs": 14, "doubles": 4, "triples": 2, "homeRuns": 3, "strikeOuts": 7, "baseOnBalls": 4, "intentionalWalks": 0, "hits": 25, "hitByPitch": 0, "avg": ".357", "atBats": 70, "obp": ".382", "slg": ".600", "ops": ".982", "caughtStealing": 0, "stolenBases": 0, "stolenBasePercentage": ".---", "groundIntoDoublePlay": 2, "numberOfPitches": 103, "era": "7.56", "inningsPitched": "16.2", "wins": 0, "losses": 0, "saves": 0, "saveOpportunities": 0, "holds": 0, "blownSaves": 0, "earnedRuns": 14, "whip": "1.74", "battersFaced": 77, "outs": 50, "gamesPitched": 8, "completeGames": 0, "shutouts": 0, "strikes": 87, "strikePercentage": ".840", "hitBatsmen": 0, "balks": 0, "wildPitches": 0, "pickoffs": 0, "totalBases": 42, "groundOutsToAirouts": "0.83", "winPercentage": ".---", "pitchesPerInning": "6.18", "gamesFinished": 4, "strikeoutWalkRatio": "1.75", "strikeoutsPer9Inn": "3.78", "walksPer9Inn": "2.16", "hitsPer9Inn": "13.50", "runsScoredPer9": "7.56", "homeRunsPer9": "1.62", "inheritedRunners": 9, "inheritedRunnersScored": 2, "catchersInterference": 0, "sacBunts": 1, "sacFlies": 2}, "team": {"id": 114, "name": "Cleveland Indians", "link": "/api/v1/teams/114"}, "player": {"id": 110224, "fullName": "Larry Andersen", "link": "/api/v1/people/110224"}, "league": {"id": 103, "name": "American League", "link": "/api/v1/league/103"}, "sport": {"id": 1, "link": "/api/v1/sports/1", "abbreviation": "MLB"}, "gameType": "R"}, {"season": "1981", "stat": {"gamesPlayed": 41, "gamesStarted": 0, "groundOuts": 26, "airOuts": 22, "runs": 27, "doubles": 5, "triples": 1, "homeRuns": 4, "strikeOuts": 40, "baseOnBalls": 18, "intentionalWalks": 2, "hits": 57, "hitByPitch": 2, "avg": ".228", "atBats": 250, "obp": ".282", "slg": ".304", "ops": ".586", "caughtStealing": 3, "stolenBases": 5, "stolenBasePercentage": ".625", "groundIntoDoublePlay": 5, "numberOfPitches": 407, "era": "2.66", "inningsPitched": "67.2", "wins": 3, "losses": 3, "saves": 5, "saveOpportunities": 5, "holds": 0, "blownSaves": 0, "earnedRuns": 20, "whip": "1.11", "battersFaced": 273, "outs": 203, "gamesPitched": 41, "completeGames": 0, "shutouts": 0, "strikes": 333, "strikePercentage": ".820", "hitBatsmen": 2, "balks": 0, "wildPitches": 0, "pickoffs": 1, "totalBases": 76, "groundOutsToAirouts": "1.18", "winPercentage": ".500", "pitchesPerInning": "6.01", "gamesFinished": 23, "strikeoutWalkRatio": "2.22", "strikeoutsPer9Inn": "5.32", "walksPer9Inn": "2.39", "hitsPer9Inn": "7.58", "runsScoredPer9": "3.59", "homeRunsPer9": "0.53", "inheritedRunners": 45, "inheritedRunnersScored": 21, "catchersInterference": 0, "sacBunts": 0, "sacFlies": 3}, "team": {"id": 136, "name": "Seattle Mariners", "link": "/api/v1/teams/136"}, "player": {"id": 110224, "fullName": "Larry Andersen", "link": "/api/v1/people/110224"}, "league": {"id": 103, "name": "American League", "link": "/api/v1/league/103"}, "sport": {"id": 1, "link": "/api/v1/sports/1", "abbreviation": "MLB"}, "gameType": "R"}, {"season": "1982", "stat": {"gamesPlayed": 40, "gamesStarted": 1, "groundOuts": 25, "airOuts": 27, "runs": 56, "doubles": 25, "triples": 1, "homeRuns": 16, "strikeOuts": 32, "baseOnBalls": 23, "intentionalWalks": 1, "hits": 100, "hitByPitch": 4, "avg": ".311", "atBats": 322, "obp": ".361", "slg": ".543", "ops": ".904", "caughtStealing": 1, "stolenBases": 4, "stolenBasePercentage": ".800", "groundIntoDoublePlay": 9, "numberOfPitches": 487, "era": "5.99", "inningsPitched": "79.2", "wins": 0, "losses": 0, "saves": 1, "saveOpportunities": 1, "holds": 0, "blownSaves": 0, "earnedRuns": 53, "whip": "1.54", "battersFaced": 354, "outs": 239, "gamesPitched": 40, "completeGames": 0, "shutouts": 0, "strikes": 391, "strikePercentage": ".800", "hitBatsmen": 4, "balks": 0, "wildPitches": 2, "pickoffs": 2, "totalBases": 175, "groundOutsToAirouts": "0.93", "winPercentage": ".---", "pitchesPerInning": "6.11", "gamesFinished": 14, "strikeoutWalkRatio": "1.39", "strikeoutsPer9Inn": "3.62", "walksPer9Inn": "2.60", "hitsPer9Inn": "11.30", "runsScoredPer9": "6.33", "homeRunsPer9": "1.81", "inheritedRunners": 49, "inheritedRunnersScored": 11, "catchersInterference": 0, "sacBunts": 2, "sacFlies": 3}, "team": {"id": 136, "name": "Seattle Mariners", "link": "/api/v1/teams/136"}, "player": {"id": 110224, "fullName": "Larry Andersen", "link": "/api/v1/people/110224"}, "league": {"id": 103, "name": "American League", "link": "/api/v1/league/103"}, "sport": {"id": 1, "link": "/api/v1/sports/1", "abbreviation": "MLB"}, "gameType": "R"}, {"season": "1983", "stat": {"gamesPlayed": 17, "gamesStarted": 0, "groundOuts": 9, "airOuts": 14, "runs": 7, "doubles": 5, "triples": 0, "homeRuns": 0, "strikeOuts": 14, "baseOnBalls": 9, "intentionalWalks": 1, "hits": 19, "hitByPitch": 0, "avg": ".200", "atBats": 95, "obp": ".267", "slg": ".253", "ops": ".520", "caughtStealing": 0, "stolenBases": 1, "stolenBasePercentage": "1.000", "groundIntoDoublePlay": 1, "numberOfPitches": 161, "era": "2.39", "inningsPitched": "26.1", "wins": 1, "losses": 0, "saves": 0, "saveOpportunities": 0, "holds": 0, "blownSaves": 0, "earnedRuns": 7, "whip": "1.06", "battersFaced": 106, "outs": 79, "gamesPitched": 17, "completeGames": 0, "shutouts": 0, "strikes": 125, "strikePercentage": ".780", "hitBatsmen": 0, "balks": 1, "wildPitches": 1, "pickoffs": 0, "totalBases": 24, "groundOutsToAirouts": "0.64", "winPercentage": "1.000", "pitchesPerInning": "6.11", "gamesFinished": 4, "strikeoutWalkRatio": "1.56", "strikeoutsPer9Inn": "4.78", "walksPer9Inn": "3.08", "hitsPer9Inn": "6.49", "runsScoredPer9": "2.39", "homeRunsPer9": "0.00", "inheritedRunners": 9, "inheritedRunnersScored": 3, "catchersInterference": 0, "sacBunts": 1, "sacFlies": 1}, "team": {"id": 143, "name": "Philadelphia Phillies", "link": "/api/v1/teams/143"}, "player": {"id": 110224, "fullName": "Larry Andersen", "link": "/api/v1/people/110224"}, "league": {"id": 104, "name": "National League", "link": "/api/v1/league/104"}, "sport": {"id": 1, "link": "/api/v1/sports/1", "abbreviation": "MLB"}, "gameType": "R"}, {"season": "1984", "stat": {"gamesPlayed": 64, "gamesStarted": 0, "groundOuts": 25, "airOuts": 28, "runs": 32, "doubles": 12, "triples": 2, "homeRuns": 5, "strikeOuts": 54, "baseOnBalls": 25, "intentionalWalks": 6, "hits": 85, "hitByPitch": 0, "avg": ".248", "atBats": 343, "obp": ".296", "slg": ".338", "ops": ".634", "caughtStealing": 4, "stolenBases": 8, "stolenBasePercentage": ".667", "groundIntoDoublePlay": 4, "numberOfPitches": 559, "era": "2.38", "inningsPitched": "90.2", "wins": 3, "losses": 7, "saves": 4, "saveOpportunities": 4, "holds": 0, "blownSaves": 0, "earnedRuns": 24, "whip": "1.21", "battersFaced": 376, "outs": 272, "gamesPitched": 64, "completeGames": 0, "shutouts": 0, "strikes": 459, "strikePercentage": ".820", "hitBatsmen": 0, "balks": 1, "wildPitches": 2, "pickoffs": 2, "totalBases": 116, "groundOutsToAirouts": "0.89", "winPercentage": ".300", "pitchesPerInning": "6.17", "gamesFinished": 25, "strikeoutWalkRatio": "2.16", "strikeoutsPer9Inn": "5.36", "walksPer9Inn": "2.48", "hitsPer9Inn": "8.44", "runsScoredPer9": "3.18", "homeRunsPer9": "0.50", "inheritedRunners": 38, "inheritedRunnersScored": 15, "catchersInterference": 0, "sacBunts": 4, "sacFlies": 4}, "team": {"id": 143, "name": "Philadelphia Phillies", "link": "/api/v1/teams/143"}, "player": {"id": 110224, "fullName": "Larry Andersen", "link": "/api/v1/people/110224"}, "league": {"id": 104, "name": "National League", "link": "/api/v1/league/104"}, "sport": {"id": 1, "link": "/api/v1/sports/1", "abbreviation": "MLB"}, "gameType": "R"}, {"season": "1985", "stat": {"gamesPlayed": 57, "gamesStarted": 0, "groundOuts": 31, "airOuts": 17, "runs": 41, "doubles": 13, "triples": 3, "homeRuns": 5, "strikeOuts": 50, "baseOnBalls": 26, "intentionalWalks": 4, "hits": 78, "hitByPitch": 3, "avg": ".274", "atBats": 285, "obp": ".340", "slg": ".393", "ops": ".733", "caughtStealing": 7, "stolenBases": 11, "stolenBasePercentage": ".611", "groundIntoDoublePlay": 4, "numberOfPitches": 496, "era": "4.32", "inningsPitched": "73.0", "wins": 3, "losses": 3, "saves": 3, "saveOpportunities": 3, "holds": 0, "blownSaves": 0, "earnedRuns": 35, "whip": "1.42", "battersFaced": 318, "outs": 219, "gamesPitched": 57, "completeGames": 0, "shutouts": 0, "strikes": 389, "strikePercentage": ".780", "hitBatsmen": 3, "balks": 1, "wildPitches": 1, "pickoffs": 4, "totalBases": 112, "groundOutsToAirouts": "1.82", "winPercentage": ".500", "pitchesPerInning": "6.79", "gamesFinished": 19, "strikeoutWalkRatio": "1.92", "strikeoutsPer9Inn": "6.16", "walksPer9Inn": "3.21", "hitsPer9Inn": "9.62", "runsScoredPer9": "5.05", "homeRunsPer9": "0.62", "inheritedRunners": 42, "inheritedRunnersScored": 20, "catchersInterference": 0, "sacBunts": 3, "sacFlies": 1}, "team": {"id": 143, "name": "Philadelphia Phillies", "link": "/api/v1/teams/143"}, "player": {"id": 110224, "fullName": "Larry Andersen", "link": "/api/v1/people/110224"}, "league": {"id": 104, "name": "National League", "link": "/api/v1/league/104"}, "sport": {"id": 1, "link": "/api/v1/sports/1", "abbreviation": "MLB"}, "gameType": "R"}, {"season": "1986", "stat": {"gamesPlayed": 10, "gamesStarted": 0, "groundOuts": 7, "airOuts": 6, "runs": 8, "doubles": 5, "triples": 1, "homeRuns": 0, "strikeOuts": 9, "baseOnBalls": 3, "intentionalWalks": 0, "hits": 19, "hitByPitch": 0, "avg": ".388", "atBats": 49, "obp": ".415", "slg": ".531", "ops": ".946", "caughtStealing": 3, "stolenBases": 2, "stolenBasePercentage": ".400", "groundIntoDoublePlay": 2, "numberOfPitches": 82, "era": "4.26", "inningsPitched": "12.2", "wins": 0, "losses": 0, "saves": 0, "saveOpportunities": 0, "holds": 0, "blownSaves": 0, "earnedRuns": 6, "whip": "1.74", "battersFaced": 55, "outs": 38, "gamesPitched": 10, "completeGames": 0, "shutouts": 0, "strikes": 70, "strikePercentage": ".850", "hitBatsmen": 0, "balks": 0, "wildPitches": 0, "pickoffs": 0, "totalBases": 26, "groundOutsToAirouts": "1.17", "winPercentage": ".---", "pitchesPerInning": "6.47", "gamesFinished": 1, "strikeoutWalkRatio": "3.00", "strikeoutsPer9Inn": "6.39", "walksPer9Inn": "2.13", "hitsPer9Inn": "13.50", "runsScoredPer9": "5.68", "homeRunsPer9": "0.00", "inheritedRunners": 13, "inheritedRunnersScored": 4, "catchersInterference": 0, "sacBunts": 2, "sacFlies": 1}, "team": {"id": 143, "name": "Philadelphia Phillies", "link": "/api/v1/teams/143"}, "player": {"id": 110224, "fullName": "Larry Andersen", "link": "/api/v1/people/110224"}, "league": {"id": 104, "name": "National League", "link": "/api/v1/league/104"}, "sport": {"id": 1, "link": "/api/v1/sports/1", "abbreviation": "MLB"}, "gameType": "R"}, {"season": "1986", "stat": {"gamesPlayed": 38, "gamesStarted": 0, "groundOuts": 31, "airOuts": 22, "runs": 22, "doubles": 8, "triples": 2, "homeRuns": 2, "strikeOuts": 33, "baseOnBalls": 23, "intentionalWalks": 10, "hits": 64, "hitByPitch": 1, "avg": ".276", "atBats": 232, "obp": ".338", "slg": ".353", "ops": ".691", "caughtStealing": 2, "stolenBases": 11, "stolenBasePercentage": ".846", "groundIntoDoublePlay": 7, "numberOfPitches": 403, "era": "2.78", "inningsPitched": "64.2", "wins": 2, "losses": 1, "saves": 1, "saveOpportunities": 1, "holds": 0, "blownSaves": 0, "earnedRuns": 20, "whip": "1.35", "battersFaced": 268, "outs": 194, "gamesPitched": 38, "completeGames": 0, "shutouts": 0, "strikes": 310, "strikePercentage": ".770", "hitBatsmen": 1, "balks": 0, "wildPitches": 1, "pickoffs": 0, "totalBases": 82, "groundOutsToAirouts": "1.41", "winPercentage": ".667", "pitchesPerInning": "6.23", "gamesFinished": 7, "strikeoutWalkRatio": "1.43", "strikeoutsPer9Inn": "4.59", "walksPer9Inn": "3.20", "hitsPer9Inn": "8.91", "runsScoredPer9": "3.06", "homeRunsPer9": "0.28", "inheritedRunners": 35, "inheritedRunnersScored": 10, "catchersInterference": 0, "sacBunts": 8, "sacFlies": 4}, "team": {"id": 117, "name": "Houston Astros", "link": "/api/v1/teams/117"}, "player": {"id": 110224, "fullName": "Larry Andersen", "link": "/api/v1/people/110224"}, "league": {"id": 104, "name": "National League", "link": "/api/v1/league/104"}, "sport": {"id": 1, "link": "/api/v1/sports/1", "abbreviation": "MLB"}, "gameType": "R"}, {"season": "1986", "stat": {"gamesPlayed": 48, "gamesStarted": 0, "groundOuts": 38, "airOuts": 28, "runs": 30, "doubles": 13, "triples": 3, "homeRuns": 2, "strikeOuts": 42, "baseOnBalls": 26, "intentionalWalks": 10, "hits": 83, "hitByPitch": 1, "avg": ".295", "atBats": 281, "obp": ".351", "slg": ".384", "ops": ".735", "caughtStealing": 5, "stolenBases": 13, "stolenBasePercentage": ".722", "groundIntoDoublePlay": 9, "numberOfPitches": 485, "era": "3.03", "inningsPitched": "77.1", "wins": 2, "losses": 1, "saves": 1, "saveOpportunities": 1, "holds": 0, "blownSaves": 0, "earnedRuns": 26, "whip": "1.41", "battersFaced": 323, "outs": 232, "gamesPitched": 48, "completeGames": 0, "shutouts": 0, "strikes": 380, "strikePercentage": ".780", "hitBatsmen": 1, "balks": 0, "wildPitches": 1, "pickoffs": 0, "totalBases": 108, "groundOutsToAirouts": "1.36", "winPercentage": ".667", "pitchesPerInning": "6.27", "gamesFinished": 8, "strikeoutWalkRatio": "1.62", "strikeoutsPer9Inn": "4.89", "walksPer9Inn": "3.03", "hitsPer9Inn": "9.66", "runsScoredPer9": "3.49", "homeRunsPer9": "0.23", "inheritedRunners": 48, "inheritedRunnersScored": 14, "catchersInterference": 0, "sacBunts": 10, "sacFlies": 5}, "player": {"id": 110224, "fullName": "Larry Andersen", "link": "/api/v1/people/110224"}, "sport": {"id": 1, "link": "/api/v1/sports/1", "abbreviation": "MLB"}, "gameType": "R", "numTeams": 2}, {"season": "1987", "stat": {"gamesPlayed": 67, "gamesStarted": 0, "groundOuts": 53, "airOuts": 25, "runs": 46, "doubles": 19, "triples": 3, "homeRuns": 7, "strikeOuts": 94, "baseOnBalls": 41, "intentionalWalks": 10, "hits": 95, "hitByPitch": 2, "avg": ".247", "atBats": 385, "obp": ".319", "slg": ".366", "ops": ".685", "caughtStealing": 1, "stolenBases": 8, "stolenBasePercentage": ".889", "groundIntoDoublePlay": 7, "numberOfPitches": 802, "era": "3.45", "inningsPitched": "101.2", "wins": 9, "losses": 5, "saves": 5, "saveOpportunities": 5, "holds": 0, "blownSaves": 0, "earnedRuns": 39, "whip": "1.34", "battersFaced": 440, "outs": 305, "gamesPitched": 67, "completeGames": 0, "shutouts": 0, "strikes": 613, "strikePercentage": ".760", "hitBatsmen": 2, "balks": 0, "wildPitches": 1, "pickoffs": 0, "totalBases": 141, "groundOutsToAirouts": "2.12", "winPercentage": ".643", "pitchesPerInning": "7.89", "gamesFinished": 31, "strikeoutWalkRatio": "2.29", "strikeoutsPer9Inn": "8.32", "walksPer9Inn": "3.63", "hitsPer9Inn": "8.41", "runsScoredPer9": "4.07", "homeRunsPer9": "0.62", "inheritedRunners": 25, "inheritedRunnersScored": 8, "catchersInterference": 1, "sacBunts": 7, "sacFlies": 4}, "team": {"id": 117, "name": "Houston Astros", "link": "/api/v1/teams/117"}, "player": {"id": 110224, "fullName": "Larry Andersen", "link": "/api/v1/people/110224"}, "league": {"id": 104, "name": "National League", "link": "/api/v1/league/104"}, "sport": {"id": 1, "link": "/api/v1/sports/1", "abbreviation": "MLB"}, "gameType": "R"}, {"season": "1988", "stat": {"gamesPlayed": 53, "gamesStarted": 0, "groundOuts": 42, "airOuts": 68, "runs": 29, "doubles": 11, "triples": 3, "homeRuns": 3, "strikeOuts": 66, "baseOnBalls": 20, "intentionalWalks": 8, "hits": 82, "hitByPitch": 1, "avg": ".254", "atBats": 323, "obp": ".297", "slg": ".334", "ops": ".631", "caughtStealing": 1, "stolenBases": 14, "stolenBasePercentage": ".933", "groundIntoDoublePlay": 7, "numberOfPitches": 1300, "era": "2.94", "inningsPitched": "82.2", "wins": 2, "losses": 4, "saves": 5, "saveOpportunities": 5, "holds": 0, "blownSaves": 0, "earnedRuns": 27, "whip": "1.23", "battersFaced": 350, "outs": 248, "gamesPitched": 53, "completeGames": 0, "shutouts": 0, "strikes": 848, "strikePercentage": ".650", "hitBatsmen": 1, "balks": 2, "wildPitches": 1, "pickoffs": 0, "totalBases": 108, "groundOutsToAirouts": "0.62", "winPercentage": ".333", "pitchesPerInning": "15.73", "gamesFinished": 25, "strikeoutWalkRatio": "3.30", "strikeoutsPer9Inn": "7.19", "walksPer9Inn": "2.18", "hitsPer9Inn": "8.93", "runsScoredPer9": "3.16", "homeRunsPer9": "0.33", "inheritedRunners": 30, "inheritedRunnersScored": 14, "catchersInterference": 0, "sacBunts": 3, "sacFlies": 3}, "team": {"id": 117, "name": "Houston Astros", "link": "/api/v1/teams/117"}, "player": {"id": 110224, "fullName": "Larry Andersen", "link": "/api/v1/people/110224"}, "league": {"id": 104, "name": "National League", "link": "/api/v1/league/104"}, "sport": {"id": 1, "link": "/api/v1/sports/1", "abbreviation": "MLB"}, "gameType": "R"}, {"season": "1989", "stat": {"gamesPlayed": 60, "gamesStarted": 0, "groundOuts": 89, "airOuts": 74, "runs": 19, "doubles": 5, "triples": 2, "homeRuns": 2, "strikeOuts": 85, "baseOnBalls": 24, "intentionalWalks": 4, "hits": 63, "hitByPitch": 0, "avg": ".198", "atBats": 318, "obp": ".251", "slg": ".245", "ops": ".496", "caughtStealing": 2, "stolenBases": 7, "stolenBasePercentage": ".778", "groundIntoDoublePlay": 4, "numberOfPitches": 1344, "era": "1.54", "inningsPitched": "87.2", "wins": 4, "losses": 4, "saves": 3, "saveOpportunities": 3, "holds": 0, "blownSaves": 0, "earnedRuns": 15, "whip": "0.99", "battersFaced": 351, "outs": 263, "gamesPitched": 60, "completeGames": 0, "shutouts": 0, "strikes": 881, "strikePercentage": ".660", "hitBatsmen": 0, "balks": 1, "wildPitches": 2, "pickoffs": 0, "totalBases": 78, "groundOutsToAirouts": "1.20", "winPercentage": ".500", "pitchesPerInning": "15.33", "gamesFinished": 21, "strikeoutWalkRatio": "3.54", "strikeoutsPer9Inn": "8.73", "walksPer9Inn": "2.46", "hitsPer9Inn": "6.47", "runsScoredPer9": "1.95", "homeRunsPer9": "0.21", "inheritedRunners": 34, "inheritedRunnersScored": 14, "catchersInterference": 0, "sacBunts": 4, "sacFlies": 5}, "team": {"id": 117, "name": "Houston Astros", "link": "/api/v1/teams/117"}, "player": {"id": 110224, "fullName": "Larry Andersen", "link": "/api/v1/people/110224"}, "league": {"id": 104, "name": "National League", "link": "/api/v1/league/104"}, "sport": {"id": 1, "link": "/api/v1/sports/1", "abbreviation": "MLB"}, "gameType": "R"}, {"season": "1990", "stat": {"gamesPlayed": 50, "gamesStarted": 0, "groundOuts": 68, "airOuts": 60, "runs": 19, "doubles": 6, "triples": 1, "homeRuns": 2, "strikeOuts": 68, "baseOnBalls": 24, "intentionalWalks": 5, "hits": 61, "hitByPitch": 1, "avg": ".229", "atBats": 266, "obp": ".291", "slg": ".282", "ops": ".573", "caughtStealing": 2, "stolenBases": 12, "stolenBasePercentage": ".857", "groundIntoDoublePlay": 5, "numberOfPitches": 1037, "era": "1.95", "inningsPitched": "73.2", "wins": 5, "losses": 2, "saves": 6, "saveOpportunities": 6, "holds": 0, "blownSaves": 0, "earnedRuns": 16, "whip": "1.15", "battersFaced": 301, "outs": 221, "gamesPitched": 50, "completeGames": 0, "shutouts": 0, "strikes": 679, "strikePercentage": ".650", "hitBatsmen": 1, "balks": 0, "wildPitches": 2, "pickoffs": 0, "totalBases": 75, "groundOutsToAirouts": "1.13", "winPercentage": ".714", "pitchesPerInning": "14.08", "gamesFinished": 20, "strikeoutWalkRatio": "2.83", "strikeoutsPer9Inn": "8.31", "walksPer9Inn": "2.93", "hitsPer9Inn": "7.45", "runsScoredPer9": "2.32", "homeRunsPer9": "0.24", "inheritedRunners": 34, "inheritedRunnersScored": 10, "catchersInterference": 0, "sacBunts": 5, "sacFlies": 5}, "team": {"id": 117, "name": "Houston Astros", "link": "/api/v1/teams/117"}, "player": {"id": 110224, "fullName": "Larry Andersen", "link": "/api/v1/people/110224"}, "league": {"id": 104, "name": "National League", "link": "/api/v1/league/104"}, "sport": {"id": 1, "link": "/api/v1/sports/1", "abbreviation": "MLB"}, "gameType": "R"}, {"season": "1990", "stat": {"gamesPlayed": 15, "gamesStarted": 0, "groundOuts": 26, "airOuts": 12, "runs": 3, "doubles": 2, "triples": 0, "homeRuns": 0, "strikeOuts": 25, "baseOnBalls": 3, "intentionalWalks": 0, "hits": 18, "hitByPitch": 1, "avg": ".220", "atBats": 82, "obp": ".256", "slg": ".244", "ops": ".500", "caughtStealing": 1, "stolenBases": 4, "stolenBasePercentage": ".800", "groundIntoDoublePlay": 1, "numberOfPitches": 339, "era": "1.23", "inningsPitched": "22.0", "wins": 0, "losses": 0, "saves": 1, "saveOpportunities": 1, "holds": 0, "blownSaves": 0, "earnedRuns": 3, "whip": "0.95", "battersFaced": 86, "outs": 66, "gamesPitched": 15, "completeGames": 0, "shutouts": 0, "strikes": 229, "strikePercentage": ".680", "hitBatsmen": 1, "balks": 0, "wildPitches": 2, "pickoffs": 0, "totalBases": 20, "groundOutsToAirouts": "2.17", "winPercentage": ".---", "pitchesPerInning": "15.41", "gamesFinished": 4, "strikeoutWalkRatio": "8.33", "strikeoutsPer9Inn": "10.23", "walksPer9Inn": "1.23", "hitsPer9Inn": "7.36", "runsScoredPer9": "1.23", "homeRunsPer9": "0.00", "inheritedRunners": 20, "inheritedRunnersScored": 10, "catchersInterference": 0, "sacBunts": 0, "sacFlies": 0}, "team": {"id": 111, "name": "Boston Red Sox", "link": "/api/v1/teams/111"}, "player": {"id": 110224, "fullName": "Larry Andersen", "link": "/api/v1/people/110224"}, "league": {"id": 103, "name": "American League", "link": "/api/v1/league/103"}, "sport": {"id": 1, "link": "/api/v1/sports/1", "abbreviation": "MLB"}, "gameType": "R"}, {"season": "1990", "stat": {"gamesPlayed": 65, "gamesStarted": 0, "groundOuts": 94, "airOuts": 72, "runs": 22, "doubles": 8, "triples": 1, "homeRuns": 2, "strikeOuts": 93, "baseOnBalls": 27, "intentionalWalks": 5, "hits": 79, "hitByPitch": 2, "avg": ".227", "atBats": 348, "obp": ".283", "slg": ".273", "ops": ".556", "caughtStealing": 3, "stolenBases": 16, "stolenBasePercentage": ".842", "groundIntoDoublePlay": 6, "numberOfPitches": 1376, "era": "1.79", "inningsPitched": "95.2", "wins": 5, "losses": 2, "saves": 7, "saveOpportunities": 7, "holds": 0, "blownSaves": 0, "earnedRuns": 19, "whip": "1.11", "battersFaced": 387, "outs": 287, "gamesPitched": 65, "completeGames": 0, "shutouts": 0, "strikes": 908, "strikePercentage": ".660", "hitBatsmen": 2, "balks": 0, "wildPitches": 4, "pickoffs": 0, "totalBases": 95, "groundOutsToAirouts": "1.31", "winPercentage": ".714", "pitchesPerInning": "14.38", "gamesFinished": 24, "strikeoutWalkRatio": "3.44", "strikeoutsPer9Inn": "8.75", "walksPer9Inn": "2.54", "hitsPer9Inn": "7.43", "runsScoredPer9": "2.07", "homeRunsPer9": "0.19", "inheritedRunners": 54, "inheritedRunnersScored": 20, "catchersInterference": 0, "sacBunts": 5, "sacFlies": 5}, "player": {"id": 110224, "fullName": "Larry Andersen", "link": "/api/v1/people/110224"}, "sport": {"id": 1, "link": "/api/v1/sports/1", "abbreviation": "MLB"}, "gameType": "R", "numTeams": 2}, {"season": "1991", "stat": {"gamesPlayed": 38, "gamesStarted": 0, "groundOuts": 57, "airOuts": 38, "runs": 13, "doubles": 5, "triples": 0, "homeRuns": 0, "strikeOuts": 40, "baseOnBalls": 13, "intentionalWalks": 3, "hits": 39, "hitByPitch": 0, "avg": ".232", "atBats": 168, "obp": ".284", "slg": ".262", "ops": ".546", "caughtStealing": 2, "stolenBases": 6, "stolenBasePercentage": ".750", "groundIntoDoublePlay": 2, "numberOfPitches": 722, "era": "2.30", "inningsPitched": "47.0", "wins": 3, "losses": 4, "saves": 13, "saveOpportunities": 13, "holds": 0, "blownSaves": 0, "earnedRuns": 12, "whip": "1.11", "battersFaced": 188, "outs": 141, "gamesPitched": 38, "completeGames": 0, "shutouts": 0, "strikes": 467, "strikePercentage": ".650", "hitBatsmen": 0, "balks": 0, "wildPitches": 1, "pickoffs": 0, "totalBases": 44, "groundOutsToAirouts": "1.50", "winPercentage": ".429", "pitchesPerInning": "15.36", "gamesFinished": 24, "strikeoutWalkRatio": "3.08", "strikeoutsPer9Inn": "7.66", "walksPer9Inn": "2.49", "hitsPer9Inn": "7.47", "runsScoredPer9": "2.49", "homeRunsPer9": "0.00", "inheritedRunners": 23, "inheritedRunnersScored": 6, "catchersInterference": 1, "sacBunts": 4, "sacFlies": 2}, "team": {"id": 135, "name": "San Diego Padres", "link": "/api/v1/teams/135"}, "player": {"id": 110224, "fullName": "Larry Andersen", "link": "/api/v1/people/110224"}, "league": {"id": 104, "name": "National League", "link": "/api/v1/league/104"}, "sport": {"id": 1, "link": "/api/v1/sports/1", "abbreviation": "MLB"}, "gameType": "R"}, {"season": "1992", "stat": {"gamesPlayed": 34, "gamesStarted": 0, "groundOuts": 39, "airOuts": 30, "runs": 14, "doubles": 2, "triples": 0, "homeRuns": 2, "strikeOuts": 35, "baseOnBalls": 8, "intentionalWalks": 2, "hits": 26, "hitByPitch": 1, "avg": ".202", "atBats": 129, "obp": ".252", "slg": ".264", "ops": ".516", "caughtStealing": 1, "stolenBases": 7, "stolenBasePercentage": ".875", "groundIntoDoublePlay": 1, "numberOfPitches": 563, "era": "3.34", "inningsPitched": "35.0", "wins": 1, "losses": 1, "saves": 2, "saveOpportunities": 2, "holds": 0, "blownSaves": 0, "earnedRuns": 13, "whip": "0.97", "battersFaced": 140, "outs": 105, "gamesPitched": 34, "completeGames": 0, "shutouts": 0, "strikes": 360, "strikePercentage": ".640", "hitBatsmen": 1, "balks": 0, "wildPitches": 0, "pickoffs": 0, "totalBases": 34, "groundOutsToAirouts": "1.30", "winPercentage": ".500", "pitchesPerInning": "16.09", "gamesFinished": 13, "strikeoutWalkRatio": "4.38", "strikeoutsPer9Inn": "9.00", "walksPer9Inn": "2.06", "hitsPer9Inn": "6.69", "runsScoredPer9": "3.60", "homeRunsPer9": "0.51", "inheritedRunners": 17, "inheritedRunnersScored": 7, "catchersInterference": 0, "sacBunts": 1, "sacFlies": 1}, "team": {"id": 135, "name": "San Diego Padres", "link": "/api/v1/teams/135"}, "player": {"id": 110224, "fullName": "Larry Andersen", "link": "/api/v1/people/110224"}, "league": {"id": 104, "name": "National League", "link": "/api/v1/league/104"}, "sport": {"id": 1, "link": "/api/v1/sports/1", "abbreviation": "MLB"}, "gameType": "R"}, {"season": "1993", "stat": {"gamesPlayed": 64, "gamesStarted": 0, "groundOuts": 54, "airOuts": 59, "runs": 22, "doubles": 5, "triples": 3, "homeRuns": 4, "strikeOuts": 67, "baseOnBalls": 21, "intentionalWalks": 2, "hits": 54, "hitByPitch": 1, "avg": ".233", "atBats": 232, "obp": ".299", "slg": ".332", "ops": ".631", "caughtStealing": 1, "stolenBases": 4, "stolenBasePercentage": ".800", "groundIntoDoublePlay": 5, "numberOfPitches": 1029, "era": "2.92", "inningsPitched": "61.2", "wins": 3, "losses": 2, "saves": 0, "saveOpportunities": 0, "holds": 0, "blownSaves": 0, "earnedRuns": 20, "whip": "1.22", "battersFaced": 256, "outs": 185, "gamesPitched": 64, "completeGames": 0, "shutouts": 0, "strikes": 648, "strikePercentage": ".630", "hitBatsmen": 1, "balks": 1, "wildPitches": 2, "pickoffs": 0, "totalBases": 77, "groundOutsToAirouts": "0.92", "winPercentage": ".600", "pitchesPerInning": "16.69", "gamesFinished": 13, "strikeoutWalkRatio": "3.19", "strikeoutsPer9Inn": "9.78", "walksPer9Inn": "3.06", "hitsPer9Inn": "7.88", "runsScoredPer9": "3.21", "homeRunsPer9": "0.58", "inheritedRunners": 48, "inheritedRunnersScored": 14, "catchersInterference": 0, "sacBunts": 2, "sacFlies": 0}, "team": {"id": 143, "name": "Philadelphia Phillies", "link": "/api/v1/teams/143"}, "player": {"id": 110224, "fullName": "Larry Andersen", "link": "/api/v1/people/110224"}, "league": {"id": 104, "name": "National League", "link": "/api/v1/league/104"}, "sport": {"id": 1, "link": "/api/v1/sports/1", "abbreviation": "MLB"}, "gameType": "R"}, {"season": "1994", "stat": {"gamesPlayed": 29, "gamesStarted": 0, "groundOuts": 35, "airOuts": 37, "runs": 20, "doubles": 7, "triples": 1, "homeRuns": 2, "strikeOuts": 27, "baseOnBalls": 15, "intentionalWalks": 3, "hits": 33, "hitByPitch": 0, "avg": ".256", "atBats": 129, "obp": ".333", "slg": ".372", "ops": ".705", "caughtStealing": 0, "stolenBases": 4, "stolenBasePercentage": "1.000", "groundIntoDoublePlay": 3, "numberOfPitches": 563, "era": "4.41", "inningsPitched": "32.2", "wins": 1, "losses": 2, "saves": 0, "saveOpportunities": 0, "holds": 0, "blownSaves": 0, "earnedRuns": 16, "whip": "1.47", "battersFaced": 147, "outs": 98, "gamesPitched": 29, "completeGames": 0, "shutouts": 0, "strikes": 352, "strikePercentage": ".630", "hitBatsmen": 0, "balks": 0, "wildPitches": 0, "pickoffs": 0, "totalBases": 48, "groundOutsToAirouts": "0.95", "winPercentage": ".333", "pitchesPerInning": "17.23", "gamesFinished": 11, "strikeoutWalkRatio": "1.80", "strikeoutsPer9Inn": "7.44", "walksPer9Inn": "4.13", "hitsPer9Inn": "9.09", "runsScoredPer9": "5.51", "homeRunsPer9": "0.55", "inheritedRunners": 16, "inheritedRunnersScored": 3, "catchersInterference": 0, "sacBunts": 3, "sacFlies": 0}, "team": {"id": 143, "name": "Philadelphia Phillies", "link": "/api/v1/teams/143"}, "player": {"id": 110224, "fullName": "Larry Andersen", "link": "/api/v1/people/110224"}, "league": {"id": 104, "name": "National League", "link": "/api/v1/league/104"}, "sport": {"id": 1, "link": "/api/v1/sports/1", "abbreviation": "MLB"}, "gameType": "R"}]}], "mlbDebutDate": "1975-09-05", "batSide": {"code": "R", "description": "Right"}, "pitchHand": {"code": "R", "description": "Right"}, "nameFirstLast": "Larry Andersen", "nameSlug": "larry-andersen-110224", "firstLastName": "Larry Andersen", "lastFirstName": "Andersen, Larry", "lastInitName": "Andersen, L", "initLastName": "L Andersen", "fullFMLName": "Larry Eugene Andersen", "fullLFMName": "Andersen, Larry Eugene", "strikeZoneTop": 3.49, "strikeZoneBottom": 1.601}