{"id": 110083, "fullName": "Troy Afenir", "link": "/api/v1/people/110083", "firstName": "Michael", "lastName": "Afenir", "primaryNumber": "52", "birthDate": "1963-09-21", "currentAge": 59, "birthCity": "Escondido", "birthStateProvince": "CA", "birthCountry": "USA", "height": "6' 4\"", "weight": 185, "active": false, "primaryPosition": {"code": "2", "name": "Catcher", "type": "Catcher", "abbreviation": "C"}, "useName": "Troy", "useLastName": "Afenir", "middleName": "Troy", "boxscoreName": "Afenir", "gender": "M", "isPlayer": true, "isVerified": true, "lastPlayedDate": "1992-07-10", "stats": [{"type": {"displayName": "career"}, "group": {"displayName": "fielding"}, "exemptions": [], "splits": [{"stat": {"gamesPlayed": 41, "gamesStarted": 20, "caughtStealing": 3, "stolenBases": 14, "stolenBasePercentage": ".824", "assists": 6, "putOuts": 121, "errors": 1, "chances": 128, "fielding": ".992", "position": {"code": "2", "name": "Catcher", "type": "Catcher", "abbreviation": "C"}, "rangeFactorPerGame": "3.10", "rangeFactorPer9Inn": "5.60", "innings": "204.1", "games": 41, "passedBall": 6, "doublePlays": 3, "triplePlays": 0, "catcherERA": "2.69", "catchersInterference": 0, "wildPitches": 4, "throwingErrors": 1, "pickoffs": 0}, "player": {"id": 110083, "fullName": "Troy Afenir", "link": "/api/v1/people/110083"}, "sport": {"id": 1, "link": "/api/v1/sports/1", "abbreviation": "MLB"}, "gameType": "R", "numTeams": 3, "position": {"code": "2", "name": "Catcher", "type": "Catcher", "abbreviation": "C"}}]}, {"type": {"displayName": "career"}, "group": {"displayName": "hitting"}, "exemptions": [], "splits": [{"stat": {"gamesPlayed": 45, "groundOuts": 14, "airOuts": 18, "runs": 4, "doubles": 2, "triples": 2, "homeRuns": 0, "strikeOuts": 32, "baseOnBalls": 5, "intentionalWalks": 0, "hits": 15, "hitByPitch": 0, "avg": ".190", "atBats": 79, "obp": ".235", "slg": ".266", "ops": ".501", "caughtStealing": 0, "stolenBases": 0, "stolenBasePercentage": ".---", "groundIntoDoublePlay": 1, "numberOfPitches": 289, "plateAppearances": 86, "totalBases": 21, "rbi": 7, "leftOnBase": 51, "sacBunts": 1, "sacFlies": 1, "babip": ".313", "groundOutsToAirouts": "0.78", "catchersInterference": 0, "atBatsPerHomeRun": "-.--"}, "player": {"id": 110083, "fullName": "Troy Afenir", "link": "/api/v1/people/110083"}, "sport": {"id": 1, "link": "/api/v1/sports/1", "abbreviation": "MLB"}, "gameType": "R", "numTeams": 3}]}, {"type": {"displayName": "yearByYear"}, "group": {"displayName": "fielding"}, "exemptions": [], "splits": [{"season": "1987", "stat": {"gamesPlayed": 10, "gamesStarted": 5, "caughtStealing": 1, "stolenBases": 8, "stolenBasePercentage": ".889", "assists": 3, "putOuts": 33, "errors": 1, "chances": 37, "fielding": ".973", "position": {"code": "2", "name": "Catcher", "type": "Catcher", "abbreviation": "C"}, "rangeFactorPerGame": "3.60", "rangeFactorPer9Inn": "6.35", "innings": "51.1", "games": 10, "passedBall": 3, "doublePlays": 1, "triplePlays": 0, "catcherERA": "4.91", "catchersInterference": 0, "wildPitches": 0, "throwingErrors": 1, "pickoffs": 0}, "team": {"id": 117, "name": "Houston Astros", "link": "/api/v1/teams/117"}, "player": {"id": 110083, "fullName": "Troy Afenir", "link": "/api/v1/people/110083"}, "league": {"id": 104, "name": "National League", "link": "/api/v1/league/104"}, "sport": {"id": 1, "link": "/api/v1/sports/1", "abbreviation": "MLB"}, "gameType": "R", "position": {"code": "2", "name": "Catcher", "type": "Catcher", "abbreviation": "C"}}, {"season": "1990", "stat": {"gamesPlayed": 12, "gamesStarted": 2, "caughtStealing": 1, "stolenBases": 0, "stolenBasePercentage": ".000", "assists": 0, "putOuts": 13, "errors": 0, "chances": 13, "fielding": "1.000", "position": {"code": "2", "name": "Catcher", "type": "Catcher", "abbreviation": "C"}, "rangeFactorPerGame": "1.08", "rangeFactorPer9Inn": "3.55", "innings": "33.0", "games": 12, "passedBall": 2, "doublePlays": 0, "triplePlays": 0, "catcherERA": "0.82", "catchersInterference": 0, "wildPitches": 1, "throwingErrors": 0, "pickoffs": 0}, "team": {"id": 133, "name": "Oakland Athletics", "link": "/api/v1/teams/133"}, "player": {"id": 110083, "fullName": "Troy Afenir", "link": "/api/v1/people/110083"}, "league": {"id": 103, "name": "American League", "link": "/api/v1/league/103"}, "sport": {"id": 1, "link": "/api/v1/sports/1", "abbreviation": "MLB"}, "gameType": "R", "position": {"code": "2", "name": "Catcher", "type": "Catcher", "abbreviation": "C"}}, {"season": "1991", "stat": {"gamesPlayed": 4, "gamesStarted": 3, "caughtStealing": 0, "stolenBases": 1, "stolenBasePercentage": "1.000", "assists": 1, "putOuts": 18, "errors": 0, "chances": 19, "fielding": "1.000", "position": {"code": "2", "name": "Catcher", "type": "Catcher", "abbreviation": "C"}, "rangeFactorPerGame": "4.75", "rangeFactorPer9Inn": "6.33", "innings": "27.1", "games": 4, "passedBall": 0, "doublePlays": 1, "triplePlays": 0, "catcherERA": "4.94", "catchersInterference": 0, "wildPitches": 1, "throwingErrors": 0, "pickoffs": 0}, "team": {"id": 133, "name": "Oakland Athletics", "link": "/api/v1/teams/133"}, "player": {"id": 110083, "fullName": "Troy Afenir", "link": "/api/v1/people/110083"}, "league": {"id": 103, "name": "American League", "link": "/api/v1/league/103"}, "sport": {"id": 1, "link": "/api/v1/sports/1", "abbreviation": "MLB"}, "gameType": "R", "position": {"code": "2", "name": "Catcher", "type": "Catcher", "abbreviation": "C"}}, {"season": "1992", "stat": {"gamesPlayed": 15, "gamesStarted": 10, "caughtStealing": 1, "stolenBases": 5, "stolenBasePercentage": ".833", "assists": 2, "putOuts": 57, "errors": 0, "chances": 59, "fielding": "1.000", "position": {"code": "2", "name": "Catcher", "type": "Catcher", "abbreviation": "C"}, "rangeFactorPerGame": "3.93", "rangeFactorPer9Inn": "5.77", "innings": "92.2", "games": 15, "passedBall": 1, "doublePlays": 1, "triplePlays": 0, "catcherERA": "2.72", "catchersInterference": 0, "wildPitches": 2, "throwingErrors": 0, "pickoffs": 0}, "team": {"id": 113, "name": "Cincinnati Reds", "link": "/api/v1/teams/113"}, "player": {"id": 110083, "fullName": "Troy Afenir", "link": "/api/v1/people/110083"}, "league": {"id": 104, "name": "National League", "link": "/api/v1/league/104"}, "sport": {"id": 1, "link": "/api/v1/sports/1", "abbreviation": "MLB"}, "gameType": "R", "position": {"code": "2", "name": "Catcher", "type": "Catcher", "abbreviation": "C"}}]}, {"type": {"displayName": "yearByYear"}, "group": {"displayName": "hitting"}, "exemptions": [], "splits": [{"season": "1987", "stat": {"gamesPlayed": 10, "groundOuts": 0, "airOuts": 0, "runs": 1, "doubles": 1, "triples": 0, "homeRuns": 0, "strikeOuts": 12, "baseOnBalls": 0, "intentionalWalks": 0, "hits": 6, "hitByPitch": 0, "avg": ".300", "atBats": 20, "obp": ".300", "slg": ".350", "ops": ".650", "caughtStealing": 0, "stolenBases": 0, "stolenBasePercentage": ".---", "groundIntoDoublePlay": 0, "numberOfPitches": 44, "plateAppearances": 20, "totalBases": 7, "rbi": 1, "leftOnBase": 10, "sacBunts": 0, "sacFlies": 0, "babip": ".750", "groundOutsToAirouts": "-.--", "catchersInterference": 0, "atBatsPerHomeRun": "-.--"}, "team": {"id": 117, "name": "Houston Astros", "link": "/api/v1/teams/117"}, "player": {"id": 110083, "fullName": "Troy Afenir", "link": "/api/v1/people/110083"}, "league": {"id": 104, "name": "National League", "link": "/api/v1/league/104"}, "sport": {"id": 1, "link": "/api/v1/sports/1", "abbreviation": "MLB"}, "gameType": "R"}, {"season": "1990", "stat": {"gamesPlayed": 14, "groundOuts": 1, "airOuts": 6, "runs": 0, "doubles": 0, "triples": 0, "homeRuns": 0, "strikeOuts": 6, "baseOnBalls": 0, "intentionalWalks": 0, "hits": 2, "hitByPitch": 0, "avg": ".143", "atBats": 14, "obp": ".133", "slg": ".143", "ops": ".276", "caughtStealing": 0, "stolenBases": 0, "stolenBasePercentage": ".---", "groundIntoDoublePlay": 0, "numberOfPitches": 50, "plateAppearances": 15, "totalBases": 2, "rbi": 2, "leftOnBase": 11, "sacBunts": 0, "sacFlies": 1, "babip": ".222", "groundOutsToAirouts": "0.17", "catchersInterference": 0, "atBatsPerHomeRun": "-.--"}, "team": {"id": 133, "name": "Oakland Athletics", "link": "/api/v1/teams/133"}, "player": {"id": 110083, "fullName": "Troy Afenir", "link": "/api/v1/people/110083"}, "league": {"id": 103, "name": "American League", "link": "/api/v1/league/103"}, "sport": {"id": 1, "link": "/api/v1/sports/1", "abbreviation": "MLB"}, "gameType": "R"}, {"season": "1991", "stat": {"gamesPlayed": 5, "groundOuts": 3, "airOuts": 5, "runs": 0, "doubles": 0, "triples": 0, "homeRuns": 0, "strikeOuts": 2, "baseOnBalls": 0, "intentionalWalks": 0, "hits": 1, "hitByPitch": 0, "avg": ".091", "atBats": 11, "obp": ".091", "slg": ".091", "ops": ".182", "caughtStealing": 0, "stolenBases": 0, "stolenBasePercentage": ".---", "groundIntoDoublePlay": 1, "numberOfPitches": 39, "plateAppearances": 11, "totalBases": 1, "rbi": 0, "leftOnBase": 11, "sacBunts": 0, "sacFlies": 0, "babip": ".111", "groundOutsToAirouts": "0.60", "catchersInterference": 0, "atBatsPerHomeRun": "-.--"}, "team": {"id": 133, "name": "Oakland Athletics", "link": "/api/v1/teams/133"}, "player": {"id": 110083, "fullName": "Troy Afenir", "link": "/api/v1/people/110083"}, "league": {"id": 103, "name": "American League", "link": "/api/v1/league/103"}, "sport": {"id": 1, "link": "/api/v1/sports/1", "abbreviation": "MLB"}, "gameType": "R"}, {"season": "1992", "stat": {"gamesPlayed": 16, "groundOuts": 10, "airOuts": 7, "runs": 3, "doubles": 1, "triples": 2, "homeRuns": 0, "strikeOuts": 12, "baseOnBalls": 5, "intentionalWalks": 0, "hits": 6, "hitByPitch": 0, "avg": ".176", "atBats": 34, "obp": ".282", "slg": ".324", "ops": ".606", "caughtStealing": 0, "stolenBases": 0, "stolenBasePercentage": ".---", "groundIntoDoublePlay": 0, "numberOfPitches": 156, "plateAppearances": 40, "totalBases": 11, "rbi": 4, "leftOnBase": 19, "sacBunts": 1, "sacFlies": 0, "babip": ".273", "groundOutsToAirouts": "1.43", "catchersInterference": 0, "atBatsPerHomeRun": "-.--"}, "team": {"id": 113, "name": "Cincinnati Reds", "link": "/api/v1/teams/113"}, "player": {"id": 110083, "fullName": "Troy Afenir", "link": "/api/v1/people/110083"}, "league": {"id": 104, "name": "National League", "link": "/api/v1/league/104"}, "sport": {"id": 1, "link": "/api/v1/sports/1", "abbreviation": "MLB"}, "gameType": "R"}]}], "mlbDebutDate": "1987-09-14", "batSide": {"code": "R", "description": "Right"}, "pitchHand": {"code": "R", "description": "Right"}, "nameFirstLast": "Troy Afenir", "nameSlug": "troy-afenir-110083", "firstLastName": "Troy Afenir", "lastFirstName": "Afenir, Troy", "lastInitName": "Afenir, T", "initLastName": "T Afenir", "fullFMLName": "Michael Troy Afenir", "fullLFMName": "Afenir, Michael Troy", "strikeZoneTop": 3.549, "strikeZoneBottom": 1.627}