{"id": 110254, "fullName": "Scott Anderson", "link": "/api/v1/people/110254", "firstName": "Scott", "lastName": "Anderson", "primaryNumber": "37", "birthDate": "1962-08-01", "currentAge": 61, "birthCity": "Corvallis", "birthStateProvince": "OR", "birthCountry": "USA", "height": "6' 6\"", "weight": 190, "active": false, "primaryPosition": {"code": "1", "name": "Pitcher", "type": "Pitcher", "abbreviation": "P"}, "useName": "Scott", "useLastName": "Anderson", "middleName": "Richard", "boxscoreName": "Anderson", "gender": "M", "isPlayer": true, "isVerified": true, "draftYear": 1984, "lastPlayedDate": "1995-08-26", "stats": [{"type": {"displayName": "career"}, "group": {"displayName": "pitching"}, "exemptions": [], "splits": [{"stat": {"gamesPlayed": 18, "gamesStarted": 7, "groundOuts": 51, "airOuts": 61, "runs": 33, "doubles": 20, "triples": 2, "homeRuns": 4, "strikeOuts": 28, "baseOnBalls": 21, "intentionalWalks": 2, "hits": 58, "hitByPitch": 2, "avg": ".272", "atBats": 213, "obp": ".342", "slg": ".441", "ops": ".783", "caughtStealing": 1, "stolenBases": 8, "stolenBasePercentage": ".889", "groundIntoDoublePlay": 5, "numberOfPitches": 761, "era": "5.43", "inningsPitched": "54.2", "wins": 1, "losses": 2, "saves": 0, "saveOpportunities": 0, "holds": 0, "blownSaves": 0, "earnedRuns": 33, "whip": "1.45", "battersFaced": 239, "outs": 164, "gamesPitched": 18, "completeGames": 0, "shutouts": 0, "strikes": 479, "strikePercentage": ".630", "hitBatsmen": 2, "balks": 0, "wildPitches": 2, "pickoffs": 0, "totalBases": 94, "groundOutsToAirouts": "0.84", "winPercentage": ".333", "pitchesPerInning": "13.92", "gamesFinished": 3, "strikeoutWalkRatio": "1.33", "strikeoutsPer9Inn": "4.61", "walksPer9Inn": "3.46", "hitsPer9Inn": "9.55", "runsScoredPer9": "5.43", "homeRunsPer9": "0.66", "inheritedRunners": 15, "inheritedRunnersScored": 7, "catchersInterference": 0, "sacBunts": 2, "sacFlies": 1}, "player": {"id": 110254, "fullName": "Scott Anderson", "link": "/api/v1/people/110254"}, "sport": {"id": 1, "link": "/api/v1/sports/1", "abbreviation": "MLB"}, "gameType": "R", "numTeams": 3}]}, {"type": {"displayName": "career"}, "group": {"displayName": "hitting"}, "exemptions": [], "splits": [{"stat": {"gamesPlayed": 4, "groundOuts": 2, "airOuts": 0, "runs": 0, "doubles": 0, "triples": 0, "homeRuns": 0, "strikeOuts": 3, "baseOnBalls": 0, "intentionalWalks": 0, "hits": 0, "hitByPitch": 0, "avg": ".000", "atBats": 4, "obp": ".000", "slg": ".000", "ops": ".000", "caughtStealing": 0, "stolenBases": 0, "stolenBasePercentage": ".---", "groundIntoDoublePlay": 0, "numberOfPitches": 17, "plateAppearances": 5, "totalBases": 0, "rbi": 0, "leftOnBase": 2, "sacBunts": 1, "sacFlies": 0, "babip": ".000", "groundOutsToAirouts": "2.00", "catchersInterference": 0, "atBatsPerHomeRun": "-.--"}, "team": {"id": 120, "name": "Washington Nationals", "link": "/api/v1/teams/120"}, "player": {"id": 110254, "fullName": "Scott Anderson", "link": "/api/v1/people/110254"}, "league": {"id": 104, "name": "National League", "link": "/api/v1/league/104"}, "sport": {"id": 1, "link": "/api/v1/sports/1", "abbreviation": "MLB"}, "gameType": "R"}]}, {"type": {"displayName": "career"}, "group": {"displayName": "fielding"}, "exemptions": [], "splits": [{"stat": {"gamesPlayed": 18, "gamesStarted": 7, "assists": 8, "putOuts": 3, "errors": 0, "chances": 11, "fielding": "1.000", "position": {"code": "1", "name": "Pitcher", "type": "Pitcher", "abbreviation": "P"}, "rangeFactorPerGame": "0.61", "rangeFactorPer9Inn": "1.83", "innings": "54.2", "games": 18, "doublePlays": 1, "triplePlays": 0, "throwingErrors": 0}, "player": {"id": 110254, "fullName": "Scott Anderson", "link": "/api/v1/people/110254"}, "sport": {"id": 1, "link": "/api/v1/sports/1", "abbreviation": "MLB"}, "gameType": "R", "numTeams": 3, "position": {"code": "1", "name": "Pitcher", "type": "Pitcher", "abbreviation": "P"}}]}, {"type": {"displayName": "yearByYear"}, "group": {"displayName": "pitching"}, "exemptions": [], "splits": [{"season": "1987", "stat": {"gamesPlayed": 8, "gamesStarted": 0, "groundOuts": 8, "airOuts": 5, "runs": 12, "doubles": 6, "triples": 0, "homeRuns": 0, "strikeOuts": 6, "baseOnBalls": 8, "intentionalWalks": 2, "hits": 17, "hitByPitch": 1, "avg": ".347", "atBats": 49, "obp": ".448", "slg": ".469", "ops": ".917", "caughtStealing": 1, "stolenBases": 1, "stolenBasePercentage": ".500", "groundIntoDoublePlay": 2, "numberOfPitches": 95, "era": "9.53", "inningsPitched": "11.1", "wins": 0, "losses": 1, "saves": 0, "saveOpportunities": 0, "holds": 0, "blownSaves": 0, "earnedRuns": 12, "whip": "2.21", "battersFaced": 59, "outs": 34, "gamesPitched": 8, "completeGames": 0, "shutouts": 0, "strikes": 62, "strikePercentage": ".650", "hitBatsmen": 1, "balks": 0, "wildPitches": 2, "pickoffs": 0, "totalBases": 23, "groundOutsToAirouts": "1.60", "winPercentage": ".000", "pitchesPerInning": "8.38", "gamesFinished": 2, "strikeoutWalkRatio": "0.75", "strikeoutsPer9Inn": "4.76", "walksPer9Inn": "6.35", "hitsPer9Inn": "13.50", "runsScoredPer9": "9.53", "homeRunsPer9": "0.00", "inheritedRunners": 10, "inheritedRunnersScored": 4, "catchersInterference": 0, "sacBunts": 1, "sacFlies": 0}, "team": {"id": 140, "name": "Texas Rangers", "link": "/api/v1/teams/140"}, "player": {"id": 110254, "fullName": "Scott Anderson", "link": "/api/v1/people/110254"}, "league": {"id": 103, "name": "American League", "link": "/api/v1/league/103"}, "sport": {"id": 1, "link": "/api/v1/sports/1", "abbreviation": "MLB"}, "gameType": "R"}, {"season": "1990", "stat": {"gamesPlayed": 4, "gamesStarted": 3, "groundOuts": 17, "airOuts": 17, "runs": 6, "doubles": 5, "triples": 1, "homeRuns": 1, "strikeOuts": 16, "baseOnBalls": 5, "intentionalWalks": 0, "hits": 12, "hitByPitch": 0, "avg": ".188", "atBats": 64, "obp": ".243", "slg": ".344", "ops": ".587", "caughtStealing": 0, "stolenBases": 6, "stolenBasePercentage": "1.000", "groundIntoDoublePlay": 0, "numberOfPitches": 256, "era": "3.00", "inningsPitched": "18.0", "wins": 0, "losses": 1, "saves": 0, "saveOpportunities": 0, "holds": 0, "blownSaves": 0, "earnedRuns": 6, "whip": "0.94", "battersFaced": 71, "outs": 54, "gamesPitched": 4, "completeGames": 0, "shutouts": 0, "strikes": 169, "strikePercentage": ".660", "hitBatsmen": 0, "balks": 0, "wildPitches": 0, "pickoffs": 0, "totalBases": 22, "groundOutsToAirouts": "1.00", "winPercentage": ".000", "pitchesPerInning": "14.22", "gamesFinished": 1, "strikeoutWalkRatio": "3.20", "strikeoutsPer9Inn": "8.00", "walksPer9Inn": "2.50", "hitsPer9Inn": "6.00", "runsScoredPer9": "3.00", "homeRunsPer9": "0.50", "inheritedRunners": 3, "inheritedRunnersScored": 3, "catchersInterference": 0, "sacBunts": 1, "sacFlies": 1}, "team": {"id": 120, "name": "Montreal Expos", "link": "/api/v1/teams/120"}, "player": {"id": 110254, "fullName": "Scott Anderson", "link": "/api/v1/people/110254"}, "league": {"id": 104, "name": "National League", "link": "/api/v1/league/104"}, "sport": {"id": 1, "link": "/api/v1/sports/1", "abbreviation": "MLB"}, "gameType": "R"}, {"season": "1995", "stat": {"gamesPlayed": 6, "gamesStarted": 4, "groundOuts": 26, "airOuts": 39, "runs": 15, "doubles": 9, "triples": 1, "homeRuns": 3, "strikeOuts": 6, "baseOnBalls": 8, "intentionalWalks": 0, "hits": 29, "hitByPitch": 1, "avg": ".290", "atBats": 100, "obp": ".349", "slg": ".490", "ops": ".839", "caughtStealing": 0, "stolenBases": 1, "stolenBasePercentage": "1.000", "groundIntoDoublePlay": 3, "numberOfPitches": 410, "era": "5.33", "inningsPitched": "25.1", "wins": 1, "losses": 0, "saves": 0, "saveOpportunities": 0, "holds": 0, "blownSaves": 0, "earnedRuns": 15, "whip": "1.46", "battersFaced": 109, "outs": 76, "gamesPitched": 6, "completeGames": 0, "shutouts": 0, "strikes": 248, "strikePercentage": ".600", "hitBatsmen": 1, "balks": 0, "wildPitches": 0, "pickoffs": 0, "totalBases": 49, "groundOutsToAirouts": "0.67", "winPercentage": "1.000", "pitchesPerInning": "16.18", "gamesFinished": 0, "strikeoutWalkRatio": "0.75", "strikeoutsPer9Inn": "2.13", "walksPer9Inn": "2.84", "hitsPer9Inn": "10.30", "runsScoredPer9": "5.33", "homeRunsPer9": "1.07", "inheritedRunners": 2, "inheritedRunnersScored": 0, "catchersInterference": 0, "sacBunts": 0, "sacFlies": 0}, "team": {"id": 118, "name": "Kansas City Royals", "link": "/api/v1/teams/118"}, "player": {"id": 110254, "fullName": "Scott Anderson", "link": "/api/v1/people/110254"}, "league": {"id": 103, "name": "American League", "link": "/api/v1/league/103"}, "sport": {"id": 1, "link": "/api/v1/sports/1", "abbreviation": "MLB"}, "gameType": "R"}]}, {"type": {"displayName": "yearByYear"}, "group": {"displayName": "hitting"}, "exemptions": [], "splits": [{"season": "1990", "stat": {"gamesPlayed": 4, "groundOuts": 2, "airOuts": 0, "runs": 0, "doubles": 0, "triples": 0, "homeRuns": 0, "strikeOuts": 3, "baseOnBalls": 0, "intentionalWalks": 0, "hits": 0, "hitByPitch": 0, "avg": ".000", "atBats": 4, "obp": ".000", "slg": ".000", "ops": ".000", "caughtStealing": 0, "stolenBases": 0, "stolenBasePercentage": ".---", "groundIntoDoublePlay": 0, "numberOfPitches": 17, "plateAppearances": 5, "totalBases": 0, "rbi": 0, "leftOnBase": 2, "sacBunts": 1, "sacFlies": 0, "babip": ".000", "groundOutsToAirouts": "2.00", "catchersInterference": 0, "atBatsPerHomeRun": "-.--"}, "team": {"id": 120, "name": "Montreal Expos", "link": "/api/v1/teams/120"}, "player": {"id": 110254, "fullName": "Scott Anderson", "link": "/api/v1/people/110254"}, "league": {"id": 104, "name": "National League", "link": "/api/v1/league/104"}, "sport": {"id": 1, "link": "/api/v1/sports/1", "abbreviation": "MLB"}, "gameType": "R"}]}, {"type": {"displayName": "yearByYear"}, "group": {"displayName": "fielding"}, "exemptions": [], "splits": [{"season": "1987", "stat": {"gamesPlayed": 8, "gamesStarted": 0, "assists": 3, "putOuts": 2, "errors": 0, "chances": 5, "fielding": "1.000", "position": {"code": "1", "name": "Pitcher", "type": "Pitcher", "abbreviation": "P"}, "rangeFactorPerGame": "0.63", "rangeFactorPer9Inn": "4.09", "innings": "11.1", "games": 8, "doublePlays": 1, "triplePlays": 0, "throwingErrors": 0}, "team": {"id": 140, "name": "Texas Rangers", "link": "/api/v1/teams/140"}, "player": {"id": 110254, "fullName": "Scott Anderson", "link": "/api/v1/people/110254"}, "league": {"id": 103, "name": "American League", "link": "/api/v1/league/103"}, "sport": {"id": 1, "link": "/api/v1/sports/1", "abbreviation": "MLB"}, "gameType": "R", "position": {"code": "1", "name": "Pitcher", "type": "Pitcher", "abbreviation": "P"}}, {"season": "1990", "stat": {"gamesPlayed": 4, "gamesStarted": 3, "assists": 2, "putOuts": 0, "errors": 0, "chances": 2, "fielding": "1.000", "position": {"code": "1", "name": "Pitcher", "type": "Pitcher", "abbreviation": "P"}, "rangeFactorPerGame": "0.50", "rangeFactorPer9Inn": "1.00", "innings": "18.0", "games": 4, "doublePlays": 0, "triplePlays": 0, "throwingErrors": 0}, "team": {"id": 120, "name": "Montreal Expos", "link": "/api/v1/teams/120"}, "player": {"id": 110254, "fullName": "Scott Anderson", "link": "/api/v1/people/110254"}, "league": {"id": 104, "name": "National League", "link": "/api/v1/league/104"}, "sport": {"id": 1, "link": "/api/v1/sports/1", "abbreviation": "MLB"}, "gameType": "R", "position": {"code": "1", "name": "Pitcher", "type": "Pitcher", "abbreviation": "P"}}, {"season": "1995", "stat": {"gamesPlayed": 6, "gamesStarted": 4, "assists": 3, "putOuts": 1, "errors": 0, "chances": 4, "fielding": "1.000", "position": {"code": "1", "name": "Pitcher", "type": "Pitcher", "abbreviation": "P"}, "rangeFactorPerGame": "0.67", "rangeFactorPer9Inn": "1.44", "innings": "25.1", "games": 6, "doublePlays": 0, "triplePlays": 0, "throwingErrors": 0}, "team": {"id": 118, "name": "Kansas City Royals", "link": "/api/v1/teams/118"}, "player": {"id": 110254, "fullName": "Scott Anderson", "link": "/api/v1/people/110254"}, "league": {"id": 103, "name": "American League", "link": "/api/v1/league/103"}, "sport": {"id": 1, "link": "/api/v1/sports/1", "abbreviation": "MLB"}, "gameType": "R", "position": {"code": "1", "name": "Pitcher", "type": "Pitcher", "abbreviation": "P"}}]}], "mlbDebutDate": "1987-04-08", "batSide": {"code": "R", "description": "Right"}, "pitchHand": {"code": "R", "description": "Right"}, "nameFirstLast": "Scott Anderson", "nameSlug": "scott-anderson-110254", "firstLastName": "Scott Anderson", "lastFirstName": "Anderson, Scott", "lastInitName": "Anderson, S", "initLastName": "S Anderson", "fullFMLName": "Scott Richard Anderson", "fullLFMName": "Anderson, Scott Richard", "strikeZoneTop": 3.656, "strikeZoneBottom": 1.677}