{"id": 110294, "fullName": "Fred Applegate", "link": "/api/v1/people/110294", "firstName": "Frederick", "lastName": "Applegate", "birthDate": "1879-05-09", "currentAge": 88, "birthCity": "Williamsport", "birthStateProvince": "PA", "birthCountry": "USA", "height": "6' 2\"", "weight": 180, "active": false, "primaryPosition": {"code": "1", "name": "Pitcher", "type": "Pitcher", "abbreviation": "P"}, "useName": "Fred", "useLastName": "Applegate", "middleName": "Romaine", "boxscoreName": "Applegate", "gender": "M", "isPlayer": true, "isVerified": true, "deathDate": "1968-04-21", "deathCity": "Williamsport", "deathStateProvince": "PA", "deathCountry": "USA", "lastPlayedDate": "1904-10-10", "stats": [{"type": {"displayName": "career"}, "group": {"displayName": "pitching"}, "exemptions": [], "splits": [{"stat": {"gamesPlayed": 3, "gamesStarted": 3, "runs": 18, "homeRuns": 0, "strikeOuts": 12, "baseOnBalls": 8, "hits": 29, "hitByPitch": 1, "avg": ".330", "atBats": 88, "obp": ".392", "era": "6.43", "inningsPitched": "21.0", "wins": 1, "losses": 2, "saves": 0, "earnedRuns": 15, "whip": "1.76", "battersFaced": 97, "outs": 63, "gamesPitched": 3, "completeGames": 3, "shutouts": 0, "hitBatsmen": 1, "balks": 0, "wildPitches": 1, "winPercentage": ".333", "gamesFinished": 0, "strikeoutWalkRatio": "1.50", "strikeoutsPer9Inn": "5.14", "walksPer9Inn": "3.43", "hitsPer9Inn": "12.43", "runsScoredPer9": "7.71", "homeRunsPer9": "0.00"}, "team": {"id": 133, "name": "Oakland Athletics", "link": "/api/v1/teams/133"}, "player": {"id": 110294, "fullName": "Fred Applegate", "link": "/api/v1/people/110294"}, "league": {"id": 103, "name": "American League", "link": "/api/v1/league/103"}, "sport": {"id": 1, "link": "/api/v1/sports/1", "abbreviation": "MLB"}, "gameType": "R"}]}, {"type": {"displayName": "career"}, "group": {"displayName": "hitting"}, "exemptions": [], "splits": [{"stat": {"gamesPlayed": 3, "runs": 0, "doubles": 0, "triples": 0, "homeRuns": 0, "baseOnBalls": 0, "hits": 2, "hitByPitch": 0, "avg": ".286", "atBats": 7, "obp": ".286", "slg": ".286", "ops": ".572", "stolenBases": 0, "plateAppearances": 8, "totalBases": 2, "rbi": 1, "sacBunts": 1, "atBatsPerHomeRun": "-.--"}, "team": {"id": 133, "name": "Oakland Athletics", "link": "/api/v1/teams/133"}, "player": {"id": 110294, "fullName": "Fred Applegate", "link": "/api/v1/people/110294"}, "league": {"id": 103, "name": "American League", "link": "/api/v1/league/103"}, "sport": {"id": 1, "link": "/api/v1/sports/1", "abbreviation": "MLB"}, "gameType": "R"}]}, {"type": {"displayName": "career"}, "group": {"displayName": "fielding"}, "exemptions": [], "splits": [{"stat": {"gamesPlayed": 3, "gamesStarted": 3, "assists": 8, "putOuts": 0, "errors": 0, "chances": 8, "fielding": "1.000", "position": {"code": "1", "name": "Pitcher", "type": "Pitcher", "abbreviation": "P"}, "rangeFactorPerGame": "2.67", "rangeFactorPer9Inn": "3.43", "innings": "21.0", "games": 3, "doublePlays": 0, "triplePlays": 0}, "team": {"id": 133, "name": "Oakland Athletics", "link": "/api/v1/teams/133"}, "player": {"id": 110294, "fullName": "Fred Applegate", "link": "/api/v1/people/110294"}, "league": {"id": 103, "name": "American League", "link": "/api/v1/league/103"}, "sport": {"id": 1, "link": "/api/v1/sports/1", "abbreviation": "MLB"}, "gameType": "R", "position": {"code": "1", "name": "Pitcher", "type": "Pitcher", "abbreviation": "P"}}]}, {"type": {"displayName": "yearByYear"}, "group": {"displayName": "pitching"}, "exemptions": [], "splits": [{"season": "1904", "stat": {"gamesPlayed": 3, "gamesStarted": 3, "runs": 18, "homeRuns": 0, "strikeOuts": 12, "baseOnBalls": 8, "hits": 29, "hitByPitch": 1, "avg": ".330", "atBats": 88, "obp": ".392", "era": "6.43", "inningsPitched": "21.0", "wins": 1, "losses": 2, "saves": 0, "earnedRuns": 15, "whip": "1.76", "battersFaced": 97, "outs": 63, "gamesPitched": 3, "completeGames": 3, "shutouts": 0, "hitBatsmen": 1, "balks": 0, "wildPitches": 1, "winPercentage": ".333", "gamesFinished": 0, "strikeoutWalkRatio": "1.50", "strikeoutsPer9Inn": "5.14", "walksPer9Inn": "3.43", "hitsPer9Inn": "12.43", "runsScoredPer9": "7.71", "homeRunsPer9": "0.00"}, "team": {"id": 133, "name": "Philadelphia Athletics", "link": "/api/v1/teams/133"}, "player": {"id": 110294, "fullName": "Fred Applegate", "link": "/api/v1/people/110294"}, "league": {"id": 103, "name": "American League", "link": "/api/v1/league/103"}, "sport": {"id": 1, "link": "/api/v1/sports/1", "abbreviation": "MLB"}, "gameType": "R"}]}, {"type": {"displayName": "yearByYear"}, "group": {"displayName": "hitting"}, "exemptions": [], "splits": [{"season": "1904", "stat": {"gamesPlayed": 3, "runs": 0, "doubles": 0, "triples": 0, "homeRuns": 0, "baseOnBalls": 0, "hits": 2, "hitByPitch": 0, "avg": ".286", "atBats": 7, "obp": ".286", "slg": ".286", "ops": ".572", "stolenBases": 0, "plateAppearances": 8, "totalBases": 2, "rbi": 1, "sacBunts": 1, "atBatsPerHomeRun": "-.--"}, "team": {"id": 133, "name": "Philadelphia Athletics", "link": "/api/v1/teams/133"}, "player": {"id": 110294, "fullName": "Fred Applegate", "link": "/api/v1/people/110294"}, "league": {"id": 103, "name": "American League", "link": "/api/v1/league/103"}, "sport": {"id": 1, "link": "/api/v1/sports/1", "abbreviation": "MLB"}, "gameType": "R"}]}, {"type": {"displayName": "yearByYear"}, "group": {"displayName": "fielding"}, "exemptions": [], "splits": [{"season": "1904", "stat": {"gamesPlayed": 3, "gamesStarted": 3, "assists": 8, "putOuts": 0, "errors": 0, "chances": 8, "fielding": "1.000", "position": {"code": "1", "name": "Pitcher", "type": "Pitcher", "abbreviation": "P"}, "rangeFactorPerGame": "2.67", "rangeFactorPer9Inn": "3.43", "innings": "21.0", "games": 3, "doublePlays": 0, "triplePlays": 0}, "team": {"id": 133, "name": "Philadelphia Athletics", "link": "/api/v1/teams/133"}, "player": {"id": 110294, "fullName": "Fred Applegate", "link": "/api/v1/people/110294"}, "league": {"id": 103, "name": "American League", "link": "/api/v1/league/103"}, "sport": {"id": 1, "link": "/api/v1/sports/1", "abbreviation": "MLB"}, "gameType": "R", "position": {"code": "1", "name": "Pitcher", "type": "Pitcher", "abbreviation": "P"}}]}], "mlbDebutDate": "1904-09-30", "batSide": {"code": "R", "description": "Right"}, "pitchHand": {"code": "R", "description": "Right"}, "nameFirstLast": "Fred Applegate", "nameSlug": "fred-applegate-110294", "firstLastName": "Fred Applegate", "lastFirstName": "Applegate, Fred", "lastInitName": "Applegate, F", "initLastName": "F Applegate", "fullFMLName": "Frederick Romaine Applegate", "fullLFMName": "Applegate, Frederick Romaine", "strikeZoneTop": 3.467, "strikeZoneBottom": 1.589}