{"id": 110496, "fullName": "Jack Baldschun", "link": "/api/v1/people/110496", "firstName": "Jack", "lastName": "Baldschun", "primaryNumber": "27", "birthDate": "1936-10-16", "currentAge": 86, "birthCity": "Greenville", "birthStateProvince": "OH", "birthCountry": "USA", "height": "6' 0\"", "weight": 190, "active": false, "primaryPosition": {"code": "1", "name": "Pitcher", "type": "Pitcher", "abbreviation": "P"}, "useName": "Jack", "useLastName": "Baldschun", "middleName": "Edward", "boxscoreName": "Baldschun", "gender": "M", "isPlayer": true, "isVerified": true, "deathDate": "2023-06-06", "deathCity": "Green Bay", "deathStateProvince": "WI", "deathCountry": "USA", "lastPlayedDate": "1970-08-21", "stats": [{"type": {"displayName": "career"}, "group": {"displayName": "pitching"}, "exemptions": [], "splits": [{"stat": {"gamesPlayed": 457, "gamesStarted": 0, "runs": 335, "homeRuns": 45, "strikeOuts": 555, "baseOnBalls": 298, "intentionalWalks": 67, "hits": 687, "hitByPitch": 23, "avg": ".257", "atBats": 2677, "obp": ".334", "era": "3.69", "inningsPitched": "704.0", "wins": 48, "losses": 41, "saves": 60, "saveOpportunities": 3, "blownSaves": 2, "earnedRuns": 289, "whip": "1.40", "battersFaced": 3066, "outs": 2112, "gamesPitched": 457, "completeGames": 0, "shutouts": 0, "hitBatsmen": 23, "balks": 0, "wildPitches": 49, "winPercentage": ".539", "gamesFinished": 267, "strikeoutWalkRatio": "1.86", "strikeoutsPer9Inn": "7.10", "walksPer9Inn": "3.81", "hitsPer9Inn": "8.78", "runsScoredPer9": "4.28", "homeRunsPer9": "0.58", "sacBunts": 48, "sacFlies": 20}, "player": {"id": 110496, "fullName": "Jack Baldschun", "link": "/api/v1/people/110496"}, "sport": {"id": 1, "link": "/api/v1/sports/1", "abbreviation": "MLB"}, "gameType": "R", "numTeams": 3}]}, {"type": {"displayName": "career"}, "group": {"displayName": "hitting"}, "exemptions": [], "splits": [{"stat": {"gamesPlayed": 457, "runs": 5, "doubles": 1, "triples": 0, "homeRuns": 0, "strikeOuts": 41, "baseOnBalls": 5, "intentionalWalks": 0, "hits": 7, "hitByPitch": 0, "avg": ".090", "atBats": 78, "obp": ".145", "slg": ".103", "ops": ".248", "caughtStealing": 0, "stolenBases": 1, "stolenBasePercentage": "1.000", "groundIntoDoublePlay": 1, "plateAppearances": 91, "totalBases": 8, "rbi": 3, "sacBunts": 8, "sacFlies": 0, "babip": ".189", "atBatsPerHomeRun": "-.--"}, "player": {"id": 110496, "fullName": "Jack Baldschun", "link": "/api/v1/people/110496"}, "sport": {"id": 1, "link": "/api/v1/sports/1", "abbreviation": "MLB"}, "gameType": "R", "numTeams": 3}]}, {"type": {"displayName": "career"}, "group": {"displayName": "fielding"}, "exemptions": [], "splits": [{"stat": {"gamesPlayed": 457, "gamesStarted": 0, "assists": 142, "putOuts": 41, "errors": 14, "chances": 197, "fielding": ".929", "position": {"code": "1", "name": "Pitcher", "type": "Pitcher", "abbreviation": "P"}, "rangeFactorPerGame": "0.40", "rangeFactorPer9Inn": "2.34", "innings": "704.0", "games": 457, "doublePlays": 6, "triplePlays": 0, "throwingErrors": 5}, "player": {"id": 110496, "fullName": "Jack Baldschun", "link": "/api/v1/people/110496"}, "sport": {"id": 1, "link": "/api/v1/sports/1", "abbreviation": "MLB"}, "gameType": "R", "numTeams": 3, "position": {"code": "1", "name": "Pitcher", "type": "Pitcher", "abbreviation": "P"}}]}, {"type": {"displayName": "yearByYear"}, "group": {"displayName": "pitching"}, "exemptions": [], "splits": [{"season": "1961", "stat": {"gamesPlayed": 65, "gamesStarted": 0, "runs": 53, "homeRuns": 7, "strikeOuts": 59, "baseOnBalls": 49, "intentionalWalks": 11, "hits": 90, "hitByPitch": 5, "avg": ".243", "atBats": 371, "obp": ".337", "era": "3.88", "inningsPitched": "99.2", "wins": 5, "losses": 3, "saves": 3, "earnedRuns": 43, "whip": "1.39", "battersFaced": 435, "outs": 299, "gamesPitched": 65, "completeGames": 0, "shutouts": 0, "hitBatsmen": 5, "balks": 0, "wildPitches": 11, "winPercentage": ".625", "gamesFinished": 39, "strikeoutWalkRatio": "1.20", "strikeoutsPer9Inn": "5.33", "walksPer9Inn": "4.42", "hitsPer9Inn": "8.13", "runsScoredPer9": "4.79", "homeRunsPer9": "0.63", "sacBunts": 8, "sacFlies": 2}, "team": {"id": 143, "name": "Philadelphia Phillies", "link": "/api/v1/teams/143"}, "player": {"id": 110496, "fullName": "Jack Baldschun", "link": "/api/v1/people/110496"}, "league": {"id": 104, "name": "National League", "link": "/api/v1/league/104"}, "sport": {"id": 1, "link": "/api/v1/sports/1", "abbreviation": "MLB"}, "gameType": "R"}, {"season": "1962", "stat": {"gamesPlayed": 67, "gamesStarted": 0, "runs": 41, "homeRuns": 6, "strikeOuts": 95, "baseOnBalls": 58, "intentionalWalks": 9, "hits": 95, "hitByPitch": 2, "avg": ".231", "atBats": 412, "obp": ".326", "era": "2.96", "inningsPitched": "112.2", "wins": 12, "losses": 7, "saves": 13, "earnedRuns": 37, "whip": "1.36", "battersFaced": 479, "outs": 338, "gamesPitched": 67, "completeGames": 0, "shutouts": 0, "hitBatsmen": 2, "balks": 0, "wildPitches": 9, "winPercentage": ".632", "gamesFinished": 49, "strikeoutWalkRatio": "1.64", "strikeoutsPer9Inn": "7.59", "walksPer9Inn": "4.63", "hitsPer9Inn": "7.59", "runsScoredPer9": "3.28", "homeRunsPer9": "0.48", "sacBunts": 4, "sacFlies": 3}, "team": {"id": 143, "name": "Philadelphia Phillies", "link": "/api/v1/teams/143"}, "player": {"id": 110496, "fullName": "Jack Baldschun", "link": "/api/v1/people/110496"}, "league": {"id": 104, "name": "National League", "link": "/api/v1/league/104"}, "sport": {"id": 1, "link": "/api/v1/sports/1", "abbreviation": "MLB"}, "gameType": "R"}, {"season": "1963", "stat": {"gamesPlayed": 65, "gamesStarted": 0, "runs": 37, "homeRuns": 7, "strikeOuts": 89, "baseOnBalls": 42, "intentionalWalks": 10, "hits": 99, "hitByPitch": 3, "avg": ".232", "atBats": 426, "obp": ".304", "era": "2.30", "inningsPitched": "113.2", "wins": 11, "losses": 7, "saves": 16, "earnedRuns": 29, "whip": "1.24", "battersFaced": 477, "outs": 341, "gamesPitched": 65, "completeGames": 0, "shutouts": 0, "hitBatsmen": 3, "balks": 0, "wildPitches": 3, "winPercentage": ".611", "gamesFinished": 44, "strikeoutWalkRatio": "2.12", "strikeoutsPer9Inn": "7.05", "walksPer9Inn": "3.33", "hitsPer9Inn": "7.84", "runsScoredPer9": "2.93", "homeRunsPer9": "0.55", "sacBunts": 3, "sacFlies": 3}, "team": {"id": 143, "name": "Philadelphia Phillies", "link": "/api/v1/teams/143"}, "player": {"id": 110496, "fullName": "Jack Baldschun", "link": "/api/v1/people/110496"}, "league": {"id": 104, "name": "National League", "link": "/api/v1/league/104"}, "sport": {"id": 1, "link": "/api/v1/sports/1", "abbreviation": "MLB"}, "gameType": "R"}, {"season": "1964", "stat": {"gamesPlayed": 71, "gamesStarted": 0, "runs": 50, "homeRuns": 8, "strikeOuts": 96, "baseOnBalls": 40, "intentionalWalks": 7, "hits": 111, "hitByPitch": 3, "avg": ".246", "atBats": 451, "obp": ".310", "era": "3.12", "inningsPitched": "118.1", "wins": 6, "losses": 9, "saves": 21, "earnedRuns": 41, "whip": "1.28", "battersFaced": 507, "outs": 355, "gamesPitched": 71, "completeGames": 0, "shutouts": 0, "hitBatsmen": 3, "balks": 0, "wildPitches": 9, "winPercentage": ".400", "gamesFinished": 51, "strikeoutWalkRatio": "2.40", "strikeoutsPer9Inn": "7.30", "walksPer9Inn": "3.04", "hitsPer9Inn": "8.44", "runsScoredPer9": "3.80", "homeRunsPer9": "0.61", "sacBunts": 11, "sacFlies": 2}, "team": {"id": 143, "name": "Philadelphia Phillies", "link": "/api/v1/teams/143"}, "player": {"id": 110496, "fullName": "Jack Baldschun", "link": "/api/v1/people/110496"}, "league": {"id": 104, "name": "National League", "link": "/api/v1/league/104"}, "sport": {"id": 1, "link": "/api/v1/sports/1", "abbreviation": "MLB"}, "gameType": "R"}, {"season": "1965", "stat": {"gamesPlayed": 65, "gamesStarted": 0, "runs": 53, "homeRuns": 4, "strikeOuts": 81, "baseOnBalls": 42, "intentionalWalks": 12, "hits": 102, "hitByPitch": 4, "avg": ".273", "atBats": 374, "obp": ".347", "era": "3.82", "inningsPitched": "99.0", "wins": 5, "losses": 8, "saves": 6, "earnedRuns": 42, "whip": "1.45", "battersFaced": 436, "outs": 297, "gamesPitched": 65, "completeGames": 0, "shutouts": 0, "hitBatsmen": 4, "balks": 0, "wildPitches": 5, "winPercentage": ".385", "gamesFinished": 31, "strikeoutWalkRatio": "1.93", "strikeoutsPer9Inn": "7.36", "walksPer9Inn": "3.82", "hitsPer9Inn": "9.27", "runsScoredPer9": "4.82", "homeRunsPer9": "0.36", "sacBunts": 9, "sacFlies": 7}, "team": {"id": 143, "name": "Philadelphia Phillies", "link": "/api/v1/teams/143"}, "player": {"id": 110496, "fullName": "Jack Baldschun", "link": "/api/v1/people/110496"}, "league": {"id": 104, "name": "National League", "link": "/api/v1/league/104"}, "sport": {"id": 1, "link": "/api/v1/sports/1", "abbreviation": "MLB"}, "gameType": "R"}, {"season": "1966", "stat": {"gamesPlayed": 42, "gamesStarted": 0, "runs": 35, "homeRuns": 4, "strikeOuts": 44, "baseOnBalls": 25, "intentionalWalks": 8, "hits": 71, "hitByPitch": 4, "avg": ".318", "atBats": 223, "obp": ".395", "era": "5.49", "inningsPitched": "57.1", "wins": 1, "losses": 5, "saves": 0, "earnedRuns": 35, "whip": "1.67", "battersFaced": 260, "outs": 172, "gamesPitched": 42, "completeGames": 0, "shutouts": 0, "hitBatsmen": 4, "balks": 0, "wildPitches": 5, "winPercentage": ".167", "gamesFinished": 20, "strikeoutWalkRatio": "1.76", "strikeoutsPer9Inn": "6.91", "walksPer9Inn": "3.92", "hitsPer9Inn": "11.15", "runsScoredPer9": "5.49", "homeRunsPer9": "0.63", "sacBunts": 7, "sacFlies": 1}, "team": {"id": 113, "name": "Cincinnati Reds", "link": "/api/v1/teams/113"}, "player": {"id": 110496, "fullName": "Jack Baldschun", "link": "/api/v1/people/110496"}, "league": {"id": 104, "name": "National League", "link": "/api/v1/league/104"}, "sport": {"id": 1, "link": "/api/v1/sports/1", "abbreviation": "MLB"}, "gameType": "R"}, {"season": "1967", "stat": {"gamesPlayed": 9, "gamesStarted": 0, "runs": 6, "homeRuns": 0, "strikeOuts": 12, "baseOnBalls": 9, "intentionalWalks": 3, "hits": 15, "hitByPitch": 0, "avg": ".283", "atBats": 53, "obp": ".387", "era": "4.15", "inningsPitched": "13.0", "wins": 0, "losses": 0, "saves": 0, "earnedRuns": 6, "whip": "1.85", "battersFaced": 62, "outs": 39, "gamesPitched": 9, "completeGames": 0, "shutouts": 0, "hitBatsmen": 0, "balks": 0, "wildPitches": 0, "winPercentage": ".---", "gamesFinished": 1, "strikeoutWalkRatio": "1.33", "strikeoutsPer9Inn": "8.31", "walksPer9Inn": "6.23", "hitsPer9Inn": "10.38", "runsScoredPer9": "4.15", "homeRunsPer9": "0.00", "sacBunts": 0, "sacFlies": 0}, "team": {"id": 113, "name": "Cincinnati Reds", "link": "/api/v1/teams/113"}, "player": {"id": 110496, "fullName": "Jack Baldschun", "link": "/api/v1/people/110496"}, "league": {"id": 104, "name": "National League", "link": "/api/v1/league/104"}, "sport": {"id": 1, "link": "/api/v1/sports/1", "abbreviation": "MLB"}, "gameType": "R"}, {"season": "1969", "stat": {"gamesPlayed": 61, "gamesStarted": 0, "runs": 45, "homeRuns": 7, "strikeOuts": 67, "baseOnBalls": 29, "intentionalWalks": 6, "hits": 80, "hitByPitch": 2, "avg": ".264", "atBats": 303, "obp": ".331", "era": "4.79", "inningsPitched": "77.0", "wins": 7, "losses": 2, "saves": 1, "saveOpportunities": 2, "blownSaves": 1, "earnedRuns": 41, "whip": "1.42", "battersFaced": 340, "outs": 231, "gamesPitched": 61, "completeGames": 0, "shutouts": 0, "hitBatsmen": 2, "balks": 0, "wildPitches": 7, "winPercentage": ".778", "gamesFinished": 24, "strikeoutWalkRatio": "2.31", "strikeoutsPer9Inn": "7.83", "walksPer9Inn": "3.39", "hitsPer9Inn": "9.35", "runsScoredPer9": "5.26", "homeRunsPer9": "0.82", "sacBunts": 5, "sacFlies": 1}, "team": {"id": 135, "name": "San Diego Padres", "link": "/api/v1/teams/135"}, "player": {"id": 110496, "fullName": "Jack Baldschun", "link": "/api/v1/people/110496"}, "league": {"id": 104, "name": "National League", "link": "/api/v1/league/104"}, "sport": {"id": 1, "link": "/api/v1/sports/1", "abbreviation": "MLB"}, "gameType": "R"}, {"season": "1970", "stat": {"gamesPlayed": 12, "gamesStarted": 0, "runs": 15, "homeRuns": 2, "strikeOuts": 12, "baseOnBalls": 4, "intentionalWalks": 1, "hits": 24, "hitByPitch": 0, "avg": ".375", "atBats": 64, "obp": ".406", "era": "10.13", "inningsPitched": "13.1", "wins": 1, "losses": 0, "saves": 0, "saveOpportunities": 1, "blownSaves": 1, "earnedRuns": 15, "whip": "2.10", "battersFaced": 70, "outs": 40, "gamesPitched": 12, "completeGames": 0, "shutouts": 0, "hitBatsmen": 0, "balks": 0, "wildPitches": 0, "winPercentage": "1.000", "gamesFinished": 8, "strikeoutWalkRatio": "3.00", "strikeoutsPer9Inn": "8.10", "walksPer9Inn": "2.70", "hitsPer9Inn": "16.20", "runsScoredPer9": "10.12", "homeRunsPer9": "1.35", "sacBunts": 1, "sacFlies": 1}, "team": {"id": 135, "name": "San Diego Padres", "link": "/api/v1/teams/135"}, "player": {"id": 110496, "fullName": "Jack Baldschun", "link": "/api/v1/people/110496"}, "league": {"id": 104, "name": "National League", "link": "/api/v1/league/104"}, "sport": {"id": 1, "link": "/api/v1/sports/1", "abbreviation": "MLB"}, "gameType": "R"}]}, {"type": {"displayName": "yearByYear"}, "group": {"displayName": "hitting"}, "exemptions": [], "splits": [{"season": "1961", "stat": {"gamesPlayed": 65, "runs": 0, "doubles": 0, "triples": 0, "homeRuns": 0, "strikeOuts": 7, "baseOnBalls": 1, "intentionalWalks": 0, "hits": 0, "hitByPitch": 0, "avg": ".000", "atBats": 11, "obp": ".083", "slg": ".000", "ops": ".083", "caughtStealing": 0, "stolenBases": 0, "stolenBasePercentage": ".---", "groundIntoDoublePlay": 1, "plateAppearances": 13, "totalBases": 0, "rbi": 0, "sacBunts": 1, "sacFlies": 0, "babip": ".000", "atBatsPerHomeRun": "-.--"}, "team": {"id": 143, "name": "Philadelphia Phillies", "link": "/api/v1/teams/143"}, "player": {"id": 110496, "fullName": "Jack Baldschun", "link": "/api/v1/people/110496"}, "league": {"id": 104, "name": "National League", "link": "/api/v1/league/104"}, "sport": {"id": 1, "link": "/api/v1/sports/1", "abbreviation": "MLB"}, "gameType": "R"}, {"season": "1962", "stat": {"gamesPlayed": 67, "runs": 1, "doubles": 0, "triples": 0, "homeRuns": 0, "strikeOuts": 7, "baseOnBalls": 2, "intentionalWalks": 0, "hits": 1, "hitByPitch": 0, "avg": ".063", "atBats": 16, "obp": ".167", "slg": ".063", "ops": ".230", "caughtStealing": 0, "stolenBases": 0, "stolenBasePercentage": ".---", "groundIntoDoublePlay": 0, "plateAppearances": 20, "totalBases": 1, "rbi": 0, "sacBunts": 2, "sacFlies": 0, "babip": ".111", "atBatsPerHomeRun": "-.--"}, "team": {"id": 143, "name": "Philadelphia Phillies", "link": "/api/v1/teams/143"}, "player": {"id": 110496, "fullName": "Jack Baldschun", "link": "/api/v1/people/110496"}, "league": {"id": 104, "name": "National League", "link": "/api/v1/league/104"}, "sport": {"id": 1, "link": "/api/v1/sports/1", "abbreviation": "MLB"}, "gameType": "R"}, {"season": "1963", "stat": {"gamesPlayed": 65, "runs": 0, "doubles": 0, "triples": 0, "homeRuns": 0, "strikeOuts": 8, "baseOnBalls": 0, "intentionalWalks": 0, "hits": 0, "hitByPitch": 0, "avg": ".000", "atBats": 20, "obp": ".000", "slg": ".000", "ops": ".000", "caughtStealing": 0, "stolenBases": 0, "stolenBasePercentage": ".---", "groundIntoDoublePlay": 0, "plateAppearances": 21, "totalBases": 0, "rbi": 0, "sacBunts": 1, "sacFlies": 0, "babip": ".000", "atBatsPerHomeRun": "-.--"}, "team": {"id": 143, "name": "Philadelphia Phillies", "link": "/api/v1/teams/143"}, "player": {"id": 110496, "fullName": "Jack Baldschun", "link": "/api/v1/people/110496"}, "league": {"id": 104, "name": "National League", "link": "/api/v1/league/104"}, "sport": {"id": 1, "link": "/api/v1/sports/1", "abbreviation": "MLB"}, "gameType": "R"}, {"season": "1964", "stat": {"gamesPlayed": 71, "runs": 3, "doubles": 1, "triples": 0, "homeRuns": 0, "strikeOuts": 8, "baseOnBalls": 1, "intentionalWalks": 0, "hits": 4, "hitByPitch": 0, "avg": ".250", "atBats": 16, "obp": ".294", "slg": ".313", "ops": ".607", "caughtStealing": 0, "stolenBases": 1, "stolenBasePercentage": "1.000", "groundIntoDoublePlay": 0, "plateAppearances": 19, "totalBases": 5, "rbi": 2, "sacBunts": 2, "sacFlies": 0, "babip": ".500", "atBatsPerHomeRun": "-.--"}, "team": {"id": 143, "name": "Philadelphia Phillies", "link": "/api/v1/teams/143"}, "player": {"id": 110496, "fullName": "Jack Baldschun", "link": "/api/v1/people/110496"}, "league": {"id": 104, "name": "National League", "link": "/api/v1/league/104"}, "sport": {"id": 1, "link": "/api/v1/sports/1", "abbreviation": "MLB"}, "gameType": "R"}, {"season": "1965", "stat": {"gamesPlayed": 65, "runs": 0, "doubles": 0, "triples": 0, "homeRuns": 0, "strikeOuts": 5, "baseOnBalls": 0, "intentionalWalks": 0, "hits": 0, "hitByPitch": 0, "avg": ".000", "atBats": 7, "obp": ".000", "slg": ".000", "ops": ".000", "caughtStealing": 0, "stolenBases": 0, "stolenBasePercentage": ".---", "groundIntoDoublePlay": 0, "plateAppearances": 9, "totalBases": 0, "rbi": 0, "sacBunts": 2, "sacFlies": 0, "babip": ".000", "atBatsPerHomeRun": "-.--"}, "team": {"id": 143, "name": "Philadelphia Phillies", "link": "/api/v1/teams/143"}, "player": {"id": 110496, "fullName": "Jack Baldschun", "link": "/api/v1/people/110496"}, "league": {"id": 104, "name": "National League", "link": "/api/v1/league/104"}, "sport": {"id": 1, "link": "/api/v1/sports/1", "abbreviation": "MLB"}, "gameType": "R"}, {"season": "1966", "stat": {"gamesPlayed": 42, "runs": 1, "doubles": 0, "triples": 0, "homeRuns": 0, "strikeOuts": 2, "baseOnBalls": 0, "intentionalWalks": 0, "hits": 1, "hitByPitch": 0, "avg": ".333", "atBats": 3, "obp": ".333", "slg": ".333", "ops": ".666", "caughtStealing": 0, "stolenBases": 0, "stolenBasePercentage": ".---", "groundIntoDoublePlay": 0, "plateAppearances": 3, "totalBases": 1, "rbi": 1, "sacBunts": 0, "sacFlies": 0, "babip": "1.000", "atBatsPerHomeRun": "-.--"}, "team": {"id": 113, "name": "Cincinnati Reds", "link": "/api/v1/teams/113"}, "player": {"id": 110496, "fullName": "Jack Baldschun", "link": "/api/v1/people/110496"}, "league": {"id": 104, "name": "National League", "link": "/api/v1/league/104"}, "sport": {"id": 1, "link": "/api/v1/sports/1", "abbreviation": "MLB"}, "gameType": "R"}, {"season": "1967", "stat": {"gamesPlayed": 9, "runs": 0, "doubles": 0, "triples": 0, "homeRuns": 0, "strikeOuts": 1, "baseOnBalls": 0, "intentionalWalks": 0, "hits": 0, "hitByPitch": 0, "avg": ".000", "atBats": 1, "obp": ".000", "slg": ".000", "ops": ".000", "caughtStealing": 0, "stolenBases": 0, "stolenBasePercentage": ".---", "groundIntoDoublePlay": 0, "plateAppearances": 1, "totalBases": 0, "rbi": 0, "sacBunts": 0, "sacFlies": 0, "babip": ".---", "atBatsPerHomeRun": "-.--"}, "team": {"id": 113, "name": "Cincinnati Reds", "link": "/api/v1/teams/113"}, "player": {"id": 110496, "fullName": "Jack Baldschun", "link": "/api/v1/people/110496"}, "league": {"id": 104, "name": "National League", "link": "/api/v1/league/104"}, "sport": {"id": 1, "link": "/api/v1/sports/1", "abbreviation": "MLB"}, "gameType": "R"}, {"season": "1969", "stat": {"gamesPlayed": 61, "runs": 0, "doubles": 0, "triples": 0, "homeRuns": 0, "strikeOuts": 3, "baseOnBalls": 1, "intentionalWalks": 0, "hits": 1, "hitByPitch": 0, "avg": ".250", "atBats": 4, "obp": ".400", "slg": ".250", "ops": ".650", "caughtStealing": 0, "stolenBases": 0, "stolenBasePercentage": ".---", "groundIntoDoublePlay": 0, "plateAppearances": 5, "totalBases": 1, "rbi": 0, "sacBunts": 0, "sacFlies": 0, "babip": "1.000", "atBatsPerHomeRun": "-.--"}, "team": {"id": 135, "name": "San Diego Padres", "link": "/api/v1/teams/135"}, "player": {"id": 110496, "fullName": "Jack Baldschun", "link": "/api/v1/people/110496"}, "league": {"id": 104, "name": "National League", "link": "/api/v1/league/104"}, "sport": {"id": 1, "link": "/api/v1/sports/1", "abbreviation": "MLB"}, "gameType": "R"}, {"season": "1970", "stat": {"gamesPlayed": 12, "runs": 0, "doubles": 0, "triples": 0, "homeRuns": 0, "strikeOuts": 0, "baseOnBalls": 0, "intentionalWalks": 0, "hits": 0, "hitByPitch": 0, "avg": ".000", "atBats": 0, "obp": ".000", "slg": ".000", "ops": ".000", "caughtStealing": 0, "stolenBases": 0, "stolenBasePercentage": ".---", "groundIntoDoublePlay": 0, "plateAppearances": 0, "totalBases": 0, "rbi": 0, "sacBunts": 0, "sacFlies": 0, "babip": ".---", "atBatsPerHomeRun": "-.--"}, "team": {"id": 135, "name": "San Diego Padres", "link": "/api/v1/teams/135"}, "player": {"id": 110496, "fullName": "Jack Baldschun", "link": "/api/v1/people/110496"}, "league": {"id": 104, "name": "National League", "link": "/api/v1/league/104"}, "sport": {"id": 1, "link": "/api/v1/sports/1", "abbreviation": "MLB"}, "gameType": "R"}]}, {"type": {"displayName": "yearByYear"}, "group": {"displayName": "fielding"}, "exemptions": [], "splits": [{"season": "1961", "stat": {"gamesPlayed": 65, "gamesStarted": 0, "assists": 19, "putOuts": 9, "errors": 0, "chances": 28, "fielding": "1.000", "position": {"code": "1", "name": "Pitcher", "type": "Pitcher", "abbreviation": "P"}, "rangeFactorPerGame": "0.43", "rangeFactorPer9Inn": "2.55", "innings": "99.2", "games": 65, "doublePlays": 0, "triplePlays": 0, "throwingErrors": 0}, "team": {"id": 143, "name": "Philadelphia Phillies", "link": "/api/v1/teams/143"}, "player": {"id": 110496, "fullName": "Jack Baldschun", "link": "/api/v1/people/110496"}, "league": {"id": 104, "name": "National League", "link": "/api/v1/league/104"}, "sport": {"id": 1, "link": "/api/v1/sports/1", "abbreviation": "MLB"}, "gameType": "R", "position": {"code": "1", "name": "Pitcher", "type": "Pitcher", "abbreviation": "P"}}, {"season": "1962", "stat": {"gamesPlayed": 67, "gamesStarted": 0, "assists": 19, "putOuts": 9, "errors": 1, "chances": 29, "fielding": ".966", "position": {"code": "1", "name": "Pitcher", "type": "Pitcher", "abbreviation": "P"}, "rangeFactorPerGame": "0.42", "rangeFactorPer9Inn": "2.25", "innings": "112.2", "games": 67, "doublePlays": 2, "triplePlays": 0, "throwingErrors": 1}, "team": {"id": 143, "name": "Philadelphia Phillies", "link": "/api/v1/teams/143"}, "player": {"id": 110496, "fullName": "Jack Baldschun", "link": "/api/v1/people/110496"}, "league": {"id": 104, "name": "National League", "link": "/api/v1/league/104"}, "sport": {"id": 1, "link": "/api/v1/sports/1", "abbreviation": "MLB"}, "gameType": "R", "position": {"code": "1", "name": "Pitcher", "type": "Pitcher", "abbreviation": "P"}}, {"season": "1963", "stat": {"gamesPlayed": 65, "gamesStarted": 0, "assists": 29, "putOuts": 7, "errors": 5, "chances": 41, "fielding": ".878", "position": {"code": "1", "name": "Pitcher", "type": "Pitcher", "abbreviation": "P"}, "rangeFactorPerGame": "0.55", "rangeFactorPer9Inn": "2.87", "innings": "113.2", "games": 65, "doublePlays": 0, "triplePlays": 0, "throwingErrors": 2}, "team": {"id": 143, "name": "Philadelphia Phillies", "link": "/api/v1/teams/143"}, "player": {"id": 110496, "fullName": "Jack Baldschun", "link": "/api/v1/people/110496"}, "league": {"id": 104, "name": "National League", "link": "/api/v1/league/104"}, "sport": {"id": 1, "link": "/api/v1/sports/1", "abbreviation": "MLB"}, "gameType": "R", "position": {"code": "1", "name": "Pitcher", "type": "Pitcher", "abbreviation": "P"}}, {"season": "1964", "stat": {"gamesPlayed": 71, "gamesStarted": 0, "assists": 27, "putOuts": 5, "errors": 4, "chances": 36, "fielding": ".889", "position": {"code": "1", "name": "Pitcher", "type": "Pitcher", "abbreviation": "P"}, "rangeFactorPerGame": "0.45", "rangeFactorPer9Inn": "2.44", "innings": "118.1", "games": 71, "doublePlays": 2, "triplePlays": 0, "throwingErrors": 1}, "team": {"id": 143, "name": "Philadelphia Phillies", "link": "/api/v1/teams/143"}, "player": {"id": 110496, "fullName": "Jack Baldschun", "link": "/api/v1/people/110496"}, "league": {"id": 104, "name": "National League", "link": "/api/v1/league/104"}, "sport": {"id": 1, "link": "/api/v1/sports/1", "abbreviation": "MLB"}, "gameType": "R", "position": {"code": "1", "name": "Pitcher", "type": "Pitcher", "abbreviation": "P"}}, {"season": "1965", "stat": {"gamesPlayed": 65, "gamesStarted": 0, "assists": 23, "putOuts": 2, "errors": 2, "chances": 27, "fielding": ".926", "position": {"code": "1", "name": "Pitcher", "type": "Pitcher", "abbreviation": "P"}, "rangeFactorPerGame": "0.38", "rangeFactorPer9Inn": "2.27", "innings": "99.0", "games": 65, "doublePlays": 0, "triplePlays": 0, "throwingErrors": 0}, "team": {"id": 143, "name": "Philadelphia Phillies", "link": "/api/v1/teams/143"}, "player": {"id": 110496, "fullName": "Jack Baldschun", "link": "/api/v1/people/110496"}, "league": {"id": 104, "name": "National League", "link": "/api/v1/league/104"}, "sport": {"id": 1, "link": "/api/v1/sports/1", "abbreviation": "MLB"}, "gameType": "R", "position": {"code": "1", "name": "Pitcher", "type": "Pitcher", "abbreviation": "P"}}, {"season": "1966", "stat": {"gamesPlayed": 42, "gamesStarted": 0, "assists": 13, "putOuts": 1, "errors": 1, "chances": 15, "fielding": ".933", "position": {"code": "1", "name": "Pitcher", "type": "Pitcher", "abbreviation": "P"}, "rangeFactorPerGame": "0.33", "rangeFactorPer9Inn": "2.21", "innings": "57.1", "games": 42, "doublePlays": 2, "triplePlays": 0, "throwingErrors": 1}, "team": {"id": 113, "name": "Cincinnati Reds", "link": "/api/v1/teams/113"}, "player": {"id": 110496, "fullName": "Jack Baldschun", "link": "/api/v1/people/110496"}, "league": {"id": 104, "name": "National League", "link": "/api/v1/league/104"}, "sport": {"id": 1, "link": "/api/v1/sports/1", "abbreviation": "MLB"}, "gameType": "R", "position": {"code": "1", "name": "Pitcher", "type": "Pitcher", "abbreviation": "P"}}, {"season": "1967", "stat": {"gamesPlayed": 9, "gamesStarted": 0, "assists": 1, "putOuts": 1, "errors": 0, "chances": 2, "fielding": "1.000", "position": {"code": "1", "name": "Pitcher", "type": "Pitcher", "abbreviation": "P"}, "rangeFactorPerGame": "0.22", "rangeFactorPer9Inn": "1.38", "innings": "13.0", "games": 9, "doublePlays": 0, "triplePlays": 0, "throwingErrors": 0}, "team": {"id": 113, "name": "Cincinnati Reds", "link": "/api/v1/teams/113"}, "player": {"id": 110496, "fullName": "Jack Baldschun", "link": "/api/v1/people/110496"}, "league": {"id": 104, "name": "National League", "link": "/api/v1/league/104"}, "sport": {"id": 1, "link": "/api/v1/sports/1", "abbreviation": "MLB"}, "gameType": "R", "position": {"code": "1", "name": "Pitcher", "type": "Pitcher", "abbreviation": "P"}}, {"season": "1969", "stat": {"gamesPlayed": 61, "gamesStarted": 0, "assists": 10, "putOuts": 7, "errors": 1, "chances": 18, "fielding": ".944", "position": {"code": "1", "name": "Pitcher", "type": "Pitcher", "abbreviation": "P"}, "rangeFactorPerGame": "0.28", "rangeFactorPer9Inn": "1.99", "innings": "77.0", "games": 61, "doublePlays": 0, "triplePlays": 0, "throwingErrors": 0}, "team": {"id": 135, "name": "San Diego Padres", "link": "/api/v1/teams/135"}, "player": {"id": 110496, "fullName": "Jack Baldschun", "link": "/api/v1/people/110496"}, "league": {"id": 104, "name": "National League", "link": "/api/v1/league/104"}, "sport": {"id": 1, "link": "/api/v1/sports/1", "abbreviation": "MLB"}, "gameType": "R", "position": {"code": "1", "name": "Pitcher", "type": "Pitcher", "abbreviation": "P"}}, {"season": "1970", "stat": {"gamesPlayed": 12, "gamesStarted": 0, "assists": 1, "putOuts": 0, "errors": 0, "chances": 1, "fielding": "1.000", "position": {"code": "1", "name": "Pitcher", "type": "Pitcher", "abbreviation": "P"}, "rangeFactorPerGame": "0.08", "rangeFactorPer9Inn": "0.69", "innings": "13.1", "games": 12, "doublePlays": 0, "triplePlays": 0, "throwingErrors": 0}, "team": {"id": 135, "name": "San Diego Padres", "link": "/api/v1/teams/135"}, "player": {"id": 110496, "fullName": "Jack Baldschun", "link": "/api/v1/people/110496"}, "league": {"id": 104, "name": "National League", "link": "/api/v1/league/104"}, "sport": {"id": 1, "link": "/api/v1/sports/1", "abbreviation": "MLB"}, "gameType": "R", "position": {"code": "1", "name": "Pitcher", "type": "Pitcher", "abbreviation": "P"}}]}], "mlbDebutDate": "1961-04-28", "batSide": {"code": "R", "description": "Right"}, "pitchHand": {"code": "R", "description": "Right"}, "nameFirstLast": "Jack Baldschun", "nameSlug": "jack-baldschun-110496", "firstLastName": "Jack Baldschun", "lastFirstName": "Baldschun, Jack", "lastInitName": "Baldschun, J", "initLastName": "J Baldschun", "fullFMLName": "Jack Edward Baldschun", "fullLFMName": "Baldschun, Jack Edward", "strikeZoneTop": 3.371, "strikeZoneBottom": 1.535}