{"id": 110421, "fullName": "Mike Bacsik", "link": "/api/v1/people/110421", "firstName": "Michael", "lastName": "Bacsik", "primaryNumber": "27", "birthDate": "1952-04-01", "currentAge": 71, "birthCity": "Dallas", "birthStateProvince": "TX", "birthCountry": "USA", "height": "6' 1\"", "weight": 185, "active": false, "primaryPosition": {"code": "1", "name": "Pitcher", "type": "Pitcher", "abbreviation": "P"}, "useName": "Mike", "useLastName": "Bacsik", "middleName": "James", "boxscoreName": "Bacsik", "gender": "M", "isPlayer": true, "isVerified": true, "draftYear": 1970, "lastPlayedDate": "1980-08-09", "stats": [{"type": {"displayName": "career"}, "group": {"displayName": "pitching"}, "exemptions": [], "splits": [{"stat": {"gamesPlayed": 73, "gamesStarted": 3, "groundOuts": 75, "airOuts": 74, "runs": 104, "doubles": 37, "triples": 5, "homeRuns": 12, "strikeOuts": 77, "baseOnBalls": 75, "intentionalWalks": 9, "hits": 190, "hitByPitch": 3, "avg": ".284", "atBats": 668, "obp": ".356", "slg": ".409", "ops": ".765", "caughtStealing": 4, "stolenBases": 20, "stolenBasePercentage": ".833", "groundIntoDoublePlay": 15, "numberOfPitches": 1149, "era": "4.43", "inningsPitched": "172.2", "wins": 8, "losses": 6, "saves": 0, "saveOpportunities": 0, "holds": 0, "blownSaves": 0, "earnedRuns": 85, "whip": "1.53", "battersFaced": 770, "outs": 518, "gamesPitched": 73, "completeGames": 0, "shutouts": 0, "strikes": 846, "strikePercentage": ".740", "hitBatsmen": 3, "balks": 2, "wildPitches": 4, "pickoffs": 0, "totalBases": 273, "groundOutsToAirouts": "1.01", "winPercentage": ".571", "pitchesPerInning": "6.65", "gamesFinished": 32, "strikeoutWalkRatio": "1.03", "strikeoutsPer9Inn": "4.01", "walksPer9Inn": "3.91", "hitsPer9Inn": "9.90", "runsScoredPer9": "5.42", "homeRunsPer9": "0.63", "inheritedRunners": 72, "inheritedRunnersScored": 27, "catchersInterference": 0, "sacBunts": 17, "sacFlies": 7}, "player": {"id": 110421, "fullName": "Mike Bacsik", "link": "/api/v1/people/110421"}, "sport": {"id": 1, "link": "/api/v1/sports/1", "abbreviation": "MLB"}, "gameType": "R", "numTeams": 2}]}, {"type": {"displayName": "career"}, "group": {"displayName": "fielding"}, "exemptions": [], "splits": [{"stat": {"gamesPlayed": 73, "gamesStarted": 3, "assists": 22, "putOuts": 11, "errors": 1, "chances": 34, "fielding": ".971", "position": {"code": "1", "name": "Pitcher", "type": "Pitcher", "abbreviation": "P"}, "rangeFactorPerGame": "0.45", "rangeFactorPer9Inn": "1.73", "innings": "172.2", "games": 73, "doublePlays": 1, "triplePlays": 0, "throwingErrors": 0}, "player": {"id": 110421, "fullName": "Mike Bacsik", "link": "/api/v1/people/110421"}, "sport": {"id": 1, "link": "/api/v1/sports/1", "abbreviation": "MLB"}, "gameType": "R", "numTeams": 2, "position": {"code": "1", "name": "Pitcher", "type": "Pitcher", "abbreviation": "P"}}]}, {"type": {"displayName": "yearByYear"}, "group": {"displayName": "pitching"}, "exemptions": [], "splits": [{"season": "1975", "stat": {"gamesPlayed": 7, "gamesStarted": 3, "groundOuts": 12, "airOuts": 11, "runs": 17, "doubles": 9, "triples": 2, "homeRuns": 1, "strikeOuts": 13, "baseOnBalls": 9, "intentionalWalks": 1, "hits": 28, "hitByPitch": 1, "avg": ".275", "atBats": 102, "obp": ".336", "slg": ".431", "ops": ".767", "caughtStealing": 2, "stolenBases": 2, "stolenBasePercentage": ".500", "groundIntoDoublePlay": 1, "numberOfPitches": 169, "era": "3.71", "inningsPitched": "26.2", "wins": 1, "losses": 2, "saves": 0, "saveOpportunities": 0, "holds": 0, "blownSaves": 0, "earnedRuns": 11, "whip": "1.39", "battersFaced": 116, "outs": 80, "gamesPitched": 7, "completeGames": 0, "shutouts": 0, "strikes": 132, "strikePercentage": ".780", "hitBatsmen": 1, "balks": 1, "wildPitches": 0, "pickoffs": 0, "totalBases": 44, "groundOutsToAirouts": "1.09", "winPercentage": ".333", "pitchesPerInning": "6.34", "gamesFinished": 3, "strikeoutWalkRatio": "1.44", "strikeoutsPer9Inn": "4.39", "walksPer9Inn": "3.04", "hitsPer9Inn": "9.45", "runsScoredPer9": "5.74", "homeRunsPer9": "0.34", "inheritedRunners": 3, "inheritedRunnersScored": 1, "catchersInterference": 0, "sacBunts": 3, "sacFlies": 1}, "team": {"id": 140, "name": "Texas Rangers", "link": "/api/v1/teams/140"}, "player": {"id": 110421, "fullName": "Mike Bacsik", "link": "/api/v1/people/110421"}, "league": {"id": 103, "name": "American League", "link": "/api/v1/league/103"}, "sport": {"id": 1, "link": "/api/v1/sports/1", "abbreviation": "MLB"}, "gameType": "R"}, {"season": "1976", "stat": {"gamesPlayed": 23, "gamesStarted": 0, "groundOuts": 28, "airOuts": 22, "runs": 31, "doubles": 9, "triples": 1, "homeRuns": 3, "strikeOuts": 21, "baseOnBalls": 26, "intentionalWalks": 4, "hits": 66, "hitByPitch": 2, "avg": ".308", "atBats": 214, "obp": ".385", "slg": ".402", "ops": ".787", "caughtStealing": 2, "stolenBases": 11, "stolenBasePercentage": ".846", "groundIntoDoublePlay": 4, "numberOfPitches": 371, "era": "4.25", "inningsPitched": "55.0", "wins": 3, "losses": 2, "saves": 0, "saveOpportunities": 0, "holds": 0, "blownSaves": 0, "earnedRuns": 26, "whip": "1.67", "battersFaced": 251, "outs": 165, "gamesPitched": 23, "completeGames": 0, "shutouts": 0, "strikes": 265, "strikePercentage": ".710", "hitBatsmen": 2, "balks": 1, "wildPitches": 2, "pickoffs": 0, "totalBases": 86, "groundOutsToAirouts": "1.27", "winPercentage": ".600", "pitchesPerInning": "6.75", "gamesFinished": 7, "strikeoutWalkRatio": "0.81", "strikeoutsPer9Inn": "3.44", "walksPer9Inn": "4.25", "hitsPer9Inn": "10.80", "runsScoredPer9": "5.07", "homeRunsPer9": "0.49", "inheritedRunners": 29, "inheritedRunnersScored": 14, "catchersInterference": 0, "sacBunts": 7, "sacFlies": 2}, "team": {"id": 140, "name": "Texas Rangers", "link": "/api/v1/teams/140"}, "player": {"id": 110421, "fullName": "Mike Bacsik", "link": "/api/v1/people/110421"}, "league": {"id": 103, "name": "American League", "link": "/api/v1/league/103"}, "sport": {"id": 1, "link": "/api/v1/sports/1", "abbreviation": "MLB"}, "gameType": "R"}, {"season": "1977", "stat": {"gamesPlayed": 2, "gamesStarted": 0, "groundOuts": 1, "airOuts": 0, "runs": 5, "doubles": 2, "triples": 0, "homeRuns": 1, "strikeOuts": 1, "baseOnBalls": 0, "intentionalWalks": 0, "hits": 9, "hitByPitch": 0, "avg": ".563", "atBats": 16, "obp": ".563", "slg": ".875", "ops": "1.438", "caughtStealing": 0, "stolenBases": 0, "stolenBasePercentage": ".---", "groundIntoDoublePlay": 0, "numberOfPitches": 18, "era": "19.29", "inningsPitched": "2.1", "wins": 0, "losses": 0, "saves": 0, "saveOpportunities": 0, "holds": 0, "blownSaves": 0, "earnedRuns": 5, "whip": "3.86", "battersFaced": 16, "outs": 7, "gamesPitched": 2, "completeGames": 0, "shutouts": 0, "strikes": 18, "strikePercentage": "1.000", "hitBatsmen": 0, "balks": 0, "wildPitches": 0, "pickoffs": 0, "totalBases": 14, "groundOutsToAirouts": "1.00", "winPercentage": ".---", "pitchesPerInning": "7.71", "gamesFinished": 0, "strikeoutWalkRatio": "-.--", "strikeoutsPer9Inn": "3.86", "walksPer9Inn": "0.00", "hitsPer9Inn": "34.71", "runsScoredPer9": "19.29", "homeRunsPer9": "3.86", "inheritedRunners": 3, "inheritedRunnersScored": 1, "catchersInterference": 0, "sacBunts": 0, "sacFlies": 0}, "team": {"id": 140, "name": "Texas Rangers", "link": "/api/v1/teams/140"}, "player": {"id": 110421, "fullName": "Mike Bacsik", "link": "/api/v1/people/110421"}, "league": {"id": 103, "name": "American League", "link": "/api/v1/league/103"}, "sport": {"id": 1, "link": "/api/v1/sports/1", "abbreviation": "MLB"}, "gameType": "R"}, {"season": "1979", "stat": {"gamesPlayed": 31, "gamesStarted": 0, "groundOuts": 30, "airOuts": 21, "runs": 39, "doubles": 12, "triples": 2, "homeRuns": 6, "strikeOuts": 33, "baseOnBalls": 29, "intentionalWalks": 4, "hits": 61, "hitByPitch": 0, "avg": ".249", "atBats": 245, "obp": ".325", "slg": ".388", "ops": ".713", "caughtStealing": 0, "stolenBases": 6, "stolenBasePercentage": "1.000", "groundIntoDoublePlay": 7, "numberOfPitches": 436, "era": "4.39", "inningsPitched": "65.2", "wins": 4, "losses": 2, "saves": 0, "saveOpportunities": 0, "holds": 0, "blownSaves": 0, "earnedRuns": 32, "whip": "1.37", "battersFaced": 283, "outs": 197, "gamesPitched": 31, "completeGames": 0, "shutouts": 0, "strikes": 320, "strikePercentage": ".730", "hitBatsmen": 0, "balks": 0, "wildPitches": 2, "pickoffs": 0, "totalBases": 95, "groundOutsToAirouts": "1.43", "winPercentage": ".667", "pitchesPerInning": "6.64", "gamesFinished": 13, "strikeoutWalkRatio": "1.14", "strikeoutsPer9Inn": "4.52", "walksPer9Inn": "3.97", "hitsPer9Inn": "8.36", "runsScoredPer9": "5.35", "homeRunsPer9": "0.82", "inheritedRunners": 31, "inheritedRunnersScored": 9, "catchersInterference": 0, "sacBunts": 6, "sacFlies": 3}, "team": {"id": 142, "name": "Minnesota Twins", "link": "/api/v1/teams/142"}, "player": {"id": 110421, "fullName": "Mike Bacsik", "link": "/api/v1/people/110421"}, "league": {"id": 103, "name": "American League", "link": "/api/v1/league/103"}, "sport": {"id": 1, "link": "/api/v1/sports/1", "abbreviation": "MLB"}, "gameType": "R"}, {"season": "1980", "stat": {"gamesPlayed": 10, "gamesStarted": 0, "groundOuts": 4, "airOuts": 20, "runs": 12, "doubles": 5, "triples": 0, "homeRuns": 1, "strikeOuts": 9, "baseOnBalls": 11, "intentionalWalks": 0, "hits": 26, "hitByPitch": 0, "avg": ".286", "atBats": 91, "obp": ".359", "slg": ".374", "ops": ".733", "caughtStealing": 0, "stolenBases": 1, "stolenBasePercentage": "1.000", "groundIntoDoublePlay": 3, "numberOfPitches": 155, "era": "4.30", "inningsPitched": "23.0", "wins": 0, "losses": 0, "saves": 0, "saveOpportunities": 0, "holds": 0, "blownSaves": 0, "earnedRuns": 11, "whip": "1.61", "battersFaced": 104, "outs": 69, "gamesPitched": 10, "completeGames": 0, "shutouts": 0, "strikes": 111, "strikePercentage": ".720", "hitBatsmen": 0, "balks": 0, "wildPitches": 0, "pickoffs": 0, "totalBases": 34, "groundOutsToAirouts": "0.20", "winPercentage": ".---", "pitchesPerInning": "6.74", "gamesFinished": 9, "strikeoutWalkRatio": "0.82", "strikeoutsPer9Inn": "3.52", "walksPer9Inn": "4.30", "hitsPer9Inn": "10.17", "runsScoredPer9": "4.70", "homeRunsPer9": "0.39", "inheritedRunners": 6, "inheritedRunnersScored": 2, "catchersInterference": 0, "sacBunts": 1, "sacFlies": 1}, "team": {"id": 142, "name": "Minnesota Twins", "link": "/api/v1/teams/142"}, "player": {"id": 110421, "fullName": "Mike Bacsik", "link": "/api/v1/people/110421"}, "league": {"id": 103, "name": "American League", "link": "/api/v1/league/103"}, "sport": {"id": 1, "link": "/api/v1/sports/1", "abbreviation": "MLB"}, "gameType": "R"}]}, {"type": {"displayName": "yearByYear"}, "group": {"displayName": "fielding"}, "exemptions": [], "splits": [{"season": "1975", "stat": {"gamesPlayed": 7, "gamesStarted": 3, "assists": 3, "putOuts": 2, "errors": 0, "chances": 5, "fielding": "1.000", "position": {"code": "1", "name": "Pitcher", "type": "Pitcher", "abbreviation": "P"}, "rangeFactorPerGame": "0.71", "rangeFactorPer9Inn": "1.73", "innings": "26.2", "games": 7, "doublePlays": 0, "triplePlays": 0, "throwingErrors": 0}, "team": {"id": 140, "name": "Texas Rangers", "link": "/api/v1/teams/140"}, "player": {"id": 110421, "fullName": "Mike Bacsik", "link": "/api/v1/people/110421"}, "league": {"id": 103, "name": "American League", "link": "/api/v1/league/103"}, "sport": {"id": 1, "link": "/api/v1/sports/1", "abbreviation": "MLB"}, "gameType": "R", "position": {"code": "1", "name": "Pitcher", "type": "Pitcher", "abbreviation": "P"}}, {"season": "1976", "stat": {"gamesPlayed": 23, "gamesStarted": 0, "assists": 6, "putOuts": 3, "errors": 1, "chances": 10, "fielding": ".900", "position": {"code": "1", "name": "Pitcher", "type": "Pitcher", "abbreviation": "P"}, "rangeFactorPerGame": "0.39", "rangeFactorPer9Inn": "1.47", "innings": "55.0", "games": 23, "doublePlays": 0, "triplePlays": 0, "throwingErrors": 0}, "team": {"id": 140, "name": "Texas Rangers", "link": "/api/v1/teams/140"}, "player": {"id": 110421, "fullName": "Mike Bacsik", "link": "/api/v1/people/110421"}, "league": {"id": 103, "name": "American League", "link": "/api/v1/league/103"}, "sport": {"id": 1, "link": "/api/v1/sports/1", "abbreviation": "MLB"}, "gameType": "R", "position": {"code": "1", "name": "Pitcher", "type": "Pitcher", "abbreviation": "P"}}, {"season": "1977", "stat": {"gamesPlayed": 2, "gamesStarted": 0, "assists": 1, "putOuts": 0, "errors": 0, "chances": 1, "fielding": "1.000", "position": {"code": "1", "name": "Pitcher", "type": "Pitcher", "abbreviation": "P"}, "rangeFactorPerGame": "0.50", "rangeFactorPer9Inn": "4.50", "innings": "2.1", "games": 2, "doublePlays": 0, "triplePlays": 0, "throwingErrors": 0}, "team": {"id": 140, "name": "Texas Rangers", "link": "/api/v1/teams/140"}, "player": {"id": 110421, "fullName": "Mike Bacsik", "link": "/api/v1/people/110421"}, "league": {"id": 103, "name": "American League", "link": "/api/v1/league/103"}, "sport": {"id": 1, "link": "/api/v1/sports/1", "abbreviation": "MLB"}, "gameType": "R", "position": {"code": "1", "name": "Pitcher", "type": "Pitcher", "abbreviation": "P"}}, {"season": "1979", "stat": {"gamesPlayed": 31, "gamesStarted": 0, "assists": 9, "putOuts": 3, "errors": 0, "chances": 12, "fielding": "1.000", "position": {"code": "1", "name": "Pitcher", "type": "Pitcher", "abbreviation": "P"}, "rangeFactorPerGame": "0.39", "rangeFactorPer9Inn": "1.66", "innings": "65.2", "games": 31, "doublePlays": 0, "triplePlays": 0, "throwingErrors": 0}, "team": {"id": 142, "name": "Minnesota Twins", "link": "/api/v1/teams/142"}, "player": {"id": 110421, "fullName": "Mike Bacsik", "link": "/api/v1/people/110421"}, "league": {"id": 103, "name": "American League", "link": "/api/v1/league/103"}, "sport": {"id": 1, "link": "/api/v1/sports/1", "abbreviation": "MLB"}, "gameType": "R", "position": {"code": "1", "name": "Pitcher", "type": "Pitcher", "abbreviation": "P"}}, {"season": "1980", "stat": {"gamesPlayed": 10, "gamesStarted": 0, "assists": 3, "putOuts": 3, "errors": 0, "chances": 6, "fielding": "1.000", "position": {"code": "1", "name": "Pitcher", "type": "Pitcher", "abbreviation": "P"}, "rangeFactorPerGame": "0.60", "rangeFactorPer9Inn": "2.35", "innings": "23.0", "games": 10, "doublePlays": 1, "triplePlays": 0, "throwingErrors": 0}, "team": {"id": 142, "name": "Minnesota Twins", "link": "/api/v1/teams/142"}, "player": {"id": 110421, "fullName": "Mike Bacsik", "link": "/api/v1/people/110421"}, "league": {"id": 103, "name": "American League", "link": "/api/v1/league/103"}, "sport": {"id": 1, "link": "/api/v1/sports/1", "abbreviation": "MLB"}, "gameType": "R", "position": {"code": "1", "name": "Pitcher", "type": "Pitcher", "abbreviation": "P"}}]}], "mlbDebutDate": "1975-06-15", "batSide": {"code": "R", "description": "Right"}, "pitchHand": {"code": "R", "description": "Right"}, "nameFirstLast": "Mike Bacsik", "nameSlug": "mike-bacsik-110421", "firstLastName": "Mike Bacsik", "lastFirstName": "Bacsik, Mike", "lastInitName": "Bacsik, M", "initLastName": "M Bacsik", "fullFMLName": "Michael James Bacsik", "fullLFMName": "Bacsik, Michael James", "strikeZoneTop": 3.411, "strikeZoneBottom": 1.565}