{"id": 110391, "fullName": "Al Autry", "link": "/api/v1/people/110391", "firstName": "Albert", "lastName": "Autry", "primaryNumber": "38", "birthDate": "1952-02-29", "currentAge": 69, "birthCity": "Modesto", "birthStateProvince": "CA", "birthCountry": "USA", "height": "6' 5\"", "weight": 225, "active": false, "primaryPosition": {"code": "1", "name": "Pitcher", "type": "Pitcher", "abbreviation": "P"}, "useName": "Al", "useLastName": "Autry", "boxscoreName": "Autry", "gender": "M", "isPlayer": true, "isVerified": true, "draftYear": 1969, "deathDate": "2022-02-25", "deathCity": "El Dorado Hills", "deathStateProvince": "CA", "deathCountry": "USA", "lastPlayedDate": "1976-09-14", "stats": [{"type": {"displayName": "career"}, "group": {"displayName": "hitting"}, "exemptions": [], "splits": [{"stat": {"gamesPlayed": 1, "groundOuts": 0, "airOuts": 0, "runs": 0, "doubles": 0, "triples": 0, "homeRuns": 0, "strikeOuts": 1, "baseOnBalls": 0, "intentionalWalks": 0, "hits": 0, "hitByPitch": 0, "avg": ".000", "atBats": 2, "obp": ".000", "slg": ".000", "ops": ".000", "caughtStealing": 0, "stolenBases": 0, "stolenBasePercentage": ".---", "groundIntoDoublePlay": 0, "numberOfPitches": 4, "plateAppearances": 2, "totalBases": 0, "rbi": 0, "leftOnBase": 2, "sacBunts": 0, "sacFlies": 0, "babip": ".000", "groundOutsToAirouts": "-.--", "catchersInterference": 0, "atBatsPerHomeRun": "-.--"}, "team": {"id": 144, "name": "Atlanta Braves", "link": "/api/v1/teams/144"}, "player": {"id": 110391, "fullName": "Al Autry", "link": "/api/v1/people/110391"}, "league": {"id": 104, "name": "National League", "link": "/api/v1/league/104"}, "sport": {"id": 1, "link": "/api/v1/sports/1", "abbreviation": "MLB"}, "gameType": "R"}]}, {"type": {"displayName": "career"}, "group": {"displayName": "pitching"}, "exemptions": [], "splits": [{"stat": {"gamesPlayed": 1, "gamesStarted": 1, "groundOuts": 1, "airOuts": 0, "runs": 3, "doubles": 1, "triples": 0, "homeRuns": 2, "strikeOuts": 3, "baseOnBalls": 3, "intentionalWalks": 0, "hits": 4, "hitByPitch": 0, "avg": ".222", "atBats": 18, "obp": ".333", "slg": ".611", "ops": ".944", "caughtStealing": 1, "stolenBases": 2, "stolenBasePercentage": ".667", "groundIntoDoublePlay": 0, "numberOfPitches": 36, "era": "5.40", "inningsPitched": "5.0", "wins": 1, "losses": 0, "saves": 0, "saveOpportunities": 0, "holds": 0, "blownSaves": 0, "earnedRuns": 3, "whip": "1.40", "battersFaced": 21, "outs": 15, "gamesPitched": 1, "completeGames": 0, "shutouts": 0, "strikes": 24, "strikePercentage": ".670", "hitBatsmen": 0, "balks": 0, "wildPitches": 0, "pickoffs": 0, "totalBases": 11, "groundOutsToAirouts": "1.00", "winPercentage": "1.000", "pitchesPerInning": "7.20", "gamesFinished": 0, "strikeoutWalkRatio": "1.00", "strikeoutsPer9Inn": "5.40", "walksPer9Inn": "5.40", "hitsPer9Inn": "7.20", "runsScoredPer9": "5.40", "homeRunsPer9": "3.60", "inheritedRunners": 0, "inheritedRunnersScored": 0, "catchersInterference": 0, "sacBunts": 0, "sacFlies": 0}, "team": {"id": 144, "name": "Atlanta Braves", "link": "/api/v1/teams/144"}, "player": {"id": 110391, "fullName": "Al Autry", "link": "/api/v1/people/110391"}, "league": {"id": 104, "name": "National League", "link": "/api/v1/league/104"}, "sport": {"id": 1, "link": "/api/v1/sports/1", "abbreviation": "MLB"}, "gameType": "R"}]}, {"type": {"displayName": "career"}, "group": {"displayName": "fielding"}, "exemptions": [], "splits": [{"stat": {"gamesPlayed": 1, "gamesStarted": 1, "assists": 0, "putOuts": 0, "errors": 0, "chances": 0, "fielding": ".000", "position": {"code": "1", "name": "Pitcher", "type": "Pitcher", "abbreviation": "P"}, "rangeFactorPerGame": "0.00", "rangeFactorPer9Inn": "0.00", "innings": "5.0", "games": 1, "doublePlays": 0, "triplePlays": 0, "throwingErrors": 0}, "team": {"id": 144, "name": "Atlanta Braves", "link": "/api/v1/teams/144"}, "player": {"id": 110391, "fullName": "Al Autry", "link": "/api/v1/people/110391"}, "league": {"id": 104, "name": "National League", "link": "/api/v1/league/104"}, "sport": {"id": 1, "link": "/api/v1/sports/1", "abbreviation": "MLB"}, "gameType": "R", "position": {"code": "1", "name": "Pitcher", "type": "Pitcher", "abbreviation": "P"}}]}, {"type": {"displayName": "yearByYear"}, "group": {"displayName": "hitting"}, "exemptions": [], "splits": [{"season": "1976", "stat": {"gamesPlayed": 1, "groundOuts": 0, "airOuts": 0, "runs": 0, "doubles": 0, "triples": 0, "homeRuns": 0, "strikeOuts": 1, "baseOnBalls": 0, "intentionalWalks": 0, "hits": 0, "hitByPitch": 0, "avg": ".000", "atBats": 2, "obp": ".000", "slg": ".000", "ops": ".000", "caughtStealing": 0, "stolenBases": 0, "stolenBasePercentage": ".---", "groundIntoDoublePlay": 0, "numberOfPitches": 4, "plateAppearances": 2, "totalBases": 0, "rbi": 0, "leftOnBase": 2, "sacBunts": 0, "sacFlies": 0, "babip": ".000", "groundOutsToAirouts": "-.--", "catchersInterference": 0, "atBatsPerHomeRun": "-.--"}, "team": {"id": 144, "name": "Atlanta Braves", "link": "/api/v1/teams/144"}, "player": {"id": 110391, "fullName": "Al Autry", "link": "/api/v1/people/110391"}, "league": {"id": 104, "name": "National League", "link": "/api/v1/league/104"}, "sport": {"id": 1, "link": "/api/v1/sports/1", "abbreviation": "MLB"}, "gameType": "R"}]}, {"type": {"displayName": "yearByYear"}, "group": {"displayName": "pitching"}, "exemptions": [], "splits": [{"season": "1976", "stat": {"gamesPlayed": 1, "gamesStarted": 1, "groundOuts": 1, "airOuts": 0, "runs": 3, "doubles": 1, "triples": 0, "homeRuns": 2, "strikeOuts": 3, "baseOnBalls": 3, "intentionalWalks": 0, "hits": 4, "hitByPitch": 0, "avg": ".222", "atBats": 18, "obp": ".333", "slg": ".611", "ops": ".944", "caughtStealing": 1, "stolenBases": 2, "stolenBasePercentage": ".667", "groundIntoDoublePlay": 0, "numberOfPitches": 36, "era": "5.40", "inningsPitched": "5.0", "wins": 1, "losses": 0, "saves": 0, "saveOpportunities": 0, "holds": 0, "blownSaves": 0, "earnedRuns": 3, "whip": "1.40", "battersFaced": 21, "outs": 15, "gamesPitched": 1, "completeGames": 0, "shutouts": 0, "strikes": 24, "strikePercentage": ".670", "hitBatsmen": 0, "balks": 0, "wildPitches": 0, "pickoffs": 0, "totalBases": 11, "groundOutsToAirouts": "1.00", "winPercentage": "1.000", "pitchesPerInning": "7.20", "gamesFinished": 0, "strikeoutWalkRatio": "1.00", "strikeoutsPer9Inn": "5.40", "walksPer9Inn": "5.40", "hitsPer9Inn": "7.20", "runsScoredPer9": "5.40", "homeRunsPer9": "3.60", "inheritedRunners": 0, "inheritedRunnersScored": 0, "catchersInterference": 0, "sacBunts": 0, "sacFlies": 0}, "team": {"id": 144, "name": "Atlanta Braves", "link": "/api/v1/teams/144"}, "player": {"id": 110391, "fullName": "Al Autry", "link": "/api/v1/people/110391"}, "league": {"id": 104, "name": "National League", "link": "/api/v1/league/104"}, "sport": {"id": 1, "link": "/api/v1/sports/1", "abbreviation": "MLB"}, "gameType": "R"}]}, {"type": {"displayName": "yearByYear"}, "group": {"displayName": "fielding"}, "exemptions": [], "splits": [{"season": "1976", "stat": {"gamesPlayed": 1, "gamesStarted": 1, "assists": 0, "putOuts": 0, "errors": 0, "chances": 0, "fielding": ".000", "position": {"code": "1", "name": "Pitcher", "type": "Pitcher", "abbreviation": "P"}, "rangeFactorPerGame": "0.00", "rangeFactorPer9Inn": "0.00", "innings": "5.0", "games": 1, "doublePlays": 0, "triplePlays": 0, "throwingErrors": 0}, "team": {"id": 144, "name": "Atlanta Braves", "link": "/api/v1/teams/144"}, "player": {"id": 110391, "fullName": "Al Autry", "link": "/api/v1/people/110391"}, "league": {"id": 104, "name": "National League", "link": "/api/v1/league/104"}, "sport": {"id": 1, "link": "/api/v1/sports/1", "abbreviation": "MLB"}, "gameType": "R", "position": {"code": "1", "name": "Pitcher", "type": "Pitcher", "abbreviation": "P"}}]}], "mlbDebutDate": "1976-09-14", "batSide": {"code": "R", "description": "Right"}, "pitchHand": {"code": "R", "description": "Right"}, "nameFirstLast": "Al Autry", "nameSlug": "al-autry-110391", "firstLastName": "Al Autry", "lastFirstName": "Autry, Al", "lastInitName": "Autry, A", "initLastName": "A Autry", "fullFMLName": "Albert Autry", "fullLFMName": "Autry, Albert", "strikeZoneTop": 3.575, "strikeZoneBottom": 1.681}