{"id": 110150, "fullName": "Pete Allen", "link": "/api/v1/people/110150", "firstName": "Jesse", "lastName": "Allen", "birthDate": "1868-05-01", "currentAge": 77, "birthCity": "Columbiana", "birthStateProvince": "OH", "birthCountry": "USA", "height": "5' 8\"", "weight": 185, "active": false, "primaryPosition": {"code": "2", "name": "Catcher", "type": "Catcher", "abbreviation": "C"}, "useName": "Pete", "useLastName": "Allen", "middleName": "Hall", "boxscoreName": "Allen", "gender": "M", "isPlayer": true, "isVerified": true, "deathDate": "1946-04-15", "deathCity": "Philadelphia", "deathStateProvince": "PA", "deathCountry": "USA", "stats": [{"type": {"displayName": "career"}, "group": {"displayName": "hitting"}, "exemptions": [], "splits": [{"stat": {"gamesPlayed": 1, "runs": 0, "doubles": 0, "triples": 0, "homeRuns": 0, "strikeOuts": 0, "baseOnBalls": 0, "hits": 0, "hitByPitch": 0, "avg": ".000", "atBats": 4, "obp": ".000", "slg": ".000", "ops": ".000", "stolenBases": 0, "plateAppearances": 4, "totalBases": 0, "rbi": 0, "babip": ".000", "atBatsPerHomeRun": "-.--"}, "team": {"id": 209, "link": "/api/v1/teams/209"}, "player": {"id": 110150, "fullName": "Pete Allen", "link": "/api/v1/people/110150"}, "league": {"id": 104, "name": "National League", "link": "/api/v1/league/104"}, "sport": {"id": 1, "link": "/api/v1/sports/1", "abbreviation": "MLB"}, "gameType": "R"}]}, {"type": {"displayName": "career"}, "group": {"displayName": "fielding"}, "exemptions": [], "splits": [{"stat": {"gamesPlayed": 1, "assists": 0, "putOuts": 1, "errors": 0, "chances": 1, "fielding": "1.000", "position": {"code": "2", "name": "Catcher", "type": "Catcher", "abbreviation": "C"}, "rangeFactorPerGame": "1.00", "games": 1, "passedBall": 2, "doublePlays": 0, "triplePlays": 0}, "team": {"id": 209, "link": "/api/v1/teams/209"}, "player": {"id": 110150, "fullName": "Pete Allen", "link": "/api/v1/people/110150"}, "league": {"id": 104, "name": "National League", "link": "/api/v1/league/104"}, "sport": {"id": 1, "link": "/api/v1/sports/1", "abbreviation": "MLB"}, "gameType": "R", "position": {"code": "2", "name": "Catcher", "type": "Catcher", "abbreviation": "C"}}]}, {"type": {"displayName": "yearByYear"}, "group": {"displayName": "hitting"}, "exemptions": [], "splits": [{"season": "1893", "stat": {"gamesPlayed": 1, "runs": 0, "doubles": 0, "triples": 0, "homeRuns": 0, "strikeOuts": 0, "baseOnBalls": 0, "hits": 0, "hitByPitch": 0, "avg": ".000", "atBats": 4, "obp": ".000", "slg": ".000", "ops": ".000", "stolenBases": 0, "plateAppearances": 4, "totalBases": 0, "rbi": 0, "babip": ".000", "atBatsPerHomeRun": "-.--"}, "team": {"id": 209, "name": "Cleveland Spiders", "link": "/api/v1/teams/209"}, "player": {"id": 110150, "fullName": "Pete Allen", "link": "/api/v1/people/110150"}, "league": {"id": 104, "name": "National League", "link": "/api/v1/league/104"}, "sport": {"id": 1, "link": "/api/v1/sports/1", "abbreviation": "MLB"}, "gameType": "R"}]}, {"type": {"displayName": "yearByYear"}, "group": {"displayName": "fielding"}, "exemptions": [], "splits": [{"season": "1893", "stat": {"gamesPlayed": 1, "assists": 0, "putOuts": 1, "errors": 0, "chances": 1, "fielding": "1.000", "position": {"code": "2", "name": "Catcher", "type": "Catcher", "abbreviation": "C"}, "rangeFactorPerGame": "1.00", "games": 1, "passedBall": 2, "doublePlays": 0, "triplePlays": 0}, "team": {"id": 209, "name": "Cleveland Spiders", "link": "/api/v1/teams/209"}, "player": {"id": 110150, "fullName": "Pete Allen", "link": "/api/v1/people/110150"}, "league": {"id": 104, "name": "National League", "link": "/api/v1/league/104"}, "sport": {"id": 1, "link": "/api/v1/sports/1", "abbreviation": "MLB"}, "gameType": "R", "position": {"code": "2", "name": "Catcher", "type": "Catcher", "abbreviation": "C"}}]}], "mlbDebutDate": "1893-08-04", "batSide": {"code": "R", "description": "Right"}, "pitchHand": {"code": "R", "description": "Right"}, "nameFirstLast": "Pete Allen", "nameSlug": "pete-allen-110150", "firstLastName": "Pete Allen", "lastFirstName": "Allen, Pete", "lastInitName": "Allen, P", "initLastName": "P Allen", "fullFMLName": "Jesse Hall Allen", "fullLFMName": "Allen, Jesse Hall", "strikeZoneTop": 3.26, "strikeZoneBottom": 1.481}