{"id": 110091, "fullName": "Hank Aguirre", "link": "/api/v1/people/110091", "firstName": "Henry", "lastName": "Aguirre", "primaryNumber": "37", "birthDate": "1931-01-31", "currentAge": 63, "birthCity": "Azusa", "birthStateProvince": "CA", "birthCountry": "USA", "height": "6' 4\"", "weight": 205, "active": false, "primaryPosition": {"code": "1", "name": "Pitcher", "type": "Pitcher", "abbreviation": "P"}, "useName": "Hank", "useLastName": "Aguirre", "middleName": "John", "boxscoreName": "Aguirre", "gender": "M", "isPlayer": true, "isVerified": true, "deathDate": "1994-09-05", "deathCity": "Bloomfield Hills", "deathStateProvince": "MI", "deathCountry": "USA", "lastPlayedDate": "1970-06-24", "stats": [{"type": {"displayName": "career"}, "group": {"displayName": "hitting"}, "exemptions": [], "splits": [{"stat": {"gamesPlayed": 447, "runs": 14, "doubles": 7, "triples": 1, "homeRuns": 0, "strikeOuts": 236, "baseOnBalls": 14, "intentionalWalks": 0, "hits": 33, "hitByPitch": 0, "avg": ".085", "atBats": 388, "obp": ".117", "slg": ".108", "ops": ".225", "caughtStealing": 0, "stolenBases": 1, "stolenBasePercentage": "1.000", "groundIntoDoublePlay": 4, "plateAppearances": 427, "totalBases": 42, "rbi": 21, "sacBunts": 24, "sacFlies": 1, "babip": ".216", "atBatsPerHomeRun": "-.--"}, "player": {"id": 110091, "fullName": "Hank Aguirre", "link": "/api/v1/people/110091"}, "sport": {"id": 1, "link": "/api/v1/sports/1", "abbreviation": "MLB"}, "gameType": "R", "numTeams": 4}]}, {"type": {"displayName": "career"}, "group": {"displayName": "pitching"}, "exemptions": [], "splits": [{"stat": {"gamesPlayed": 447, "gamesStarted": 149, "runs": 562, "homeRuns": 123, "strikeOuts": 856, "baseOnBalls": 479, "intentionalWalks": 35, "hits": 1216, "hitByPitch": 47, "avg": ".236", "atBats": 5147, "obp": ".305", "era": "3.24", "inningsPitched": "1375.2", "wins": 75, "losses": 72, "saves": 33, "saveOpportunities": 4, "blownSaves": 2, "earnedRuns": 496, "whip": "1.23", "battersFaced": 5790, "outs": 4127, "gamesPitched": 447, "completeGames": 44, "shutouts": 9, "hitBatsmen": 47, "balks": 9, "wildPitches": 35, "winPercentage": ".510", "gamesFinished": 124, "strikeoutWalkRatio": "1.79", "strikeoutsPer9Inn": "5.60", "walksPer9Inn": "3.13", "hitsPer9Inn": "7.96", "runsScoredPer9": "3.68", "homeRunsPer9": "0.80", "sacBunts": 74, "sacFlies": 43}, "player": {"id": 110091, "fullName": "Hank Aguirre", "link": "/api/v1/people/110091"}, "sport": {"id": 1, "link": "/api/v1/sports/1", "abbreviation": "MLB"}, "gameType": "R", "numTeams": 4}]}, {"type": {"displayName": "career"}, "group": {"displayName": "fielding"}, "exemptions": [], "splits": [{"stat": {"gamesPlayed": 447, "gamesStarted": 149, "assists": 161, "putOuts": 46, "errors": 28, "chances": 235, "fielding": ".881", "position": {"code": "1", "name": "Pitcher", "type": "Pitcher", "abbreviation": "P"}, "rangeFactorPerGame": "0.46", "rangeFactorPer9Inn": "1.36", "innings": "1374.2", "games": 447, "doublePlays": 6, "triplePlays": 0, "throwingErrors": 7}, "player": {"id": 110091, "fullName": "Hank Aguirre", "link": "/api/v1/people/110091"}, "sport": {"id": 1, "link": "/api/v1/sports/1", "abbreviation": "MLB"}, "gameType": "R", "numTeams": 4, "position": {"code": "1", "name": "Pitcher", "type": "Pitcher", "abbreviation": "P"}}]}, {"type": {"displayName": "yearByYear"}, "group": {"displayName": "hitting"}, "exemptions": [], "splits": [{"season": "1955", "stat": {"gamesPlayed": 4, "runs": 0, "doubles": 0, "triples": 0, "homeRuns": 0, "strikeOuts": 1, "baseOnBalls": 0, "intentionalWalks": 0, "hits": 0, "hitByPitch": 0, "avg": ".000", "atBats": 4, "obp": ".000", "slg": ".000", "ops": ".000", "caughtStealing": 0, "stolenBases": 0, "stolenBasePercentage": ".---", "groundIntoDoublePlay": 0, "plateAppearances": 4, "totalBases": 0, "rbi": 0, "sacBunts": 0, "sacFlies": 0, "babip": ".000", "atBatsPerHomeRun": "-.--"}, "team": {"id": 114, "name": "Cleveland Indians", "link": "/api/v1/teams/114"}, "player": {"id": 110091, "fullName": "Hank Aguirre", "link": "/api/v1/people/110091"}, "league": {"id": 103, "name": "American League", "link": "/api/v1/league/103"}, "sport": {"id": 1, "link": "/api/v1/sports/1", "abbreviation": "MLB"}, "gameType": "R"}, {"season": "1956", "stat": {"gamesPlayed": 16, "runs": 1, "doubles": 0, "triples": 0, "homeRuns": 0, "strikeOuts": 11, "baseOnBalls": 0, "intentionalWalks": 0, "hits": 2, "hitByPitch": 0, "avg": ".111", "atBats": 18, "obp": ".111", "slg": ".111", "ops": ".222", "caughtStealing": 0, "stolenBases": 0, "stolenBasePercentage": ".---", "groundIntoDoublePlay": 0, "plateAppearances": 21, "totalBases": 2, "rbi": 2, "sacBunts": 3, "sacFlies": 0, "babip": ".286", "atBatsPerHomeRun": "-.--"}, "team": {"id": 114, "name": "Cleveland Indians", "link": "/api/v1/teams/114"}, "player": {"id": 110091, "fullName": "Hank Aguirre", "link": "/api/v1/people/110091"}, "league": {"id": 103, "name": "American League", "link": "/api/v1/league/103"}, "sport": {"id": 1, "link": "/api/v1/sports/1", "abbreviation": "MLB"}, "gameType": "R"}, {"season": "1957", "stat": {"gamesPlayed": 10, "runs": 0, "doubles": 0, "triples": 0, "homeRuns": 0, "strikeOuts": 1, "baseOnBalls": 0, "intentionalWalks": 0, "hits": 0, "hitByPitch": 0, "avg": ".000", "atBats": 4, "obp": ".000", "slg": ".000", "ops": ".000", "caughtStealing": 0, "stolenBases": 0, "stolenBasePercentage": ".---", "groundIntoDoublePlay": 0, "plateAppearances": 4, "totalBases": 0, "rbi": 0, "sacBunts": 0, "sacFlies": 0, "babip": ".000", "atBatsPerHomeRun": "-.--"}, "team": {"id": 114, "name": "Cleveland Indians", "link": "/api/v1/teams/114"}, "player": {"id": 110091, "fullName": "Hank Aguirre", "link": "/api/v1/people/110091"}, "league": {"id": 103, "name": "American League", "link": "/api/v1/league/103"}, "sport": {"id": 1, "link": "/api/v1/sports/1", "abbreviation": "MLB"}, "gameType": "R"}, {"season": "1958", "stat": {"gamesPlayed": 44, "runs": 1, "doubles": 1, "triples": 0, "homeRuns": 0, "strikeOuts": 5, "baseOnBalls": 1, "intentionalWalks": 0, "hits": 3, "hitByPitch": 0, "avg": ".214", "atBats": 14, "obp": ".267", "slg": ".286", "ops": ".553", "caughtStealing": 0, "stolenBases": 0, "stolenBasePercentage": ".---", "groundIntoDoublePlay": 0, "plateAppearances": 15, "totalBases": 4, "rbi": 1, "sacBunts": 0, "sacFlies": 0, "babip": ".333", "atBatsPerHomeRun": "-.--"}, "team": {"id": 116, "name": "Detroit Tigers", "link": "/api/v1/teams/116"}, "player": {"id": 110091, "fullName": "Hank Aguirre", "link": "/api/v1/people/110091"}, "league": {"id": 103, "name": "American League", "link": "/api/v1/league/103"}, "sport": {"id": 1, "link": "/api/v1/sports/1", "abbreviation": "MLB"}, "gameType": "R"}, {"season": "1959", "stat": {"gamesPlayed": 3, "runs": 0, "doubles": 0, "triples": 0, "homeRuns": 0, "strikeOuts": 0, "baseOnBalls": 0, "intentionalWalks": 0, "hits": 0, "hitByPitch": 0, "avg": ".000", "atBats": 0, "obp": ".000", "slg": ".000", "ops": ".000", "caughtStealing": 0, "stolenBases": 0, "stolenBasePercentage": ".---", "groundIntoDoublePlay": 0, "plateAppearances": 0, "totalBases": 0, "rbi": 0, "sacBunts": 0, "sacFlies": 0, "babip": ".---", "atBatsPerHomeRun": "-.--"}, "team": {"id": 116, "name": "Detroit Tigers", "link": "/api/v1/teams/116"}, "player": {"id": 110091, "fullName": "Hank Aguirre", "link": "/api/v1/people/110091"}, "league": {"id": 103, "name": "American League", "link": "/api/v1/league/103"}, "sport": {"id": 1, "link": "/api/v1/sports/1", "abbreviation": "MLB"}, "gameType": "R"}, {"season": "1960", "stat": {"gamesPlayed": 37, "runs": 0, "doubles": 0, "triples": 0, "homeRuns": 0, "strikeOuts": 19, "baseOnBalls": 0, "intentionalWalks": 0, "hits": 1, "hitByPitch": 0, "avg": ".036", "atBats": 28, "obp": ".036", "slg": ".036", "ops": ".072", "caughtStealing": 0, "stolenBases": 0, "stolenBasePercentage": ".---", "groundIntoDoublePlay": 0, "plateAppearances": 30, "totalBases": 1, "rbi": 0, "sacBunts": 2, "sacFlies": 0, "babip": ".111", "atBatsPerHomeRun": "-.--"}, "team": {"id": 116, "name": "Detroit Tigers", "link": "/api/v1/teams/116"}, "player": {"id": 110091, "fullName": "Hank Aguirre", "link": "/api/v1/people/110091"}, "league": {"id": 103, "name": "American League", "link": "/api/v1/league/103"}, "sport": {"id": 1, "link": "/api/v1/sports/1", "abbreviation": "MLB"}, "gameType": "R"}, {"season": "1961", "stat": {"gamesPlayed": 45, "runs": 0, "doubles": 0, "triples": 0, "homeRuns": 0, "strikeOuts": 8, "baseOnBalls": 0, "intentionalWalks": 0, "hits": 0, "hitByPitch": 0, "avg": ".000", "atBats": 9, "obp": ".000", "slg": ".000", "ops": ".000", "caughtStealing": 0, "stolenBases": 0, "stolenBasePercentage": ".---", "groundIntoDoublePlay": 0, "plateAppearances": 13, "totalBases": 0, "rbi": 1, "sacBunts": 3, "sacFlies": 1, "babip": ".000", "atBatsPerHomeRun": "-.--"}, "team": {"id": 116, "name": "Detroit Tigers", "link": "/api/v1/teams/116"}, "player": {"id": 110091, "fullName": "Hank Aguirre", "link": "/api/v1/people/110091"}, "league": {"id": 103, "name": "American League", "link": "/api/v1/league/103"}, "sport": {"id": 1, "link": "/api/v1/sports/1", "abbreviation": "MLB"}, "gameType": "R"}, {"season": "1962", "stat": {"gamesPlayed": 42, "runs": 0, "doubles": 0, "triples": 0, "homeRuns": 0, "strikeOuts": 46, "baseOnBalls": 1, "intentionalWalks": 0, "hits": 2, "hitByPitch": 0, "avg": ".027", "atBats": 75, "obp": ".039", "slg": ".027", "ops": ".066", "caughtStealing": 0, "stolenBases": 0, "stolenBasePercentage": ".---", "groundIntoDoublePlay": 1, "plateAppearances": 80, "totalBases": 2, "rbi": 1, "sacBunts": 4, "sacFlies": 0, "babip": ".069", "atBatsPerHomeRun": "-.--"}, "team": {"id": 116, "name": "Detroit Tigers", "link": "/api/v1/teams/116"}, "player": {"id": 110091, "fullName": "Hank Aguirre", "link": "/api/v1/people/110091"}, "league": {"id": 103, "name": "American League", "link": "/api/v1/league/103"}, "sport": {"id": 1, "link": "/api/v1/sports/1", "abbreviation": "MLB"}, "gameType": "R"}, {"season": "1963", "stat": {"gamesPlayed": 38, "runs": 5, "doubles": 3, "triples": 0, "homeRuns": 0, "strikeOuts": 48, "baseOnBalls": 3, "intentionalWalks": 0, "hits": 10, "hitByPitch": 0, "avg": ".132", "atBats": 76, "obp": ".165", "slg": ".171", "ops": ".336", "caughtStealing": 0, "stolenBases": 1, "stolenBasePercentage": "1.000", "groundIntoDoublePlay": 0, "plateAppearances": 81, "totalBases": 13, "rbi": 6, "sacBunts": 2, "sacFlies": 0, "babip": ".357", "atBatsPerHomeRun": "-.--"}, "team": {"id": 116, "name": "Detroit Tigers", "link": "/api/v1/teams/116"}, "player": {"id": 110091, "fullName": "Hank Aguirre", "link": "/api/v1/people/110091"}, "league": {"id": 103, "name": "American League", "link": "/api/v1/league/103"}, "sport": {"id": 1, "link": "/api/v1/sports/1", "abbreviation": "MLB"}, "gameType": "R"}, {"season": "1964", "stat": {"gamesPlayed": 32, "runs": 1, "doubles": 1, "triples": 0, "homeRuns": 0, "strikeOuts": 32, "baseOnBalls": 1, "intentionalWalks": 0, "hits": 3, "hitByPitch": 0, "avg": ".057", "atBats": 53, "obp": ".074", "slg": ".075", "ops": ".149", "caughtStealing": 0, "stolenBases": 0, "stolenBasePercentage": ".---", "groundIntoDoublePlay": 2, "plateAppearances": 58, "totalBases": 4, "rbi": 3, "sacBunts": 4, "sacFlies": 0, "babip": ".143", "atBatsPerHomeRun": "-.--"}, "team": {"id": 116, "name": "Detroit Tigers", "link": "/api/v1/teams/116"}, "player": {"id": 110091, "fullName": "Hank Aguirre", "link": "/api/v1/people/110091"}, "league": {"id": 103, "name": "American League", "link": "/api/v1/league/103"}, "sport": {"id": 1, "link": "/api/v1/sports/1", "abbreviation": "MLB"}, "gameType": "R"}, {"season": "1965", "stat": {"gamesPlayed": 32, "runs": 4, "doubles": 1, "triples": 0, "homeRuns": 0, "strikeOuts": 43, "baseOnBalls": 4, "intentionalWalks": 0, "hits": 6, "hitByPitch": 0, "avg": ".086", "atBats": 70, "obp": ".135", "slg": ".100", "ops": ".235", "caughtStealing": 0, "stolenBases": 0, "stolenBasePercentage": ".---", "groundIntoDoublePlay": 1, "plateAppearances": 78, "totalBases": 7, "rbi": 4, "sacBunts": 4, "sacFlies": 0, "babip": ".222", "atBatsPerHomeRun": "-.--"}, "team": {"id": 116, "name": "Detroit Tigers", "link": "/api/v1/teams/116"}, "player": {"id": 110091, "fullName": "Hank Aguirre", "link": "/api/v1/people/110091"}, "league": {"id": 103, "name": "American League", "link": "/api/v1/league/103"}, "sport": {"id": 1, "link": "/api/v1/sports/1", "abbreviation": "MLB"}, "gameType": "R"}, {"season": "1966", "stat": {"gamesPlayed": 30, "runs": 0, "doubles": 1, "triples": 0, "homeRuns": 0, "strikeOuts": 16, "baseOnBalls": 4, "intentionalWalks": 0, "hits": 3, "hitByPitch": 0, "avg": ".120", "atBats": 25, "obp": ".241", "slg": ".160", "ops": ".401", "caughtStealing": 0, "stolenBases": 0, "stolenBasePercentage": ".---", "groundIntoDoublePlay": 0, "plateAppearances": 31, "totalBases": 4, "rbi": 0, "sacBunts": 2, "sacFlies": 0, "babip": ".333", "atBatsPerHomeRun": "-.--"}, "team": {"id": 116, "name": "Detroit Tigers", "link": "/api/v1/teams/116"}, "player": {"id": 110091, "fullName": "Hank Aguirre", "link": "/api/v1/people/110091"}, "league": {"id": 103, "name": "American League", "link": "/api/v1/league/103"}, "sport": {"id": 1, "link": "/api/v1/sports/1", "abbreviation": "MLB"}, "gameType": "R"}, {"season": "1967", "stat": {"gamesPlayed": 31, "runs": 0, "doubles": 0, "triples": 1, "homeRuns": 0, "strikeOuts": 1, "baseOnBalls": 0, "intentionalWalks": 0, "hits": 1, "hitByPitch": 0, "avg": ".500", "atBats": 2, "obp": ".500", "slg": "1.500", "ops": "2.000", "caughtStealing": 0, "stolenBases": 0, "stolenBasePercentage": ".---", "groundIntoDoublePlay": 0, "plateAppearances": 2, "totalBases": 3, "rbi": 3, "sacBunts": 0, "sacFlies": 0, "babip": "1.000", "atBatsPerHomeRun": "-.--"}, "team": {"id": 116, "name": "Detroit Tigers", "link": "/api/v1/teams/116"}, "player": {"id": 110091, "fullName": "Hank Aguirre", "link": "/api/v1/people/110091"}, "league": {"id": 103, "name": "American League", "link": "/api/v1/league/103"}, "sport": {"id": 1, "link": "/api/v1/sports/1", "abbreviation": "MLB"}, "gameType": "R"}, {"season": "1968", "stat": {"gamesPlayed": 25, "runs": 0, "doubles": 0, "triples": 0, "homeRuns": 0, "strikeOuts": 2, "baseOnBalls": 0, "intentionalWalks": 0, "hits": 0, "hitByPitch": 0, "avg": ".000", "atBats": 3, "obp": ".000", "slg": ".000", "ops": ".000", "caughtStealing": 0, "stolenBases": 0, "stolenBasePercentage": ".---", "groundIntoDoublePlay": 0, "plateAppearances": 3, "totalBases": 0, "rbi": 0, "sacBunts": 0, "sacFlies": 0, "babip": ".000", "atBatsPerHomeRun": "-.--"}, "team": {"id": 119, "name": "Los Angeles Dodgers", "link": "/api/v1/teams/119"}, "player": {"id": 110091, "fullName": "Hank Aguirre", "link": "/api/v1/people/110091"}, "league": {"id": 104, "name": "National League", "link": "/api/v1/league/104"}, "sport": {"id": 1, "link": "/api/v1/sports/1", "abbreviation": "MLB"}, "gameType": "R"}, {"season": "1969", "stat": {"gamesPlayed": 41, "runs": 2, "doubles": 0, "triples": 0, "homeRuns": 0, "strikeOuts": 1, "baseOnBalls": 0, "intentionalWalks": 0, "hits": 2, "hitByPitch": 0, "avg": ".400", "atBats": 5, "obp": ".400", "slg": ".400", "ops": ".800", "caughtStealing": 0, "stolenBases": 0, "stolenBasePercentage": ".---", "groundIntoDoublePlay": 0, "plateAppearances": 5, "totalBases": 2, "rbi": 0, "sacBunts": 0, "sacFlies": 0, "babip": ".500", "atBatsPerHomeRun": "-.--"}, "team": {"id": 112, "name": "Chicago Cubs", "link": "/api/v1/teams/112"}, "player": {"id": 110091, "fullName": "Hank Aguirre", "link": "/api/v1/people/110091"}, "league": {"id": 104, "name": "National League", "link": "/api/v1/league/104"}, "sport": {"id": 1, "link": "/api/v1/sports/1", "abbreviation": "MLB"}, "gameType": "R"}, {"season": "1970", "stat": {"gamesPlayed": 17, "runs": 0, "doubles": 0, "triples": 0, "homeRuns": 0, "strikeOuts": 2, "baseOnBalls": 0, "intentionalWalks": 0, "hits": 0, "hitByPitch": 0, "avg": ".000", "atBats": 2, "obp": ".000", "slg": ".000", "ops": ".000", "caughtStealing": 0, "stolenBases": 0, "stolenBasePercentage": ".---", "groundIntoDoublePlay": 0, "plateAppearances": 2, "totalBases": 0, "rbi": 0, "sacBunts": 0, "sacFlies": 0, "babip": ".---", "atBatsPerHomeRun": "-.--"}, "team": {"id": 112, "name": "Chicago Cubs", "link": "/api/v1/teams/112"}, "player": {"id": 110091, "fullName": "Hank Aguirre", "link": "/api/v1/people/110091"}, "league": {"id": 104, "name": "National League", "link": "/api/v1/league/104"}, "sport": {"id": 1, "link": "/api/v1/sports/1", "abbreviation": "MLB"}, "gameType": "R"}]}, {"type": {"displayName": "yearByYear"}, "group": {"displayName": "pitching"}, "exemptions": [], "splits": [{"season": "1955", "stat": {"gamesPlayed": 4, "gamesStarted": 1, "runs": 3, "homeRuns": 0, "strikeOuts": 6, "baseOnBalls": 12, "intentionalWalks": 0, "hits": 6, "hitByPitch": 0, "avg": ".143", "atBats": 42, "obp": ".333", "era": "1.42", "inningsPitched": "12.2", "wins": 2, "losses": 0, "saves": 0, "earnedRuns": 2, "whip": "1.42", "battersFaced": 54, "outs": 38, "gamesPitched": 4, "completeGames": 1, "shutouts": 1, "hitBatsmen": 0, "balks": 0, "wildPitches": 1, "winPercentage": "1.000", "gamesFinished": 1, "strikeoutWalkRatio": "0.50", "strikeoutsPer9Inn": "4.26", "walksPer9Inn": "8.53", "hitsPer9Inn": "4.26", "runsScoredPer9": "2.13", "homeRunsPer9": "0.00", "sacBunts": 0, "sacFlies": 0}, "team": {"id": 114, "name": "Cleveland Indians", "link": "/api/v1/teams/114"}, "player": {"id": 110091, "fullName": "Hank Aguirre", "link": "/api/v1/people/110091"}, "league": {"id": 103, "name": "American League", "link": "/api/v1/league/103"}, "sport": {"id": 1, "link": "/api/v1/sports/1", "abbreviation": "MLB"}, "gameType": "R"}, {"season": "1956", "stat": {"gamesPlayed": 16, "gamesStarted": 9, "runs": 35, "homeRuns": 7, "strikeOuts": 31, "baseOnBalls": 27, "intentionalWalks": 1, "hits": 63, "hitByPitch": 1, "avg": ".253", "atBats": 249, "obp": ".326", "era": "3.72", "inningsPitched": "65.1", "wins": 3, "losses": 5, "saves": 1, "earnedRuns": 27, "whip": "1.38", "battersFaced": 282, "outs": 196, "gamesPitched": 16, "completeGames": 2, "shutouts": 1, "hitBatsmen": 1, "balks": 2, "wildPitches": 3, "winPercentage": ".375", "gamesFinished": 3, "strikeoutWalkRatio": "1.15", "strikeoutsPer9Inn": "4.27", "walksPer9Inn": "3.72", "hitsPer9Inn": "8.68", "runsScoredPer9": "4.82", "homeRunsPer9": "0.96", "sacBunts": 3, "sacFlies": 2}, "team": {"id": 114, "name": "Cleveland Indians", "link": "/api/v1/teams/114"}, "player": {"id": 110091, "fullName": "Hank Aguirre", "link": "/api/v1/people/110091"}, "league": {"id": 103, "name": "American League", "link": "/api/v1/league/103"}, "sport": {"id": 1, "link": "/api/v1/sports/1", "abbreviation": "MLB"}, "gameType": "R"}, {"season": "1957", "stat": {"gamesPlayed": 10, "gamesStarted": 1, "runs": 15, "homeRuns": 0, "strikeOuts": 9, "baseOnBalls": 13, "intentionalWalks": 3, "hits": 26, "hitByPitch": 0, "avg": ".317", "atBats": 82, "obp": ".394", "era": "5.75", "inningsPitched": "20.1", "wins": 1, "losses": 1, "saves": 0, "earnedRuns": 13, "whip": "1.92", "battersFaced": 100, "outs": 61, "gamesPitched": 10, "completeGames": 0, "shutouts": 0, "hitBatsmen": 0, "balks": 0, "wildPitches": 5, "winPercentage": ".500", "gamesFinished": 4, "strikeoutWalkRatio": "0.69", "strikeoutsPer9Inn": "3.98", "walksPer9Inn": "5.75", "hitsPer9Inn": "11.51", "runsScoredPer9": "6.64", "homeRunsPer9": "0.00", "sacBunts": 1, "sacFlies": 4}, "team": {"id": 114, "name": "Cleveland Indians", "link": "/api/v1/teams/114"}, "player": {"id": 110091, "fullName": "Hank Aguirre", "link": "/api/v1/people/110091"}, "league": {"id": 103, "name": "American League", "link": "/api/v1/league/103"}, "sport": {"id": 1, "link": "/api/v1/sports/1", "abbreviation": "MLB"}, "gameType": "R"}, {"season": "1958", "stat": {"gamesPlayed": 44, "gamesStarted": 3, "runs": 31, "homeRuns": 5, "strikeOuts": 38, "baseOnBalls": 27, "intentionalWalks": 2, "hits": 67, "hitByPitch": 1, "avg": ".255", "atBats": 263, "obp": ".322", "era": "3.75", "inningsPitched": "69.2", "wins": 3, "losses": 4, "saves": 5, "earnedRuns": 29, "whip": "1.35", "battersFaced": 299, "outs": 209, "gamesPitched": 44, "completeGames": 0, "shutouts": 0, "hitBatsmen": 1, "balks": 0, "wildPitches": 1, "winPercentage": ".429", "gamesFinished": 16, "strikeoutWalkRatio": "1.41", "strikeoutsPer9Inn": "4.91", "walksPer9Inn": "3.49", "hitsPer9Inn": "8.66", "runsScoredPer9": "4.00", "homeRunsPer9": "0.65", "sacBunts": 4, "sacFlies": 4}, "team": {"id": 116, "name": "Detroit Tigers", "link": "/api/v1/teams/116"}, "player": {"id": 110091, "fullName": "Hank Aguirre", "link": "/api/v1/people/110091"}, "league": {"id": 103, "name": "American League", "link": "/api/v1/league/103"}, "sport": {"id": 1, "link": "/api/v1/sports/1", "abbreviation": "MLB"}, "gameType": "R"}, {"season": "1959", "stat": {"gamesPlayed": 3, "gamesStarted": 0, "runs": 1, "homeRuns": 0, "strikeOuts": 3, "baseOnBalls": 3, "intentionalWalks": 0, "hits": 4, "hitByPitch": 0, "avg": ".364", "atBats": 11, "obp": ".500", "era": "3.38", "inningsPitched": "2.2", "wins": 0, "losses": 0, "saves": 0, "earnedRuns": 1, "whip": "2.63", "battersFaced": 14, "outs": 8, "gamesPitched": 3, "completeGames": 0, "shutouts": 0, "hitBatsmen": 0, "balks": 0, "wildPitches": 0, "winPercentage": ".---", "gamesFinished": 2, "strikeoutWalkRatio": "1.00", "strikeoutsPer9Inn": "10.13", "walksPer9Inn": "10.13", "hitsPer9Inn": "13.50", "runsScoredPer9": "3.38", "homeRunsPer9": "0.00", "sacBunts": 0, "sacFlies": 0}, "team": {"id": 116, "name": "Detroit Tigers", "link": "/api/v1/teams/116"}, "player": {"id": 110091, "fullName": "Hank Aguirre", "link": "/api/v1/people/110091"}, "league": {"id": 103, "name": "American League", "link": "/api/v1/league/103"}, "sport": {"id": 1, "link": "/api/v1/sports/1", "abbreviation": "MLB"}, "gameType": "R"}, {"season": "1960", "stat": {"gamesPlayed": 37, "gamesStarted": 6, "runs": 31, "homeRuns": 7, "strikeOuts": 80, "baseOnBalls": 30, "intentionalWalks": 1, "hits": 75, "hitByPitch": 3, "avg": ".217", "atBats": 345, "obp": ".283", "era": "2.85", "inningsPitched": "94.2", "wins": 5, "losses": 3, "saves": 10, "earnedRuns": 30, "whip": "1.11", "battersFaced": 386, "outs": 284, "gamesPitched": 37, "completeGames": 1, "shutouts": 0, "hitBatsmen": 3, "balks": 1, "wildPitches": 1, "winPercentage": ".625", "gamesFinished": 18, "strikeoutWalkRatio": "2.67", "strikeoutsPer9Inn": "7.61", "walksPer9Inn": "2.85", "hitsPer9Inn": "7.13", "runsScoredPer9": "2.95", "homeRunsPer9": "0.67", "sacBunts": 4, "sacFlies": 4}, "team": {"id": 116, "name": "Detroit Tigers", "link": "/api/v1/teams/116"}, "player": {"id": 110091, "fullName": "Hank Aguirre", "link": "/api/v1/people/110091"}, "league": {"id": 103, "name": "American League", "link": "/api/v1/league/103"}, "sport": {"id": 1, "link": "/api/v1/sports/1", "abbreviation": "MLB"}, "gameType": "R"}, {"season": "1961", "stat": {"gamesPlayed": 45, "gamesStarted": 0, "runs": 22, "homeRuns": 5, "strikeOuts": 32, "baseOnBalls": 38, "intentionalWalks": 3, "hits": 44, "hitByPitch": 2, "avg": ".224", "atBats": 196, "obp": ".354", "era": "3.25", "inningsPitched": "55.1", "wins": 4, "losses": 4, "saves": 8, "earnedRuns": 20, "whip": "1.48", "battersFaced": 244, "outs": 166, "gamesPitched": 45, "completeGames": 0, "shutouts": 0, "hitBatsmen": 2, "balks": 0, "wildPitches": 4, "winPercentage": ".500", "gamesFinished": 21, "strikeoutWalkRatio": "0.84", "strikeoutsPer9Inn": "5.20", "walksPer9Inn": "6.18", "hitsPer9Inn": "7.16", "runsScoredPer9": "3.58", "homeRunsPer9": "0.81", "sacBunts": 7, "sacFlies": 1}, "team": {"id": 116, "name": "Detroit Tigers", "link": "/api/v1/teams/116"}, "player": {"id": 110091, "fullName": "Hank Aguirre", "link": "/api/v1/people/110091"}, "league": {"id": 103, "name": "American League", "link": "/api/v1/league/103"}, "sport": {"id": 1, "link": "/api/v1/sports/1", "abbreviation": "MLB"}, "gameType": "R"}, {"season": "1962", "stat": {"gamesPlayed": 42, "gamesStarted": 22, "runs": 67, "homeRuns": 14, "strikeOuts": 156, "baseOnBalls": 65, "intentionalWalks": 7, "hits": 162, "hitByPitch": 5, "avg": ".205", "atBats": 792, "obp": ".267", "era": "2.21", "inningsPitched": "216.0", "wins": 16, "losses": 8, "saves": 3, "earnedRuns": 53, "whip": "1.05", "battersFaced": 877, "outs": 648, "gamesPitched": 42, "completeGames": 11, "shutouts": 2, "hitBatsmen": 5, "balks": 1, "wildPitches": 4, "winPercentage": ".667", "gamesFinished": 13, "strikeoutWalkRatio": "2.40", "strikeoutsPer9Inn": "6.50", "walksPer9Inn": "2.71", "hitsPer9Inn": "6.75", "runsScoredPer9": "2.79", "homeRunsPer9": "0.58", "sacBunts": 8, "sacFlies": 7}, "team": {"id": 116, "name": "Detroit Tigers", "link": "/api/v1/teams/116"}, "player": {"id": 110091, "fullName": "Hank Aguirre", "link": "/api/v1/people/110091"}, "league": {"id": 103, "name": "American League", "link": "/api/v1/league/103"}, "sport": {"id": 1, "link": "/api/v1/sports/1", "abbreviation": "MLB"}, "gameType": "R"}, {"season": "1963", "stat": {"gamesPlayed": 38, "gamesStarted": 33, "runs": 96, "homeRuns": 25, "strikeOuts": 134, "baseOnBalls": 68, "intentionalWalks": 3, "hits": 222, "hitByPitch": 8, "avg": ".256", "atBats": 867, "obp": ".314", "era": "3.67", "inningsPitched": "225.2", "wins": 14, "losses": 15, "saves": 0, "earnedRuns": 92, "whip": "1.29", "battersFaced": 954, "outs": 677, "gamesPitched": 38, "completeGames": 14, "shutouts": 3, "hitBatsmen": 8, "balks": 1, "wildPitches": 2, "winPercentage": ".483", "gamesFinished": 2, "strikeoutWalkRatio": "1.97", "strikeoutsPer9Inn": "5.34", "walksPer9Inn": "2.71", "hitsPer9Inn": "8.85", "runsScoredPer9": "3.83", "homeRunsPer9": "1.00", "sacBunts": 6, "sacFlies": 5}, "team": {"id": 116, "name": "Detroit Tigers", "link": "/api/v1/teams/116"}, "player": {"id": 110091, "fullName": "Hank Aguirre", "link": "/api/v1/people/110091"}, "league": {"id": 103, "name": "American League", "link": "/api/v1/league/103"}, "sport": {"id": 1, "link": "/api/v1/sports/1", "abbreviation": "MLB"}, "gameType": "R"}, {"season": "1964", "stat": {"gamesPlayed": 32, "gamesStarted": 27, "runs": 76, "homeRuns": 15, "strikeOuts": 88, "baseOnBalls": 59, "intentionalWalks": 4, "hits": 134, "hitByPitch": 8, "avg": ".223", "atBats": 600, "obp": ".300", "era": "3.79", "inningsPitched": "161.2", "wins": 5, "losses": 10, "saves": 1, "earnedRuns": 68, "whip": "1.19", "battersFaced": 678, "outs": 485, "gamesPitched": 32, "completeGames": 3, "shutouts": 0, "hitBatsmen": 8, "balks": 2, "wildPitches": 2, "winPercentage": ".333", "gamesFinished": 1, "strikeoutWalkRatio": "1.49", "strikeoutsPer9Inn": "4.90", "walksPer9Inn": "3.28", "hitsPer9Inn": "7.46", "runsScoredPer9": "4.23", "homeRunsPer9": "0.84", "sacBunts": 9, "sacFlies": 2}, "team": {"id": 116, "name": "Detroit Tigers", "link": "/api/v1/teams/116"}, "player": {"id": 110091, "fullName": "Hank Aguirre", "link": "/api/v1/people/110091"}, "league": {"id": 103, "name": "American League", "link": "/api/v1/league/103"}, "sport": {"id": 1, "link": "/api/v1/sports/1", "abbreviation": "MLB"}, "gameType": "R"}, {"season": "1965", "stat": {"gamesPlayed": 32, "gamesStarted": 32, "runs": 89, "homeRuns": 24, "strikeOuts": 141, "baseOnBalls": 60, "intentionalWalks": 2, "hits": 185, "hitByPitch": 10, "avg": ".236", "atBats": 785, "obp": ".295", "era": "3.59", "inningsPitched": "208.1", "wins": 14, "losses": 10, "saves": 0, "earnedRuns": 83, "whip": "1.18", "battersFaced": 875, "outs": 625, "gamesPitched": 32, "completeGames": 10, "shutouts": 2, "hitBatsmen": 10, "balks": 1, "wildPitches": 3, "winPercentage": ".583", "gamesFinished": 0, "strikeoutWalkRatio": "2.35", "strikeoutsPer9Inn": "6.09", "walksPer9Inn": "2.59", "hitsPer9Inn": "7.99", "runsScoredPer9": "3.84", "homeRunsPer9": "1.04", "sacBunts": 12, "sacFlies": 8}, "team": {"id": 116, "name": "Detroit Tigers", "link": "/api/v1/teams/116"}, "player": {"id": 110091, "fullName": "Hank Aguirre", "link": "/api/v1/people/110091"}, "league": {"id": 103, "name": "American League", "link": "/api/v1/league/103"}, "sport": {"id": 1, "link": "/api/v1/sports/1", "abbreviation": "MLB"}, "gameType": "R"}, {"season": "1966", "stat": {"gamesPlayed": 30, "gamesStarted": 14, "runs": 50, "homeRuns": 14, "strikeOuts": 50, "baseOnBalls": 26, "intentionalWalks": 2, "hits": 104, "hitByPitch": 3, "avg": ".260", "atBats": 400, "obp": ".310", "era": "3.82", "inningsPitched": "103.2", "wins": 3, "losses": 9, "saves": 0, "earnedRuns": 44, "whip": "1.25", "battersFaced": 436, "outs": 311, "gamesPitched": 30, "completeGames": 2, "shutouts": 0, "hitBatsmen": 3, "balks": 1, "wildPitches": 3, "winPercentage": ".250", "gamesFinished": 4, "strikeoutWalkRatio": "1.92", "strikeoutsPer9Inn": "4.34", "walksPer9Inn": "2.26", "hitsPer9Inn": "9.03", "runsScoredPer9": "4.34", "homeRunsPer9": "1.22", "sacBunts": 7, "sacFlies": 0}, "team": {"id": 116, "name": "Detroit Tigers", "link": "/api/v1/teams/116"}, "player": {"id": 110091, "fullName": "Hank Aguirre", "link": "/api/v1/people/110091"}, "league": {"id": 103, "name": "American League", "link": "/api/v1/league/103"}, "sport": {"id": 1, "link": "/api/v1/sports/1", "abbreviation": "MLB"}, "gameType": "R"}, {"season": "1967", "stat": {"gamesPlayed": 31, "gamesStarted": 1, "runs": 15, "homeRuns": 2, "strikeOuts": 33, "baseOnBalls": 17, "intentionalWalks": 2, "hits": 34, "hitByPitch": 0, "avg": ".219", "atBats": 155, "obp": ".295", "era": "2.40", "inningsPitched": "41.1", "wins": 0, "losses": 1, "saves": 0, "earnedRuns": 11, "whip": "1.23", "battersFaced": 174, "outs": 124, "gamesPitched": 31, "completeGames": 0, "shutouts": 0, "hitBatsmen": 0, "balks": 0, "wildPitches": 1, "winPercentage": ".000", "gamesFinished": 11, "strikeoutWalkRatio": "1.94", "strikeoutsPer9Inn": "7.19", "walksPer9Inn": "3.70", "hitsPer9Inn": "7.40", "runsScoredPer9": "3.27", "homeRunsPer9": "0.44", "sacBunts": 1, "sacFlies": 1}, "team": {"id": 116, "name": "Detroit Tigers", "link": "/api/v1/teams/116"}, "player": {"id": 110091, "fullName": "Hank Aguirre", "link": "/api/v1/people/110091"}, "league": {"id": 103, "name": "American League", "link": "/api/v1/league/103"}, "sport": {"id": 1, "link": "/api/v1/sports/1", "abbreviation": "MLB"}, "gameType": "R"}, {"season": "1968", "stat": {"gamesPlayed": 25, "gamesStarted": 0, "runs": 8, "homeRuns": 0, "strikeOuts": 25, "baseOnBalls": 13, "intentionalWalks": 3, "hits": 32, "hitByPitch": 3, "avg": ".227", "atBats": 141, "obp": ".298", "era": "0.69", "inningsPitched": "39.1", "wins": 1, "losses": 2, "saves": 3, "earnedRuns": 3, "whip": "1.14", "battersFaced": 167, "outs": 118, "gamesPitched": 25, "completeGames": 0, "shutouts": 0, "hitBatsmen": 3, "balks": 0, "wildPitches": 4, "winPercentage": ".333", "gamesFinished": 16, "strikeoutWalkRatio": "1.92", "strikeoutsPer9Inn": "5.72", "walksPer9Inn": "2.97", "hitsPer9Inn": "7.32", "runsScoredPer9": "1.83", "homeRunsPer9": "0.00", "sacBunts": 6, "sacFlies": 4}, "team": {"id": 119, "name": "Los Angeles Dodgers", "link": "/api/v1/teams/119"}, "player": {"id": 110091, "fullName": "Hank Aguirre", "link": "/api/v1/people/110091"}, "league": {"id": 104, "name": "National League", "link": "/api/v1/league/104"}, "sport": {"id": 1, "link": "/api/v1/sports/1", "abbreviation": "MLB"}, "gameType": "R"}, {"season": "1969", "stat": {"gamesPlayed": 41, "gamesStarted": 0, "runs": 13, "homeRuns": 2, "strikeOuts": 19, "baseOnBalls": 12, "intentionalWalks": 1, "hits": 45, "hitByPitch": 2, "avg": ".269", "atBats": 167, "obp": ".324", "era": "2.60", "inningsPitched": "45.0", "wins": 1, "losses": 0, "saves": 1, "saveOpportunities": 2, "blownSaves": 1, "earnedRuns": 13, "whip": "1.27", "battersFaced": 186, "outs": 135, "gamesPitched": 41, "completeGames": 0, "shutouts": 0, "hitBatsmen": 2, "balks": 0, "wildPitches": 1, "winPercentage": "1.000", "gamesFinished": 9, "strikeoutWalkRatio": "1.58", "strikeoutsPer9Inn": "3.80", "walksPer9Inn": "2.40", "hitsPer9Inn": "9.00", "runsScoredPer9": "2.60", "homeRunsPer9": "0.40", "sacBunts": 4, "sacFlies": 1}, "team": {"id": 112, "name": "Chicago Cubs", "link": "/api/v1/teams/112"}, "player": {"id": 110091, "fullName": "Hank Aguirre", "link": "/api/v1/people/110091"}, "league": {"id": 104, "name": "National League", "link": "/api/v1/league/104"}, "sport": {"id": 1, "link": "/api/v1/sports/1", "abbreviation": "MLB"}, "gameType": "R"}, {"season": "1970", "stat": {"gamesPlayed": 17, "gamesStarted": 0, "runs": 10, "homeRuns": 3, "strikeOuts": 11, "baseOnBalls": 9, "intentionalWalks": 1, "hits": 13, "hitByPitch": 1, "avg": ".250", "atBats": 52, "obp": ".371", "era": "4.50", "inningsPitched": "14.0", "wins": 3, "losses": 0, "saves": 1, "saveOpportunities": 2, "blownSaves": 1, "earnedRuns": 7, "whip": "1.57", "battersFaced": 64, "outs": 42, "gamesPitched": 17, "completeGames": 0, "shutouts": 0, "hitBatsmen": 1, "balks": 0, "wildPitches": 0, "winPercentage": "1.000", "gamesFinished": 3, "strikeoutWalkRatio": "1.22", "strikeoutsPer9Inn": "7.07", "walksPer9Inn": "5.79", "hitsPer9Inn": "8.36", "runsScoredPer9": "6.43", "homeRunsPer9": "1.93", "sacBunts": 2, "sacFlies": 0}, "team": {"id": 112, "name": "Chicago Cubs", "link": "/api/v1/teams/112"}, "player": {"id": 110091, "fullName": "Hank Aguirre", "link": "/api/v1/people/110091"}, "league": {"id": 104, "name": "National League", "link": "/api/v1/league/104"}, "sport": {"id": 1, "link": "/api/v1/sports/1", "abbreviation": "MLB"}, "gameType": "R"}]}, {"type": {"displayName": "yearByYear"}, "group": {"displayName": "fielding"}, "exemptions": [], "splits": [{"season": "1955", "stat": {"gamesPlayed": 4, "gamesStarted": 1, "assists": 0, "putOuts": 1, "errors": 0, "chances": 1, "fielding": "1.000", "position": {"code": "1", "name": "Pitcher", "type": "Pitcher", "abbreviation": "P"}, "rangeFactorPerGame": "0.25", "rangeFactorPer9Inn": "0.75", "innings": "12.1", "games": 4, "doublePlays": 0, "triplePlays": 0, "throwingErrors": 0}, "team": {"id": 114, "name": "Cleveland Indians", "link": "/api/v1/teams/114"}, "player": {"id": 110091, "fullName": "Hank Aguirre", "link": "/api/v1/people/110091"}, "league": {"id": 103, "name": "American League", "link": "/api/v1/league/103"}, "sport": {"id": 1, "link": "/api/v1/sports/1", "abbreviation": "MLB"}, "gameType": "R", "position": {"code": "1", "name": "Pitcher", "type": "Pitcher", "abbreviation": "P"}}, {"season": "1956", "stat": {"gamesPlayed": 16, "gamesStarted": 9, "assists": 8, "putOuts": 3, "errors": 2, "chances": 13, "fielding": ".846", "position": {"code": "1", "name": "Pitcher", "type": "Pitcher", "abbreviation": "P"}, "rangeFactorPerGame": "0.69", "rangeFactorPer9Inn": "1.52", "innings": "65.1", "games": 16, "doublePlays": 0, "triplePlays": 0, "throwingErrors": 0}, "team": {"id": 114, "name": "Cleveland Indians", "link": "/api/v1/teams/114"}, "player": {"id": 110091, "fullName": "Hank Aguirre", "link": "/api/v1/people/110091"}, "league": {"id": 103, "name": "American League", "link": "/api/v1/league/103"}, "sport": {"id": 1, "link": "/api/v1/sports/1", "abbreviation": "MLB"}, "gameType": "R", "position": {"code": "1", "name": "Pitcher", "type": "Pitcher", "abbreviation": "P"}}, {"season": "1957", "stat": {"gamesPlayed": 10, "gamesStarted": 1, "assists": 2, "putOuts": 2, "errors": 1, "chances": 5, "fielding": ".800", "position": {"code": "1", "name": "Pitcher", "type": "Pitcher", "abbreviation": "P"}, "rangeFactorPerGame": "0.40", "rangeFactorPer9Inn": "1.80", "innings": "20.1", "games": 10, "doublePlays": 1, "triplePlays": 0, "throwingErrors": 1}, "team": {"id": 114, "name": "Cleveland Indians", "link": "/api/v1/teams/114"}, "player": {"id": 110091, "fullName": "Hank Aguirre", "link": "/api/v1/people/110091"}, "league": {"id": 103, "name": "American League", "link": "/api/v1/league/103"}, "sport": {"id": 1, "link": "/api/v1/sports/1", "abbreviation": "MLB"}, "gameType": "R", "position": {"code": "1", "name": "Pitcher", "type": "Pitcher", "abbreviation": "P"}}, {"season": "1958", "stat": {"gamesPlayed": 44, "gamesStarted": 3, "assists": 13, "putOuts": 3, "errors": 0, "chances": 16, "fielding": "1.000", "position": {"code": "1", "name": "Pitcher", "type": "Pitcher", "abbreviation": "P"}, "rangeFactorPerGame": "0.36", "rangeFactorPer9Inn": "2.09", "innings": "69.2", "games": 44, "doublePlays": 1, "triplePlays": 0, "throwingErrors": 0}, "team": {"id": 116, "name": "Detroit Tigers", "link": "/api/v1/teams/116"}, "player": {"id": 110091, "fullName": "Hank Aguirre", "link": "/api/v1/people/110091"}, "league": {"id": 103, "name": "American League", "link": "/api/v1/league/103"}, "sport": {"id": 1, "link": "/api/v1/sports/1", "abbreviation": "MLB"}, "gameType": "R", "position": {"code": "1", "name": "Pitcher", "type": "Pitcher", "abbreviation": "P"}}, {"season": "1959", "stat": {"gamesPlayed": 3, "gamesStarted": 0, "assists": 1, "putOuts": 0, "errors": 0, "chances": 1, "fielding": "1.000", "position": {"code": "1", "name": "Pitcher", "type": "Pitcher", "abbreviation": "P"}, "rangeFactorPerGame": "0.33", "rangeFactorPer9Inn": "4.50", "innings": "2.2", "games": 3, "doublePlays": 1, "triplePlays": 0, "throwingErrors": 0}, "team": {"id": 116, "name": "Detroit Tigers", "link": "/api/v1/teams/116"}, "player": {"id": 110091, "fullName": "Hank Aguirre", "link": "/api/v1/people/110091"}, "league": {"id": 103, "name": "American League", "link": "/api/v1/league/103"}, "sport": {"id": 1, "link": "/api/v1/sports/1", "abbreviation": "MLB"}, "gameType": "R", "position": {"code": "1", "name": "Pitcher", "type": "Pitcher", "abbreviation": "P"}}, {"season": "1960", "stat": {"gamesPlayed": 37, "gamesStarted": 6, "assists": 7, "putOuts": 1, "errors": 1, "chances": 9, "fielding": ".889", "position": {"code": "1", "name": "Pitcher", "type": "Pitcher", "abbreviation": "P"}, "rangeFactorPerGame": "0.22", "rangeFactorPer9Inn": "0.77", "innings": "94.2", "games": 37, "doublePlays": 0, "triplePlays": 0, "throwingErrors": 0}, "team": {"id": 116, "name": "Detroit Tigers", "link": "/api/v1/teams/116"}, "player": {"id": 110091, "fullName": "Hank Aguirre", "link": "/api/v1/people/110091"}, "league": {"id": 103, "name": "American League", "link": "/api/v1/league/103"}, "sport": {"id": 1, "link": "/api/v1/sports/1", "abbreviation": "MLB"}, "gameType": "R", "position": {"code": "1", "name": "Pitcher", "type": "Pitcher", "abbreviation": "P"}}, {"season": "1961", "stat": {"gamesPlayed": 45, "gamesStarted": 0, "assists": 8, "putOuts": 1, "errors": 2, "chances": 11, "fielding": ".818", "position": {"code": "1", "name": "Pitcher", "type": "Pitcher", "abbreviation": "P"}, "rangeFactorPerGame": "0.20", "rangeFactorPer9Inn": "1.47", "innings": "55.1", "games": 45, "doublePlays": 0, "triplePlays": 0, "throwingErrors": 0}, "team": {"id": 116, "name": "Detroit Tigers", "link": "/api/v1/teams/116"}, "player": {"id": 110091, "fullName": "Hank Aguirre", "link": "/api/v1/people/110091"}, "league": {"id": 103, "name": "American League", "link": "/api/v1/league/103"}, "sport": {"id": 1, "link": "/api/v1/sports/1", "abbreviation": "MLB"}, "gameType": "R", "position": {"code": "1", "name": "Pitcher", "type": "Pitcher", "abbreviation": "P"}}, {"season": "1962", "stat": {"gamesPlayed": 42, "gamesStarted": 22, "assists": 22, "putOuts": 6, "errors": 3, "chances": 31, "fielding": ".903", "position": {"code": "1", "name": "Pitcher", "type": "Pitcher", "abbreviation": "P"}, "rangeFactorPerGame": "0.67", "rangeFactorPer9Inn": "1.17", "innings": "216.0", "games": 42, "doublePlays": 0, "triplePlays": 0, "throwingErrors": 0}, "team": {"id": 116, "name": "Detroit Tigers", "link": "/api/v1/teams/116"}, "player": {"id": 110091, "fullName": "Hank Aguirre", "link": "/api/v1/people/110091"}, "league": {"id": 103, "name": "American League", "link": "/api/v1/league/103"}, "sport": {"id": 1, "link": "/api/v1/sports/1", "abbreviation": "MLB"}, "gameType": "R", "position": {"code": "1", "name": "Pitcher", "type": "Pitcher", "abbreviation": "P"}}, {"season": "1963", "stat": {"gamesPlayed": 38, "gamesStarted": 33, "assists": 23, "putOuts": 7, "errors": 1, "chances": 31, "fielding": ".968", "position": {"code": "1", "name": "Pitcher", "type": "Pitcher", "abbreviation": "P"}, "rangeFactorPerGame": "0.79", "rangeFactorPer9Inn": "1.20", "innings": "225.2", "games": 38, "doublePlays": 1, "triplePlays": 0, "throwingErrors": 1}, "team": {"id": 116, "name": "Detroit Tigers", "link": "/api/v1/teams/116"}, "player": {"id": 110091, "fullName": "Hank Aguirre", "link": "/api/v1/people/110091"}, "league": {"id": 103, "name": "American League", "link": "/api/v1/league/103"}, "sport": {"id": 1, "link": "/api/v1/sports/1", "abbreviation": "MLB"}, "gameType": "R", "position": {"code": "1", "name": "Pitcher", "type": "Pitcher", "abbreviation": "P"}}, {"season": "1964", "stat": {"gamesPlayed": 32, "gamesStarted": 27, "assists": 11, "putOuts": 10, "errors": 4, "chances": 25, "fielding": ".840", "position": {"code": "1", "name": "Pitcher", "type": "Pitcher", "abbreviation": "P"}, "rangeFactorPerGame": "0.66", "rangeFactorPer9Inn": "1.17", "innings": "161.2", "games": 32, "doublePlays": 2, "triplePlays": 0, "throwingErrors": 2}, "team": {"id": 116, "name": "Detroit Tigers", "link": "/api/v1/teams/116"}, "player": {"id": 110091, "fullName": "Hank Aguirre", "link": "/api/v1/people/110091"}, "league": {"id": 103, "name": "American League", "link": "/api/v1/league/103"}, "sport": {"id": 1, "link": "/api/v1/sports/1", "abbreviation": "MLB"}, "gameType": "R", "position": {"code": "1", "name": "Pitcher", "type": "Pitcher", "abbreviation": "P"}}, {"season": "1965", "stat": {"gamesPlayed": 32, "gamesStarted": 32, "assists": 30, "putOuts": 7, "errors": 4, "chances": 41, "fielding": ".902", "position": {"code": "1", "name": "Pitcher", "type": "Pitcher", "abbreviation": "P"}, "rangeFactorPerGame": "1.16", "rangeFactorPer9Inn": "1.60", "innings": "208.1", "games": 32, "doublePlays": 0, "triplePlays": 0, "throwingErrors": 0}, "team": {"id": 116, "name": "Detroit Tigers", "link": "/api/v1/teams/116"}, "player": {"id": 110091, "fullName": "Hank Aguirre", "link": "/api/v1/people/110091"}, "league": {"id": 103, "name": "American League", "link": "/api/v1/league/103"}, "sport": {"id": 1, "link": "/api/v1/sports/1", "abbreviation": "MLB"}, "gameType": "R", "position": {"code": "1", "name": "Pitcher", "type": "Pitcher", "abbreviation": "P"}}, {"season": "1966", "stat": {"gamesPlayed": 30, "gamesStarted": 14, "assists": 11, "putOuts": 2, "errors": 4, "chances": 17, "fielding": ".765", "position": {"code": "1", "name": "Pitcher", "type": "Pitcher", "abbreviation": "P"}, "rangeFactorPerGame": "0.43", "rangeFactorPer9Inn": "1.14", "innings": "103.1", "games": 30, "doublePlays": 0, "triplePlays": 0, "throwingErrors": 1}, "team": {"id": 116, "name": "Detroit Tigers", "link": "/api/v1/teams/116"}, "player": {"id": 110091, "fullName": "Hank Aguirre", "link": "/api/v1/people/110091"}, "league": {"id": 103, "name": "American League", "link": "/api/v1/league/103"}, "sport": {"id": 1, "link": "/api/v1/sports/1", "abbreviation": "MLB"}, "gameType": "R", "position": {"code": "1", "name": "Pitcher", "type": "Pitcher", "abbreviation": "P"}}, {"season": "1967", "stat": {"gamesPlayed": 31, "gamesStarted": 1, "assists": 7, "putOuts": 2, "errors": 1, "chances": 10, "fielding": ".900", "position": {"code": "1", "name": "Pitcher", "type": "Pitcher", "abbreviation": "P"}, "rangeFactorPerGame": "0.29", "rangeFactorPer9Inn": "1.98", "innings": "41.1", "games": 31, "doublePlays": 0, "triplePlays": 0, "throwingErrors": 1}, "team": {"id": 116, "name": "Detroit Tigers", "link": "/api/v1/teams/116"}, "player": {"id": 110091, "fullName": "Hank Aguirre", "link": "/api/v1/people/110091"}, "league": {"id": 103, "name": "American League", "link": "/api/v1/league/103"}, "sport": {"id": 1, "link": "/api/v1/sports/1", "abbreviation": "MLB"}, "gameType": "R", "position": {"code": "1", "name": "Pitcher", "type": "Pitcher", "abbreviation": "P"}}, {"season": "1968", "stat": {"gamesPlayed": 25, "gamesStarted": 0, "assists": 4, "putOuts": 0, "errors": 2, "chances": 6, "fielding": ".667", "position": {"code": "1", "name": "Pitcher", "type": "Pitcher", "abbreviation": "P"}, "rangeFactorPerGame": "0.16", "rangeFactorPer9Inn": "0.92", "innings": "39.0", "games": 25, "doublePlays": 0, "triplePlays": 0, "throwingErrors": 1}, "team": {"id": 119, "name": "Los Angeles Dodgers", "link": "/api/v1/teams/119"}, "player": {"id": 110091, "fullName": "Hank Aguirre", "link": "/api/v1/people/110091"}, "league": {"id": 104, "name": "National League", "link": "/api/v1/league/104"}, "sport": {"id": 1, "link": "/api/v1/sports/1", "abbreviation": "MLB"}, "gameType": "R", "position": {"code": "1", "name": "Pitcher", "type": "Pitcher", "abbreviation": "P"}}, {"season": "1969", "stat": {"gamesPlayed": 41, "gamesStarted": 0, "assists": 13, "putOuts": 1, "errors": 0, "chances": 14, "fielding": "1.000", "position": {"code": "1", "name": "Pitcher", "type": "Pitcher", "abbreviation": "P"}, "rangeFactorPerGame": "0.34", "rangeFactorPer9Inn": "2.80", "innings": "45.0", "games": 41, "doublePlays": 0, "triplePlays": 0, "throwingErrors": 0}, "team": {"id": 112, "name": "Chicago Cubs", "link": "/api/v1/teams/112"}, "player": {"id": 110091, "fullName": "Hank Aguirre", "link": "/api/v1/people/110091"}, "league": {"id": 104, "name": "National League", "link": "/api/v1/league/104"}, "sport": {"id": 1, "link": "/api/v1/sports/1", "abbreviation": "MLB"}, "gameType": "R", "position": {"code": "1", "name": "Pitcher", "type": "Pitcher", "abbreviation": "P"}}, {"season": "1970", "stat": {"gamesPlayed": 17, "gamesStarted": 0, "assists": 1, "putOuts": 0, "errors": 3, "chances": 4, "fielding": ".250", "position": {"code": "1", "name": "Pitcher", "type": "Pitcher", "abbreviation": "P"}, "rangeFactorPerGame": "0.06", "rangeFactorPer9Inn": "0.64", "innings": "14.0", "games": 17, "doublePlays": 0, "triplePlays": 0, "throwingErrors": 0}, "team": {"id": 112, "name": "Chicago Cubs", "link": "/api/v1/teams/112"}, "player": {"id": 110091, "fullName": "Hank Aguirre", "link": "/api/v1/people/110091"}, "league": {"id": 104, "name": "National League", "link": "/api/v1/league/104"}, "sport": {"id": 1, "link": "/api/v1/sports/1", "abbreviation": "MLB"}, "gameType": "R", "position": {"code": "1", "name": "Pitcher", "type": "Pitcher", "abbreviation": "P"}}]}], "mlbDebutDate": "1955-09-10", "batSide": {"code": "R", "description": "Right"}, "pitchHand": {"code": "L", "description": "Left"}, "nameFirstLast": "Hank Aguirre", "nameSlug": "hank-aguirre-110091", "firstLastName": "Hank Aguirre", "lastFirstName": "Aguirre, Hank", "lastInitName": "Aguirre, H", "initLastName": "H Aguirre", "fullFMLName": "Henry John Aguirre", "fullLFMName": "Aguirre, Henry John", "strikeZoneTop": 3.549, "strikeZoneBottom": 1.627}