{"id": 110068, "fullName": "Willie Adams", "link": "/api/v1/people/110068", "firstName": "William", "lastName": "Adams", "primaryNumber": "40", "birthDate": "1972-10-08", "currentAge": 50, "birthCity": "Gallup", "birthStateProvince": "NM", "birthCountry": "USA", "height": "6' 7\"", "weight": 215, "active": false, "primaryPosition": {"code": "1", "name": "Pitcher", "type": "Pitcher", "abbreviation": "P"}, "useName": "Willie", "useLastName": "Adams", "middleName": "Edward", "boxscoreName": "Adams", "gender": "M", "isPlayer": true, "isVerified": true, "draftYear": 1993, "lastPlayedDate": "1997-08-14", "stats": [{"type": {"displayName": "career"}, "group": {"displayName": "fielding"}, "exemptions": [], "splits": [{"stat": {"gamesPlayed": 25, "gamesStarted": 24, "assists": 16, "putOuts": 6, "errors": 0, "chances": 22, "fielding": "1.000", "position": {"code": "1", "name": "Pitcher", "type": "Pitcher", "abbreviation": "P"}, "rangeFactorPerGame": "0.88", "rangeFactorPer9Inn": "1.48", "innings": "134.2", "games": 25, "doublePlays": 0, "triplePlays": 0, "throwingErrors": 0}, "team": {"id": 133, "name": "Oakland Athletics", "link": "/api/v1/teams/133"}, "player": {"id": 110068, "fullName": "Willie Adams", "link": "/api/v1/people/110068"}, "league": {"id": 103, "name": "American League", "link": "/api/v1/league/103"}, "sport": {"id": 1, "link": "/api/v1/sports/1", "abbreviation": "MLB"}, "gameType": "R", "position": {"code": "1", "name": "Pitcher", "type": "Pitcher", "abbreviation": "P"}}]}, {"type": {"displayName": "career"}, "group": {"displayName": "pitching"}, "exemptions": [], "splits": [{"stat": {"gamesPlayed": 25, "gamesStarted": 24, "groundOuts": 144, "airOuts": 148, "runs": 92, "doubles": 29, "triples": 5, "homeRuns": 20, "strikeOuts": 105, "baseOnBalls": 55, "intentionalWalks": 5, "hits": 149, "hitByPitch": 9, "avg": ".279", "atBats": 534, "obp": ".352", "slg": ".464", "ops": ".816", "caughtStealing": 2, "stolenBases": 13, "stolenBasePercentage": ".867", "groundIntoDoublePlay": 7, "numberOfPitches": 2172, "era": "5.81", "inningsPitched": "134.2", "wins": 6, "losses": 9, "saves": 0, "saveOpportunities": 0, "holds": 0, "blownSaves": 0, "earnedRuns": 87, "whip": "1.51", "battersFaced": 611, "outs": 404, "gamesPitched": 25, "completeGames": 1, "shutouts": 1, "strikes": 1333, "strikePercentage": ".610", "hitBatsmen": 9, "balks": 0, "wildPitches": 4, "pickoffs": 1, "totalBases": 248, "groundOutsToAirouts": "0.97", "winPercentage": ".400", "pitchesPerInning": "16.13", "gamesFinished": 0, "strikeoutWalkRatio": "1.91", "strikeoutsPer9Inn": "7.02", "walksPer9Inn": "3.68", "hitsPer9Inn": "9.96", "runsScoredPer9": "6.15", "homeRunsPer9": "1.34", "inheritedRunners": 0, "inheritedRunnersScored": 0, "catchersInterference": 0, "sacBunts": 6, "sacFlies": 7}, "team": {"id": 133, "name": "Oakland Athletics", "link": "/api/v1/teams/133"}, "player": {"id": 110068, "fullName": "Willie Adams", "link": "/api/v1/people/110068"}, "league": {"id": 103, "name": "American League", "link": "/api/v1/league/103"}, "sport": {"id": 1, "link": "/api/v1/sports/1", "abbreviation": "MLB"}, "gameType": "R"}]}, {"type": {"displayName": "yearByYear"}, "group": {"displayName": "fielding"}, "exemptions": [], "splits": [{"season": "1996", "stat": {"gamesPlayed": 12, "gamesStarted": 12, "assists": 6, "putOuts": 5, "errors": 0, "chances": 11, "fielding": "1.000", "position": {"code": "1", "name": "Pitcher", "type": "Pitcher", "abbreviation": "P"}, "rangeFactorPerGame": "0.92", "rangeFactorPer9Inn": "1.30", "innings": "76.1", "games": 12, "doublePlays": 0, "triplePlays": 0, "throwingErrors": 0}, "team": {"id": 133, "name": "Oakland Athletics", "link": "/api/v1/teams/133"}, "player": {"id": 110068, "fullName": "Willie Adams", "link": "/api/v1/people/110068"}, "league": {"id": 103, "name": "American League", "link": "/api/v1/league/103"}, "sport": {"id": 1, "link": "/api/v1/sports/1", "abbreviation": "MLB"}, "gameType": "R", "position": {"code": "1", "name": "Pitcher", "type": "Pitcher", "abbreviation": "P"}}, {"season": "1997", "stat": {"gamesPlayed": 13, "gamesStarted": 12, "assists": 10, "putOuts": 1, "errors": 0, "chances": 11, "fielding": "1.000", "position": {"code": "1", "name": "Pitcher", "type": "Pitcher", "abbreviation": "P"}, "rangeFactorPerGame": "0.85", "rangeFactorPer9Inn": "1.71", "innings": "58.1", "games": 13, "doublePlays": 0, "triplePlays": 0, "throwingErrors": 0}, "team": {"id": 133, "name": "Oakland Athletics", "link": "/api/v1/teams/133"}, "player": {"id": 110068, "fullName": "Willie Adams", "link": "/api/v1/people/110068"}, "league": {"id": 103, "name": "American League", "link": "/api/v1/league/103"}, "sport": {"id": 1, "link": "/api/v1/sports/1", "abbreviation": "MLB"}, "gameType": "R", "position": {"code": "1", "name": "Pitcher", "type": "Pitcher", "abbreviation": "P"}}]}, {"type": {"displayName": "yearByYear"}, "group": {"displayName": "pitching"}, "exemptions": [], "splits": [{"season": "1996", "stat": {"gamesPlayed": 12, "gamesStarted": 12, "groundOuts": 75, "airOuts": 81, "runs": 39, "doubles": 7, "triples": 2, "homeRuns": 11, "strikeOuts": 68, "baseOnBalls": 23, "intentionalWalks": 3, "hits": 76, "hitByPitch": 5, "avg": ".257", "atBats": 296, "obp": ".319", "slg": ".405", "ops": ".724", "caughtStealing": 0, "stolenBases": 8, "stolenBasePercentage": "1.000", "groundIntoDoublePlay": 5, "numberOfPitches": 1174, "era": "4.01", "inningsPitched": "76.1", "wins": 3, "losses": 4, "saves": 0, "saveOpportunities": 0, "holds": 0, "blownSaves": 0, "earnedRuns": 34, "whip": "1.30", "battersFaced": 329, "outs": 229, "gamesPitched": 12, "completeGames": 1, "shutouts": 1, "strikes": 732, "strikePercentage": ".620", "hitBatsmen": 5, "balks": 0, "wildPitches": 2, "pickoffs": 0, "totalBases": 120, "groundOutsToAirouts": "0.93", "winPercentage": ".429", "pitchesPerInning": "15.38", "gamesFinished": 0, "strikeoutWalkRatio": "2.96", "strikeoutsPer9Inn": "8.02", "walksPer9Inn": "2.71", "hitsPer9Inn": "8.96", "runsScoredPer9": "4.60", "homeRunsPer9": "1.30", "inheritedRunners": 0, "inheritedRunnersScored": 0, "catchersInterference": 0, "sacBunts": 3, "sacFlies": 2}, "team": {"id": 133, "name": "Oakland Athletics", "link": "/api/v1/teams/133"}, "player": {"id": 110068, "fullName": "Willie Adams", "link": "/api/v1/people/110068"}, "league": {"id": 103, "name": "American League", "link": "/api/v1/league/103"}, "sport": {"id": 1, "link": "/api/v1/sports/1", "abbreviation": "MLB"}, "gameType": "R"}, {"season": "1997", "stat": {"gamesPlayed": 13, "gamesStarted": 12, "groundOuts": 69, "airOuts": 67, "runs": 53, "doubles": 22, "triples": 3, "homeRuns": 9, "strikeOuts": 37, "baseOnBalls": 32, "intentionalWalks": 2, "hits": 73, "hitByPitch": 4, "avg": ".307", "atBats": 238, "obp": ".391", "slg": ".538", "ops": ".929", "caughtStealing": 2, "stolenBases": 5, "stolenBasePercentage": ".714", "groundIntoDoublePlay": 2, "numberOfPitches": 998, "era": "8.18", "inningsPitched": "58.1", "wins": 3, "losses": 5, "saves": 0, "saveOpportunities": 0, "holds": 0, "blownSaves": 0, "earnedRuns": 53, "whip": "1.80", "battersFaced": 282, "outs": 175, "gamesPitched": 13, "completeGames": 0, "shutouts": 0, "strikes": 601, "strikePercentage": ".600", "hitBatsmen": 4, "balks": 0, "wildPitches": 2, "pickoffs": 1, "totalBases": 128, "groundOutsToAirouts": "1.03", "winPercentage": ".375", "pitchesPerInning": "17.11", "gamesFinished": 0, "strikeoutWalkRatio": "1.16", "strikeoutsPer9Inn": "5.71", "walksPer9Inn": "4.94", "hitsPer9Inn": "11.26", "runsScoredPer9": "8.18", "homeRunsPer9": "1.39", "inheritedRunners": 0, "inheritedRunnersScored": 0, "catchersInterference": 0, "sacBunts": 3, "sacFlies": 5}, "team": {"id": 133, "name": "Oakland Athletics", "link": "/api/v1/teams/133"}, "player": {"id": 110068, "fullName": "Willie Adams", "link": "/api/v1/people/110068"}, "league": {"id": 103, "name": "American League", "link": "/api/v1/league/103"}, "sport": {"id": 1, "link": "/api/v1/sports/1", "abbreviation": "MLB"}, "gameType": "R"}]}], "mlbDebutDate": "1996-06-11", "batSide": {"code": "R", "description": "Right"}, "pitchHand": {"code": "R", "description": "Right"}, "nameFirstLast": "Willie Adams", "nameSlug": "willie-adams-110068", "firstLastName": "Willie Adams", "lastFirstName": "Adams, Willie", "lastInitName": "Adams, W", "initLastName": "W Adams", "fullFMLName": "William Edward Adams", "fullLFMName": "Adams, William Edward", "strikeZoneTop": 3.756, "strikeZoneBottom": 1.746}