{"id": 110440, "fullName": "Gene Bailey", "link": "/api/v1/people/110440", "firstName": "Arthur", "lastName": "Bailey", "birthDate": "1893-11-25", "currentAge": 79, "birthCity": "Pearsall", "birthStateProvince": "TX", "birthCountry": "USA", "height": "5' 8\"", "weight": 160, "active": false, "primaryPosition": {"code": "8", "name": "Outfielder", "type": "Outfielder", "abbreviation": "CF"}, "useName": "Gene", "useLastName": "Bailey", "middleName": "Eugene", "boxscoreName": "Bailey", "gender": "M", "isPlayer": true, "isVerified": true, "deathDate": "1973-11-14", "deathCity": "Houston", "deathStateProvince": "TX", "deathCountry": "USA", "lastPlayedDate": "1924-06-03", "stats": [{"type": {"displayName": "career"}, "group": {"displayName": "hitting"}, "exemptions": [], "splits": [{"stat": {"gamesPlayed": 213, "runs": 95, "doubles": 16, "triples": 7, "homeRuns": 2, "strikeOuts": 61, "baseOnBalls": 63, "hits": 156, "hitByPitch": 7, "avg": ".246", "atBats": 634, "obp": ".321", "slg": ".303", "ops": ".624", "caughtStealing": 15, "stolenBases": 13, "stolenBasePercentage": ".464", "plateAppearances": 727, "totalBases": 192, "rbi": 52, "sacBunts": 23, "babip": ".270", "atBatsPerHomeRun": "317.00"}, "player": {"id": 110440, "fullName": "Gene Bailey", "link": "/api/v1/people/110440"}, "sport": {"id": 1, "link": "/api/v1/sports/1", "abbreviation": "MLB"}, "gameType": "R", "numTeams": 4}]}, {"type": {"displayName": "career"}, "group": {"displayName": "fielding"}, "exemptions": [], "splits": [{"stat": {"gamesPlayed": 35, "gamesStarted": 25, "assists": 4, "putOuts": 55, "errors": 3, "chances": 62, "fielding": ".952", "position": {"code": "7", "name": "Outfielder", "type": "Outfielder", "abbreviation": "LF"}, "rangeFactorPerGame": "1.69", "rangeFactorPer9Inn": "2.50", "innings": "212.2", "games": 35, "doublePlays": 0, "triplePlays": 0}, "player": {"id": 110440, "fullName": "Gene Bailey", "link": "/api/v1/people/110440"}, "sport": {"id": 1, "link": "/api/v1/sports/1", "abbreviation": "MLB"}, "gameType": "R", "numTeams": 4, "position": {"code": "7", "name": "Outfielder", "type": "Outfielder", "abbreviation": "LF"}}, {"stat": {"gamesPlayed": 100, "gamesStarted": 91, "assists": 6, "putOuts": 244, "errors": 10, "chances": 260, "fielding": ".962", "position": {"code": "8", "name": "Outfielder", "type": "Outfielder", "abbreviation": "CF"}, "rangeFactorPerGame": "2.50", "rangeFactorPer9Inn": "3.02", "innings": "745.2", "games": 100, "doublePlays": 1, "triplePlays": 0}, "player": {"id": 110440, "fullName": "Gene Bailey", "link": "/api/v1/people/110440"}, "sport": {"id": 1, "link": "/api/v1/sports/1", "abbreviation": "MLB"}, "gameType": "R", "numTeams": 4, "position": {"code": "8", "name": "Outfielder", "type": "Outfielder", "abbreviation": "CF"}}, {"stat": {"gamesPlayed": 44, "gamesStarted": 37, "assists": 5, "putOuts": 69, "errors": 1, "chances": 75, "fielding": ".987", "position": {"code": "9", "name": "Outfielder", "type": "Outfielder", "abbreviation": "RF"}, "rangeFactorPerGame": "1.68", "rangeFactorPer9Inn": "2.52", "innings": "264.0", "games": 44, "doublePlays": 1, "triplePlays": 0}, "player": {"id": 110440, "fullName": "Gene Bailey", "link": "/api/v1/people/110440"}, "sport": {"id": 1, "link": "/api/v1/sports/1", "abbreviation": "MLB"}, "gameType": "R", "numTeams": 3, "position": {"code": "9", "name": "Outfielder", "type": "Outfielder", "abbreviation": "RF"}}, {"stat": {"gamesPlayed": 5, "gamesStarted": 4, "assists": 4, "putOuts": 46, "errors": 1, "chances": 51, "fielding": ".980", "position": {"code": "3", "name": "First Base", "type": "Infielder", "abbreviation": "1B"}, "rangeFactorPerGame": "10.00", "rangeFactorPer9Inn": "10.23", "innings": "44.0", "games": 5, "doublePlays": 2, "triplePlays": 0}, "team": {"id": 119, "name": "Los Angeles Dodgers", "link": "/api/v1/teams/119"}, "player": {"id": 110440, "fullName": "Gene Bailey", "link": "/api/v1/people/110440"}, "league": {"id": 104, "name": "National League", "link": "/api/v1/league/104"}, "sport": {"id": 1, "link": "/api/v1/sports/1", "abbreviation": "MLB"}, "gameType": "R", "position": {"code": "3", "name": "First Base", "type": "Infielder", "abbreviation": "1B"}}]}, {"type": {"displayName": "yearByYear"}, "group": {"displayName": "hitting"}, "exemptions": [], "splits": [{"season": "1917", "stat": {"gamesPlayed": 5, "runs": 1, "doubles": 0, "triples": 0, "homeRuns": 0, "strikeOuts": 1, "baseOnBalls": 1, "hits": 1, "hitByPitch": 0, "avg": ".083", "atBats": 12, "obp": ".154", "slg": ".083", "ops": ".237", "stolenBases": 0, "plateAppearances": 14, "totalBases": 1, "rbi": 0, "sacBunts": 1, "babip": ".091", "atBatsPerHomeRun": "-.--"}, "team": {"id": 133, "name": "Philadelphia Athletics", "link": "/api/v1/teams/133"}, "player": {"id": 110440, "fullName": "Gene Bailey", "link": "/api/v1/people/110440"}, "league": {"id": 103, "name": "American League", "link": "/api/v1/league/103"}, "sport": {"id": 1, "link": "/api/v1/sports/1", "abbreviation": "MLB"}, "gameType": "R"}, {"season": "1919", "stat": {"gamesPlayed": 4, "runs": 0, "doubles": 0, "triples": 0, "homeRuns": 0, "strikeOuts": 2, "baseOnBalls": 0, "hits": 2, "hitByPitch": 0, "avg": ".333", "atBats": 6, "obp": ".333", "slg": ".333", "ops": ".666", "stolenBases": 1, "plateAppearances": 6, "totalBases": 2, "rbi": 1, "sacBunts": 0, "babip": ".500", "atBatsPerHomeRun": "-.--"}, "team": {"id": 144, "name": "Boston Braves", "link": "/api/v1/teams/144"}, "player": {"id": 110440, "fullName": "Gene Bailey", "link": "/api/v1/people/110440"}, "league": {"id": 104, "name": "National League", "link": "/api/v1/league/104"}, "sport": {"id": 1, "link": "/api/v1/sports/1", "abbreviation": "MLB"}, "gameType": "R"}, {"season": "1920", "stat": {"gamesPlayed": 13, "runs": 2, "doubles": 0, "triples": 0, "homeRuns": 0, "strikeOuts": 3, "baseOnBalls": 3, "hits": 2, "hitByPitch": 0, "avg": ".083", "atBats": 24, "obp": ".185", "slg": ".083", "ops": ".268", "caughtStealing": 1, "stolenBases": 0, "stolenBasePercentage": ".000", "plateAppearances": 29, "totalBases": 2, "rbi": 0, "sacBunts": 2, "babip": ".095", "atBatsPerHomeRun": "-.--"}, "team": {"id": 144, "name": "Boston Braves", "link": "/api/v1/teams/144"}, "player": {"id": 110440, "fullName": "Gene Bailey", "link": "/api/v1/people/110440"}, "league": {"id": 104, "name": "National League", "link": "/api/v1/league/104"}, "sport": {"id": 1, "link": "/api/v1/sports/1", "abbreviation": "MLB"}, "gameType": "R"}, {"season": "1920", "stat": {"gamesPlayed": 46, "runs": 14, "doubles": 2, "triples": 0, "homeRuns": 0, "strikeOuts": 15, "baseOnBalls": 9, "hits": 31, "hitByPitch": 1, "avg": ".230", "atBats": 135, "obp": ".283", "slg": ".244", "ops": ".527", "caughtStealing": 7, "stolenBases": 2, "stolenBasePercentage": ".222", "plateAppearances": 150, "totalBases": 33, "rbi": 5, "sacBunts": 5, "babip": ".258", "atBatsPerHomeRun": "-.--"}, "team": {"id": 111, "name": "Boston Red Sox", "link": "/api/v1/teams/111"}, "player": {"id": 110440, "fullName": "Gene Bailey", "link": "/api/v1/people/110440"}, "league": {"id": 103, "name": "American League", "link": "/api/v1/league/103"}, "sport": {"id": 1, "link": "/api/v1/sports/1", "abbreviation": "MLB"}, "gameType": "R"}, {"season": "1920", "stat": {"gamesPlayed": 59, "runs": 16, "doubles": 2, "triples": 0, "homeRuns": 0, "strikeOuts": 18, "baseOnBalls": 12, "hits": 33, "hitByPitch": 1, "avg": ".208", "atBats": 159, "obp": ".267", "slg": ".220", "ops": ".487", "caughtStealing": 8, "stolenBases": 2, "stolenBasePercentage": ".200", "plateAppearances": 179, "totalBases": 35, "rbi": 5, "sacBunts": 7, "babip": ".234", "atBatsPerHomeRun": "-.--"}, "player": {"id": 110440, "fullName": "Gene Bailey", "link": "/api/v1/people/110440"}, "sport": {"id": 1, "link": "/api/v1/sports/1", "abbreviation": "MLB"}, "gameType": "R", "numTeams": 2}, {"season": "1923", "stat": {"gamesPlayed": 127, "runs": 71, "doubles": 11, "triples": 7, "homeRuns": 1, "strikeOuts": 34, "baseOnBalls": 43, "hits": 109, "hitByPitch": 6, "avg": ".265", "atBats": 411, "obp": ".343", "slg": ".333", "ops": ".676", "caughtStealing": 7, "stolenBases": 9, "stolenBasePercentage": ".563", "plateAppearances": 471, "totalBases": 137, "rbi": 42, "sacBunts": 11, "babip": ".287", "atBatsPerHomeRun": "411.00"}, "team": {"id": 119, "name": "Brooklyn Robins", "link": "/api/v1/teams/119"}, "player": {"id": 110440, "fullName": "Gene Bailey", "link": "/api/v1/people/110440"}, "league": {"id": 104, "name": "National League", "link": "/api/v1/league/104"}, "sport": {"id": 1, "link": "/api/v1/sports/1", "abbreviation": "MLB"}, "gameType": "R"}, {"season": "1924", "stat": {"gamesPlayed": 18, "runs": 7, "doubles": 3, "triples": 0, "homeRuns": 1, "strikeOuts": 6, "baseOnBalls": 7, "hits": 11, "hitByPitch": 0, "avg": ".239", "atBats": 46, "obp": ".340", "slg": ".370", "ops": ".710", "caughtStealing": 0, "stolenBases": 1, "stolenBasePercentage": "1.000", "plateAppearances": 57, "totalBases": 17, "rbi": 4, "sacBunts": 4, "babip": ".256", "atBatsPerHomeRun": "46.00"}, "team": {"id": 119, "name": "Brooklyn Robins", "link": "/api/v1/teams/119"}, "player": {"id": 110440, "fullName": "Gene Bailey", "link": "/api/v1/people/110440"}, "league": {"id": 104, "name": "National League", "link": "/api/v1/league/104"}, "sport": {"id": 1, "link": "/api/v1/sports/1", "abbreviation": "MLB"}, "gameType": "R"}]}, {"type": {"displayName": "yearByYear"}, "group": {"displayName": "fielding"}, "exemptions": [], "splits": [{"season": "1917", "stat": {"gamesPlayed": 1, "gamesStarted": 0, "assists": 0, "putOuts": 1, "errors": 0, "chances": 1, "fielding": "1.000", "position": {"code": "7", "name": "Outfielder", "type": "Outfielder", "abbreviation": "LF"}, "rangeFactorPerGame": "1.00", "games": 1, "doublePlays": 0, "triplePlays": 0}, "team": {"id": 133, "name": "Philadelphia Athletics", "link": "/api/v1/teams/133"}, "player": {"id": 110440, "fullName": "Gene Bailey", "link": "/api/v1/people/110440"}, "league": {"id": 103, "name": "American League", "link": "/api/v1/league/103"}, "sport": {"id": 1, "link": "/api/v1/sports/1", "abbreviation": "MLB"}, "gameType": "R", "position": {"code": "7", "name": "Outfielder", "type": "Outfielder", "abbreviation": "LF"}}, {"season": "1917", "stat": {"gamesPlayed": 3, "gamesStarted": 3, "assists": 0, "putOuts": 4, "errors": 1, "chances": 5, "fielding": ".800", "position": {"code": "8", "name": "Outfielder", "type": "Outfielder", "abbreviation": "CF"}, "rangeFactorPerGame": "1.33", "rangeFactorPer9Inn": "1.33", "innings": "27.0", "games": 3, "doublePlays": 0, "triplePlays": 0}, "team": {"id": 133, "name": "Philadelphia Athletics", "link": "/api/v1/teams/133"}, "player": {"id": 110440, "fullName": "Gene Bailey", "link": "/api/v1/people/110440"}, "league": {"id": 103, "name": "American League", "link": "/api/v1/league/103"}, "sport": {"id": 1, "link": "/api/v1/sports/1", "abbreviation": "MLB"}, "gameType": "R", "position": {"code": "8", "name": "Outfielder", "type": "Outfielder", "abbreviation": "CF"}}, {"season": "1919", "stat": {"gamesPlayed": 1, "gamesStarted": 1, "assists": 0, "putOuts": 1, "errors": 0, "chances": 1, "fielding": "1.000", "position": {"code": "8", "name": "Outfielder", "type": "Outfielder", "abbreviation": "CF"}, "rangeFactorPerGame": "1.00", "games": 1, "doublePlays": 0, "triplePlays": 0}, "team": {"id": 144, "name": "Boston Braves", "link": "/api/v1/teams/144"}, "player": {"id": 110440, "fullName": "Gene Bailey", "link": "/api/v1/people/110440"}, "league": {"id": 104, "name": "National League", "link": "/api/v1/league/104"}, "sport": {"id": 1, "link": "/api/v1/sports/1", "abbreviation": "MLB"}, "gameType": "R", "position": {"code": "8", "name": "Outfielder", "type": "Outfielder", "abbreviation": "CF"}}, {"season": "1919", "stat": {"gamesPlayed": 3, "gamesStarted": 0, "assists": 0, "putOuts": 3, "errors": 0, "chances": 3, "fielding": "1.000", "position": {"code": "9", "name": "Outfielder", "type": "Outfielder", "abbreviation": "RF"}, "rangeFactorPerGame": "1.00", "rangeFactorPer9Inn": "9.00", "innings": "3.0", "games": 3, "doublePlays": 0, "triplePlays": 0}, "team": {"id": 144, "name": "Boston Braves", "link": "/api/v1/teams/144"}, "player": {"id": 110440, "fullName": "Gene Bailey", "link": "/api/v1/people/110440"}, "league": {"id": 104, "name": "National League", "link": "/api/v1/league/104"}, "sport": {"id": 1, "link": "/api/v1/sports/1", "abbreviation": "MLB"}, "gameType": "R", "position": {"code": "9", "name": "Outfielder", "type": "Outfielder", "abbreviation": "RF"}}, {"season": "1920", "stat": {"gamesPlayed": 5, "gamesStarted": 4, "assists": 0, "putOuts": 5, "errors": 1, "chances": 6, "fielding": ".833", "position": {"code": "7", "name": "Outfielder", "type": "Outfielder", "abbreviation": "LF"}, "rangeFactorPerGame": "1.00", "rangeFactorPer9Inn": "1.41", "innings": "32.0", "games": 5, "doublePlays": 0, "triplePlays": 0}, "team": {"id": 144, "name": "Boston Braves", "link": "/api/v1/teams/144"}, "player": {"id": 110440, "fullName": "Gene Bailey", "link": "/api/v1/people/110440"}, "league": {"id": 104, "name": "National League", "link": "/api/v1/league/104"}, "sport": {"id": 1, "link": "/api/v1/sports/1", "abbreviation": "MLB"}, "gameType": "R", "position": {"code": "7", "name": "Outfielder", "type": "Outfielder", "abbreviation": "LF"}}, {"season": "1920", "stat": {"gamesPlayed": 3, "gamesStarted": 1, "assists": 1, "putOuts": 4, "errors": 0, "chances": 5, "fielding": "1.000", "position": {"code": "8", "name": "Outfielder", "type": "Outfielder", "abbreviation": "CF"}, "rangeFactorPerGame": "1.67", "rangeFactorPer9Inn": "15.00", "innings": "3.0", "games": 3, "doublePlays": 0, "triplePlays": 0}, "team": {"id": 144, "name": "Boston Braves", "link": "/api/v1/teams/144"}, "player": {"id": 110440, "fullName": "Gene Bailey", "link": "/api/v1/people/110440"}, "league": {"id": 104, "name": "National League", "link": "/api/v1/league/104"}, "sport": {"id": 1, "link": "/api/v1/sports/1", "abbreviation": "MLB"}, "gameType": "R", "position": {"code": "8", "name": "Outfielder", "type": "Outfielder", "abbreviation": "CF"}}, {"season": "1920", "stat": {"gamesPlayed": 1, "gamesStarted": 1, "assists": 0, "putOuts": 3, "errors": 0, "chances": 3, "fielding": "1.000", "position": {"code": "9", "name": "Outfielder", "type": "Outfielder", "abbreviation": "RF"}, "rangeFactorPerGame": "3.00", "rangeFactorPer9Inn": "3.38", "innings": "8.0", "games": 1, "doublePlays": 0, "triplePlays": 0}, "team": {"id": 144, "name": "Boston Braves", "link": "/api/v1/teams/144"}, "player": {"id": 110440, "fullName": "Gene Bailey", "link": "/api/v1/people/110440"}, "league": {"id": 104, "name": "National League", "link": "/api/v1/league/104"}, "sport": {"id": 1, "link": "/api/v1/sports/1", "abbreviation": "MLB"}, "gameType": "R", "position": {"code": "9", "name": "Outfielder", "type": "Outfielder", "abbreviation": "RF"}}, {"season": "1920", "stat": {"gamesPlayed": 4, "gamesStarted": 3, "assists": 1, "putOuts": 5, "errors": 0, "chances": 6, "fielding": "1.000", "position": {"code": "7", "name": "Outfielder", "type": "Outfielder", "abbreviation": "LF"}, "rangeFactorPerGame": "1.50", "rangeFactorPer9Inn": "3.38", "innings": "16.0", "games": 4, "doublePlays": 0, "triplePlays": 0}, "team": {"id": 111, "name": "Boston Red Sox", "link": "/api/v1/teams/111"}, "player": {"id": 110440, "fullName": "Gene Bailey", "link": "/api/v1/people/110440"}, "league": {"id": 103, "name": "American League", "link": "/api/v1/league/103"}, "sport": {"id": 1, "link": "/api/v1/sports/1", "abbreviation": "MLB"}, "gameType": "R", "position": {"code": "7", "name": "Outfielder", "type": "Outfielder", "abbreviation": "LF"}}, {"season": "1920", "stat": {"gamesPlayed": 21, "gamesStarted": 20, "assists": 0, "putOuts": 36, "errors": 0, "chances": 36, "fielding": "1.000", "position": {"code": "8", "name": "Outfielder", "type": "Outfielder", "abbreviation": "CF"}, "rangeFactorPerGame": "1.71", "rangeFactorPer9Inn": "2.10", "innings": "154.2", "games": 21, "doublePlays": 0, "triplePlays": 0}, "team": {"id": 111, "name": "Boston Red Sox", "link": "/api/v1/teams/111"}, "player": {"id": 110440, "fullName": "Gene Bailey", "link": "/api/v1/people/110440"}, "league": {"id": 103, "name": "American League", "link": "/api/v1/league/103"}, "sport": {"id": 1, "link": "/api/v1/sports/1", "abbreviation": "MLB"}, "gameType": "R", "position": {"code": "8", "name": "Outfielder", "type": "Outfielder", "abbreviation": "CF"}}, {"season": "1920", "stat": {"gamesPlayed": 15, "gamesStarted": 14, "assists": 2, "putOuts": 26, "errors": 1, "chances": 29, "fielding": ".966", "position": {"code": "9", "name": "Outfielder", "type": "Outfielder", "abbreviation": "RF"}, "rangeFactorPerGame": "1.87", "rangeFactorPer9Inn": "2.08", "innings": "121.0", "games": 15, "doublePlays": 0, "triplePlays": 0}, "team": {"id": 111, "name": "Boston Red Sox", "link": "/api/v1/teams/111"}, "player": {"id": 110440, "fullName": "Gene Bailey", "link": "/api/v1/people/110440"}, "league": {"id": 103, "name": "American League", "link": "/api/v1/league/103"}, "sport": {"id": 1, "link": "/api/v1/sports/1", "abbreviation": "MLB"}, "gameType": "R", "position": {"code": "9", "name": "Outfielder", "type": "Outfielder", "abbreviation": "RF"}}, {"season": "1920", "stat": {"gamesPlayed": 9, "gamesStarted": 7, "assists": 1, "putOuts": 10, "errors": 1, "chances": 12, "fielding": ".917", "position": {"code": "7", "name": "Outfielder", "type": "Outfielder", "abbreviation": "LF"}, "rangeFactorPerGame": "1.22", "rangeFactorPer9Inn": "2.06", "innings": "48.0", "games": 9, "doublePlays": 0, "triplePlays": 0}, "player": {"id": 110440, "fullName": "Gene Bailey", "link": "/api/v1/people/110440"}, "sport": {"id": 1, "link": "/api/v1/sports/1", "abbreviation": "MLB"}, "gameType": "R", "numTeams": 2, "position": {"code": "7", "name": "Outfielder", "type": "Outfielder", "abbreviation": "LF"}}, {"season": "1920", "stat": {"gamesPlayed": 24, "gamesStarted": 21, "assists": 1, "putOuts": 40, "errors": 0, "chances": 41, "fielding": "1.000", "position": {"code": "8", "name": "Outfielder", "type": "Outfielder", "abbreviation": "CF"}, "rangeFactorPerGame": "1.71", "rangeFactorPer9Inn": "2.35", "innings": "157.2", "games": 24, "doublePlays": 0, "triplePlays": 0}, "player": {"id": 110440, "fullName": "Gene Bailey", "link": "/api/v1/people/110440"}, "sport": {"id": 1, "link": "/api/v1/sports/1", "abbreviation": "MLB"}, "gameType": "R", "numTeams": 2, "position": {"code": "8", "name": "Outfielder", "type": "Outfielder", "abbreviation": "CF"}}, {"season": "1920", "stat": {"gamesPlayed": 16, "gamesStarted": 15, "assists": 2, "putOuts": 29, "errors": 1, "chances": 32, "fielding": ".969", "position": {"code": "9", "name": "Outfielder", "type": "Outfielder", "abbreviation": "RF"}, "rangeFactorPerGame": "1.94", "rangeFactorPer9Inn": "2.16", "innings": "129.0", "games": 16, "doublePlays": 0, "triplePlays": 0}, "player": {"id": 110440, "fullName": "Gene Bailey", "link": "/api/v1/people/110440"}, "sport": {"id": 1, "link": "/api/v1/sports/1", "abbreviation": "MLB"}, "gameType": "R", "numTeams": 2, "position": {"code": "9", "name": "Outfielder", "type": "Outfielder", "abbreviation": "RF"}}, {"season": "1923", "stat": {"gamesPlayed": 5, "gamesStarted": 4, "assists": 4, "putOuts": 46, "errors": 1, "chances": 51, "fielding": ".980", "position": {"code": "3", "name": "First Base", "type": "Infielder", "abbreviation": "1B"}, "rangeFactorPerGame": "10.00", "rangeFactorPer9Inn": "10.23", "innings": "44.0", "games": 5, "doublePlays": 2, "triplePlays": 0}, "team": {"id": 119, "name": "Brooklyn Robins", "link": "/api/v1/teams/119"}, "player": {"id": 110440, "fullName": "Gene Bailey", "link": "/api/v1/people/110440"}, "league": {"id": 104, "name": "National League", "link": "/api/v1/league/104"}, "sport": {"id": 1, "link": "/api/v1/sports/1", "abbreviation": "MLB"}, "gameType": "R", "position": {"code": "3", "name": "First Base", "type": "Infielder", "abbreviation": "1B"}}, {"season": "1923", "stat": {"gamesPlayed": 25, "gamesStarted": 18, "assists": 3, "putOuts": 44, "errors": 2, "chances": 49, "fielding": ".959", "position": {"code": "7", "name": "Outfielder", "type": "Outfielder", "abbreviation": "LF"}, "rangeFactorPerGame": "1.88", "rangeFactorPer9Inn": "2.58", "innings": "164.2", "games": 25, "doublePlays": 0, "triplePlays": 0}, "team": {"id": 119, "name": "Brooklyn Robins", "link": "/api/v1/teams/119"}, "player": {"id": 110440, "fullName": "Gene Bailey", "link": "/api/v1/people/110440"}, "league": {"id": 104, "name": "National League", "link": "/api/v1/league/104"}, "sport": {"id": 1, "link": "/api/v1/sports/1", "abbreviation": "MLB"}, "gameType": "R", "position": {"code": "7", "name": "Outfielder", "type": "Outfielder", "abbreviation": "LF"}}, {"season": "1923", "stat": {"gamesPlayed": 62, "gamesStarted": 58, "assists": 5, "putOuts": 177, "errors": 9, "chances": 191, "fielding": ".953", "position": {"code": "8", "name": "Outfielder", "type": "Outfielder", "abbreviation": "CF"}, "rangeFactorPerGame": "2.94", "rangeFactorPer9Inn": "3.22", "innings": "508.0", "games": 62, "doublePlays": 1, "triplePlays": 0}, "team": {"id": 119, "name": "Brooklyn Robins", "link": "/api/v1/teams/119"}, "player": {"id": 110440, "fullName": "Gene Bailey", "link": "/api/v1/people/110440"}, "league": {"id": 104, "name": "National League", "link": "/api/v1/league/104"}, "sport": {"id": 1, "link": "/api/v1/sports/1", "abbreviation": "MLB"}, "gameType": "R", "position": {"code": "8", "name": "Outfielder", "type": "Outfielder", "abbreviation": "CF"}}, {"season": "1923", "stat": {"gamesPlayed": 17, "gamesStarted": 16, "assists": 2, "putOuts": 24, "errors": 0, "chances": 26, "fielding": "1.000", "position": {"code": "9", "name": "Outfielder", "type": "Outfielder", "abbreviation": "RF"}, "rangeFactorPerGame": "1.53", "rangeFactorPer9Inn": "2.21", "innings": "106.0", "games": 17, "doublePlays": 0, "triplePlays": 0}, "team": {"id": 119, "name": "Brooklyn Robins", "link": "/api/v1/teams/119"}, "player": {"id": 110440, "fullName": "Gene Bailey", "link": "/api/v1/people/110440"}, "league": {"id": 104, "name": "National League", "link": "/api/v1/league/104"}, "sport": {"id": 1, "link": "/api/v1/sports/1", "abbreviation": "MLB"}, "gameType": "R", "position": {"code": "9", "name": "Outfielder", "type": "Outfielder", "abbreviation": "RF"}}, {"season": "1924", "stat": {"gamesPlayed": 10, "gamesStarted": 8, "assists": 0, "putOuts": 22, "errors": 0, "chances": 22, "fielding": "1.000", "position": {"code": "8", "name": "Outfielder", "type": "Outfielder", "abbreviation": "CF"}, "rangeFactorPerGame": "2.20", "rangeFactorPer9Inn": "3.74", "innings": "53.0", "games": 10, "doublePlays": 0, "triplePlays": 0}, "team": {"id": 119, "name": "Brooklyn Robins", "link": "/api/v1/teams/119"}, "player": {"id": 110440, "fullName": "Gene Bailey", "link": "/api/v1/people/110440"}, "league": {"id": 104, "name": "National League", "link": "/api/v1/league/104"}, "sport": {"id": 1, "link": "/api/v1/sports/1", "abbreviation": "MLB"}, "gameType": "R", "position": {"code": "8", "name": "Outfielder", "type": "Outfielder", "abbreviation": "CF"}}, {"season": "1924", "stat": {"gamesPlayed": 8, "gamesStarted": 6, "assists": 1, "putOuts": 13, "errors": 0, "chances": 14, "fielding": "1.000", "position": {"code": "9", "name": "Outfielder", "type": "Outfielder", "abbreviation": "RF"}, "rangeFactorPerGame": "1.75", "rangeFactorPer9Inn": "4.85", "innings": "26.0", "games": 8, "doublePlays": 1, "triplePlays": 0}, "team": {"id": 119, "name": "Brooklyn Robins", "link": "/api/v1/teams/119"}, "player": {"id": 110440, "fullName": "Gene Bailey", "link": "/api/v1/people/110440"}, "league": {"id": 104, "name": "National League", "link": "/api/v1/league/104"}, "sport": {"id": 1, "link": "/api/v1/sports/1", "abbreviation": "MLB"}, "gameType": "R", "position": {"code": "9", "name": "Outfielder", "type": "Outfielder", "abbreviation": "RF"}}]}], "mlbDebutDate": "1917-09-10", "batSide": {"code": "R", "description": "Right"}, "pitchHand": {"code": "R", "description": "Right"}, "nameFirstLast": "Gene Bailey", "nameSlug": "gene-bailey-110440", "firstLastName": "Gene Bailey", "lastFirstName": "Bailey, Gene", "lastInitName": "Bailey, G", "initLastName": "G Bailey", "fullFMLName": "Arthur Eugene Bailey", "fullLFMName": "Bailey, Arthur Eugene", "strikeZoneTop": 3.26, "strikeZoneBottom": 1.481}