{"id": 110332, "fullName": "Scott Arnold", "link": "/api/v1/people/110332", "firstName": "Scott", "lastName": "Arnold", "primaryNumber": "41", "birthDate": "1962-08-18", "currentAge": 61, "birthCity": "Lexington", "birthStateProvince": "KY", "birthCountry": "USA", "height": "6' 2\"", "weight": 210, "active": false, "primaryPosition": {"code": "1", "name": "Pitcher", "type": "Pitcher", "abbreviation": "P"}, "useName": "Scott", "useLastName": "Arnold", "middleName": "Gentry", "boxscoreName": "Arnold", "gender": "M", "isPlayer": true, "isVerified": true, "draftYear": 1984, "lastPlayedDate": "1988-04-23", "stats": [{"type": {"displayName": "career"}, "group": {"displayName": "hitting"}, "exemptions": [], "splits": [{"stat": {"gamesPlayed": 6, "groundOuts": 0, "airOuts": 0, "runs": 0, "doubles": 0, "triples": 0, "homeRuns": 0, "strikeOuts": 0, "baseOnBalls": 0, "intentionalWalks": 0, "hits": 0, "hitByPitch": 0, "avg": ".000", "atBats": 0, "obp": ".000", "slg": ".000", "ops": ".000", "caughtStealing": 0, "stolenBases": 0, "stolenBasePercentage": ".---", "groundIntoDoublePlay": 0, "numberOfPitches": 0, "plateAppearances": 0, "totalBases": 0, "rbi": 0, "leftOnBase": 0, "sacBunts": 0, "sacFlies": 0, "babip": ".---", "groundOutsToAirouts": "-.--", "catchersInterference": 0, "atBatsPerHomeRun": "-.--"}, "team": {"id": 138, "name": "St. Louis Cardinals", "link": "/api/v1/teams/138"}, "player": {"id": 110332, "fullName": "Scott Arnold", "link": "/api/v1/people/110332"}, "league": {"id": 104, "name": "National League", "link": "/api/v1/league/104"}, "sport": {"id": 1, "link": "/api/v1/sports/1", "abbreviation": "MLB"}, "gameType": "R"}]}, {"type": {"displayName": "career"}, "group": {"displayName": "pitching"}, "exemptions": [], "splits": [{"stat": {"gamesPlayed": 6, "gamesStarted": 0, "groundOuts": 5, "airOuts": 5, "runs": 4, "doubles": 2, "triples": 1, "homeRuns": 0, "strikeOuts": 8, "baseOnBalls": 4, "intentionalWalks": 1, "hits": 9, "hitByPitch": 0, "avg": ".321", "atBats": 28, "obp": ".406", "slg": ".464", "ops": ".870", "caughtStealing": 0, "stolenBases": 3, "stolenBasePercentage": "1.000", "groundIntoDoublePlay": 1, "numberOfPitches": 119, "era": "5.40", "inningsPitched": "6.2", "wins": 0, "losses": 0, "saves": 0, "saveOpportunities": 0, "holds": 0, "blownSaves": 0, "earnedRuns": 4, "whip": "1.95", "battersFaced": 32, "outs": 20, "gamesPitched": 6, "completeGames": 0, "shutouts": 0, "strikes": 70, "strikePercentage": ".590", "hitBatsmen": 0, "balks": 3, "wildPitches": 3, "pickoffs": 0, "totalBases": 13, "groundOutsToAirouts": "1.00", "winPercentage": ".---", "pitchesPerInning": "17.85", "gamesFinished": 2, "strikeoutWalkRatio": "2.00", "strikeoutsPer9Inn": "10.80", "walksPer9Inn": "5.40", "hitsPer9Inn": "12.15", "runsScoredPer9": "5.40", "homeRunsPer9": "0.00", "inheritedRunners": 5, "inheritedRunnersScored": 4, "catchersInterference": 0, "sacBunts": 0, "sacFlies": 0}, "team": {"id": 138, "name": "St. Louis Cardinals", "link": "/api/v1/teams/138"}, "player": {"id": 110332, "fullName": "Scott Arnold", "link": "/api/v1/people/110332"}, "league": {"id": 104, "name": "National League", "link": "/api/v1/league/104"}, "sport": {"id": 1, "link": "/api/v1/sports/1", "abbreviation": "MLB"}, "gameType": "R"}]}, {"type": {"displayName": "career"}, "group": {"displayName": "fielding"}, "exemptions": [], "splits": [{"stat": {"gamesPlayed": 6, "gamesStarted": 0, "assists": 1, "putOuts": 0, "errors": 0, "chances": 1, "fielding": "1.000", "position": {"code": "1", "name": "Pitcher", "type": "Pitcher", "abbreviation": "P"}, "rangeFactorPerGame": "0.17", "rangeFactorPer9Inn": "1.50", "innings": "6.2", "games": 6, "doublePlays": 0, "triplePlays": 0, "throwingErrors": 0}, "team": {"id": 138, "name": "St. Louis Cardinals", "link": "/api/v1/teams/138"}, "player": {"id": 110332, "fullName": "Scott Arnold", "link": "/api/v1/people/110332"}, "league": {"id": 104, "name": "National League", "link": "/api/v1/league/104"}, "sport": {"id": 1, "link": "/api/v1/sports/1", "abbreviation": "MLB"}, "gameType": "R", "position": {"code": "1", "name": "Pitcher", "type": "Pitcher", "abbreviation": "P"}}]}, {"type": {"displayName": "yearByYear"}, "group": {"displayName": "hitting"}, "exemptions": [], "splits": [{"season": "1988", "stat": {"gamesPlayed": 6, "groundOuts": 0, "airOuts": 0, "runs": 0, "doubles": 0, "triples": 0, "homeRuns": 0, "strikeOuts": 0, "baseOnBalls": 0, "intentionalWalks": 0, "hits": 0, "hitByPitch": 0, "avg": ".000", "atBats": 0, "obp": ".000", "slg": ".000", "ops": ".000", "caughtStealing": 0, "stolenBases": 0, "stolenBasePercentage": ".---", "groundIntoDoublePlay": 0, "numberOfPitches": 0, "plateAppearances": 0, "totalBases": 0, "rbi": 0, "leftOnBase": 0, "sacBunts": 0, "sacFlies": 0, "babip": ".---", "groundOutsToAirouts": "-.--", "catchersInterference": 0, "atBatsPerHomeRun": "-.--"}, "team": {"id": 138, "name": "St. Louis Cardinals", "link": "/api/v1/teams/138"}, "player": {"id": 110332, "fullName": "Scott Arnold", "link": "/api/v1/people/110332"}, "league": {"id": 104, "name": "National League", "link": "/api/v1/league/104"}, "sport": {"id": 1, "link": "/api/v1/sports/1", "abbreviation": "MLB"}, "gameType": "R"}]}, {"type": {"displayName": "yearByYear"}, "group": {"displayName": "pitching"}, "exemptions": [], "splits": [{"season": "1988", "stat": {"gamesPlayed": 6, "gamesStarted": 0, "groundOuts": 5, "airOuts": 5, "runs": 4, "doubles": 2, "triples": 1, "homeRuns": 0, "strikeOuts": 8, "baseOnBalls": 4, "intentionalWalks": 1, "hits": 9, "hitByPitch": 0, "avg": ".321", "atBats": 28, "obp": ".406", "slg": ".464", "ops": ".870", "caughtStealing": 0, "stolenBases": 3, "stolenBasePercentage": "1.000", "groundIntoDoublePlay": 1, "numberOfPitches": 119, "era": "5.40", "inningsPitched": "6.2", "wins": 0, "losses": 0, "saves": 0, "saveOpportunities": 0, "holds": 0, "blownSaves": 0, "earnedRuns": 4, "whip": "1.95", "battersFaced": 32, "outs": 20, "gamesPitched": 6, "completeGames": 0, "shutouts": 0, "strikes": 70, "strikePercentage": ".590", "hitBatsmen": 0, "balks": 3, "wildPitches": 3, "pickoffs": 0, "totalBases": 13, "groundOutsToAirouts": "1.00", "winPercentage": ".---", "pitchesPerInning": "17.85", "gamesFinished": 2, "strikeoutWalkRatio": "2.00", "strikeoutsPer9Inn": "10.80", "walksPer9Inn": "5.40", "hitsPer9Inn": "12.15", "runsScoredPer9": "5.40", "homeRunsPer9": "0.00", "inheritedRunners": 5, "inheritedRunnersScored": 4, "catchersInterference": 0, "sacBunts": 0, "sacFlies": 0}, "team": {"id": 138, "name": "St. Louis Cardinals", "link": "/api/v1/teams/138"}, "player": {"id": 110332, "fullName": "Scott Arnold", "link": "/api/v1/people/110332"}, "league": {"id": 104, "name": "National League", "link": "/api/v1/league/104"}, "sport": {"id": 1, "link": "/api/v1/sports/1", "abbreviation": "MLB"}, "gameType": "R"}]}, {"type": {"displayName": "yearByYear"}, "group": {"displayName": "fielding"}, "exemptions": [], "splits": [{"season": "1988", "stat": {"gamesPlayed": 6, "gamesStarted": 0, "assists": 1, "putOuts": 0, "errors": 0, "chances": 1, "fielding": "1.000", "position": {"code": "1", "name": "Pitcher", "type": "Pitcher", "abbreviation": "P"}, "rangeFactorPerGame": "0.17", "rangeFactorPer9Inn": "1.50", "innings": "6.2", "games": 6, "doublePlays": 0, "triplePlays": 0, "throwingErrors": 0}, "team": {"id": 138, "name": "St. Louis Cardinals", "link": "/api/v1/teams/138"}, "player": {"id": 110332, "fullName": "Scott Arnold", "link": "/api/v1/people/110332"}, "league": {"id": 104, "name": "National League", "link": "/api/v1/league/104"}, "sport": {"id": 1, "link": "/api/v1/sports/1", "abbreviation": "MLB"}, "gameType": "R", "position": {"code": "1", "name": "Pitcher", "type": "Pitcher", "abbreviation": "P"}}]}], "mlbDebutDate": "1988-04-07", "batSide": {"code": "R", "description": "Right"}, "pitchHand": {"code": "R", "description": "Right"}, "nameFirstLast": "Scott Arnold", "nameSlug": "scott-arnold-110332", "firstLastName": "Scott Arnold", "lastFirstName": "Arnold, Scott", "lastInitName": "Arnold, S", "initLastName": "S Arnold", "fullFMLName": "Scott Gentry Arnold", "fullLFMName": "Arnold, Scott Gentry", "strikeZoneTop": 3.467, "strikeZoneBottom": 1.589}