{"id": 110161, "fullName": "Bob Allen", "link": "/api/v1/people/110161", "firstName": "Robert", "lastName": "Allen", "primaryNumber": "36", "birthDate": "1937-10-23", "currentAge": 85, "birthCity": "Tatum", "birthStateProvince": "TX", "birthCountry": "USA", "height": "6' 2\"", "weight": 185, "active": false, "primaryPosition": {"code": "1", "name": "Pitcher", "type": "Pitcher", "abbreviation": "P"}, "useName": "Bob", "useLastName": "Allen", "middleName": "Gray", "boxscoreName": "Allen", "gender": "M", "isPlayer": true, "isVerified": true, "lastPlayedDate": "1967-09-27", "stats": [{"type": {"displayName": "career"}, "group": {"displayName": "hitting"}, "exemptions": [], "splits": [{"stat": {"gamesPlayed": 204, "runs": 0, "doubles": 1, "triples": 0, "homeRuns": 0, "strikeOuts": 16, "baseOnBalls": 1, "intentionalWalks": 0, "hits": 4, "hitByPitch": 0, "avg": ".129", "atBats": 31, "obp": ".156", "slg": ".161", "ops": ".317", "caughtStealing": 0, "stolenBases": 0, "stolenBasePercentage": ".---", "groundIntoDoublePlay": 0, "plateAppearances": 34, "totalBases": 5, "rbi": 0, "sacBunts": 2, "sacFlies": 0, "babip": ".267", "atBatsPerHomeRun": "-.--"}, "team": {"id": 114, "name": "Cleveland Guardians", "link": "/api/v1/teams/114"}, "player": {"id": 110161, "fullName": "Bob Allen", "link": "/api/v1/people/110161"}, "league": {"id": 103, "name": "American League", "link": "/api/v1/league/103"}, "sport": {"id": 1, "link": "/api/v1/sports/1", "abbreviation": "MLB"}, "gameType": "R"}]}, {"type": {"displayName": "career"}, "group": {"displayName": "pitching"}, "exemptions": [], "splits": [{"stat": {"gamesPlayed": 204, "gamesStarted": 0, "runs": 152, "homeRuns": 23, "strikeOuts": 199, "baseOnBalls": 132, "intentionalWalks": 27, "hits": 288, "hitByPitch": 5, "avg": ".270", "atBats": 1067, "obp": ".351", "era": "4.11", "inningsPitched": "274.0", "wins": 7, "losses": 12, "saves": 19, "earnedRuns": 125, "whip": "1.53", "battersFaced": 1232, "outs": 822, "gamesPitched": 204, "completeGames": 0, "shutouts": 0, "hitBatsmen": 5, "balks": 2, "wildPitches": 18, "winPercentage": ".368", "gamesFinished": 84, "strikeoutWalkRatio": "1.51", "strikeoutsPer9Inn": "6.54", "walksPer9Inn": "4.34", "hitsPer9Inn": "9.46", "runsScoredPer9": "4.99", "homeRunsPer9": "0.76", "sacBunts": 21, "sacFlies": 7}, "team": {"id": 114, "name": "Cleveland Guardians", "link": "/api/v1/teams/114"}, "player": {"id": 110161, "fullName": "Bob Allen", "link": "/api/v1/people/110161"}, "league": {"id": 103, "name": "American League", "link": "/api/v1/league/103"}, "sport": {"id": 1, "link": "/api/v1/sports/1", "abbreviation": "MLB"}, "gameType": "R"}]}, {"type": {"displayName": "career"}, "group": {"displayName": "fielding"}, "exemptions": [], "splits": [{"stat": {"gamesPlayed": 204, "gamesStarted": 0, "assists": 53, "putOuts": 14, "errors": 4, "chances": 71, "fielding": ".944", "position": {"code": "1", "name": "Pitcher", "type": "Pitcher", "abbreviation": "P"}, "rangeFactorPerGame": "0.33", "rangeFactorPer9Inn": "2.20", "innings": "274.0", "games": 204, "doublePlays": 4, "triplePlays": 0, "throwingErrors": 1}, "team": {"id": 114, "name": "Cleveland Guardians", "link": "/api/v1/teams/114"}, "player": {"id": 110161, "fullName": "Bob Allen", "link": "/api/v1/people/110161"}, "league": {"id": 103, "name": "American League", "link": "/api/v1/league/103"}, "sport": {"id": 1, "link": "/api/v1/sports/1", "abbreviation": "MLB"}, "gameType": "R", "position": {"code": "1", "name": "Pitcher", "type": "Pitcher", "abbreviation": "P"}}]}, {"type": {"displayName": "yearByYear"}, "group": {"displayName": "hitting"}, "exemptions": [], "splits": [{"season": "1961", "stat": {"gamesPlayed": 48, "runs": 0, "doubles": 1, "triples": 0, "homeRuns": 0, "strikeOuts": 5, "baseOnBalls": 0, "intentionalWalks": 0, "hits": 2, "hitByPitch": 0, "avg": ".167", "atBats": 12, "obp": ".167", "slg": ".250", "ops": ".417", "caughtStealing": 0, "stolenBases": 0, "stolenBasePercentage": ".---", "groundIntoDoublePlay": 0, "plateAppearances": 13, "totalBases": 3, "rbi": 0, "sacBunts": 1, "sacFlies": 0, "babip": ".286", "atBatsPerHomeRun": "-.--"}, "team": {"id": 114, "name": "Cleveland Indians", "link": "/api/v1/teams/114"}, "player": {"id": 110161, "fullName": "Bob Allen", "link": "/api/v1/people/110161"}, "league": {"id": 103, "name": "American League", "link": "/api/v1/league/103"}, "sport": {"id": 1, "link": "/api/v1/sports/1", "abbreviation": "MLB"}, "gameType": "R"}, {"season": "1962", "stat": {"gamesPlayed": 30, "runs": 0, "doubles": 0, "triples": 0, "homeRuns": 0, "strikeOuts": 2, "baseOnBalls": 0, "intentionalWalks": 0, "hits": 0, "hitByPitch": 0, "avg": ".000", "atBats": 5, "obp": ".000", "slg": ".000", "ops": ".000", "caughtStealing": 0, "stolenBases": 0, "stolenBasePercentage": ".---", "groundIntoDoublePlay": 0, "plateAppearances": 5, "totalBases": 0, "rbi": 0, "sacBunts": 0, "sacFlies": 0, "babip": ".000", "atBatsPerHomeRun": "-.--"}, "team": {"id": 114, "name": "Cleveland Indians", "link": "/api/v1/teams/114"}, "player": {"id": 110161, "fullName": "Bob Allen", "link": "/api/v1/people/110161"}, "league": {"id": 103, "name": "American League", "link": "/api/v1/league/103"}, "sport": {"id": 1, "link": "/api/v1/sports/1", "abbreviation": "MLB"}, "gameType": "R"}, {"season": "1963", "stat": {"gamesPlayed": 43, "runs": 0, "doubles": 0, "triples": 0, "homeRuns": 0, "strikeOuts": 4, "baseOnBalls": 0, "intentionalWalks": 0, "hits": 1, "hitByPitch": 0, "avg": ".200", "atBats": 5, "obp": ".200", "slg": ".200", "ops": ".400", "caughtStealing": 0, "stolenBases": 0, "stolenBasePercentage": ".---", "groundIntoDoublePlay": 0, "plateAppearances": 5, "totalBases": 1, "rbi": 0, "sacBunts": 0, "sacFlies": 0, "babip": "1.000", "atBatsPerHomeRun": "-.--"}, "team": {"id": 114, "name": "Cleveland Indians", "link": "/api/v1/teams/114"}, "player": {"id": 110161, "fullName": "Bob Allen", "link": "/api/v1/people/110161"}, "league": {"id": 103, "name": "American League", "link": "/api/v1/league/103"}, "sport": {"id": 1, "link": "/api/v1/sports/1", "abbreviation": "MLB"}, "gameType": "R"}, {"season": "1966", "stat": {"gamesPlayed": 36, "runs": 0, "doubles": 0, "triples": 0, "homeRuns": 0, "strikeOuts": 5, "baseOnBalls": 1, "intentionalWalks": 0, "hits": 1, "hitByPitch": 0, "avg": ".111", "atBats": 9, "obp": ".200", "slg": ".111", "ops": ".311", "caughtStealing": 0, "stolenBases": 0, "stolenBasePercentage": ".---", "groundIntoDoublePlay": 0, "plateAppearances": 11, "totalBases": 1, "rbi": 0, "sacBunts": 1, "sacFlies": 0, "babip": ".250", "atBatsPerHomeRun": "-.--"}, "team": {"id": 114, "name": "Cleveland Indians", "link": "/api/v1/teams/114"}, "player": {"id": 110161, "fullName": "Bob Allen", "link": "/api/v1/people/110161"}, "league": {"id": 103, "name": "American League", "link": "/api/v1/league/103"}, "sport": {"id": 1, "link": "/api/v1/sports/1", "abbreviation": "MLB"}, "gameType": "R"}, {"season": "1967", "stat": {"gamesPlayed": 47, "runs": 0, "doubles": 0, "triples": 0, "homeRuns": 0, "strikeOuts": 0, "baseOnBalls": 0, "intentionalWalks": 0, "hits": 0, "hitByPitch": 0, "avg": ".000", "atBats": 0, "obp": ".000", "slg": ".000", "ops": ".000", "caughtStealing": 0, "stolenBases": 0, "stolenBasePercentage": ".---", "groundIntoDoublePlay": 0, "plateAppearances": 0, "totalBases": 0, "rbi": 0, "sacBunts": 0, "sacFlies": 0, "babip": ".---", "atBatsPerHomeRun": "-.--"}, "team": {"id": 114, "name": "Cleveland Indians", "link": "/api/v1/teams/114"}, "player": {"id": 110161, "fullName": "Bob Allen", "link": "/api/v1/people/110161"}, "league": {"id": 103, "name": "American League", "link": "/api/v1/league/103"}, "sport": {"id": 1, "link": "/api/v1/sports/1", "abbreviation": "MLB"}, "gameType": "R"}]}, {"type": {"displayName": "yearByYear"}, "group": {"displayName": "pitching"}, "exemptions": [], "splits": [{"season": "1961", "stat": {"gamesPlayed": 48, "gamesStarted": 0, "runs": 42, "homeRuns": 7, "strikeOuts": 42, "baseOnBalls": 40, "intentionalWalks": 5, "hits": 96, "hitByPitch": 1, "avg": ".294", "atBats": 326, "obp": ".373", "era": "3.75", "inningsPitched": "81.2", "wins": 3, "losses": 2, "saves": 3, "earnedRuns": 34, "whip": "1.67", "battersFaced": 373, "outs": 245, "gamesPitched": 48, "completeGames": 0, "shutouts": 0, "hitBatsmen": 1, "balks": 0, "wildPitches": 4, "winPercentage": ".600", "gamesFinished": 17, "strikeoutWalkRatio": "1.05", "strikeoutsPer9Inn": "4.63", "walksPer9Inn": "4.41", "hitsPer9Inn": "10.58", "runsScoredPer9": "4.63", "homeRunsPer9": "0.77", "sacBunts": 6, "sacFlies": 0}, "team": {"id": 114, "name": "Cleveland Indians", "link": "/api/v1/teams/114"}, "player": {"id": 110161, "fullName": "Bob Allen", "link": "/api/v1/people/110161"}, "league": {"id": 103, "name": "American League", "link": "/api/v1/league/103"}, "sport": {"id": 1, "link": "/api/v1/sports/1", "abbreviation": "MLB"}, "gameType": "R"}, {"season": "1962", "stat": {"gamesPlayed": 30, "gamesStarted": 0, "runs": 24, "homeRuns": 5, "strikeOuts": 23, "baseOnBalls": 25, "intentionalWalks": 3, "hits": 29, "hitByPitch": 0, "avg": ".250", "atBats": 116, "obp": ".378", "era": "5.87", "inningsPitched": "30.2", "wins": 1, "losses": 1, "saves": 4, "earnedRuns": 20, "whip": "1.76", "battersFaced": 145, "outs": 92, "gamesPitched": 30, "completeGames": 0, "shutouts": 0, "hitBatsmen": 0, "balks": 0, "wildPitches": 0, "winPercentage": ".500", "gamesFinished": 9, "strikeoutWalkRatio": "0.92", "strikeoutsPer9Inn": "6.75", "walksPer9Inn": "7.34", "hitsPer9Inn": "8.51", "runsScoredPer9": "7.04", "homeRunsPer9": "1.47", "sacBunts": 2, "sacFlies": 2}, "team": {"id": 114, "name": "Cleveland Indians", "link": "/api/v1/teams/114"}, "player": {"id": 110161, "fullName": "Bob Allen", "link": "/api/v1/people/110161"}, "league": {"id": 103, "name": "American League", "link": "/api/v1/league/103"}, "sport": {"id": 1, "link": "/api/v1/sports/1", "abbreviation": "MLB"}, "gameType": "R"}, {"season": "1963", "stat": {"gamesPlayed": 43, "gamesStarted": 0, "runs": 37, "homeRuns": 5, "strikeOuts": 51, "baseOnBalls": 29, "intentionalWalks": 6, "hits": 58, "hitByPitch": 1, "avg": ".266", "atBats": 218, "obp": ".352", "era": "4.66", "inningsPitched": "56.0", "wins": 1, "losses": 2, "saves": 2, "earnedRuns": 29, "whip": "1.55", "battersFaced": 255, "outs": 168, "gamesPitched": 43, "completeGames": 0, "shutouts": 0, "hitBatsmen": 1, "balks": 1, "wildPitches": 5, "winPercentage": ".333", "gamesFinished": 12, "strikeoutWalkRatio": "1.76", "strikeoutsPer9Inn": "8.20", "walksPer9Inn": "4.66", "hitsPer9Inn": "9.32", "runsScoredPer9": "5.95", "homeRunsPer9": "0.80", "sacBunts": 5, "sacFlies": 2}, "team": {"id": 114, "name": "Cleveland Indians", "link": "/api/v1/teams/114"}, "player": {"id": 110161, "fullName": "Bob Allen", "link": "/api/v1/people/110161"}, "league": {"id": 103, "name": "American League", "link": "/api/v1/league/103"}, "sport": {"id": 1, "link": "/api/v1/sports/1", "abbreviation": "MLB"}, "gameType": "R"}, {"season": "1966", "stat": {"gamesPlayed": 36, "gamesStarted": 0, "runs": 27, "homeRuns": 2, "strikeOuts": 33, "baseOnBalls": 13, "intentionalWalks": 6, "hits": 56, "hitByPitch": 2, "avg": ".273", "atBats": 205, "obp": ".318", "era": "4.21", "inningsPitched": "51.1", "wins": 2, "losses": 2, "saves": 5, "earnedRuns": 24, "whip": "1.34", "battersFaced": 227, "outs": 154, "gamesPitched": 36, "completeGames": 0, "shutouts": 0, "hitBatsmen": 2, "balks": 0, "wildPitches": 5, "winPercentage": ".500", "gamesFinished": 23, "strikeoutWalkRatio": "2.54", "strikeoutsPer9Inn": "5.79", "walksPer9Inn": "2.28", "hitsPer9Inn": "9.82", "runsScoredPer9": "4.73", "homeRunsPer9": "0.35", "sacBunts": 4, "sacFlies": 3}, "team": {"id": 114, "name": "Cleveland Indians", "link": "/api/v1/teams/114"}, "player": {"id": 110161, "fullName": "Bob Allen", "link": "/api/v1/people/110161"}, "league": {"id": 103, "name": "American League", "link": "/api/v1/league/103"}, "sport": {"id": 1, "link": "/api/v1/sports/1", "abbreviation": "MLB"}, "gameType": "R"}, {"season": "1967", "stat": {"gamesPlayed": 47, "gamesStarted": 0, "runs": 22, "homeRuns": 4, "strikeOuts": 50, "baseOnBalls": 25, "intentionalWalks": 7, "hits": 49, "hitByPitch": 1, "avg": ".243", "atBats": 202, "obp": ".329", "era": "2.98", "inningsPitched": "54.1", "wins": 0, "losses": 5, "saves": 5, "earnedRuns": 18, "whip": "1.36", "battersFaced": 232, "outs": 163, "gamesPitched": 47, "completeGames": 0, "shutouts": 0, "hitBatsmen": 1, "balks": 1, "wildPitches": 4, "winPercentage": ".000", "gamesFinished": 23, "strikeoutWalkRatio": "2.00", "strikeoutsPer9Inn": "8.28", "walksPer9Inn": "4.14", "hitsPer9Inn": "8.12", "runsScoredPer9": "3.64", "homeRunsPer9": "0.66", "sacBunts": 4, "sacFlies": 0}, "team": {"id": 114, "name": "Cleveland Indians", "link": "/api/v1/teams/114"}, "player": {"id": 110161, "fullName": "Bob Allen", "link": "/api/v1/people/110161"}, "league": {"id": 103, "name": "American League", "link": "/api/v1/league/103"}, "sport": {"id": 1, "link": "/api/v1/sports/1", "abbreviation": "MLB"}, "gameType": "R"}]}, {"type": {"displayName": "yearByYear"}, "group": {"displayName": "fielding"}, "exemptions": [], "splits": [{"season": "1961", "stat": {"gamesPlayed": 48, "gamesStarted": 0, "assists": 17, "putOuts": 4, "errors": 0, "chances": 21, "fielding": "1.000", "position": {"code": "1", "name": "Pitcher", "type": "Pitcher", "abbreviation": "P"}, "rangeFactorPerGame": "0.44", "rangeFactorPer9Inn": "2.33", "innings": "81.2", "games": 48, "doublePlays": 0, "triplePlays": 0, "throwingErrors": 0}, "team": {"id": 114, "name": "Cleveland Indians", "link": "/api/v1/teams/114"}, "player": {"id": 110161, "fullName": "Bob Allen", "link": "/api/v1/people/110161"}, "league": {"id": 103, "name": "American League", "link": "/api/v1/league/103"}, "sport": {"id": 1, "link": "/api/v1/sports/1", "abbreviation": "MLB"}, "gameType": "R", "position": {"code": "1", "name": "Pitcher", "type": "Pitcher", "abbreviation": "P"}}, {"season": "1962", "stat": {"gamesPlayed": 30, "gamesStarted": 0, "assists": 6, "putOuts": 4, "errors": 2, "chances": 12, "fielding": ".833", "position": {"code": "1", "name": "Pitcher", "type": "Pitcher", "abbreviation": "P"}, "rangeFactorPerGame": "0.33", "rangeFactorPer9Inn": "3.00", "innings": "30.2", "games": 30, "doublePlays": 1, "triplePlays": 0, "throwingErrors": 1}, "team": {"id": 114, "name": "Cleveland Indians", "link": "/api/v1/teams/114"}, "player": {"id": 110161, "fullName": "Bob Allen", "link": "/api/v1/people/110161"}, "league": {"id": 103, "name": "American League", "link": "/api/v1/league/103"}, "sport": {"id": 1, "link": "/api/v1/sports/1", "abbreviation": "MLB"}, "gameType": "R", "position": {"code": "1", "name": "Pitcher", "type": "Pitcher", "abbreviation": "P"}}, {"season": "1963", "stat": {"gamesPlayed": 43, "gamesStarted": 0, "assists": 10, "putOuts": 2, "errors": 1, "chances": 13, "fielding": ".923", "position": {"code": "1", "name": "Pitcher", "type": "Pitcher", "abbreviation": "P"}, "rangeFactorPerGame": "0.28", "rangeFactorPer9Inn": "1.93", "innings": "56.0", "games": 43, "doublePlays": 2, "triplePlays": 0, "throwingErrors": 0}, "team": {"id": 114, "name": "Cleveland Indians", "link": "/api/v1/teams/114"}, "player": {"id": 110161, "fullName": "Bob Allen", "link": "/api/v1/people/110161"}, "league": {"id": 103, "name": "American League", "link": "/api/v1/league/103"}, "sport": {"id": 1, "link": "/api/v1/sports/1", "abbreviation": "MLB"}, "gameType": "R", "position": {"code": "1", "name": "Pitcher", "type": "Pitcher", "abbreviation": "P"}}, {"season": "1966", "stat": {"gamesPlayed": 36, "gamesStarted": 0, "assists": 10, "putOuts": 1, "errors": 1, "chances": 12, "fielding": ".917", "position": {"code": "1", "name": "Pitcher", "type": "Pitcher", "abbreviation": "P"}, "rangeFactorPerGame": "0.31", "rangeFactorPer9Inn": "1.94", "innings": "51.1", "games": 36, "doublePlays": 1, "triplePlays": 0, "throwingErrors": 0}, "team": {"id": 114, "name": "Cleveland Indians", "link": "/api/v1/teams/114"}, "player": {"id": 110161, "fullName": "Bob Allen", "link": "/api/v1/people/110161"}, "league": {"id": 103, "name": "American League", "link": "/api/v1/league/103"}, "sport": {"id": 1, "link": "/api/v1/sports/1", "abbreviation": "MLB"}, "gameType": "R", "position": {"code": "1", "name": "Pitcher", "type": "Pitcher", "abbreviation": "P"}}, {"season": "1967", "stat": {"gamesPlayed": 47, "gamesStarted": 0, "assists": 10, "putOuts": 3, "errors": 0, "chances": 13, "fielding": "1.000", "position": {"code": "1", "name": "Pitcher", "type": "Pitcher", "abbreviation": "P"}, "rangeFactorPerGame": "0.28", "rangeFactorPer9Inn": "2.17", "innings": "54.1", "games": 47, "doublePlays": 0, "triplePlays": 0, "throwingErrors": 0}, "team": {"id": 114, "name": "Cleveland Indians", "link": "/api/v1/teams/114"}, "player": {"id": 110161, "fullName": "Bob Allen", "link": "/api/v1/people/110161"}, "league": {"id": 103, "name": "American League", "link": "/api/v1/league/103"}, "sport": {"id": 1, "link": "/api/v1/sports/1", "abbreviation": "MLB"}, "gameType": "R", "position": {"code": "1", "name": "Pitcher", "type": "Pitcher", "abbreviation": "P"}}]}], "mlbDebutDate": "1961-04-14", "batSide": {"code": "L", "description": "Left"}, "pitchHand": {"code": "L", "description": "Left"}, "nameFirstLast": "Bob Allen", "nameSlug": "bob-allen-110161", "firstLastName": "Bob Allen", "lastFirstName": "Allen, Bob", "lastInitName": "Allen, B", "initLastName": "B Allen", "fullFMLName": "Robert Gray Allen", "fullLFMName": "Allen, Robert Gray", "strikeZoneTop": 3.467, "strikeZoneBottom": 1.589}