{"id": 110092, "fullName": "Bill Ahearn", "link": "/api/v1/people/110092", "firstName": "William", "lastName": "Ahearn", "birthDate": "1858-01-01", "currentAge": 61, "birthCity": "Troy", "birthStateProvince": "NY", "birthCountry": "USA", "height": "0' 0\"", "weight": 0, "active": false, "primaryPosition": {"code": "2", "name": "Catcher", "type": "Catcher", "abbreviation": "C"}, "useName": "Bill", "useLastName": "Ahearn", "middleName": "H.", "boxscoreName": "Ahearn", "gender": "M", "isPlayer": true, "isVerified": true, "deathDate": "1919-04-28", "deathCity": "Troy", "deathStateProvince": "NY", "deathCountry": "USA", "stats": [{"type": {"displayName": "career"}, "group": {"displayName": "hitting"}, "exemptions": [], "splits": [{"stat": {"gamesPlayed": 1, "runs": 1, "doubles": 0, "triples": 0, "homeRuns": 0, "strikeOuts": 0, "baseOnBalls": 0, "hits": 1, "avg": ".250", "atBats": 4, "slg": ".250", "plateAppearances": 4, "totalBases": 1, "rbi": 0, "babip": ".250", "atBatsPerHomeRun": "-.--"}, "team": {"id": 299, "link": "/api/v1/teams/299"}, "player": {"id": 110092, "fullName": "Bill Ahearn", "link": "/api/v1/people/110092"}, "league": {"id": 104, "name": "National League", "link": "/api/v1/league/104"}, "sport": {"id": 1, "link": "/api/v1/sports/1", "abbreviation": "MLB"}, "gameType": "R"}]}, {"type": {"displayName": "career"}, "group": {"displayName": "fielding"}, "exemptions": [], "splits": [{"stat": {"gamesPlayed": 1, "assists": 5, "putOuts": 2, "errors": 2, "chances": 9, "fielding": ".778", "position": {"code": "2", "name": "Catcher", "type": "Catcher", "abbreviation": "C"}, "rangeFactorPerGame": "7.00", "games": 1, "passedBall": 7, "doublePlays": 0, "triplePlays": 0}, "team": {"id": 299, "link": "/api/v1/teams/299"}, "player": {"id": 110092, "fullName": "Bill Ahearn", "link": "/api/v1/people/110092"}, "league": {"id": 104, "name": "National League", "link": "/api/v1/league/104"}, "sport": {"id": 1, "link": "/api/v1/sports/1", "abbreviation": "MLB"}, "gameType": "R", "position": {"code": "2", "name": "Catcher", "type": "Catcher", "abbreviation": "C"}}]}, {"type": {"displayName": "yearByYear"}, "group": {"displayName": "hitting"}, "exemptions": [], "splits": [{"season": "1880", "stat": {"gamesPlayed": 1, "runs": 1, "doubles": 0, "triples": 0, "homeRuns": 0, "strikeOuts": 0, "baseOnBalls": 0, "hits": 1, "avg": ".250", "atBats": 4, "slg": ".250", "plateAppearances": 4, "totalBases": 1, "rbi": 0, "babip": ".250", "atBatsPerHomeRun": "-.--"}, "team": {"id": 299, "name": "Troy Trojans", "link": "/api/v1/teams/299"}, "player": {"id": 110092, "fullName": "Bill Ahearn", "link": "/api/v1/people/110092"}, "league": {"id": 104, "name": "National League", "link": "/api/v1/league/104"}, "sport": {"id": 1, "link": "/api/v1/sports/1", "abbreviation": "MLB"}, "gameType": "R"}]}, {"type": {"displayName": "yearByYear"}, "group": {"displayName": "fielding"}, "exemptions": [], "splits": [{"season": "1880", "stat": {"gamesPlayed": 1, "assists": 5, "putOuts": 2, "errors": 2, "chances": 9, "fielding": ".778", "position": {"code": "2", "name": "Catcher", "type": "Catcher", "abbreviation": "C"}, "rangeFactorPerGame": "7.00", "games": 1, "passedBall": 7, "doublePlays": 0, "triplePlays": 0}, "team": {"id": 299, "name": "Troy Trojans", "link": "/api/v1/teams/299"}, "player": {"id": 110092, "fullName": "Bill Ahearn", "link": "/api/v1/people/110092"}, "league": {"id": 104, "name": "National League", "link": "/api/v1/league/104"}, "sport": {"id": 1, "link": "/api/v1/sports/1", "abbreviation": "MLB"}, "gameType": "R", "position": {"code": "2", "name": "Catcher", "type": "Catcher", "abbreviation": "C"}}]}], "mlbDebutDate": "1880-06-19", "nameFirstLast": "Bill Ahearn", "nameSlug": "bill-ahearn-110092", "firstLastName": "Bill Ahearn", "lastFirstName": "Ahearn, Bill", "lastInitName": "Ahearn, B", "initLastName": "B Ahearn", "fullFMLName": "William H. Ahearn", "fullLFMName": "Ahearn, William H."}