{"id": 110258, "fullName": "Wingo Anderson", "link": "/api/v1/people/110258", "firstName": "Wingo", "lastName": "Anderson", "birthDate": "1886-08-13", "currentAge": 64, "birthCity": "Lillian", "birthStateProvince": "TX", "birthCountry": "USA", "height": "5' 10\"", "weight": 150, "active": false, "primaryPosition": {"code": "1", "name": "Pitcher", "type": "Pitcher", "abbreviation": "P"}, "useName": "Wingo", "useLastName": "Anderson", "middleName": "Charlie", "boxscoreName": "Anderson", "gender": "M", "isPlayer": true, "isVerified": true, "deathDate": "1950-12-19", "deathCity": "Fort Worth", "deathStateProvince": "TX", "deathCountry": "USA", "lastPlayedDate": "1910-06-01", "stats": [{"type": {"displayName": "career"}, "group": {"displayName": "hitting"}, "exemptions": [], "splits": [{"stat": {"gamesPlayed": 7, "runs": 1, "doubles": 0, "triples": 0, "homeRuns": 0, "strikeOuts": 0, "baseOnBalls": 0, "hits": 1, "hitByPitch": 0, "avg": ".200", "atBats": 5, "obp": ".200", "slg": ".200", "ops": ".400", "stolenBases": 0, "plateAppearances": 5, "totalBases": 1, "rbi": 0, "sacBunts": 0, "babip": ".200", "atBatsPerHomeRun": "-.--"}, "team": {"id": 113, "name": "Cincinnati Reds", "link": "/api/v1/teams/113"}, "player": {"id": 110258, "fullName": "Wingo Anderson", "link": "/api/v1/people/110258"}, "league": {"id": 104, "name": "National League", "link": "/api/v1/league/104"}, "sport": {"id": 1, "link": "/api/v1/sports/1", "abbreviation": "MLB"}, "gameType": "R"}]}, {"type": {"displayName": "career"}, "group": {"displayName": "pitching"}, "exemptions": [], "splits": [{"stat": {"gamesPlayed": 7, "gamesStarted": 2, "runs": 15, "homeRuns": 0, "strikeOuts": 11, "baseOnBalls": 17, "hits": 16, "hitByPitch": 1, "avg": ".258", "atBats": 62, "obp": ".425", "era": "4.67", "inningsPitched": "17.1", "wins": 0, "losses": 0, "saves": 0, "earnedRuns": 9, "whip": "1.90", "battersFaced": 80, "outs": 52, "gamesPitched": 7, "completeGames": 0, "shutouts": 0, "hitBatsmen": 1, "balks": 0, "wildPitches": 1, "winPercentage": ".---", "gamesFinished": 5, "strikeoutWalkRatio": "0.65", "strikeoutsPer9Inn": "5.71", "walksPer9Inn": "8.83", "hitsPer9Inn": "8.31", "runsScoredPer9": "7.79", "homeRunsPer9": "0.00"}, "team": {"id": 113, "name": "Cincinnati Reds", "link": "/api/v1/teams/113"}, "player": {"id": 110258, "fullName": "Wingo Anderson", "link": "/api/v1/people/110258"}, "league": {"id": 104, "name": "National League", "link": "/api/v1/league/104"}, "sport": {"id": 1, "link": "/api/v1/sports/1", "abbreviation": "MLB"}, "gameType": "R"}]}, {"type": {"displayName": "career"}, "group": {"displayName": "fielding"}, "exemptions": [], "splits": [{"stat": {"gamesPlayed": 7, "gamesStarted": 2, "assists": 0, "putOuts": 2, "errors": 0, "chances": 2, "fielding": "1.000", "position": {"code": "1", "name": "Pitcher", "type": "Pitcher", "abbreviation": "P"}, "rangeFactorPerGame": "0.29", "rangeFactorPer9Inn": "1.13", "innings": "16.2", "games": 7, "doublePlays": 0, "triplePlays": 0}, "team": {"id": 113, "name": "Cincinnati Reds", "link": "/api/v1/teams/113"}, "player": {"id": 110258, "fullName": "Wingo Anderson", "link": "/api/v1/people/110258"}, "league": {"id": 104, "name": "National League", "link": "/api/v1/league/104"}, "sport": {"id": 1, "link": "/api/v1/sports/1", "abbreviation": "MLB"}, "gameType": "R", "position": {"code": "1", "name": "Pitcher", "type": "Pitcher", "abbreviation": "P"}}]}, {"type": {"displayName": "yearByYear"}, "group": {"displayName": "hitting"}, "exemptions": [], "splits": [{"season": "1910", "stat": {"gamesPlayed": 7, "runs": 1, "doubles": 0, "triples": 0, "homeRuns": 0, "strikeOuts": 0, "baseOnBalls": 0, "hits": 1, "hitByPitch": 0, "avg": ".200", "atBats": 5, "obp": ".200", "slg": ".200", "ops": ".400", "stolenBases": 0, "plateAppearances": 5, "totalBases": 1, "rbi": 0, "sacBunts": 0, "babip": ".200", "atBatsPerHomeRun": "-.--"}, "team": {"id": 113, "name": "Cincinnati Reds", "link": "/api/v1/teams/113"}, "player": {"id": 110258, "fullName": "Wingo Anderson", "link": "/api/v1/people/110258"}, "league": {"id": 104, "name": "National League", "link": "/api/v1/league/104"}, "sport": {"id": 1, "link": "/api/v1/sports/1", "abbreviation": "MLB"}, "gameType": "R"}]}, {"type": {"displayName": "yearByYear"}, "group": {"displayName": "pitching"}, "exemptions": [], "splits": [{"season": "1910", "stat": {"gamesPlayed": 7, "gamesStarted": 2, "runs": 15, "homeRuns": 0, "strikeOuts": 11, "baseOnBalls": 17, "hits": 16, "hitByPitch": 1, "avg": ".258", "atBats": 62, "obp": ".425", "era": "4.67", "inningsPitched": "17.1", "wins": 0, "losses": 0, "saves": 0, "earnedRuns": 9, "whip": "1.90", "battersFaced": 80, "outs": 52, "gamesPitched": 7, "completeGames": 0, "shutouts": 0, "hitBatsmen": 1, "balks": 0, "wildPitches": 1, "winPercentage": ".---", "gamesFinished": 5, "strikeoutWalkRatio": "0.65", "strikeoutsPer9Inn": "5.71", "walksPer9Inn": "8.83", "hitsPer9Inn": "8.31", "runsScoredPer9": "7.79", "homeRunsPer9": "0.00"}, "team": {"id": 113, "name": "Cincinnati Reds", "link": "/api/v1/teams/113"}, "player": {"id": 110258, "fullName": "Wingo Anderson", "link": "/api/v1/people/110258"}, "league": {"id": 104, "name": "National League", "link": "/api/v1/league/104"}, "sport": {"id": 1, "link": "/api/v1/sports/1", "abbreviation": "MLB"}, "gameType": "R"}]}, {"type": {"displayName": "yearByYear"}, "group": {"displayName": "fielding"}, "exemptions": [], "splits": [{"season": "1910", "stat": {"gamesPlayed": 7, "gamesStarted": 2, "assists": 0, "putOuts": 2, "errors": 0, "chances": 2, "fielding": "1.000", "position": {"code": "1", "name": "Pitcher", "type": "Pitcher", "abbreviation": "P"}, "rangeFactorPerGame": "0.29", "rangeFactorPer9Inn": "1.13", "innings": "16.2", "games": 7, "doublePlays": 0, "triplePlays": 0}, "team": {"id": 113, "name": "Cincinnati Reds", "link": "/api/v1/teams/113"}, "player": {"id": 110258, "fullName": "Wingo Anderson", "link": "/api/v1/people/110258"}, "league": {"id": 104, "name": "National League", "link": "/api/v1/league/104"}, "sport": {"id": 1, "link": "/api/v1/sports/1", "abbreviation": "MLB"}, "gameType": "R", "position": {"code": "1", "name": "Pitcher", "type": "Pitcher", "abbreviation": "P"}}]}], "mlbDebutDate": "1910-04-16", "batSide": {"code": "L", "description": "Left"}, "pitchHand": {"code": "L", "description": "Left"}, "nameFirstLast": "Wingo Anderson", "nameSlug": "wingo-anderson-110258", "firstLastName": "Wingo Anderson", "lastFirstName": "Anderson, Wingo", "lastInitName": "Anderson, W", "initLastName": "W Anderson", "fullFMLName": "Wingo Charlie Anderson", "fullLFMName": "Anderson, Wingo Charlie", "strikeZoneTop": 3.301, "strikeZoneBottom": 1.504}