{"id": 110346, "fullName": "Jim Asbell", "link": "/api/v1/people/110346", "firstName": "James", "lastName": "Asbell", "primaryNumber": "30", "birthDate": "1914-06-22", "currentAge": 53, "birthCity": "Dallas", "birthStateProvince": "TX", "birthCountry": "USA", "height": "6' 0\"", "weight": 195, "active": false, "primaryPosition": {"code": "7", "name": "Outfielder", "type": "Outfielder", "abbreviation": "LF"}, "useName": "Jim", "useLastName": "Asbell", "middleName": "Marion", "boxscoreName": "Asbell", "nickName": "Big Train", "gender": "M", "isPlayer": true, "isVerified": true, "deathDate": "1967-07-06", "deathCity": "San Mateo", "deathStateProvince": "CA", "deathCountry": "USA", "lastPlayedDate": "1938-10-02", "stats": [{"type": {"displayName": "career"}, "group": {"displayName": "hitting"}, "exemptions": [], "splits": [{"stat": {"gamesPlayed": 18, "runs": 6, "doubles": 2, "triples": 0, "homeRuns": 0, "strikeOuts": 9, "baseOnBalls": 3, "hits": 6, "hitByPitch": 0, "avg": ".182", "atBats": 33, "obp": ".250", "slg": ".242", "ops": ".492", "stolenBases": 0, "groundIntoDoublePlay": 0, "plateAppearances": 36, "totalBases": 8, "rbi": 3, "sacBunts": 0, "babip": ".250", "atBatsPerHomeRun": "-.--"}, "team": {"id": 112, "name": "Chicago Cubs", "link": "/api/v1/teams/112"}, "player": {"id": 110346, "fullName": "Jim Asbell", "link": "/api/v1/people/110346"}, "league": {"id": 104, "name": "National League", "link": "/api/v1/league/104"}, "sport": {"id": 1, "link": "/api/v1/sports/1", "abbreviation": "MLB"}, "gameType": "R"}]}, {"type": {"displayName": "career"}, "group": {"displayName": "fielding"}, "exemptions": [], "splits": [{"stat": {"gamesPlayed": 8, "gamesStarted": 3, "assists": 1, "putOuts": 10, "errors": 0, "chances": 11, "fielding": "1.000", "position": {"code": "7", "name": "Outfielder", "type": "Outfielder", "abbreviation": "LF"}, "rangeFactorPerGame": "1.38", "rangeFactorPer9Inn": "3.54", "innings": "28.2", "games": 8, "doublePlays": 1, "triplePlays": 0}, "team": {"id": 112, "name": "Chicago Cubs", "link": "/api/v1/teams/112"}, "player": {"id": 110346, "fullName": "Jim Asbell", "link": "/api/v1/people/110346"}, "league": {"id": 104, "name": "National League", "link": "/api/v1/league/104"}, "sport": {"id": 1, "link": "/api/v1/sports/1", "abbreviation": "MLB"}, "gameType": "R", "position": {"code": "7", "name": "Outfielder", "type": "Outfielder", "abbreviation": "LF"}}, {"stat": {"gamesPlayed": 3, "gamesStarted": 3, "assists": 0, "putOuts": 4, "errors": 0, "chances": 4, "fielding": "1.000", "position": {"code": "9", "name": "Outfielder", "type": "Outfielder", "abbreviation": "RF"}, "rangeFactorPerGame": "1.33", "rangeFactorPer9Inn": "2.12", "innings": "17.0", "games": 3, "doublePlays": 0, "triplePlays": 0}, "team": {"id": 112, "name": "Chicago Cubs", "link": "/api/v1/teams/112"}, "player": {"id": 110346, "fullName": "Jim Asbell", "link": "/api/v1/people/110346"}, "league": {"id": 104, "name": "National League", "link": "/api/v1/league/104"}, "sport": {"id": 1, "link": "/api/v1/sports/1", "abbreviation": "MLB"}, "gameType": "R", "position": {"code": "9", "name": "Outfielder", "type": "Outfielder", "abbreviation": "RF"}}]}, {"type": {"displayName": "yearByYear"}, "group": {"displayName": "hitting"}, "exemptions": [], "splits": [{"season": "1938", "stat": {"gamesPlayed": 18, "runs": 6, "doubles": 2, "triples": 0, "homeRuns": 0, "strikeOuts": 9, "baseOnBalls": 3, "hits": 6, "hitByPitch": 0, "avg": ".182", "atBats": 33, "obp": ".250", "slg": ".242", "ops": ".492", "stolenBases": 0, "groundIntoDoublePlay": 0, "plateAppearances": 36, "totalBases": 8, "rbi": 3, "sacBunts": 0, "babip": ".250", "atBatsPerHomeRun": "-.--"}, "team": {"id": 112, "name": "Chicago Cubs", "link": "/api/v1/teams/112"}, "player": {"id": 110346, "fullName": "Jim Asbell", "link": "/api/v1/people/110346"}, "league": {"id": 104, "name": "National League", "link": "/api/v1/league/104"}, "sport": {"id": 1, "link": "/api/v1/sports/1", "abbreviation": "MLB"}, "gameType": "R"}]}, {"type": {"displayName": "yearByYear"}, "group": {"displayName": "fielding"}, "exemptions": [], "splits": [{"season": "1938", "stat": {"gamesPlayed": 8, "gamesStarted": 3, "assists": 1, "putOuts": 10, "errors": 0, "chances": 11, "fielding": "1.000", "position": {"code": "7", "name": "Outfielder", "type": "Outfielder", "abbreviation": "LF"}, "rangeFactorPerGame": "1.38", "rangeFactorPer9Inn": "3.54", "innings": "28.2", "games": 8, "doublePlays": 1, "triplePlays": 0}, "team": {"id": 112, "name": "Chicago Cubs", "link": "/api/v1/teams/112"}, "player": {"id": 110346, "fullName": "Jim Asbell", "link": "/api/v1/people/110346"}, "league": {"id": 104, "name": "National League", "link": "/api/v1/league/104"}, "sport": {"id": 1, "link": "/api/v1/sports/1", "abbreviation": "MLB"}, "gameType": "R", "position": {"code": "7", "name": "Outfielder", "type": "Outfielder", "abbreviation": "LF"}}, {"season": "1938", "stat": {"gamesPlayed": 3, "gamesStarted": 3, "assists": 0, "putOuts": 4, "errors": 0, "chances": 4, "fielding": "1.000", "position": {"code": "9", "name": "Outfielder", "type": "Outfielder", "abbreviation": "RF"}, "rangeFactorPerGame": "1.33", "rangeFactorPer9Inn": "2.12", "innings": "17.0", "games": 3, "doublePlays": 0, "triplePlays": 0}, "team": {"id": 112, "name": "Chicago Cubs", "link": "/api/v1/teams/112"}, "player": {"id": 110346, "fullName": "Jim Asbell", "link": "/api/v1/people/110346"}, "league": {"id": 104, "name": "National League", "link": "/api/v1/league/104"}, "sport": {"id": 1, "link": "/api/v1/sports/1", "abbreviation": "MLB"}, "gameType": "R", "position": {"code": "9", "name": "Outfielder", "type": "Outfielder", "abbreviation": "RF"}}]}], "mlbDebutDate": "1938-05-08", "batSide": {"code": "R", "description": "Right"}, "pitchHand": {"code": "R", "description": "Right"}, "nameFirstLast": "Jim Asbell", "nameSlug": "jim-asbell-110346", "firstLastName": "Jim Asbell", "lastFirstName": "Asbell, Jim", "lastInitName": "Asbell, J", "initLastName": "J Asbell", "fullFMLName": "James Marion Asbell", "fullLFMName": "Asbell, James Marion", "strikeZoneTop": 3.371, "strikeZoneBottom": 1.535}