{"id": 110403, "fullName": "Manny Aybar", "link": "/api/v1/people/110403", "firstName": "Manuel", "lastName": "Aybar", "primaryNumber": "38", "birthDate": "1972-05-04", "currentAge": 51, "birthCity": "Bani", "birthCountry": "Dominican Republic", "height": "6' 1\"", "weight": 175, "active": false, "primaryPosition": {"code": "1", "name": "Pitcher", "type": "Pitcher", "abbreviation": "P"}, "useName": "Manny", "useLastName": "Aybar", "middleName": "Antonio", "boxscoreName": "Aybar, M", "gender": "M", "isPlayer": true, "isVerified": true, "lastPlayedDate": "2005-06-10", "stats": [{"type": {"displayName": "career"}, "group": {"displayName": "pitching"}, "exemptions": [], "splits": [{"stat": {"gamesPlayed": 208, "gamesStarted": 28, "groundOuts": 390, "airOuts": 484, "runs": 244, "doubles": 91, "triples": 13, "homeRuns": 49, "strikeOuts": 273, "baseOnBalls": 172, "intentionalWalks": 10, "hits": 413, "hitByPitch": 16, "avg": ".271", "atBats": 1523, "obp": ".348", "slg": ".445", "ops": ".793", "caughtStealing": 11, "stolenBases": 33, "stolenBasePercentage": ".750", "groundIntoDoublePlay": 25, "numberOfPitches": 6249, "era": "5.11", "inningsPitched": "391.0", "wins": 17, "losses": 18, "saves": 3, "saveOpportunities": 7, "holds": 17, "blownSaves": 4, "earnedRuns": 222, "whip": "1.50", "battersFaced": 1749, "outs": 1173, "gamesPitched": 208, "completeGames": 0, "shutouts": 0, "strikes": 3888, "strikePercentage": ".620", "hitBatsmen": 16, "balks": 5, "wildPitches": 13, "pickoffs": 2, "totalBases": 677, "groundOutsToAirouts": "0.81", "winPercentage": ".486", "pitchesPerInning": "15.98", "gamesFinished": 53, "strikeoutWalkRatio": "1.59", "strikeoutsPer9Inn": "6.28", "walksPer9Inn": "3.96", "hitsPer9Inn": "9.51", "runsScoredPer9": "5.62", "homeRunsPer9": "1.13", "inheritedRunners": 83, "inheritedRunnersScored": 20, "catchersInterference": 0, "sacBunts": 22, "sacFlies": 16}, "player": {"id": 110403, "fullName": "Manny Aybar", "link": "/api/v1/people/110403"}, "sport": {"id": 1, "link": "/api/v1/sports/1", "abbreviation": "MLB"}, "gameType": "R", "numTeams": 7}]}, {"type": {"displayName": "career"}, "group": {"displayName": "hitting"}, "exemptions": [], "splits": [{"stat": {"gamesPlayed": 210, "groundOuts": 27, "airOuts": 6, "runs": 6, "doubles": 0, "triples": 0, "homeRuns": 1, "strikeOuts": 28, "baseOnBalls": 2, "intentionalWalks": 0, "hits": 13, "hitByPitch": 0, "avg": ".186", "atBats": 70, "obp": ".208", "slg": ".229", "ops": ".437", "caughtStealing": 0, "stolenBases": 0, "stolenBasePercentage": ".---", "groundIntoDoublePlay": 0, "numberOfPitches": 252, "plateAppearances": 76, "totalBases": 16, "rbi": 5, "leftOnBase": 31, "sacBunts": 4, "sacFlies": 0, "babip": ".293", "groundOutsToAirouts": "4.50", "catchersInterference": 0, "atBatsPerHomeRun": "70.00"}, "player": {"id": 110403, "fullName": "Manny Aybar", "link": "/api/v1/people/110403"}, "sport": {"id": 1, "link": "/api/v1/sports/1", "abbreviation": "MLB"}, "gameType": "R", "numTeams": 7}]}, {"type": {"displayName": "career"}, "group": {"displayName": "fielding"}, "exemptions": [], "splits": [{"stat": {"gamesPlayed": 208, "gamesStarted": 28, "assists": 47, "putOuts": 29, "errors": 3, "chances": 79, "fielding": ".962", "position": {"code": "1", "name": "Pitcher", "type": "Pitcher", "abbreviation": "P"}, "rangeFactorPerGame": "0.37", "rangeFactorPer9Inn": "1.75", "innings": "391.0", "games": 208, "doublePlays": 0, "triplePlays": 0, "throwingErrors": 1}, "player": {"id": 110403, "fullName": "Manny Aybar", "link": "/api/v1/people/110403"}, "sport": {"id": 1, "link": "/api/v1/sports/1", "abbreviation": "MLB"}, "gameType": "R", "numTeams": 7, "position": {"code": "1", "name": "Pitcher", "type": "Pitcher", "abbreviation": "P"}}]}, {"type": {"displayName": "yearByYear"}, "group": {"displayName": "pitching"}, "exemptions": [], "splits": [{"season": "1997", "stat": {"gamesPlayed": 12, "gamesStarted": 12, "groundOuts": 68, "airOuts": 87, "runs": 33, "doubles": 11, "triples": 2, "homeRuns": 8, "strikeOuts": 41, "baseOnBalls": 29, "intentionalWalks": 0, "hits": 66, "hitByPitch": 4, "avg": ".263", "atBats": 251, "obp": ".344", "slg": ".418", "ops": ".762", "caughtStealing": 2, "stolenBases": 4, "stolenBasePercentage": ".667", "groundIntoDoublePlay": 6, "numberOfPitches": 1053, "era": "4.24", "inningsPitched": "68.0", "wins": 2, "losses": 4, "saves": 0, "saveOpportunities": 0, "holds": 0, "blownSaves": 0, "earnedRuns": 32, "whip": "1.40", "battersFaced": 295, "outs": 204, "gamesPitched": 12, "completeGames": 0, "shutouts": 0, "strikes": 624, "strikePercentage": ".590", "hitBatsmen": 4, "balks": 1, "wildPitches": 1, "pickoffs": 0, "totalBases": 105, "groundOutsToAirouts": "0.78", "winPercentage": ".333", "pitchesPerInning": "15.49", "gamesFinished": 0, "strikeoutWalkRatio": "1.41", "strikeoutsPer9Inn": "5.43", "walksPer9Inn": "3.84", "hitsPer9Inn": "8.74", "runsScoredPer9": "4.37", "homeRunsPer9": "1.06", "inheritedRunners": 0, "inheritedRunnersScored": 0, "catchersInterference": 0, "sacBunts": 7, "sacFlies": 4}, "team": {"id": 138, "name": "St. Louis Cardinals", "link": "/api/v1/teams/138"}, "player": {"id": 110403, "fullName": "Manny Aybar", "link": "/api/v1/people/110403"}, "league": {"id": 104, "name": "National League", "link": "/api/v1/league/104"}, "sport": {"id": 1, "link": "/api/v1/sports/1", "abbreviation": "MLB"}, "gameType": "R"}, {"season": "1998", "stat": {"gamesPlayed": 20, "gamesStarted": 14, "groundOuts": 74, "airOuts": 104, "runs": 58, "doubles": 25, "triples": 2, "homeRuns": 6, "strikeOuts": 57, "baseOnBalls": 42, "intentionalWalks": 1, "hits": 90, "hitByPitch": 2, "avg": ".281", "atBats": 320, "obp": ".367", "slg": ".428", "ops": ".795", "caughtStealing": 2, "stolenBases": 12, "stolenBasePercentage": ".857", "groundIntoDoublePlay": 7, "numberOfPitches": 1344, "era": "5.98", "inningsPitched": "81.1", "wins": 6, "losses": 6, "saves": 0, "saveOpportunities": 0, "holds": 0, "blownSaves": 0, "earnedRuns": 54, "whip": "1.62", "battersFaced": 369, "outs": 244, "gamesPitched": 20, "completeGames": 0, "shutouts": 0, "strikes": 824, "strikePercentage": ".610", "hitBatsmen": 2, "balks": 0, "wildPitches": 2, "pickoffs": 0, "totalBases": 137, "groundOutsToAirouts": "0.71", "winPercentage": ".500", "pitchesPerInning": "16.52", "gamesFinished": 1, "strikeoutWalkRatio": "1.36", "strikeoutsPer9Inn": "6.31", "walksPer9Inn": "4.65", "hitsPer9Inn": "9.96", "runsScoredPer9": "6.42", "homeRunsPer9": "0.66", "inheritedRunners": 4, "inheritedRunnersScored": 0, "catchersInterference": 0, "sacBunts": 4, "sacFlies": 1}, "team": {"id": 138, "name": "St. Louis Cardinals", "link": "/api/v1/teams/138"}, "player": {"id": 110403, "fullName": "Manny Aybar", "link": "/api/v1/people/110403"}, "league": {"id": 104, "name": "National League", "link": "/api/v1/league/104"}, "sport": {"id": 1, "link": "/api/v1/sports/1", "abbreviation": "MLB"}, "gameType": "R"}, {"season": "1999", "stat": {"gamesPlayed": 65, "gamesStarted": 1, "groundOuts": 95, "airOuts": 117, "runs": 67, "doubles": 21, "triples": 2, "homeRuns": 13, "strikeOuts": 74, "baseOnBalls": 36, "intentionalWalks": 3, "hits": 104, "hitByPitch": 4, "avg": ".272", "atBats": 383, "obp": ".338", "slg": ".439", "ops": ".777", "caughtStealing": 5, "stolenBases": 6, "stolenBasePercentage": ".545", "groundIntoDoublePlay": 7, "numberOfPitches": 1497, "era": "5.47", "inningsPitched": "97.0", "wins": 4, "losses": 5, "saves": 3, "saveOpportunities": 5, "holds": 11, "blownSaves": 2, "earnedRuns": 59, "whip": "1.44", "battersFaced": 430, "outs": 291, "gamesPitched": 65, "completeGames": 0, "shutouts": 0, "strikes": 950, "strikePercentage": ".630", "hitBatsmen": 4, "balks": 2, "wildPitches": 1, "pickoffs": 1, "totalBases": 168, "groundOutsToAirouts": "0.81", "winPercentage": ".444", "pitchesPerInning": "15.43", "gamesFinished": 22, "strikeoutWalkRatio": "2.06", "strikeoutsPer9Inn": "6.87", "walksPer9Inn": "3.34", "hitsPer9Inn": "9.65", "runsScoredPer9": "6.22", "homeRunsPer9": "1.21", "inheritedRunners": 26, "inheritedRunnersScored": 8, "catchersInterference": 0, "sacBunts": 4, "sacFlies": 3}, "team": {"id": 138, "name": "St. Louis Cardinals", "link": "/api/v1/teams/138"}, "player": {"id": 110403, "fullName": "Manny Aybar", "link": "/api/v1/people/110403"}, "league": {"id": 104, "name": "National League", "link": "/api/v1/league/104"}, "sport": {"id": 1, "link": "/api/v1/sports/1", "abbreviation": "MLB"}, "gameType": "R"}, {"season": "2000", "stat": {"gamesPlayed": 1, "gamesStarted": 0, "groundOuts": 2, "airOuts": 3, "runs": 3, "doubles": 0, "triples": 0, "homeRuns": 1, "strikeOuts": 0, "baseOnBalls": 0, "intentionalWalks": 0, "hits": 5, "hitByPitch": 0, "avg": ".500", "atBats": 10, "obp": ".500", "slg": ".800", "ops": "1.300", "caughtStealing": 0, "stolenBases": 0, "stolenBasePercentage": ".---", "groundIntoDoublePlay": 0, "numberOfPitches": 35, "era": "16.20", "inningsPitched": "1.2", "wins": 0, "losses": 1, "saves": 0, "saveOpportunities": 0, "holds": 0, "blownSaves": 0, "earnedRuns": 3, "whip": "3.00", "battersFaced": 10, "outs": 5, "gamesPitched": 1, "completeGames": 0, "shutouts": 0, "strikes": 28, "strikePercentage": ".800", "hitBatsmen": 0, "balks": 0, "wildPitches": 0, "pickoffs": 0, "totalBases": 8, "groundOutsToAirouts": "0.67", "winPercentage": ".000", "pitchesPerInning": "21.00", "gamesFinished": 0, "strikeoutWalkRatio": "-.--", "strikeoutsPer9Inn": "0.00", "walksPer9Inn": "0.00", "hitsPer9Inn": "27.00", "runsScoredPer9": "16.20", "homeRunsPer9": "5.40", "inheritedRunners": 1, "inheritedRunnersScored": 0, "catchersInterference": 0, "sacBunts": 0, "sacFlies": 0}, "team": {"id": 115, "name": "Colorado Rockies", "link": "/api/v1/teams/115"}, "player": {"id": 110403, "fullName": "Manny Aybar", "link": "/api/v1/people/110403"}, "league": {"id": 104, "name": "National League", "link": "/api/v1/league/104"}, "sport": {"id": 1, "link": "/api/v1/sports/1", "abbreviation": "MLB"}, "gameType": "R"}, {"season": "2000", "stat": {"gamesPlayed": 32, "gamesStarted": 0, "groundOuts": 52, "airOuts": 67, "runs": 31, "doubles": 11, "triples": 4, "homeRuns": 7, "strikeOuts": 31, "baseOnBalls": 22, "intentionalWalks": 2, "hits": 51, "hitByPitch": 2, "avg": ".262", "atBats": 195, "obp": ".338", "slg": ".467", "ops": ".805", "caughtStealing": 0, "stolenBases": 2, "stolenBasePercentage": "1.000", "groundIntoDoublePlay": 3, "numberOfPitches": 789, "era": "4.83", "inningsPitched": "50.1", "wins": 1, "losses": 1, "saves": 0, "saveOpportunities": 0, "holds": 1, "blownSaves": 0, "earnedRuns": 27, "whip": "1.45", "battersFaced": 226, "outs": 151, "gamesPitched": 32, "completeGames": 0, "shutouts": 0, "strikes": 501, "strikePercentage": ".630", "hitBatsmen": 2, "balks": 1, "wildPitches": 7, "pickoffs": 0, "totalBases": 91, "groundOutsToAirouts": "0.78", "winPercentage": ".500", "pitchesPerInning": "15.68", "gamesFinished": 10, "strikeoutWalkRatio": "1.41", "strikeoutsPer9Inn": "5.54", "walksPer9Inn": "3.93", "hitsPer9Inn": "9.12", "runsScoredPer9": "5.54", "homeRunsPer9": "1.25", "inheritedRunners": 13, "inheritedRunnersScored": 2, "catchersInterference": 0, "sacBunts": 4, "sacFlies": 3}, "team": {"id": 113, "name": "Cincinnati Reds", "link": "/api/v1/teams/113"}, "player": {"id": 110403, "fullName": "Manny Aybar", "link": "/api/v1/people/110403"}, "league": {"id": 104, "name": "National League", "link": "/api/v1/league/104"}, "sport": {"id": 1, "link": "/api/v1/sports/1", "abbreviation": "MLB"}, "gameType": "R"}, {"season": "2000", "stat": {"gamesPlayed": 21, "gamesStarted": 0, "groundOuts": 33, "airOuts": 35, "runs": 8, "doubles": 5, "triples": 1, "homeRuns": 3, "strikeOuts": 14, "baseOnBalls": 13, "intentionalWalks": 1, "hits": 18, "hitByPitch": 0, "avg": ".184", "atBats": 98, "obp": ".277", "slg": ".347", "ops": ".624", "caughtStealing": 1, "stolenBases": 0, "stolenBasePercentage": ".000", "groundIntoDoublePlay": 1, "numberOfPitches": 422, "era": "2.63", "inningsPitched": "27.1", "wins": 1, "losses": 0, "saves": 0, "saveOpportunities": 1, "holds": 0, "blownSaves": 1, "earnedRuns": 8, "whip": "1.13", "battersFaced": 113, "outs": 82, "gamesPitched": 21, "completeGames": 0, "shutouts": 0, "strikes": 265, "strikePercentage": ".630", "hitBatsmen": 0, "balks": 0, "wildPitches": 0, "pickoffs": 1, "totalBases": 34, "groundOutsToAirouts": "0.94", "winPercentage": "1.000", "pitchesPerInning": "15.44", "gamesFinished": 10, "strikeoutWalkRatio": "1.08", "strikeoutsPer9Inn": "4.61", "walksPer9Inn": "4.28", "hitsPer9Inn": "5.93", "runsScoredPer9": "2.63", "homeRunsPer9": "0.99", "inheritedRunners": 8, "inheritedRunnersScored": 4, "catchersInterference": 0, "sacBunts": 1, "sacFlies": 1}, "team": {"id": 146, "name": "Florida Marlins", "link": "/api/v1/teams/146"}, "player": {"id": 110403, "fullName": "Manny Aybar", "link": "/api/v1/people/110403"}, "league": {"id": 104, "name": "National League", "link": "/api/v1/league/104"}, "sport": {"id": 1, "link": "/api/v1/sports/1", "abbreviation": "MLB"}, "gameType": "R"}, {"season": "2000", "stat": {"gamesPlayed": 54, "gamesStarted": 0, "groundOuts": 87, "airOuts": 105, "runs": 42, "doubles": 16, "triples": 5, "homeRuns": 11, "strikeOuts": 45, "baseOnBalls": 35, "intentionalWalks": 3, "hits": 74, "hitByPitch": 2, "avg": ".244", "atBats": 303, "obp": ".323", "slg": ".439", "ops": ".762", "caughtStealing": 1, "stolenBases": 2, "stolenBasePercentage": ".667", "groundIntoDoublePlay": 4, "numberOfPitches": 1246, "era": "4.31", "inningsPitched": "79.1", "wins": 2, "losses": 2, "saves": 0, "saveOpportunities": 1, "holds": 1, "blownSaves": 1, "earnedRuns": 38, "whip": "1.37", "battersFaced": 349, "outs": 238, "gamesPitched": 54, "completeGames": 0, "shutouts": 0, "strikes": 794, "strikePercentage": ".640", "hitBatsmen": 2, "balks": 1, "wildPitches": 7, "pickoffs": 1, "totalBases": 133, "groundOutsToAirouts": "0.83", "winPercentage": ".500", "pitchesPerInning": "15.71", "gamesFinished": 20, "strikeoutWalkRatio": "1.29", "strikeoutsPer9Inn": "5.11", "walksPer9Inn": "3.97", "hitsPer9Inn": "8.39", "runsScoredPer9": "4.76", "homeRunsPer9": "1.25", "inheritedRunners": 22, "inheritedRunnersScored": 6, "catchersInterference": 0, "sacBunts": 5, "sacFlies": 4}, "player": {"id": 110403, "fullName": "Manny Aybar", "link": "/api/v1/people/110403"}, "sport": {"id": 1, "link": "/api/v1/sports/1", "abbreviation": "MLB"}, "gameType": "R", "numTeams": 3}, {"season": "2001", "stat": {"gamesPlayed": 17, "gamesStarted": 1, "groundOuts": 28, "airOuts": 22, "runs": 19, "doubles": 3, "triples": 0, "homeRuns": 5, "strikeOuts": 16, "baseOnBalls": 17, "intentionalWalks": 0, "hits": 28, "hitByPitch": 2, "avg": ".304", "atBats": 92, "obp": ".420", "slg": ".500", "ops": ".920", "caughtStealing": 1, "stolenBases": 6, "stolenBasePercentage": ".857", "groundIntoDoublePlay": 1, "numberOfPitches": 403, "era": "6.35", "inningsPitched": "22.2", "wins": 2, "losses": 1, "saves": 0, "saveOpportunities": 0, "holds": 2, "blownSaves": 0, "earnedRuns": 16, "whip": "1.99", "battersFaced": 113, "outs": 68, "gamesPitched": 17, "completeGames": 0, "shutouts": 0, "strikes": 231, "strikePercentage": ".570", "hitBatsmen": 2, "balks": 0, "wildPitches": 2, "pickoffs": 0, "totalBases": 46, "groundOutsToAirouts": "1.27", "winPercentage": ".667", "pitchesPerInning": "17.78", "gamesFinished": 1, "strikeoutWalkRatio": "0.94", "strikeoutsPer9Inn": "6.35", "walksPer9Inn": "6.75", "hitsPer9Inn": "11.12", "runsScoredPer9": "7.54", "homeRunsPer9": "1.99", "inheritedRunners": 7, "inheritedRunnersScored": 1, "catchersInterference": 0, "sacBunts": 1, "sacFlies": 1}, "team": {"id": 112, "name": "Chicago Cubs", "link": "/api/v1/teams/112"}, "player": {"id": 110403, "fullName": "Manny Aybar", "link": "/api/v1/people/110403"}, "league": {"id": 104, "name": "National League", "link": "/api/v1/league/104"}, "sport": {"id": 1, "link": "/api/v1/sports/1", "abbreviation": "MLB"}, "gameType": "R"}, {"season": "2002", "stat": {"gamesPlayed": 15, "gamesStarted": 0, "groundOuts": 12, "airOuts": 20, "runs": 6, "doubles": 4, "triples": 0, "homeRuns": 1, "strikeOuts": 11, "baseOnBalls": 3, "intentionalWalks": 2, "hits": 16, "hitByPitch": 1, "avg": ".271", "atBats": 59, "obp": ".317", "slg": ".390", "ops": ".707", "caughtStealing": 0, "stolenBases": 0, "stolenBasePercentage": ".---", "groundIntoDoublePlay": 0, "numberOfPitches": 215, "era": "2.51", "inningsPitched": "14.1", "wins": 1, "losses": 0, "saves": 0, "saveOpportunities": 0, "holds": 1, "blownSaves": 0, "earnedRuns": 4, "whip": "1.33", "battersFaced": 63, "outs": 43, "gamesPitched": 15, "completeGames": 0, "shutouts": 0, "strikes": 147, "strikePercentage": ".680", "hitBatsmen": 1, "balks": 1, "wildPitches": 0, "pickoffs": 0, "totalBases": 23, "groundOutsToAirouts": "0.60", "winPercentage": "1.000", "pitchesPerInning": "15.00", "gamesFinished": 4, "strikeoutWalkRatio": "3.67", "strikeoutsPer9Inn": "6.91", "walksPer9Inn": "1.88", "hitsPer9Inn": "10.05", "runsScoredPer9": "3.77", "homeRunsPer9": "0.63", "inheritedRunners": 13, "inheritedRunnersScored": 1, "catchersInterference": 0, "sacBunts": 0, "sacFlies": 0}, "team": {"id": 137, "name": "San Francisco Giants", "link": "/api/v1/teams/137"}, "player": {"id": 110403, "fullName": "Manny Aybar", "link": "/api/v1/people/110403"}, "league": {"id": 104, "name": "National League", "link": "/api/v1/league/104"}, "sport": {"id": 1, "link": "/api/v1/sports/1", "abbreviation": "MLB"}, "gameType": "R"}, {"season": "2003", "stat": {"gamesPlayed": 3, "gamesStarted": 0, "groundOuts": 2, "airOuts": 5, "runs": 2, "doubles": 1, "triples": 0, "homeRuns": 1, "strikeOuts": 2, "baseOnBalls": 3, "intentionalWalks": 0, "hits": 4, "hitByPitch": 0, "avg": ".333", "atBats": 12, "obp": ".438", "slg": ".667", "ops": "1.105", "caughtStealing": 0, "stolenBases": 0, "stolenBasePercentage": ".---", "groundIntoDoublePlay": 0, "numberOfPitches": 58, "era": "6.00", "inningsPitched": "3.0", "wins": 0, "losses": 0, "saves": 0, "saveOpportunities": 0, "holds": 0, "blownSaves": 0, "earnedRuns": 2, "whip": "2.33", "battersFaced": 16, "outs": 9, "gamesPitched": 3, "completeGames": 0, "shutouts": 0, "strikes": 34, "strikePercentage": ".590", "hitBatsmen": 0, "balks": 0, "wildPitches": 0, "pickoffs": 0, "totalBases": 8, "groundOutsToAirouts": "0.40", "winPercentage": ".---", "pitchesPerInning": "19.33", "gamesFinished": 1, "strikeoutWalkRatio": "0.67", "strikeoutsPer9Inn": "6.00", "walksPer9Inn": "9.00", "hitsPer9Inn": "12.00", "runsScoredPer9": "6.00", "homeRunsPer9": "3.00", "inheritedRunners": 1, "inheritedRunnersScored": 1, "catchersInterference": 0, "sacBunts": 0, "sacFlies": 1}, "team": {"id": 137, "name": "San Francisco Giants", "link": "/api/v1/teams/137"}, "player": {"id": 110403, "fullName": "Manny Aybar", "link": "/api/v1/people/110403"}, "league": {"id": 104, "name": "National League", "link": "/api/v1/league/104"}, "sport": {"id": 1, "link": "/api/v1/sports/1", "abbreviation": "MLB"}, "gameType": "R"}, {"season": "2005", "stat": {"gamesPlayed": 22, "gamesStarted": 0, "groundOuts": 24, "airOuts": 24, "runs": 17, "doubles": 10, "triples": 2, "homeRuns": 4, "strikeOuts": 27, "baseOnBalls": 7, "intentionalWalks": 1, "hits": 31, "hitByPitch": 1, "avg": ".301", "atBats": 103, "obp": ".345", "slg": ".553", "ops": ".898", "caughtStealing": 0, "stolenBases": 3, "stolenBasePercentage": "1.000", "groundIntoDoublePlay": 0, "numberOfPitches": 433, "era": "6.04", "inningsPitched": "25.1", "wins": 0, "losses": 0, "saves": 0, "saveOpportunities": 1, "holds": 2, "blownSaves": 1, "earnedRuns": 17, "whip": "1.50", "battersFaced": 114, "outs": 76, "gamesPitched": 22, "completeGames": 0, "shutouts": 0, "strikes": 284, "strikePercentage": ".660", "hitBatsmen": 1, "balks": 0, "wildPitches": 0, "pickoffs": 0, "totalBases": 57, "groundOutsToAirouts": "1.00", "winPercentage": ".---", "pitchesPerInning": "17.09", "gamesFinished": 4, "strikeoutWalkRatio": "3.86", "strikeoutsPer9Inn": "9.59", "walksPer9Inn": "2.49", "hitsPer9Inn": "11.01", "runsScoredPer9": "6.04", "homeRunsPer9": "1.42", "inheritedRunners": 10, "inheritedRunnersScored": 3, "catchersInterference": 0, "sacBunts": 1, "sacFlies": 2}, "team": {"id": 121, "name": "New York Mets", "link": "/api/v1/teams/121"}, "player": {"id": 110403, "fullName": "Manny Aybar", "link": "/api/v1/people/110403"}, "league": {"id": 104, "name": "National League", "link": "/api/v1/league/104"}, "sport": {"id": 1, "link": "/api/v1/sports/1", "abbreviation": "MLB"}, "gameType": "R"}]}, {"type": {"displayName": "yearByYear"}, "group": {"displayName": "hitting"}, "exemptions": [], "splits": [{"season": "1997", "stat": {"gamesPlayed": 12, "groundOuts": 7, "airOuts": 2, "runs": 0, "doubles": 0, "triples": 0, "homeRuns": 0, "strikeOuts": 9, "baseOnBalls": 0, "intentionalWalks": 0, "hits": 3, "hitByPitch": 0, "avg": ".143", "atBats": 21, "obp": ".143", "slg": ".143", "ops": ".286", "caughtStealing": 0, "stolenBases": 0, "stolenBasePercentage": ".---", "groundIntoDoublePlay": 0, "numberOfPitches": 67, "plateAppearances": 21, "totalBases": 3, "rbi": 1, "leftOnBase": 6, "sacBunts": 0, "sacFlies": 0, "babip": ".250", "groundOutsToAirouts": "3.50", "catchersInterference": 0, "atBatsPerHomeRun": "-.--"}, "team": {"id": 138, "name": "St. Louis Cardinals", "link": "/api/v1/teams/138"}, "player": {"id": 110403, "fullName": "Manny Aybar", "link": "/api/v1/people/110403"}, "league": {"id": 104, "name": "National League", "link": "/api/v1/league/104"}, "sport": {"id": 1, "link": "/api/v1/sports/1", "abbreviation": "MLB"}, "gameType": "R"}, {"season": "1998", "stat": {"gamesPlayed": 20, "groundOuts": 9, "airOuts": 4, "runs": 4, "doubles": 0, "triples": 0, "homeRuns": 1, "strikeOuts": 9, "baseOnBalls": 0, "intentionalWalks": 0, "hits": 6, "hitByPitch": 0, "avg": ".222", "atBats": 27, "obp": ".222", "slg": ".333", "ops": ".555", "caughtStealing": 0, "stolenBases": 0, "stolenBasePercentage": ".---", "groundIntoDoublePlay": 0, "numberOfPitches": 92, "plateAppearances": 28, "totalBases": 9, "rbi": 3, "leftOnBase": 12, "sacBunts": 1, "sacFlies": 0, "babip": ".294", "groundOutsToAirouts": "2.25", "catchersInterference": 0, "atBatsPerHomeRun": "27.00"}, "team": {"id": 138, "name": "St. Louis Cardinals", "link": "/api/v1/teams/138"}, "player": {"id": 110403, "fullName": "Manny Aybar", "link": "/api/v1/people/110403"}, "league": {"id": 104, "name": "National League", "link": "/api/v1/league/104"}, "sport": {"id": 1, "link": "/api/v1/sports/1", "abbreviation": "MLB"}, "gameType": "R"}, {"season": "1999", "stat": {"gamesPlayed": 67, "groundOuts": 5, "airOuts": 0, "runs": 0, "doubles": 0, "triples": 0, "homeRuns": 0, "strikeOuts": 7, "baseOnBalls": 0, "intentionalWalks": 0, "hits": 1, "hitByPitch": 0, "avg": ".083", "atBats": 12, "obp": ".083", "slg": ".083", "ops": ".166", "caughtStealing": 0, "stolenBases": 0, "stolenBasePercentage": ".---", "groundIntoDoublePlay": 0, "numberOfPitches": 45, "plateAppearances": 13, "totalBases": 1, "rbi": 1, "leftOnBase": 10, "sacBunts": 1, "sacFlies": 0, "babip": ".200", "groundOutsToAirouts": "5.00", "catchersInterference": 0, "atBatsPerHomeRun": "-.--"}, "team": {"id": 138, "name": "St. Louis Cardinals", "link": "/api/v1/teams/138"}, "player": {"id": 110403, "fullName": "Manny Aybar", "link": "/api/v1/people/110403"}, "league": {"id": 104, "name": "National League", "link": "/api/v1/league/104"}, "sport": {"id": 1, "link": "/api/v1/sports/1", "abbreviation": "MLB"}, "gameType": "R"}, {"season": "2000", "stat": {"gamesPlayed": 1, "groundOuts": 0, "airOuts": 0, "runs": 0, "doubles": 0, "triples": 0, "homeRuns": 0, "strikeOuts": 0, "baseOnBalls": 0, "intentionalWalks": 0, "hits": 0, "hitByPitch": 0, "avg": ".000", "atBats": 0, "obp": ".000", "slg": ".000", "ops": ".000", "caughtStealing": 0, "stolenBases": 0, "stolenBasePercentage": ".---", "groundIntoDoublePlay": 0, "numberOfPitches": 0, "plateAppearances": 0, "totalBases": 0, "rbi": 0, "leftOnBase": 0, "sacBunts": 0, "sacFlies": 0, "babip": ".---", "groundOutsToAirouts": "-.--", "catchersInterference": 0, "atBatsPerHomeRun": "-.--"}, "team": {"id": 115, "name": "Colorado Rockies", "link": "/api/v1/teams/115"}, "player": {"id": 110403, "fullName": "Manny Aybar", "link": "/api/v1/people/110403"}, "league": {"id": 104, "name": "National League", "link": "/api/v1/league/104"}, "sport": {"id": 1, "link": "/api/v1/sports/1", "abbreviation": "MLB"}, "gameType": "R"}, {"season": "2000", "stat": {"gamesPlayed": 32, "groundOuts": 4, "airOuts": 0, "runs": 1, "doubles": 0, "triples": 0, "homeRuns": 0, "strikeOuts": 3, "baseOnBalls": 2, "intentionalWalks": 0, "hits": 0, "hitByPitch": 0, "avg": ".000", "atBats": 6, "obp": ".250", "slg": ".000", "ops": ".250", "caughtStealing": 0, "stolenBases": 0, "stolenBasePercentage": ".---", "groundIntoDoublePlay": 0, "numberOfPitches": 37, "plateAppearances": 9, "totalBases": 0, "rbi": 0, "leftOnBase": 3, "sacBunts": 1, "sacFlies": 0, "babip": ".000", "groundOutsToAirouts": "4.00", "catchersInterference": 0, "atBatsPerHomeRun": "-.--"}, "team": {"id": 113, "name": "Cincinnati Reds", "link": "/api/v1/teams/113"}, "player": {"id": 110403, "fullName": "Manny Aybar", "link": "/api/v1/people/110403"}, "league": {"id": 104, "name": "National League", "link": "/api/v1/league/104"}, "sport": {"id": 1, "link": "/api/v1/sports/1", "abbreviation": "MLB"}, "gameType": "R"}, {"season": "2000", "stat": {"gamesPlayed": 21, "groundOuts": 0, "airOuts": 0, "runs": 0, "doubles": 0, "triples": 0, "homeRuns": 0, "strikeOuts": 0, "baseOnBalls": 0, "intentionalWalks": 0, "hits": 0, "hitByPitch": 0, "avg": ".000", "atBats": 0, "obp": ".000", "slg": ".000", "ops": ".000", "caughtStealing": 0, "stolenBases": 0, "stolenBasePercentage": ".---", "groundIntoDoublePlay": 0, "numberOfPitches": 0, "plateAppearances": 0, "totalBases": 0, "rbi": 0, "leftOnBase": 0, "sacBunts": 0, "sacFlies": 0, "babip": ".---", "groundOutsToAirouts": "-.--", "catchersInterference": 0, "atBatsPerHomeRun": "-.--"}, "team": {"id": 146, "name": "Florida Marlins", "link": "/api/v1/teams/146"}, "player": {"id": 110403, "fullName": "Manny Aybar", "link": "/api/v1/people/110403"}, "league": {"id": 104, "name": "National League", "link": "/api/v1/league/104"}, "sport": {"id": 1, "link": "/api/v1/sports/1", "abbreviation": "MLB"}, "gameType": "R"}, {"season": "2000", "stat": {"gamesPlayed": 54, "groundOuts": 4, "airOuts": 0, "runs": 1, "doubles": 0, "triples": 0, "homeRuns": 0, "strikeOuts": 3, "baseOnBalls": 2, "intentionalWalks": 0, "hits": 0, "hitByPitch": 0, "avg": ".000", "atBats": 6, "obp": ".250", "slg": ".000", "ops": ".250", "caughtStealing": 0, "stolenBases": 0, "stolenBasePercentage": ".---", "groundIntoDoublePlay": 0, "numberOfPitches": 37, "plateAppearances": 9, "totalBases": 0, "rbi": 0, "leftOnBase": 3, "sacBunts": 1, "sacFlies": 0, "babip": ".000", "groundOutsToAirouts": "4.00", "catchersInterference": 0, "atBatsPerHomeRun": "-.--"}, "player": {"id": 110403, "fullName": "Manny Aybar", "link": "/api/v1/people/110403"}, "sport": {"id": 1, "link": "/api/v1/sports/1", "abbreviation": "MLB"}, "gameType": "R", "numTeams": 3}, {"season": "2001", "stat": {"gamesPlayed": 17, "groundOuts": 1, "airOuts": 0, "runs": 1, "doubles": 0, "triples": 0, "homeRuns": 0, "strikeOuts": 0, "baseOnBalls": 0, "intentionalWalks": 0, "hits": 3, "hitByPitch": 0, "avg": "1.000", "atBats": 3, "obp": "1.000", "slg": "1.000", "ops": "2.000", "caughtStealing": 0, "stolenBases": 0, "stolenBasePercentage": ".---", "groundIntoDoublePlay": 0, "numberOfPitches": 9, "plateAppearances": 4, "totalBases": 3, "rbi": 0, "leftOnBase": 0, "sacBunts": 1, "sacFlies": 0, "babip": "1.000", "groundOutsToAirouts": "1.00", "catchersInterference": 0, "atBatsPerHomeRun": "-.--"}, "team": {"id": 112, "name": "Chicago Cubs", "link": "/api/v1/teams/112"}, "player": {"id": 110403, "fullName": "Manny Aybar", "link": "/api/v1/people/110403"}, "league": {"id": 104, "name": "National League", "link": "/api/v1/league/104"}, "sport": {"id": 1, "link": "/api/v1/sports/1", "abbreviation": "MLB"}, "gameType": "R"}, {"season": "2002", "stat": {"gamesPlayed": 15, "groundOuts": 1, "airOuts": 0, "runs": 0, "doubles": 0, "triples": 0, "homeRuns": 0, "strikeOuts": 0, "baseOnBalls": 0, "intentionalWalks": 0, "hits": 0, "hitByPitch": 0, "avg": ".000", "atBats": 1, "obp": ".000", "slg": ".000", "ops": ".000", "caughtStealing": 0, "stolenBases": 0, "stolenBasePercentage": ".---", "groundIntoDoublePlay": 0, "numberOfPitches": 2, "plateAppearances": 1, "totalBases": 0, "rbi": 0, "leftOnBase": 0, "sacBunts": 0, "sacFlies": 0, "babip": ".000", "groundOutsToAirouts": "1.00", "catchersInterference": 0, "atBatsPerHomeRun": "-.--"}, "team": {"id": 137, "name": "San Francisco Giants", "link": "/api/v1/teams/137"}, "player": {"id": 110403, "fullName": "Manny Aybar", "link": "/api/v1/people/110403"}, "league": {"id": 104, "name": "National League", "link": "/api/v1/league/104"}, "sport": {"id": 1, "link": "/api/v1/sports/1", "abbreviation": "MLB"}, "gameType": "R"}, {"season": "2003", "stat": {"gamesPlayed": 3, "groundOuts": 0, "airOuts": 0, "runs": 0, "doubles": 0, "triples": 0, "homeRuns": 0, "strikeOuts": 0, "baseOnBalls": 0, "intentionalWalks": 0, "hits": 0, "hitByPitch": 0, "avg": ".000", "atBats": 0, "obp": ".000", "slg": ".000", "ops": ".000", "caughtStealing": 0, "stolenBases": 0, "stolenBasePercentage": ".---", "groundIntoDoublePlay": 0, "numberOfPitches": 0, "plateAppearances": 0, "totalBases": 0, "rbi": 0, "leftOnBase": 0, "sacBunts": 0, "sacFlies": 0, "babip": ".---", "groundOutsToAirouts": "-.--", "catchersInterference": 0, "atBatsPerHomeRun": "-.--"}, "team": {"id": 137, "name": "San Francisco Giants", "link": "/api/v1/teams/137"}, "player": {"id": 110403, "fullName": "Manny Aybar", "link": "/api/v1/people/110403"}, "league": {"id": 104, "name": "National League", "link": "/api/v1/league/104"}, "sport": {"id": 1, "link": "/api/v1/sports/1", "abbreviation": "MLB"}, "gameType": "R"}, {"season": "2005", "stat": {"gamesPlayed": 22, "groundOuts": 0, "airOuts": 0, "runs": 0, "doubles": 0, "triples": 0, "homeRuns": 0, "strikeOuts": 0, "baseOnBalls": 0, "intentionalWalks": 0, "hits": 0, "hitByPitch": 0, "avg": ".000", "atBats": 0, "obp": ".000", "slg": ".000", "ops": ".000", "caughtStealing": 0, "stolenBases": 0, "stolenBasePercentage": ".---", "groundIntoDoublePlay": 0, "numberOfPitches": 0, "plateAppearances": 0, "totalBases": 0, "rbi": 0, "leftOnBase": 0, "sacBunts": 0, "sacFlies": 0, "babip": ".---", "groundOutsToAirouts": "-.--", "catchersInterference": 0, "atBatsPerHomeRun": "-.--"}, "team": {"id": 121, "name": "New York Mets", "link": "/api/v1/teams/121"}, "player": {"id": 110403, "fullName": "Manny Aybar", "link": "/api/v1/people/110403"}, "league": {"id": 104, "name": "National League", "link": "/api/v1/league/104"}, "sport": {"id": 1, "link": "/api/v1/sports/1", "abbreviation": "MLB"}, "gameType": "R"}]}, {"type": {"displayName": "yearByYear"}, "group": {"displayName": "fielding"}, "exemptions": [], "splits": [{"season": "1997", "stat": {"gamesPlayed": 12, "gamesStarted": 12, "assists": 10, "putOuts": 3, "errors": 2, "chances": 15, "fielding": ".867", "position": {"code": "1", "name": "Pitcher", "type": "Pitcher", "abbreviation": "P"}, "rangeFactorPerGame": "1.08", "rangeFactorPer9Inn": "1.72", "innings": "68.0", "games": 12, "doublePlays": 0, "triplePlays": 0, "throwingErrors": 1}, "team": {"id": 138, "name": "St. Louis Cardinals", "link": "/api/v1/teams/138"}, "player": {"id": 110403, "fullName": "Manny Aybar", "link": "/api/v1/people/110403"}, "league": {"id": 104, "name": "National League", "link": "/api/v1/league/104"}, "sport": {"id": 1, "link": "/api/v1/sports/1", "abbreviation": "MLB"}, "gameType": "R", "position": {"code": "1", "name": "Pitcher", "type": "Pitcher", "abbreviation": "P"}}, {"season": "1998", "stat": {"gamesPlayed": 20, "gamesStarted": 14, "assists": 8, "putOuts": 8, "errors": 0, "chances": 16, "fielding": "1.000", "position": {"code": "1", "name": "Pitcher", "type": "Pitcher", "abbreviation": "P"}, "rangeFactorPerGame": "0.80", "rangeFactorPer9Inn": "1.78", "innings": "81.1", "games": 20, "doublePlays": 0, "triplePlays": 0, "throwingErrors": 0}, "team": {"id": 138, "name": "St. Louis Cardinals", "link": "/api/v1/teams/138"}, "player": {"id": 110403, "fullName": "Manny Aybar", "link": "/api/v1/people/110403"}, "league": {"id": 104, "name": "National League", "link": "/api/v1/league/104"}, "sport": {"id": 1, "link": "/api/v1/sports/1", "abbreviation": "MLB"}, "gameType": "R", "position": {"code": "1", "name": "Pitcher", "type": "Pitcher", "abbreviation": "P"}}, {"season": "1999", "stat": {"gamesPlayed": 65, "gamesStarted": 1, "assists": 11, "putOuts": 5, "errors": 0, "chances": 16, "fielding": "1.000", "position": {"code": "1", "name": "Pitcher", "type": "Pitcher", "abbreviation": "P"}, "rangeFactorPerGame": "0.25", "rangeFactorPer9Inn": "1.48", "innings": "97.0", "games": 65, "doublePlays": 0, "triplePlays": 0, "throwingErrors": 0}, "team": {"id": 138, "name": "St. Louis Cardinals", "link": "/api/v1/teams/138"}, "player": {"id": 110403, "fullName": "Manny Aybar", "link": "/api/v1/people/110403"}, "league": {"id": 104, "name": "National League", "link": "/api/v1/league/104"}, "sport": {"id": 1, "link": "/api/v1/sports/1", "abbreviation": "MLB"}, "gameType": "R", "position": {"code": "1", "name": "Pitcher", "type": "Pitcher", "abbreviation": "P"}}, {"season": "2000", "stat": {"gamesPlayed": 1, "gamesStarted": 0, "assists": 0, "putOuts": 0, "errors": 0, "chances": 0, "fielding": ".000", "position": {"code": "1", "name": "Pitcher", "type": "Pitcher", "abbreviation": "P"}, "rangeFactorPerGame": "0.00", "rangeFactorPer9Inn": "0.00", "innings": "1.2", "games": 1, "doublePlays": 0, "triplePlays": 0, "throwingErrors": 0}, "team": {"id": 115, "name": "Colorado Rockies", "link": "/api/v1/teams/115"}, "player": {"id": 110403, "fullName": "Manny Aybar", "link": "/api/v1/people/110403"}, "league": {"id": 104, "name": "National League", "link": "/api/v1/league/104"}, "sport": {"id": 1, "link": "/api/v1/sports/1", "abbreviation": "MLB"}, "gameType": "R", "position": {"code": "1", "name": "Pitcher", "type": "Pitcher", "abbreviation": "P"}}, {"season": "2000", "stat": {"gamesPlayed": 32, "gamesStarted": 0, "assists": 8, "putOuts": 5, "errors": 0, "chances": 13, "fielding": "1.000", "position": {"code": "1", "name": "Pitcher", "type": "Pitcher", "abbreviation": "P"}, "rangeFactorPerGame": "0.41", "rangeFactorPer9Inn": "2.34", "innings": "50.1", "games": 32, "doublePlays": 0, "triplePlays": 0, "throwingErrors": 0}, "team": {"id": 113, "name": "Cincinnati Reds", "link": "/api/v1/teams/113"}, "player": {"id": 110403, "fullName": "Manny Aybar", "link": "/api/v1/people/110403"}, "league": {"id": 104, "name": "National League", "link": "/api/v1/league/104"}, "sport": {"id": 1, "link": "/api/v1/sports/1", "abbreviation": "MLB"}, "gameType": "R", "position": {"code": "1", "name": "Pitcher", "type": "Pitcher", "abbreviation": "P"}}, {"season": "2000", "stat": {"gamesPlayed": 21, "gamesStarted": 0, "assists": 6, "putOuts": 3, "errors": 0, "chances": 9, "fielding": "1.000", "position": {"code": "1", "name": "Pitcher", "type": "Pitcher", "abbreviation": "P"}, "rangeFactorPerGame": "0.43", "rangeFactorPer9Inn": "3.00", "innings": "27.1", "games": 21, "doublePlays": 0, "triplePlays": 0, "throwingErrors": 0}, "team": {"id": 146, "name": "Florida Marlins", "link": "/api/v1/teams/146"}, "player": {"id": 110403, "fullName": "Manny Aybar", "link": "/api/v1/people/110403"}, "league": {"id": 104, "name": "National League", "link": "/api/v1/league/104"}, "sport": {"id": 1, "link": "/api/v1/sports/1", "abbreviation": "MLB"}, "gameType": "R", "position": {"code": "1", "name": "Pitcher", "type": "Pitcher", "abbreviation": "P"}}, {"season": "2000", "stat": {"gamesPlayed": 54, "gamesStarted": 0, "assists": 14, "putOuts": 8, "errors": 0, "chances": 22, "fielding": "1.000", "position": {"code": "1", "name": "Pitcher", "type": "Pitcher", "abbreviation": "P"}, "rangeFactorPerGame": "0.41", "rangeFactorPer9Inn": "2.51", "innings": "79.1", "games": 54, "doublePlays": 0, "triplePlays": 0, "throwingErrors": 0}, "player": {"id": 110403, "fullName": "Manny Aybar", "link": "/api/v1/people/110403"}, "sport": {"id": 1, "link": "/api/v1/sports/1", "abbreviation": "MLB"}, "gameType": "R", "numTeams": 3, "position": {"code": "1", "name": "Pitcher", "type": "Pitcher", "abbreviation": "P"}}, {"season": "2001", "stat": {"gamesPlayed": 17, "gamesStarted": 1, "assists": 2, "putOuts": 2, "errors": 1, "chances": 5, "fielding": ".800", "position": {"code": "1", "name": "Pitcher", "type": "Pitcher", "abbreviation": "P"}, "rangeFactorPerGame": "0.24", "rangeFactorPer9Inn": "1.64", "innings": "22.2", "games": 17, "doublePlays": 0, "triplePlays": 0, "throwingErrors": 0}, "team": {"id": 112, "name": "Chicago Cubs", "link": "/api/v1/teams/112"}, "player": {"id": 110403, "fullName": "Manny Aybar", "link": "/api/v1/people/110403"}, "league": {"id": 104, "name": "National League", "link": "/api/v1/league/104"}, "sport": {"id": 1, "link": "/api/v1/sports/1", "abbreviation": "MLB"}, "gameType": "R", "position": {"code": "1", "name": "Pitcher", "type": "Pitcher", "abbreviation": "P"}}, {"season": "2002", "stat": {"gamesPlayed": 15, "gamesStarted": 0, "assists": 1, "putOuts": 2, "errors": 0, "chances": 3, "fielding": "1.000", "position": {"code": "1", "name": "Pitcher", "type": "Pitcher", "abbreviation": "P"}, "rangeFactorPerGame": "0.20", "rangeFactorPer9Inn": "1.93", "innings": "14.1", "games": 15, "doublePlays": 0, "triplePlays": 0, "throwingErrors": 0}, "team": {"id": 137, "name": "San Francisco Giants", "link": "/api/v1/teams/137"}, "player": {"id": 110403, "fullName": "Manny Aybar", "link": "/api/v1/people/110403"}, "league": {"id": 104, "name": "National League", "link": "/api/v1/league/104"}, "sport": {"id": 1, "link": "/api/v1/sports/1", "abbreviation": "MLB"}, "gameType": "R", "position": {"code": "1", "name": "Pitcher", "type": "Pitcher", "abbreviation": "P"}}, {"season": "2003", "stat": {"gamesPlayed": 3, "gamesStarted": 0, "assists": 0, "putOuts": 0, "errors": 0, "chances": 0, "fielding": ".000", "position": {"code": "1", "name": "Pitcher", "type": "Pitcher", "abbreviation": "P"}, "rangeFactorPerGame": "0.00", "rangeFactorPer9Inn": "0.00", "innings": "3.0", "games": 3, "doublePlays": 0, "triplePlays": 0, "throwingErrors": 0}, "team": {"id": 137, "name": "San Francisco Giants", "link": "/api/v1/teams/137"}, "player": {"id": 110403, "fullName": "Manny Aybar", "link": "/api/v1/people/110403"}, "league": {"id": 104, "name": "National League", "link": "/api/v1/league/104"}, "sport": {"id": 1, "link": "/api/v1/sports/1", "abbreviation": "MLB"}, "gameType": "R", "position": {"code": "1", "name": "Pitcher", "type": "Pitcher", "abbreviation": "P"}}, {"season": "2005", "stat": {"gamesPlayed": 22, "gamesStarted": 0, "assists": 1, "putOuts": 1, "errors": 0, "chances": 2, "fielding": "1.000", "position": {"code": "1", "name": "Pitcher", "type": "Pitcher", "abbreviation": "P"}, "rangeFactorPerGame": "0.09", "rangeFactorPer9Inn": "0.72", "innings": "25.1", "games": 22, "doublePlays": 0, "triplePlays": 0, "throwingErrors": 0}, "team": {"id": 121, "name": "New York Mets", "link": "/api/v1/teams/121"}, "player": {"id": 110403, "fullName": "Manny Aybar", "link": "/api/v1/people/110403"}, "league": {"id": 104, "name": "National League", "link": "/api/v1/league/104"}, "sport": {"id": 1, "link": "/api/v1/sports/1", "abbreviation": "MLB"}, "gameType": "R", "position": {"code": "1", "name": "Pitcher", "type": "Pitcher", "abbreviation": "P"}}]}], "mlbDebutDate": "1997-08-04", "batSide": {"code": "R", "description": "Right"}, "pitchHand": {"code": "R", "description": "Right"}, "nameFirstLast": "Manny Aybar", "nameSlug": "manny-aybar-110403", "firstLastName": "Manny Aybar", "lastFirstName": "Aybar, Manny", "lastInitName": "Aybar, M", "initLastName": "M Aybar", "fullFMLName": "Manuel Antonio Aybar", "fullLFMName": "Aybar, Manuel Antonio", "strikeZoneTop": 3.411, "strikeZoneBottom": 1.565}