{"id": 110007, "fullName": "Charlie Abbey", "link": "/api/v1/people/110007", "firstName": "Charles", "lastName": "Abbey", "birthDate": "1866-10-14", "currentAge": 59, "birthCity": "Falls City", "birthStateProvince": "NE", "birthCountry": "USA", "height": "5' 9\"", "weight": 169, "active": false, "primaryPosition": {"code": "8", "name": "Outfielder", "type": "Outfielder", "abbreviation": "CF"}, "useName": "Charlie", "useLastName": "Abbey", "middleName": "S.", "boxscoreName": "Abbey", "gender": "M", "isPlayer": true, "isVerified": true, "deathDate": "1926-04-27", "deathCity": "San Francisco", "deathStateProvince": "CA", "deathCountry": "USA", "stats": [{"type": {"displayName": "career"}, "group": {"displayName": "fielding"}, "exemptions": [], "splits": [{"stat": {"gamesPlayed": 1, "gamesStarted": 0, "assists": 0, "putOuts": 0, "errors": 0, "chances": 0, "fielding": ".000", "position": {"code": "1", "name": "Pitcher", "type": "Pitcher", "abbreviation": "P"}, "rangeFactorPerGame": "0.00", "rangeFactorPer9Inn": "0.00", "innings": "2.0", "games": 1, "doublePlays": 0, "triplePlays": 0}, "team": {"id": 221, "link": "/api/v1/teams/221"}, "player": {"id": 110007, "fullName": "Charlie Abbey", "link": "/api/v1/people/110007"}, "league": {"id": 104, "name": "National League", "link": "/api/v1/league/104"}, "sport": {"id": 1, "link": "/api/v1/sports/1", "abbreviation": "MLB"}, "gameType": "R", "position": {"code": "1", "name": "Pitcher", "type": "Pitcher", "abbreviation": "P"}}]}, {"type": {"displayName": "career"}, "group": {"displayName": "hitting"}, "exemptions": [], "splits": [{"stat": {"gamesPlayed": 451, "runs": 307, "doubles": 67, "triples": 46, "homeRuns": 19, "strikeOuts": 105, "baseOnBalls": 167, "hits": 492, "hitByPitch": 23, "avg": ".281", "atBats": 1751, "obp": ".351", "slg": ".404", "ops": ".755", "stolenBases": 93, "plateAppearances": 1960, "totalBases": 708, "rbi": 280, "sacBunts": 19, "babip": ".291", "atBatsPerHomeRun": "92.16"}, "team": {"id": 221, "link": "/api/v1/teams/221"}, "player": {"id": 110007, "fullName": "Charlie Abbey", "link": "/api/v1/people/110007"}, "league": {"id": 104, "name": "National League", "link": "/api/v1/league/104"}, "sport": {"id": 1, "link": "/api/v1/sports/1", "abbreviation": "MLB"}, "gameType": "R"}]}, {"type": {"displayName": "career"}, "group": {"displayName": "pitching"}, "exemptions": [], "splits": [{"stat": {"gamesPlayed": 1, "gamesStarted": 0, "runs": 3, "homeRuns": 0, "strikeOuts": 0, "baseOnBalls": 0, "hits": 6, "hitByPitch": 0, "avg": ".500", "atBats": 12, "obp": ".500", "era": "4.50", "inningsPitched": "2.0", "wins": 0, "losses": 0, "saves": 0, "earnedRuns": 1, "whip": "3.00", "battersFaced": 12, "outs": 6, "gamesPitched": 1, "completeGames": 0, "shutouts": 0, "hitBatsmen": 0, "balks": 0, "wildPitches": 1, "winPercentage": ".---", "gamesFinished": 1, "strikeoutWalkRatio": "-.--", "strikeoutsPer9Inn": "0.00", "walksPer9Inn": "0.00", "hitsPer9Inn": "27.00", "runsScoredPer9": "13.50", "homeRunsPer9": "0.00"}, "team": {"id": 221, "link": "/api/v1/teams/221"}, "player": {"id": 110007, "fullName": "Charlie Abbey", "link": "/api/v1/people/110007"}, "league": {"id": 104, "name": "National League", "link": "/api/v1/league/104"}, "sport": {"id": 1, "link": "/api/v1/sports/1", "abbreviation": "MLB"}, "gameType": "R"}]}, {"type": {"displayName": "yearByYear"}, "group": {"displayName": "fielding"}, "exemptions": [], "splits": [{"season": "1896", "stat": {"gamesPlayed": 1, "gamesStarted": 0, "assists": 0, "putOuts": 0, "errors": 0, "chances": 0, "fielding": ".000", "position": {"code": "1", "name": "Pitcher", "type": "Pitcher", "abbreviation": "P"}, "rangeFactorPerGame": "0.00", "rangeFactorPer9Inn": "0.00", "innings": "2.0", "games": 1, "doublePlays": 0, "triplePlays": 0}, "team": {"id": 221, "name": "Washington Senators", "link": "/api/v1/teams/221"}, "player": {"id": 110007, "fullName": "Charlie Abbey", "link": "/api/v1/people/110007"}, "league": {"id": 104, "name": "National League", "link": "/api/v1/league/104"}, "sport": {"id": 1, "link": "/api/v1/sports/1", "abbreviation": "MLB"}, "gameType": "R", "position": {"code": "1", "name": "Pitcher", "type": "Pitcher", "abbreviation": "P"}}]}, {"type": {"displayName": "yearByYear"}, "group": {"displayName": "hitting"}, "exemptions": [], "splits": [{"season": "1893", "stat": {"gamesPlayed": 31, "runs": 11, "doubles": 1, "triples": 4, "homeRuns": 0, "strikeOuts": 6, "baseOnBalls": 12, "hits": 30, "hitByPitch": 1, "avg": ".259", "atBats": 116, "obp": ".333", "slg": ".336", "ops": ".669", "stolenBases": 9, "plateAppearances": 129, "totalBases": 39, "rbi": 12, "babip": ".273", "atBatsPerHomeRun": "-.--"}, "team": {"id": 221, "name": "Washington Senators", "link": "/api/v1/teams/221"}, "player": {"id": 110007, "fullName": "Charlie Abbey", "link": "/api/v1/people/110007"}, "league": {"id": 104, "name": "National League", "link": "/api/v1/league/104"}, "sport": {"id": 1, "link": "/api/v1/sports/1", "abbreviation": "MLB"}, "gameType": "R"}, {"season": "1894", "stat": {"gamesPlayed": 129, "runs": 95, "doubles": 26, "triples": 18, "homeRuns": 7, "strikeOuts": 38, "baseOnBalls": 58, "hits": 164, "hitByPitch": 7, "avg": ".314", "atBats": 523, "obp": ".389", "slg": ".472", "ops": ".861", "stolenBases": 31, "plateAppearances": 589, "totalBases": 247, "rbi": 101, "sacBunts": 1, "babip": ".328", "atBatsPerHomeRun": "74.71"}, "team": {"id": 221, "name": "Washington Senators", "link": "/api/v1/teams/221"}, "player": {"id": 110007, "fullName": "Charlie Abbey", "link": "/api/v1/people/110007"}, "league": {"id": 104, "name": "National League", "link": "/api/v1/league/104"}, "sport": {"id": 1, "link": "/api/v1/sports/1", "abbreviation": "MLB"}, "gameType": "R"}, {"season": "1895", "stat": {"gamesPlayed": 132, "runs": 102, "doubles": 14, "triples": 10, "homeRuns": 8, "strikeOuts": 41, "baseOnBalls": 43, "hits": 141, "hitByPitch": 7, "avg": ".276", "atBats": 511, "obp": ".340", "slg": ".389", "ops": ".729", "stolenBases": 28, "plateAppearances": 566, "totalBases": 199, "rbi": 84, "sacBunts": 5, "babip": ".288", "atBatsPerHomeRun": "63.88"}, "team": {"id": 221, "name": "Washington Senators", "link": "/api/v1/teams/221"}, "player": {"id": 110007, "fullName": "Charlie Abbey", "link": "/api/v1/people/110007"}, "league": {"id": 104, "name": "National League", "link": "/api/v1/league/104"}, "sport": {"id": 1, "link": "/api/v1/sports/1", "abbreviation": "MLB"}, "gameType": "R"}, {"season": "1896", "stat": {"gamesPlayed": 79, "runs": 47, "doubles": 12, "triples": 6, "homeRuns": 1, "strikeOuts": 20, "baseOnBalls": 27, "hits": 79, "hitByPitch": 4, "avg": ".262", "atBats": 301, "obp": ".331", "slg": ".352", "ops": ".683", "stolenBases": 16, "plateAppearances": 342, "totalBases": 106, "rbi": 49, "sacBunts": 10, "babip": ".279", "atBatsPerHomeRun": "301.00"}, "team": {"id": 221, "name": "Washington Senators", "link": "/api/v1/teams/221"}, "player": {"id": 110007, "fullName": "Charlie Abbey", "link": "/api/v1/people/110007"}, "league": {"id": 104, "name": "National League", "link": "/api/v1/league/104"}, "sport": {"id": 1, "link": "/api/v1/sports/1", "abbreviation": "MLB"}, "gameType": "R"}, {"season": "1897", "stat": {"gamesPlayed": 80, "runs": 52, "doubles": 14, "triples": 8, "homeRuns": 3, "baseOnBalls": 27, "hits": 78, "hitByPitch": 4, "avg": ".260", "atBats": 300, "obp": ".329", "slg": ".390", "ops": ".719", "stolenBases": 9, "plateAppearances": 334, "totalBases": 117, "rbi": 34, "sacBunts": 3, "atBatsPerHomeRun": "100.00"}, "team": {"id": 221, "name": "Washington Senators", "link": "/api/v1/teams/221"}, "player": {"id": 110007, "fullName": "Charlie Abbey", "link": "/api/v1/people/110007"}, "league": {"id": 104, "name": "National League", "link": "/api/v1/league/104"}, "sport": {"id": 1, "link": "/api/v1/sports/1", "abbreviation": "MLB"}, "gameType": "R"}]}, {"type": {"displayName": "yearByYear"}, "group": {"displayName": "pitching"}, "exemptions": [], "splits": [{"season": "1896", "stat": {"gamesPlayed": 1, "gamesStarted": 0, "runs": 3, "homeRuns": 0, "strikeOuts": 0, "baseOnBalls": 0, "hits": 6, "hitByPitch": 0, "avg": ".500", "atBats": 12, "obp": ".500", "era": "4.50", "inningsPitched": "2.0", "wins": 0, "losses": 0, "saves": 0, "earnedRuns": 1, "whip": "3.00", "battersFaced": 12, "outs": 6, "gamesPitched": 1, "completeGames": 0, "shutouts": 0, "hitBatsmen": 0, "balks": 0, "wildPitches": 1, "winPercentage": ".---", "gamesFinished": 1, "strikeoutWalkRatio": "-.--", "strikeoutsPer9Inn": "0.00", "walksPer9Inn": "0.00", "hitsPer9Inn": "27.00", "runsScoredPer9": "13.50", "homeRunsPer9": "0.00"}, "team": {"id": 221, "name": "Washington Senators", "link": "/api/v1/teams/221"}, "player": {"id": 110007, "fullName": "Charlie Abbey", "link": "/api/v1/people/110007"}, "league": {"id": 104, "name": "National League", "link": "/api/v1/league/104"}, "sport": {"id": 1, "link": "/api/v1/sports/1", "abbreviation": "MLB"}, "gameType": "R"}]}], "mlbDebutDate": "1893-08-16", "batSide": {"code": "L", "description": "Left"}, "pitchHand": {"code": "L", "description": "Left"}, "nameFirstLast": "Charlie Abbey", "nameSlug": "charlie-abbey-110007", "firstLastName": "Charlie Abbey", "lastFirstName": "Abbey, Charlie", "lastInitName": "Abbey, C", "initLastName": "C Abbey", "fullFMLName": "Charles S. Abbey", "fullLFMName": "Abbey, Charles S.", "strikeZoneTop": 3.285, "strikeZoneBottom": 1.487}