{"id": 110098, "fullName": "George Aiton", "link": "/api/v1/people/110098", "firstName": "George", "lastName": "Aiton", "birthDate": "1890-12-29", "currentAge": 85, "birthCity": "Kingman", "birthStateProvince": "KS", "birthCountry": "USA", "height": "5' 11\"", "weight": 175, "active": false, "primaryPosition": {"code": "7", "name": "Outfielder", "type": "Outfielder", "abbreviation": "LF"}, "useName": "George", "useLastName": "Aiton", "middleName": "Wilson", "boxscoreName": "Aiton", "gender": "M", "isPlayer": true, "isVerified": true, "deathDate": "1976-08-16", "deathCity": "North Hollywood", "deathStateProvince": "CA", "deathCountry": "USA", "lastPlayedDate": "1912-07-28", "stats": [{"type": {"displayName": "career"}, "group": {"displayName": "hitting"}, "exemptions": [], "splits": [{"stat": {"gamesPlayed": 10, "runs": 1, "doubles": 0, "triples": 0, "homeRuns": 0, "baseOnBalls": 4, "hits": 4, "hitByPitch": 0, "avg": ".235", "atBats": 17, "obp": ".381", "slg": ".235", "ops": ".616", "stolenBases": 0, "plateAppearances": 21, "totalBases": 4, "rbi": 1, "sacBunts": 0, "atBatsPerHomeRun": "-.--"}, "team": {"id": 110, "name": "Baltimore Orioles", "link": "/api/v1/teams/110"}, "player": {"id": 110098, "fullName": "George Aiton", "link": "/api/v1/people/110098"}, "league": {"id": 103, "name": "American League", "link": "/api/v1/league/103"}, "sport": {"id": 1, "link": "/api/v1/sports/1", "abbreviation": "MLB"}, "gameType": "R"}]}, {"type": {"displayName": "career"}, "group": {"displayName": "fielding"}, "exemptions": [], "splits": [{"stat": {"gamesPlayed": 6, "gamesStarted": 4, "assists": 1, "putOuts": 10, "errors": 0, "chances": 11, "fielding": "1.000", "position": {"code": "7", "name": "Outfielder", "type": "Outfielder", "abbreviation": "LF"}, "rangeFactorPerGame": "1.83", "rangeFactorPer9Inn": "2.75", "innings": "36.2", "games": 6, "doublePlays": 0, "triplePlays": 0}, "team": {"id": 110, "name": "Baltimore Orioles", "link": "/api/v1/teams/110"}, "player": {"id": 110098, "fullName": "George Aiton", "link": "/api/v1/people/110098"}, "league": {"id": 103, "name": "American League", "link": "/api/v1/league/103"}, "sport": {"id": 1, "link": "/api/v1/sports/1", "abbreviation": "MLB"}, "gameType": "R", "position": {"code": "7", "name": "Outfielder", "type": "Outfielder", "abbreviation": "LF"}}, {"stat": {"gamesPlayed": 1, "gamesStarted": 0, "assists": 0, "putOuts": 0, "errors": 1, "chances": 1, "fielding": ".000", "position": {"code": "8", "name": "Outfielder", "type": "Outfielder", "abbreviation": "CF"}, "rangeFactorPerGame": "0.00", "games": 1, "doublePlays": 0, "triplePlays": 0}, "team": {"id": 110, "name": "Baltimore Orioles", "link": "/api/v1/teams/110"}, "player": {"id": 110098, "fullName": "George Aiton", "link": "/api/v1/people/110098"}, "league": {"id": 103, "name": "American League", "link": "/api/v1/league/103"}, "sport": {"id": 1, "link": "/api/v1/sports/1", "abbreviation": "MLB"}, "gameType": "R", "position": {"code": "8", "name": "Outfielder", "type": "Outfielder", "abbreviation": "CF"}}]}, {"type": {"displayName": "yearByYear"}, "group": {"displayName": "hitting"}, "exemptions": [], "splits": [{"season": "1912", "stat": {"gamesPlayed": 10, "runs": 1, "doubles": 0, "triples": 0, "homeRuns": 0, "baseOnBalls": 4, "hits": 4, "hitByPitch": 0, "avg": ".235", "atBats": 17, "obp": ".381", "slg": ".235", "ops": ".616", "stolenBases": 0, "plateAppearances": 21, "totalBases": 4, "rbi": 1, "sacBunts": 0, "atBatsPerHomeRun": "-.--"}, "team": {"id": 110, "name": "St. Louis Browns", "link": "/api/v1/teams/110"}, "player": {"id": 110098, "fullName": "George Aiton", "link": "/api/v1/people/110098"}, "league": {"id": 103, "name": "American League", "link": "/api/v1/league/103"}, "sport": {"id": 1, "link": "/api/v1/sports/1", "abbreviation": "MLB"}, "gameType": "R"}]}, {"type": {"displayName": "yearByYear"}, "group": {"displayName": "fielding"}, "exemptions": [], "splits": [{"season": "1912", "stat": {"gamesPlayed": 6, "gamesStarted": 4, "assists": 1, "putOuts": 10, "errors": 0, "chances": 11, "fielding": "1.000", "position": {"code": "7", "name": "Outfielder", "type": "Outfielder", "abbreviation": "LF"}, "rangeFactorPerGame": "1.83", "rangeFactorPer9Inn": "2.75", "innings": "36.2", "games": 6, "doublePlays": 0, "triplePlays": 0}, "team": {"id": 110, "name": "St. Louis Browns", "link": "/api/v1/teams/110"}, "player": {"id": 110098, "fullName": "George Aiton", "link": "/api/v1/people/110098"}, "league": {"id": 103, "name": "American League", "link": "/api/v1/league/103"}, "sport": {"id": 1, "link": "/api/v1/sports/1", "abbreviation": "MLB"}, "gameType": "R", "position": {"code": "7", "name": "Outfielder", "type": "Outfielder", "abbreviation": "LF"}}, {"season": "1912", "stat": {"gamesPlayed": 1, "gamesStarted": 0, "assists": 0, "putOuts": 0, "errors": 1, "chances": 1, "fielding": ".000", "position": {"code": "8", "name": "Outfielder", "type": "Outfielder", "abbreviation": "CF"}, "rangeFactorPerGame": "0.00", "games": 1, "doublePlays": 0, "triplePlays": 0}, "team": {"id": 110, "name": "St. Louis Browns", "link": "/api/v1/teams/110"}, "player": {"id": 110098, "fullName": "George Aiton", "link": "/api/v1/people/110098"}, "league": {"id": 103, "name": "American League", "link": "/api/v1/league/103"}, "sport": {"id": 1, "link": "/api/v1/sports/1", "abbreviation": "MLB"}, "gameType": "R", "position": {"code": "8", "name": "Outfielder", "type": "Outfielder", "abbreviation": "CF"}}]}], "mlbDebutDate": "1912-06-29", "batSide": {"code": "S", "description": "Switch"}, "pitchHand": {"code": "R", "description": "Right"}, "nameFirstLast": "George Aiton", "nameSlug": "george-aiton-110098", "firstLastName": "George Aiton", "lastFirstName": "Aiton, George", "lastInitName": "Aiton, G", "initLastName": "G Aiton", "fullFMLName": "George Wilson Aiton", "fullLFMName": "Aiton, George Wilson", "strikeZoneTop": 3.319, "strikeZoneBottom": 1.513}