{"id": 110038, "fullName": "Ed Acosta", "link": "/api/v1/people/110038", "firstName": "Eduardo", "lastName": "Acosta", "primaryNumber": "37", "birthDate": "1944-03-09", "currentAge": 79, "birthCity": "Boquete", "birthCountry": "Panama", "height": "6' 5\"", "weight": 215, "active": false, "primaryPosition": {"code": "1", "name": "Pitcher", "type": "Pitcher", "abbreviation": "P"}, "useName": "Ed", "useLastName": "Acosta", "middleName": "Elixbet", "boxscoreName": "Acosta", "gender": "M", "nameMatrilineal": "Lopez", "isPlayer": true, "isVerified": true, "lastPlayedDate": "1972-10-04", "stats": [{"type": {"displayName": "career"}, "group": {"displayName": "hitting"}, "exemptions": [], "splits": [{"stat": {"gamesPlayed": 57, "runs": 1, "doubles": 0, "triples": 0, "homeRuns": 0, "strikeOuts": 15, "baseOnBalls": 1, "intentionalWalks": 0, "hits": 1, "hitByPitch": 0, "avg": ".034", "atBats": 29, "obp": ".067", "slg": ".034", "ops": ".101", "caughtStealing": 0, "stolenBases": 0, "stolenBasePercentage": ".---", "groundIntoDoublePlay": 0, "plateAppearances": 30, "totalBases": 1, "rbi": 0, "sacBunts": 0, "sacFlies": 0, "babip": ".071", "atBatsPerHomeRun": "-.--"}, "player": {"id": 110038, "fullName": "Ed Acosta", "link": "/api/v1/people/110038"}, "sport": {"id": 1, "link": "/api/v1/sports/1", "abbreviation": "MLB"}, "gameType": "R", "numTeams": 2}]}, {"type": {"displayName": "career"}, "group": {"displayName": "pitching"}, "exemptions": [], "splits": [{"stat": {"gamesPlayed": 57, "gamesStarted": 8, "runs": 71, "homeRuns": 12, "strikeOuts": 70, "baseOnBalls": 39, "intentionalWalks": 8, "hits": 153, "hitByPitch": 4, "avg": ".286", "atBats": 535, "obp": ".334", "era": "4.05", "inningsPitched": "137.2", "wins": 6, "losses": 9, "saves": 1, "saveOpportunities": 3, "blownSaves": 2, "earnedRuns": 62, "whip": "1.39", "battersFaced": 594, "outs": 413, "gamesPitched": 57, "completeGames": 3, "shutouts": 1, "hitBatsmen": 4, "balks": 2, "wildPitches": 6, "winPercentage": ".400", "gamesFinished": 22, "strikeoutWalkRatio": "1.79", "strikeoutsPer9Inn": "4.58", "walksPer9Inn": "2.55", "hitsPer9Inn": "10.00", "runsScoredPer9": "4.64", "homeRunsPer9": "0.78", "sacBunts": 8, "sacFlies": 8}, "player": {"id": 110038, "fullName": "Ed Acosta", "link": "/api/v1/people/110038"}, "sport": {"id": 1, "link": "/api/v1/sports/1", "abbreviation": "MLB"}, "gameType": "R", "numTeams": 2}]}, {"type": {"displayName": "career"}, "group": {"displayName": "fielding"}, "exemptions": [], "splits": [{"stat": {"gamesPlayed": 57, "gamesStarted": 8, "assists": 14, "putOuts": 11, "errors": 1, "chances": 26, "fielding": ".962", "position": {"code": "1", "name": "Pitcher", "type": "Pitcher", "abbreviation": "P"}, "rangeFactorPerGame": "0.44", "rangeFactorPer9Inn": "1.64", "innings": "137.2", "games": 57, "doublePlays": 1, "triplePlays": 0, "throwingErrors": 0}, "player": {"id": 110038, "fullName": "Ed Acosta", "link": "/api/v1/people/110038"}, "sport": {"id": 1, "link": "/api/v1/sports/1", "abbreviation": "MLB"}, "gameType": "R", "numTeams": 2, "position": {"code": "1", "name": "Pitcher", "type": "Pitcher", "abbreviation": "P"}}]}, {"type": {"displayName": "yearByYear"}, "group": {"displayName": "hitting"}, "exemptions": [], "splits": [{"season": "1970", "stat": {"gamesPlayed": 3, "runs": 0, "doubles": 0, "triples": 0, "homeRuns": 0, "strikeOuts": 0, "baseOnBalls": 0, "intentionalWalks": 0, "hits": 0, "hitByPitch": 0, "avg": ".000", "atBats": 0, "obp": ".000", "slg": ".000", "ops": ".000", "caughtStealing": 0, "stolenBases": 0, "stolenBasePercentage": ".---", "groundIntoDoublePlay": 0, "plateAppearances": 0, "totalBases": 0, "rbi": 0, "sacBunts": 0, "sacFlies": 0, "babip": ".---", "atBatsPerHomeRun": "-.--"}, "team": {"id": 134, "name": "Pittsburgh Pirates", "link": "/api/v1/teams/134"}, "player": {"id": 110038, "fullName": "Ed Acosta", "link": "/api/v1/people/110038"}, "league": {"id": 104, "name": "National League", "link": "/api/v1/league/104"}, "sport": {"id": 1, "link": "/api/v1/sports/1", "abbreviation": "MLB"}, "gameType": "R"}, {"season": "1971", "stat": {"gamesPlayed": 8, "runs": 0, "doubles": 0, "triples": 0, "homeRuns": 0, "strikeOuts": 6, "baseOnBalls": 0, "intentionalWalks": 0, "hits": 0, "hitByPitch": 0, "avg": ".000", "atBats": 17, "obp": ".000", "slg": ".000", "ops": ".000", "caughtStealing": 0, "stolenBases": 0, "stolenBasePercentage": ".---", "groundIntoDoublePlay": 0, "plateAppearances": 17, "totalBases": 0, "rbi": 0, "sacBunts": 0, "sacFlies": 0, "babip": ".000", "atBatsPerHomeRun": "-.--"}, "team": {"id": 135, "name": "San Diego Padres", "link": "/api/v1/teams/135"}, "player": {"id": 110038, "fullName": "Ed Acosta", "link": "/api/v1/people/110038"}, "league": {"id": 104, "name": "National League", "link": "/api/v1/league/104"}, "sport": {"id": 1, "link": "/api/v1/sports/1", "abbreviation": "MLB"}, "gameType": "R"}, {"season": "1972", "stat": {"gamesPlayed": 46, "runs": 1, "doubles": 0, "triples": 0, "homeRuns": 0, "strikeOuts": 9, "baseOnBalls": 1, "intentionalWalks": 0, "hits": 1, "hitByPitch": 0, "avg": ".083", "atBats": 12, "obp": ".154", "slg": ".083", "ops": ".237", "caughtStealing": 0, "stolenBases": 0, "stolenBasePercentage": ".---", "groundIntoDoublePlay": 0, "plateAppearances": 13, "totalBases": 1, "rbi": 0, "sacBunts": 0, "sacFlies": 0, "babip": ".333", "atBatsPerHomeRun": "-.--"}, "team": {"id": 135, "name": "San Diego Padres", "link": "/api/v1/teams/135"}, "player": {"id": 110038, "fullName": "Ed Acosta", "link": "/api/v1/people/110038"}, "league": {"id": 104, "name": "National League", "link": "/api/v1/league/104"}, "sport": {"id": 1, "link": "/api/v1/sports/1", "abbreviation": "MLB"}, "gameType": "R"}]}, {"type": {"displayName": "yearByYear"}, "group": {"displayName": "pitching"}, "exemptions": [], "splits": [{"season": "1970", "stat": {"gamesPlayed": 3, "gamesStarted": 0, "runs": 4, "homeRuns": 1, "strikeOuts": 1, "baseOnBalls": 2, "intentionalWalks": 0, "hits": 5, "hitByPitch": 1, "avg": ".417", "atBats": 12, "obp": ".500", "era": "13.50", "inningsPitched": "2.2", "wins": 0, "losses": 0, "saves": 1, "saveOpportunities": 1, "blownSaves": 0, "earnedRuns": 4, "whip": "2.63", "battersFaced": 16, "outs": 8, "gamesPitched": 3, "completeGames": 0, "shutouts": 0, "hitBatsmen": 1, "balks": 0, "wildPitches": 0, "winPercentage": ".---", "gamesFinished": 2, "strikeoutWalkRatio": "0.50", "strikeoutsPer9Inn": "3.38", "walksPer9Inn": "6.75", "hitsPer9Inn": "16.88", "runsScoredPer9": "13.50", "homeRunsPer9": "3.38", "sacBunts": 0, "sacFlies": 1}, "team": {"id": 134, "name": "Pittsburgh Pirates", "link": "/api/v1/teams/134"}, "player": {"id": 110038, "fullName": "Ed Acosta", "link": "/api/v1/people/110038"}, "league": {"id": 104, "name": "National League", "link": "/api/v1/league/104"}, "sport": {"id": 1, "link": "/api/v1/sports/1", "abbreviation": "MLB"}, "gameType": "R"}, {"season": "1971", "stat": {"gamesPlayed": 8, "gamesStarted": 6, "runs": 18, "homeRuns": 4, "strikeOuts": 16, "baseOnBalls": 7, "intentionalWalks": 1, "hits": 43, "hitByPitch": 0, "avg": ".246", "atBats": 175, "obp": ".272", "era": "2.74", "inningsPitched": "46.0", "wins": 3, "losses": 3, "saves": 0, "saveOpportunities": 1, "blownSaves": 1, "earnedRuns": 14, "whip": "1.09", "battersFaced": 184, "outs": 138, "gamesPitched": 8, "completeGames": 3, "shutouts": 1, "hitBatsmen": 0, "balks": 1, "wildPitches": 1, "winPercentage": ".500", "gamesFinished": 0, "strikeoutWalkRatio": "2.29", "strikeoutsPer9Inn": "3.13", "walksPer9Inn": "1.37", "hitsPer9Inn": "8.41", "runsScoredPer9": "3.52", "homeRunsPer9": "0.78", "sacBunts": 0, "sacFlies": 2}, "team": {"id": 135, "name": "San Diego Padres", "link": "/api/v1/teams/135"}, "player": {"id": 110038, "fullName": "Ed Acosta", "link": "/api/v1/people/110038"}, "league": {"id": 104, "name": "National League", "link": "/api/v1/league/104"}, "sport": {"id": 1, "link": "/api/v1/sports/1", "abbreviation": "MLB"}, "gameType": "R"}, {"season": "1972", "stat": {"gamesPlayed": 46, "gamesStarted": 2, "runs": 49, "homeRuns": 7, "strikeOuts": 53, "baseOnBalls": 30, "intentionalWalks": 7, "hits": 105, "hitByPitch": 3, "avg": ".302", "atBats": 348, "obp": ".358", "era": "4.45", "inningsPitched": "89.0", "wins": 3, "losses": 6, "saves": 0, "saveOpportunities": 1, "blownSaves": 1, "earnedRuns": 44, "whip": "1.52", "battersFaced": 394, "outs": 267, "gamesPitched": 46, "completeGames": 0, "shutouts": 0, "hitBatsmen": 3, "balks": 1, "wildPitches": 5, "winPercentage": ".333", "gamesFinished": 20, "strikeoutWalkRatio": "1.77", "strikeoutsPer9Inn": "5.36", "walksPer9Inn": "3.03", "hitsPer9Inn": "10.62", "runsScoredPer9": "4.96", "homeRunsPer9": "0.71", "sacBunts": 8, "sacFlies": 5}, "team": {"id": 135, "name": "San Diego Padres", "link": "/api/v1/teams/135"}, "player": {"id": 110038, "fullName": "Ed Acosta", "link": "/api/v1/people/110038"}, "league": {"id": 104, "name": "National League", "link": "/api/v1/league/104"}, "sport": {"id": 1, "link": "/api/v1/sports/1", "abbreviation": "MLB"}, "gameType": "R"}]}, {"type": {"displayName": "yearByYear"}, "group": {"displayName": "fielding"}, "exemptions": [], "splits": [{"season": "1970", "stat": {"gamesPlayed": 3, "gamesStarted": 0, "assists": 0, "putOuts": 0, "errors": 0, "chances": 0, "fielding": ".000", "position": {"code": "1", "name": "Pitcher", "type": "Pitcher", "abbreviation": "P"}, "rangeFactorPerGame": "0.00", "rangeFactorPer9Inn": "0.00", "innings": "2.2", "games": 3, "doublePlays": 0, "triplePlays": 0, "throwingErrors": 0}, "team": {"id": 134, "name": "Pittsburgh Pirates", "link": "/api/v1/teams/134"}, "player": {"id": 110038, "fullName": "Ed Acosta", "link": "/api/v1/people/110038"}, "league": {"id": 104, "name": "National League", "link": "/api/v1/league/104"}, "sport": {"id": 1, "link": "/api/v1/sports/1", "abbreviation": "MLB"}, "gameType": "R", "position": {"code": "1", "name": "Pitcher", "type": "Pitcher", "abbreviation": "P"}}, {"season": "1971", "stat": {"gamesPlayed": 8, "gamesStarted": 6, "assists": 3, "putOuts": 7, "errors": 0, "chances": 10, "fielding": "1.000", "position": {"code": "1", "name": "Pitcher", "type": "Pitcher", "abbreviation": "P"}, "rangeFactorPerGame": "1.25", "rangeFactorPer9Inn": "1.96", "innings": "46.0", "games": 8, "doublePlays": 0, "triplePlays": 0, "throwingErrors": 0}, "team": {"id": 135, "name": "San Diego Padres", "link": "/api/v1/teams/135"}, "player": {"id": 110038, "fullName": "Ed Acosta", "link": "/api/v1/people/110038"}, "league": {"id": 104, "name": "National League", "link": "/api/v1/league/104"}, "sport": {"id": 1, "link": "/api/v1/sports/1", "abbreviation": "MLB"}, "gameType": "R", "position": {"code": "1", "name": "Pitcher", "type": "Pitcher", "abbreviation": "P"}}, {"season": "1972", "stat": {"gamesPlayed": 46, "gamesStarted": 2, "assists": 11, "putOuts": 4, "errors": 1, "chances": 16, "fielding": ".938", "position": {"code": "1", "name": "Pitcher", "type": "Pitcher", "abbreviation": "P"}, "rangeFactorPerGame": "0.33", "rangeFactorPer9Inn": "1.52", "innings": "89.0", "games": 46, "doublePlays": 1, "triplePlays": 0, "throwingErrors": 0}, "team": {"id": 135, "name": "San Diego Padres", "link": "/api/v1/teams/135"}, "player": {"id": 110038, "fullName": "Ed Acosta", "link": "/api/v1/people/110038"}, "league": {"id": 104, "name": "National League", "link": "/api/v1/league/104"}, "sport": {"id": 1, "link": "/api/v1/sports/1", "abbreviation": "MLB"}, "gameType": "R", "position": {"code": "1", "name": "Pitcher", "type": "Pitcher", "abbreviation": "P"}}]}], "mlbDebutDate": "1970-09-07", "batSide": {"code": "S", "description": "Switch"}, "pitchHand": {"code": "R", "description": "Right"}, "nameFirstLast": "Ed Acosta", "nameSlug": "ed-acosta-110038", "firstLastName": "Ed Acosta", "lastFirstName": "Acosta, Ed", "lastInitName": "Acosta, E", "initLastName": "E Acosta", "fullFMLName": "Eduardo Elixbet Acosta", "fullLFMName": "Acosta, Eduardo Elixbet", "strikeZoneTop": 3.575, "strikeZoneBottom": 1.681}