{"id": 110021, "fullName": "Ted Abernathy", "link": "/api/v1/people/110021", "firstName": "Theodore", "lastName": "Abernathy", "primaryNumber": "36", "birthDate": "1933-03-06", "currentAge": 71, "birthCity": "Stanley", "birthStateProvince": "NC", "birthCountry": "USA", "height": "6' 4\"", "weight": 215, "active": false, "primaryPosition": {"code": "1", "name": "Pitcher", "type": "Pitcher", "abbreviation": "P"}, "useName": "Ted", "useLastName": "Abernathy", "middleName": "Wade", "boxscoreName": "Abernathy", "gender": "M", "isPlayer": true, "isVerified": true, "deathDate": "2004-12-16", "deathCity": "Gastonia", "deathStateProvince": "NC", "deathCountry": "USA", "lastPlayedDate": "1972-09-30", "stats": [{"type": {"displayName": "career"}, "group": {"displayName": "hitting"}, "exemptions": [], "splits": [{"stat": {"gamesPlayed": 681, "runs": 12, "doubles": 3, "triples": 0, "homeRuns": 0, "strikeOuts": 74, "baseOnBalls": 6, "intentionalWalks": 0, "hits": 25, "hitByPitch": 2, "avg": ".138", "atBats": 181, "obp": ".175", "slg": ".155", "ops": ".330", "caughtStealing": 0, "stolenBases": 0, "stolenBasePercentage": ".---", "groundIntoDoublePlay": 4, "plateAppearances": 204, "totalBases": 28, "rbi": 9, "sacBunts": 15, "sacFlies": 0, "babip": ".234", "atBatsPerHomeRun": "-.--"}, "player": {"id": 110021, "fullName": "Ted Abernathy", "link": "/api/v1/people/110021"}, "sport": {"id": 1, "link": "/api/v1/sports/1", "abbreviation": "MLB"}, "gameType": "R", "numTeams": 7}]}, {"type": {"displayName": "career"}, "group": {"displayName": "pitching"}, "exemptions": [], "splits": [{"stat": {"gamesPlayed": 681, "gamesStarted": 34, "runs": 513, "homeRuns": 70, "strikeOuts": 765, "baseOnBalls": 592, "intentionalWalks": 80, "hits": 1010, "hitByPitch": 45, "avg": ".241", "atBats": 4192, "obp": ".338", "era": "3.46", "inningsPitched": "1147.2", "wins": 63, "losses": 69, "saves": 148, "saveOpportunities": 97, "blownSaves": 17, "earnedRuns": 441, "whip": "1.40", "battersFaced": 4963, "outs": 3443, "gamesPitched": 681, "completeGames": 7, "shutouts": 2, "hitBatsmen": 45, "balks": 3, "wildPitches": 35, "winPercentage": ".477", "gamesFinished": 416, "strikeoutWalkRatio": "1.29", "strikeoutsPer9Inn": "6.00", "walksPer9Inn": "4.64", "hitsPer9Inn": "7.92", "runsScoredPer9": "4.02", "homeRunsPer9": "0.55", "sacBunts": 92, "sacFlies": 42}, "player": {"id": 110021, "fullName": "Ted Abernathy", "link": "/api/v1/people/110021"}, "sport": {"id": 1, "link": "/api/v1/sports/1", "abbreviation": "MLB"}, "gameType": "R", "numTeams": 7}]}, {"type": {"displayName": "career"}, "group": {"displayName": "fielding"}, "exemptions": [], "splits": [{"stat": {"gamesPlayed": 681, "gamesStarted": 34, "assists": 320, "putOuts": 86, "errors": 21, "chances": 427, "fielding": ".951", "position": {"code": "1", "name": "Pitcher", "type": "Pitcher", "abbreviation": "P"}, "rangeFactorPerGame": "0.60", "rangeFactorPer9Inn": "3.19", "innings": "1146.1", "games": 681, "doublePlays": 17, "triplePlays": 0, "throwingErrors": 7}, "player": {"id": 110021, "fullName": "Ted Abernathy", "link": "/api/v1/people/110021"}, "sport": {"id": 1, "link": "/api/v1/sports/1", "abbreviation": "MLB"}, "gameType": "R", "numTeams": 7, "position": {"code": "1", "name": "Pitcher", "type": "Pitcher", "abbreviation": "P"}}]}, {"type": {"displayName": "yearByYear"}, "group": {"displayName": "hitting"}, "exemptions": [], "splits": [{"season": "1955", "stat": {"gamesPlayed": 40, "runs": 1, "doubles": 0, "triples": 0, "homeRuns": 0, "strikeOuts": 6, "baseOnBalls": 0, "intentionalWalks": 0, "hits": 4, "hitByPitch": 0, "avg": ".154", "atBats": 26, "obp": ".154", "slg": ".154", "ops": ".308", "caughtStealing": 0, "stolenBases": 0, "stolenBasePercentage": ".---", "groundIntoDoublePlay": 1, "plateAppearances": 30, "totalBases": 4, "rbi": 0, "sacBunts": 4, "sacFlies": 0, "babip": ".200", "atBatsPerHomeRun": "-.--"}, "team": {"id": 142, "name": "Washington Senators", "link": "/api/v1/teams/142"}, "player": {"id": 110021, "fullName": "Ted Abernathy", "link": "/api/v1/people/110021"}, "league": {"id": 103, "name": "American League", "link": "/api/v1/league/103"}, "sport": {"id": 1, "link": "/api/v1/sports/1", "abbreviation": "MLB"}, "gameType": "R"}, {"season": "1956", "stat": {"gamesPlayed": 5, "runs": 1, "doubles": 0, "triples": 0, "homeRuns": 0, "strikeOuts": 5, "baseOnBalls": 0, "intentionalWalks": 0, "hits": 2, "hitByPitch": 0, "avg": ".182", "atBats": 11, "obp": ".182", "slg": ".182", "ops": ".364", "caughtStealing": 0, "stolenBases": 0, "stolenBasePercentage": ".---", "groundIntoDoublePlay": 0, "plateAppearances": 11, "totalBases": 2, "rbi": 1, "sacBunts": 0, "sacFlies": 0, "babip": ".333", "atBatsPerHomeRun": "-.--"}, "team": {"id": 142, "name": "Washington Senators", "link": "/api/v1/teams/142"}, "player": {"id": 110021, "fullName": "Ted Abernathy", "link": "/api/v1/people/110021"}, "league": {"id": 103, "name": "American League", "link": "/api/v1/league/103"}, "sport": {"id": 1, "link": "/api/v1/sports/1", "abbreviation": "MLB"}, "gameType": "R"}, {"season": "1957", "stat": {"gamesPlayed": 26, "runs": 3, "doubles": 1, "triples": 0, "homeRuns": 0, "strikeOuts": 5, "baseOnBalls": 1, "intentionalWalks": 0, "hits": 4, "hitByPitch": 1, "avg": ".167", "atBats": 24, "obp": ".231", "slg": ".208", "ops": ".439", "caughtStealing": 0, "stolenBases": 0, "stolenBasePercentage": ".---", "groundIntoDoublePlay": 2, "plateAppearances": 28, "totalBases": 5, "rbi": 1, "sacBunts": 2, "sacFlies": 0, "babip": ".211", "atBatsPerHomeRun": "-.--"}, "team": {"id": 142, "name": "Washington Senators", "link": "/api/v1/teams/142"}, "player": {"id": 110021, "fullName": "Ted Abernathy", "link": "/api/v1/people/110021"}, "league": {"id": 103, "name": "American League", "link": "/api/v1/league/103"}, "sport": {"id": 1, "link": "/api/v1/sports/1", "abbreviation": "MLB"}, "gameType": "R"}, {"season": "1960", "stat": {"gamesPlayed": 2, "runs": 1, "doubles": 0, "triples": 0, "homeRuns": 0, "strikeOuts": 0, "baseOnBalls": 0, "intentionalWalks": 0, "hits": 1, "hitByPitch": 0, "avg": "1.000", "atBats": 1, "obp": "1.000", "slg": "1.000", "ops": "2.000", "caughtStealing": 0, "stolenBases": 0, "stolenBasePercentage": ".---", "groundIntoDoublePlay": 0, "plateAppearances": 1, "totalBases": 1, "rbi": 0, "sacBunts": 0, "sacFlies": 0, "babip": "1.000", "atBatsPerHomeRun": "-.--"}, "team": {"id": 142, "name": "Washington Senators", "link": "/api/v1/teams/142"}, "player": {"id": 110021, "fullName": "Ted Abernathy", "link": "/api/v1/people/110021"}, "league": {"id": 103, "name": "American League", "link": "/api/v1/league/103"}, "sport": {"id": 1, "link": "/api/v1/sports/1", "abbreviation": "MLB"}, "gameType": "R"}, {"season": "1963", "stat": {"gamesPlayed": 43, "runs": 1, "doubles": 1, "triples": 0, "homeRuns": 0, "strikeOuts": 2, "baseOnBalls": 1, "intentionalWalks": 0, "hits": 2, "hitByPitch": 0, "avg": ".400", "atBats": 5, "obp": ".500", "slg": ".600", "ops": "1.100", "caughtStealing": 0, "stolenBases": 0, "stolenBasePercentage": ".---", "groundIntoDoublePlay": 0, "plateAppearances": 7, "totalBases": 3, "rbi": 0, "sacBunts": 1, "sacFlies": 0, "babip": ".667", "atBatsPerHomeRun": "-.--"}, "team": {"id": 114, "name": "Cleveland Indians", "link": "/api/v1/teams/114"}, "player": {"id": 110021, "fullName": "Ted Abernathy", "link": "/api/v1/people/110021"}, "league": {"id": 103, "name": "American League", "link": "/api/v1/league/103"}, "sport": {"id": 1, "link": "/api/v1/sports/1", "abbreviation": "MLB"}, "gameType": "R"}, {"season": "1964", "stat": {"gamesPlayed": 53, "runs": 0, "doubles": 0, "triples": 0, "homeRuns": 0, "strikeOuts": 3, "baseOnBalls": 0, "intentionalWalks": 0, "hits": 0, "hitByPitch": 0, "avg": ".000", "atBats": 6, "obp": ".000", "slg": ".000", "ops": ".000", "caughtStealing": 0, "stolenBases": 0, "stolenBasePercentage": ".---", "groundIntoDoublePlay": 0, "plateAppearances": 7, "totalBases": 0, "rbi": 0, "sacBunts": 1, "sacFlies": 0, "babip": ".000", "atBatsPerHomeRun": "-.--"}, "team": {"id": 114, "name": "Cleveland Indians", "link": "/api/v1/teams/114"}, "player": {"id": 110021, "fullName": "Ted Abernathy", "link": "/api/v1/people/110021"}, "league": {"id": 103, "name": "American League", "link": "/api/v1/league/103"}, "sport": {"id": 1, "link": "/api/v1/sports/1", "abbreviation": "MLB"}, "gameType": "R"}, {"season": "1965", "stat": {"gamesPlayed": 84, "runs": 1, "doubles": 0, "triples": 0, "homeRuns": 0, "strikeOuts": 7, "baseOnBalls": 0, "intentionalWalks": 0, "hits": 3, "hitByPitch": 1, "avg": ".167", "atBats": 18, "obp": ".211", "slg": ".167", "ops": ".378", "caughtStealing": 0, "stolenBases": 0, "stolenBasePercentage": ".---", "groundIntoDoublePlay": 0, "plateAppearances": 22, "totalBases": 3, "rbi": 2, "sacBunts": 3, "sacFlies": 0, "babip": ".273", "atBatsPerHomeRun": "-.--"}, "team": {"id": 112, "name": "Chicago Cubs", "link": "/api/v1/teams/112"}, "player": {"id": 110021, "fullName": "Ted Abernathy", "link": "/api/v1/people/110021"}, "league": {"id": 104, "name": "National League", "link": "/api/v1/league/104"}, "sport": {"id": 1, "link": "/api/v1/sports/1", "abbreviation": "MLB"}, "gameType": "R"}, {"season": "1966", "stat": {"gamesPlayed": 20, "runs": 0, "doubles": 0, "triples": 0, "homeRuns": 0, "strikeOuts": 2, "baseOnBalls": 0, "intentionalWalks": 0, "hits": 0, "hitByPitch": 0, "avg": ".000", "atBats": 4, "obp": ".000", "slg": ".000", "ops": ".000", "caughtStealing": 0, "stolenBases": 0, "stolenBasePercentage": ".---", "groundIntoDoublePlay": 0, "plateAppearances": 4, "totalBases": 0, "rbi": 0, "sacBunts": 0, "sacFlies": 0, "babip": ".000", "atBatsPerHomeRun": "-.--"}, "team": {"id": 112, "name": "Chicago Cubs", "link": "/api/v1/teams/112"}, "player": {"id": 110021, "fullName": "Ted Abernathy", "link": "/api/v1/people/110021"}, "league": {"id": 104, "name": "National League", "link": "/api/v1/league/104"}, "sport": {"id": 1, "link": "/api/v1/sports/1", "abbreviation": "MLB"}, "gameType": "R"}, {"season": "1966", "stat": {"gamesPlayed": 38, "runs": 0, "doubles": 0, "triples": 0, "homeRuns": 0, "strikeOuts": 3, "baseOnBalls": 1, "intentionalWalks": 0, "hits": 2, "hitByPitch": 0, "avg": ".250", "atBats": 8, "obp": ".333", "slg": ".250", "ops": ".583", "caughtStealing": 0, "stolenBases": 0, "stolenBasePercentage": ".---", "groundIntoDoublePlay": 0, "plateAppearances": 9, "totalBases": 2, "rbi": 0, "sacBunts": 0, "sacFlies": 0, "babip": ".400", "atBatsPerHomeRun": "-.--"}, "team": {"id": 144, "name": "Atlanta Braves", "link": "/api/v1/teams/144"}, "player": {"id": 110021, "fullName": "Ted Abernathy", "link": "/api/v1/people/110021"}, "league": {"id": 104, "name": "National League", "link": "/api/v1/league/104"}, "sport": {"id": 1, "link": "/api/v1/sports/1", "abbreviation": "MLB"}, "gameType": "R"}, {"season": "1966", "stat": {"gamesPlayed": 58, "runs": 0, "doubles": 0, "triples": 0, "homeRuns": 0, "strikeOuts": 5, "baseOnBalls": 1, "intentionalWalks": 0, "hits": 2, "hitByPitch": 0, "avg": ".167", "atBats": 12, "obp": ".231", "slg": ".167", "ops": ".398", "caughtStealing": 0, "stolenBases": 0, "stolenBasePercentage": ".---", "groundIntoDoublePlay": 0, "plateAppearances": 13, "totalBases": 2, "rbi": 0, "sacBunts": 0, "sacFlies": 0, "babip": ".286", "atBatsPerHomeRun": "-.--"}, "player": {"id": 110021, "fullName": "Ted Abernathy", "link": "/api/v1/people/110021"}, "sport": {"id": 1, "link": "/api/v1/sports/1", "abbreviation": "MLB"}, "gameType": "R", "numTeams": 2}, {"season": "1967", "stat": {"gamesPlayed": 70, "runs": 0, "doubles": 0, "triples": 0, "homeRuns": 0, "strikeOuts": 10, "baseOnBalls": 0, "intentionalWalks": 0, "hits": 1, "hitByPitch": 0, "avg": ".059", "atBats": 17, "obp": ".059", "slg": ".059", "ops": ".118", "caughtStealing": 0, "stolenBases": 0, "stolenBasePercentage": ".---", "groundIntoDoublePlay": 1, "plateAppearances": 17, "totalBases": 1, "rbi": 2, "sacBunts": 0, "sacFlies": 0, "babip": ".143", "atBatsPerHomeRun": "-.--"}, "team": {"id": 113, "name": "Cincinnati Reds", "link": "/api/v1/teams/113"}, "player": {"id": 110021, "fullName": "Ted Abernathy", "link": "/api/v1/people/110021"}, "league": {"id": 104, "name": "National League", "link": "/api/v1/league/104"}, "sport": {"id": 1, "link": "/api/v1/sports/1", "abbreviation": "MLB"}, "gameType": "R"}, {"season": "1968", "stat": {"gamesPlayed": 78, "runs": 2, "doubles": 0, "triples": 0, "homeRuns": 0, "strikeOuts": 12, "baseOnBalls": 3, "intentionalWalks": 0, "hits": 0, "hitByPitch": 0, "avg": ".000", "atBats": 17, "obp": ".150", "slg": ".000", "ops": ".150", "caughtStealing": 0, "stolenBases": 0, "stolenBasePercentage": ".---", "groundIntoDoublePlay": 0, "plateAppearances": 20, "totalBases": 0, "rbi": 0, "sacBunts": 0, "sacFlies": 0, "babip": ".000", "atBatsPerHomeRun": "-.--"}, "team": {"id": 113, "name": "Cincinnati Reds", "link": "/api/v1/teams/113"}, "player": {"id": 110021, "fullName": "Ted Abernathy", "link": "/api/v1/people/110021"}, "league": {"id": 104, "name": "National League", "link": "/api/v1/league/104"}, "sport": {"id": 1, "link": "/api/v1/sports/1", "abbreviation": "MLB"}, "gameType": "R"}, {"season": "1969", "stat": {"gamesPlayed": 56, "runs": 1, "doubles": 1, "triples": 0, "homeRuns": 0, "strikeOuts": 2, "baseOnBalls": 0, "intentionalWalks": 0, "hits": 2, "hitByPitch": 0, "avg": ".250", "atBats": 8, "obp": ".250", "slg": ".375", "ops": ".625", "caughtStealing": 0, "stolenBases": 0, "stolenBasePercentage": ".---", "groundIntoDoublePlay": 0, "plateAppearances": 8, "totalBases": 3, "rbi": 1, "sacBunts": 0, "sacFlies": 0, "babip": ".333", "atBatsPerHomeRun": "-.--"}, "team": {"id": 112, "name": "Chicago Cubs", "link": "/api/v1/teams/112"}, "player": {"id": 110021, "fullName": "Ted Abernathy", "link": "/api/v1/people/110021"}, "league": {"id": 104, "name": "National League", "link": "/api/v1/league/104"}, "sport": {"id": 1, "link": "/api/v1/sports/1", "abbreviation": "MLB"}, "gameType": "R"}, {"season": "1970", "stat": {"gamesPlayed": 11, "runs": 0, "doubles": 0, "triples": 0, "homeRuns": 0, "strikeOuts": 0, "baseOnBalls": 0, "intentionalWalks": 0, "hits": 0, "hitByPitch": 0, "avg": ".000", "atBats": 0, "obp": ".000", "slg": ".000", "ops": ".000", "caughtStealing": 0, "stolenBases": 0, "stolenBasePercentage": ".---", "groundIntoDoublePlay": 0, "plateAppearances": 0, "totalBases": 0, "rbi": 0, "sacBunts": 0, "sacFlies": 0, "babip": ".---", "atBatsPerHomeRun": "-.--"}, "team": {"id": 112, "name": "Chicago Cubs", "link": "/api/v1/teams/112"}, "player": {"id": 110021, "fullName": "Ted Abernathy", "link": "/api/v1/people/110021"}, "league": {"id": 104, "name": "National League", "link": "/api/v1/league/104"}, "sport": {"id": 1, "link": "/api/v1/sports/1", "abbreviation": "MLB"}, "gameType": "R"}, {"season": "1970", "stat": {"gamesPlayed": 11, "runs": 0, "doubles": 0, "triples": 0, "homeRuns": 0, "strikeOuts": 2, "baseOnBalls": 0, "intentionalWalks": 0, "hits": 0, "hitByPitch": 0, "avg": ".000", "atBats": 3, "obp": ".000", "slg": ".000", "ops": ".000", "caughtStealing": 0, "stolenBases": 0, "stolenBasePercentage": ".---", "groundIntoDoublePlay": 0, "plateAppearances": 3, "totalBases": 0, "rbi": 0, "sacBunts": 0, "sacFlies": 0, "babip": ".000", "atBatsPerHomeRun": "-.--"}, "team": {"id": 138, "name": "St. Louis Cardinals", "link": "/api/v1/teams/138"}, "player": {"id": 110021, "fullName": "Ted Abernathy", "link": "/api/v1/people/110021"}, "league": {"id": 104, "name": "National League", "link": "/api/v1/league/104"}, "sport": {"id": 1, "link": "/api/v1/sports/1", "abbreviation": "MLB"}, "gameType": "R"}, {"season": "1970", "stat": {"gamesPlayed": 36, "runs": 1, "doubles": 0, "triples": 0, "homeRuns": 0, "strikeOuts": 5, "baseOnBalls": 0, "intentionalWalks": 0, "hits": 3, "hitByPitch": 0, "avg": ".214", "atBats": 14, "obp": ".214", "slg": ".214", "ops": ".428", "caughtStealing": 0, "stolenBases": 0, "stolenBasePercentage": ".---", "groundIntoDoublePlay": 0, "plateAppearances": 17, "totalBases": 3, "rbi": 2, "sacBunts": 3, "sacFlies": 0, "babip": ".333", "atBatsPerHomeRun": "-.--"}, "team": {"id": 118, "name": "Kansas City Royals", "link": "/api/v1/teams/118"}, "player": {"id": 110021, "fullName": "Ted Abernathy", "link": "/api/v1/people/110021"}, "league": {"id": 103, "name": "American League", "link": "/api/v1/league/103"}, "sport": {"id": 1, "link": "/api/v1/sports/1", "abbreviation": "MLB"}, "gameType": "R"}, {"season": "1970", "stat": {"gamesPlayed": 58, "runs": 1, "doubles": 0, "triples": 0, "homeRuns": 0, "strikeOuts": 7, "baseOnBalls": 0, "intentionalWalks": 0, "hits": 3, "hitByPitch": 0, "avg": ".176", "atBats": 17, "obp": ".176", "slg": ".176", "ops": ".352", "caughtStealing": 0, "stolenBases": 0, "stolenBasePercentage": ".---", "groundIntoDoublePlay": 0, "plateAppearances": 20, "totalBases": 3, "rbi": 2, "sacBunts": 3, "sacFlies": 0, "babip": ".300", "atBatsPerHomeRun": "-.--"}, "player": {"id": 110021, "fullName": "Ted Abernathy", "link": "/api/v1/people/110021"}, "sport": {"id": 1, "link": "/api/v1/sports/1", "abbreviation": "MLB"}, "gameType": "R", "numTeams": 3}, {"season": "1971", "stat": {"gamesPlayed": 63, "runs": 0, "doubles": 0, "triples": 0, "homeRuns": 0, "strikeOuts": 7, "baseOnBalls": 0, "intentionalWalks": 0, "hits": 1, "hitByPitch": 0, "avg": ".077", "atBats": 13, "obp": ".077", "slg": ".077", "ops": ".154", "caughtStealing": 0, "stolenBases": 0, "stolenBasePercentage": ".---", "groundIntoDoublePlay": 0, "plateAppearances": 14, "totalBases": 1, "rbi": 0, "sacBunts": 1, "sacFlies": 0, "babip": ".167", "atBatsPerHomeRun": "-.--"}, "team": {"id": 118, "name": "Kansas City Royals", "link": "/api/v1/teams/118"}, "player": {"id": 110021, "fullName": "Ted Abernathy", "link": "/api/v1/people/110021"}, "league": {"id": 103, "name": "American League", "link": "/api/v1/league/103"}, "sport": {"id": 1, "link": "/api/v1/sports/1", "abbreviation": "MLB"}, "gameType": "R"}, {"season": "1972", "stat": {"gamesPlayed": 45, "runs": 0, "doubles": 0, "triples": 0, "homeRuns": 0, "strikeOuts": 3, "baseOnBalls": 0, "intentionalWalks": 0, "hits": 0, "hitByPitch": 0, "avg": ".000", "atBats": 6, "obp": ".000", "slg": ".000", "ops": ".000", "caughtStealing": 0, "stolenBases": 0, "stolenBasePercentage": ".---", "groundIntoDoublePlay": 0, "plateAppearances": 6, "totalBases": 0, "rbi": 0, "sacBunts": 0, "sacFlies": 0, "babip": ".000", "atBatsPerHomeRun": "-.--"}, "team": {"id": 118, "name": "Kansas City Royals", "link": "/api/v1/teams/118"}, "player": {"id": 110021, "fullName": "Ted Abernathy", "link": "/api/v1/people/110021"}, "league": {"id": 103, "name": "American League", "link": "/api/v1/league/103"}, "sport": {"id": 1, "link": "/api/v1/sports/1", "abbreviation": "MLB"}, "gameType": "R"}]}, {"type": {"displayName": "yearByYear"}, "group": {"displayName": "pitching"}, "exemptions": [], "splits": [{"season": "1955", "stat": {"gamesPlayed": 40, "gamesStarted": 14, "runs": 87, "homeRuns": 9, "strikeOuts": 79, "baseOnBalls": 67, "intentionalWalks": 1, "hits": 136, "hitByPitch": 7, "avg": ".294", "atBats": 462, "obp": ".386", "era": "5.96", "inningsPitched": "119.1", "wins": 5, "losses": 9, "saves": 0, "earnedRuns": 79, "whip": "1.70", "battersFaced": 553, "outs": 358, "gamesPitched": 40, "completeGames": 3, "shutouts": 2, "hitBatsmen": 7, "balks": 0, "wildPitches": 2, "winPercentage": ".357", "gamesFinished": 12, "strikeoutWalkRatio": "1.18", "strikeoutsPer9Inn": "5.96", "walksPer9Inn": "5.05", "hitsPer9Inn": "10.26", "runsScoredPer9": "6.56", "homeRunsPer9": "0.68", "sacBunts": 9, "sacFlies": 8}, "team": {"id": 142, "name": "Washington Senators", "link": "/api/v1/teams/142"}, "player": {"id": 110021, "fullName": "Ted Abernathy", "link": "/api/v1/people/110021"}, "league": {"id": 103, "name": "American League", "link": "/api/v1/league/103"}, "sport": {"id": 1, "link": "/api/v1/sports/1", "abbreviation": "MLB"}, "gameType": "R"}, {"season": "1956", "stat": {"gamesPlayed": 5, "gamesStarted": 4, "runs": 16, "homeRuns": 2, "strikeOuts": 18, "baseOnBalls": 10, "intentionalWalks": 0, "hits": 35, "hitByPitch": 1, "avg": ".292", "atBats": 120, "obp": ".348", "era": "4.15", "inningsPitched": "30.1", "wins": 1, "losses": 3, "saves": 0, "earnedRuns": 14, "whip": "1.48", "battersFaced": 132, "outs": 91, "gamesPitched": 5, "completeGames": 2, "shutouts": 0, "hitBatsmen": 1, "balks": 0, "wildPitches": 0, "winPercentage": ".250", "gamesFinished": 0, "strikeoutWalkRatio": "1.80", "strikeoutsPer9Inn": "5.34", "walksPer9Inn": "2.97", "hitsPer9Inn": "10.38", "runsScoredPer9": "4.75", "homeRunsPer9": "0.59", "sacBunts": 0, "sacFlies": 1}, "team": {"id": 142, "name": "Washington Senators", "link": "/api/v1/teams/142"}, "player": {"id": 110021, "fullName": "Ted Abernathy", "link": "/api/v1/people/110021"}, "league": {"id": 103, "name": "American League", "link": "/api/v1/league/103"}, "sport": {"id": 1, "link": "/api/v1/sports/1", "abbreviation": "MLB"}, "gameType": "R"}, {"season": "1957", "stat": {"gamesPlayed": 26, "gamesStarted": 16, "runs": 65, "homeRuns": 9, "strikeOuts": 50, "baseOnBalls": 65, "intentionalWalks": 1, "hits": 100, "hitByPitch": 4, "avg": ".314", "atBats": 318, "obp": ".433", "era": "6.78", "inningsPitched": "85.0", "wins": 2, "losses": 10, "saves": 0, "earnedRuns": 64, "whip": "1.94", "battersFaced": 398, "outs": 255, "gamesPitched": 26, "completeGames": 2, "shutouts": 0, "hitBatsmen": 4, "balks": 2, "wildPitches": 1, "winPercentage": ".167", "gamesFinished": 4, "strikeoutWalkRatio": "0.77", "strikeoutsPer9Inn": "5.29", "walksPer9Inn": "6.88", "hitsPer9Inn": "10.59", "runsScoredPer9": "6.88", "homeRunsPer9": "0.95", "sacBunts": 8, "sacFlies": 3}, "team": {"id": 142, "name": "Washington Senators", "link": "/api/v1/teams/142"}, "player": {"id": 110021, "fullName": "Ted Abernathy", "link": "/api/v1/people/110021"}, "league": {"id": 103, "name": "American League", "link": "/api/v1/league/103"}, "sport": {"id": 1, "link": "/api/v1/sports/1", "abbreviation": "MLB"}, "gameType": "R"}, {"season": "1960", "stat": {"gamesPlayed": 2, "gamesStarted": 0, "runs": 4, "homeRuns": 0, "strikeOuts": 1, "baseOnBalls": 4, "intentionalWalks": 0, "hits": 4, "hitByPitch": 0, "avg": ".308", "atBats": 13, "obp": ".471", "era": "12.00", "inningsPitched": "3.0", "wins": 0, "losses": 0, "saves": 0, "earnedRuns": 4, "whip": "2.67", "battersFaced": 17, "outs": 9, "gamesPitched": 2, "completeGames": 0, "shutouts": 0, "hitBatsmen": 0, "balks": 0, "wildPitches": 0, "winPercentage": ".---", "gamesFinished": 0, "strikeoutWalkRatio": "0.25", "strikeoutsPer9Inn": "3.00", "walksPer9Inn": "12.00", "hitsPer9Inn": "12.00", "runsScoredPer9": "12.00", "homeRunsPer9": "0.00", "sacBunts": 0, "sacFlies": 0}, "team": {"id": 142, "name": "Washington Senators", "link": "/api/v1/teams/142"}, "player": {"id": 110021, "fullName": "Ted Abernathy", "link": "/api/v1/people/110021"}, "league": {"id": 103, "name": "American League", "link": "/api/v1/league/103"}, "sport": {"id": 1, "link": "/api/v1/sports/1", "abbreviation": "MLB"}, "gameType": "R"}, {"season": "1963", "stat": {"gamesPlayed": 43, "gamesStarted": 0, "runs": 25, "homeRuns": 3, "strikeOuts": 47, "baseOnBalls": 29, "intentionalWalks": 6, "hits": 54, "hitByPitch": 0, "avg": ".251", "atBats": 215, "obp": ".339", "era": "2.88", "inningsPitched": "59.1", "wins": 7, "losses": 2, "saves": 12, "earnedRuns": 19, "whip": "1.40", "battersFaced": 249, "outs": 178, "gamesPitched": 43, "completeGames": 0, "shutouts": 0, "hitBatsmen": 0, "balks": 0, "wildPitches": 4, "winPercentage": ".778", "gamesFinished": 33, "strikeoutWalkRatio": "1.62", "strikeoutsPer9Inn": "7.13", "walksPer9Inn": "4.40", "hitsPer9Inn": "8.19", "runsScoredPer9": "3.79", "homeRunsPer9": "0.46", "sacBunts": 4, "sacFlies": 1}, "team": {"id": 114, "name": "Cleveland Indians", "link": "/api/v1/teams/114"}, "player": {"id": 110021, "fullName": "Ted Abernathy", "link": "/api/v1/people/110021"}, "league": {"id": 103, "name": "American League", "link": "/api/v1/league/103"}, "sport": {"id": 1, "link": "/api/v1/sports/1", "abbreviation": "MLB"}, "gameType": "R"}, {"season": "1964", "stat": {"gamesPlayed": 53, "gamesStarted": 0, "runs": 40, "homeRuns": 5, "strikeOuts": 57, "baseOnBalls": 46, "intentionalWalks": 5, "hits": 66, "hitByPitch": 2, "avg": ".247", "atBats": 267, "obp": ".360", "era": "4.33", "inningsPitched": "72.2", "wins": 2, "losses": 6, "saves": 11, "earnedRuns": 35, "whip": "1.54", "battersFaced": 321, "outs": 218, "gamesPitched": 53, "completeGames": 0, "shutouts": 0, "hitBatsmen": 2, "balks": 0, "wildPitches": 1, "winPercentage": ".250", "gamesFinished": 27, "strikeoutWalkRatio": "1.24", "strikeoutsPer9Inn": "7.06", "walksPer9Inn": "5.70", "hitsPer9Inn": "8.17", "runsScoredPer9": "4.95", "homeRunsPer9": "0.62", "sacBunts": 4, "sacFlies": 2}, "team": {"id": 114, "name": "Cleveland Indians", "link": "/api/v1/teams/114"}, "player": {"id": 110021, "fullName": "Ted Abernathy", "link": "/api/v1/people/110021"}, "league": {"id": 103, "name": "American League", "link": "/api/v1/league/103"}, "sport": {"id": 1, "link": "/api/v1/sports/1", "abbreviation": "MLB"}, "gameType": "R"}, {"season": "1965", "stat": {"gamesPlayed": 84, "gamesStarted": 0, "runs": 49, "homeRuns": 7, "strikeOuts": 104, "baseOnBalls": 56, "intentionalWalks": 13, "hits": 113, "hitByPitch": 5, "avg": ".227", "atBats": 498, "obp": ".309", "era": "2.57", "inningsPitched": "136.1", "wins": 4, "losses": 6, "saves": 31, "earnedRuns": 39, "whip": "1.24", "battersFaced": 572, "outs": 409, "gamesPitched": 84, "completeGames": 0, "shutouts": 0, "hitBatsmen": 5, "balks": 0, "wildPitches": 6, "winPercentage": ".400", "gamesFinished": 62, "strikeoutWalkRatio": "1.86", "strikeoutsPer9Inn": "6.87", "walksPer9Inn": "3.70", "hitsPer9Inn": "7.46", "runsScoredPer9": "3.23", "homeRunsPer9": "0.46", "sacBunts": 8, "sacFlies": 5}, "team": {"id": 112, "name": "Chicago Cubs", "link": "/api/v1/teams/112"}, "player": {"id": 110021, "fullName": "Ted Abernathy", "link": "/api/v1/people/110021"}, "league": {"id": 104, "name": "National League", "link": "/api/v1/league/104"}, "sport": {"id": 1, "link": "/api/v1/sports/1", "abbreviation": "MLB"}, "gameType": "R"}, {"season": "1966", "stat": {"gamesPlayed": 20, "gamesStarted": 0, "runs": 19, "homeRuns": 4, "strikeOuts": 18, "baseOnBalls": 17, "intentionalWalks": 1, "hits": 26, "hitByPitch": 2, "avg": ".255", "atBats": 102, "obp": ".372", "era": "6.18", "inningsPitched": "27.2", "wins": 1, "losses": 3, "saves": 4, "earnedRuns": 19, "whip": "1.55", "battersFaced": 124, "outs": 83, "gamesPitched": 20, "completeGames": 0, "shutouts": 0, "hitBatsmen": 2, "balks": 0, "wildPitches": 2, "winPercentage": ".250", "gamesFinished": 11, "strikeoutWalkRatio": "1.06", "strikeoutsPer9Inn": "5.86", "walksPer9Inn": "5.53", "hitsPer9Inn": "8.46", "runsScoredPer9": "6.18", "homeRunsPer9": "1.30", "sacBunts": 3, "sacFlies": 0}, "team": {"id": 112, "name": "Chicago Cubs", "link": "/api/v1/teams/112"}, "player": {"id": 110021, "fullName": "Ted Abernathy", "link": "/api/v1/people/110021"}, "league": {"id": 104, "name": "National League", "link": "/api/v1/league/104"}, "sport": {"id": 1, "link": "/api/v1/sports/1", "abbreviation": "MLB"}, "gameType": "R"}, {"season": "1966", "stat": {"gamesPlayed": 38, "gamesStarted": 0, "runs": 34, "homeRuns": 5, "strikeOuts": 42, "baseOnBalls": 36, "intentionalWalks": 10, "hits": 58, "hitByPitch": 0, "avg": ".247", "atBats": 235, "obp": ".343", "era": "3.86", "inningsPitched": "65.1", "wins": 4, "losses": 4, "saves": 4, "earnedRuns": 28, "whip": "1.44", "battersFaced": 281, "outs": 196, "gamesPitched": 38, "completeGames": 0, "shutouts": 0, "hitBatsmen": 0, "balks": 0, "wildPitches": 7, "winPercentage": ".500", "gamesFinished": 25, "strikeoutWalkRatio": "1.17", "strikeoutsPer9Inn": "5.79", "walksPer9Inn": "4.96", "hitsPer9Inn": "7.99", "runsScoredPer9": "4.68", "homeRunsPer9": "0.69", "sacBunts": 7, "sacFlies": 3}, "team": {"id": 144, "name": "Atlanta Braves", "link": "/api/v1/teams/144"}, "player": {"id": 110021, "fullName": "Ted Abernathy", "link": "/api/v1/people/110021"}, "league": {"id": 104, "name": "National League", "link": "/api/v1/league/104"}, "sport": {"id": 1, "link": "/api/v1/sports/1", "abbreviation": "MLB"}, "gameType": "R"}, {"season": "1966", "stat": {"gamesPlayed": 58, "gamesStarted": 0, "runs": 53, "homeRuns": 9, "strikeOuts": 60, "baseOnBalls": 53, "intentionalWalks": 11, "hits": 84, "hitByPitch": 2, "avg": ".249", "atBats": 337, "obp": ".352", "era": "4.55", "inningsPitched": "93.0", "wins": 5, "losses": 7, "saves": 8, "earnedRuns": 47, "whip": "1.47", "battersFaced": 405, "outs": 279, "gamesPitched": 58, "completeGames": 0, "shutouts": 0, "hitBatsmen": 2, "balks": 0, "wildPitches": 9, "winPercentage": ".417", "gamesFinished": 36, "strikeoutWalkRatio": "1.13", "strikeoutsPer9Inn": "5.81", "walksPer9Inn": "5.13", "hitsPer9Inn": "8.13", "runsScoredPer9": "5.13", "homeRunsPer9": "0.87", "sacBunts": 10, "sacFlies": 3}, "player": {"id": 110021, "fullName": "Ted Abernathy", "link": "/api/v1/people/110021"}, "sport": {"id": 1, "link": "/api/v1/sports/1", "abbreviation": "MLB"}, "gameType": "R", "numTeams": 2}, {"season": "1967", "stat": {"gamesPlayed": 70, "gamesStarted": 0, "runs": 19, "homeRuns": 1, "strikeOuts": 88, "baseOnBalls": 41, "intentionalWalks": 5, "hits": 63, "hitByPitch": 5, "avg": ".170", "atBats": 371, "obp": ".261", "era": "1.27", "inningsPitched": "106.1", "wins": 6, "losses": 3, "saves": 28, "earnedRuns": 15, "whip": "0.98", "battersFaced": 427, "outs": 319, "gamesPitched": 70, "completeGames": 0, "shutouts": 0, "hitBatsmen": 5, "balks": 0, "wildPitches": 1, "winPercentage": ".667", "gamesFinished": 61, "strikeoutWalkRatio": "2.15", "strikeoutsPer9Inn": "7.45", "walksPer9Inn": "3.47", "hitsPer9Inn": "5.33", "runsScoredPer9": "1.61", "homeRunsPer9": "0.08", "sacBunts": 9, "sacFlies": 1}, "team": {"id": 113, "name": "Cincinnati Reds", "link": "/api/v1/teams/113"}, "player": {"id": 110021, "fullName": "Ted Abernathy", "link": "/api/v1/people/110021"}, "league": {"id": 104, "name": "National League", "link": "/api/v1/league/104"}, "sport": {"id": 1, "link": "/api/v1/sports/1", "abbreviation": "MLB"}, "gameType": "R"}, {"season": "1968", "stat": {"gamesPlayed": 78, "gamesStarted": 0, "runs": 43, "homeRuns": 9, "strikeOuts": 64, "baseOnBalls": 55, "intentionalWalks": 15, "hits": 111, "hitByPitch": 4, "avg": ".228", "atBats": 486, "obp": ".307", "era": "2.47", "inningsPitched": "134.2", "wins": 10, "losses": 7, "saves": 13, "earnedRuns": 37, "whip": "1.23", "battersFaced": 562, "outs": 404, "gamesPitched": 78, "completeGames": 0, "shutouts": 0, "hitBatsmen": 4, "balks": 0, "wildPitches": 2, "winPercentage": ".588", "gamesFinished": 53, "strikeoutWalkRatio": "1.16", "strikeoutsPer9Inn": "4.28", "walksPer9Inn": "3.68", "hitsPer9Inn": "7.42", "runsScoredPer9": "2.87", "homeRunsPer9": "0.60", "sacBunts": 9, "sacFlies": 8}, "team": {"id": 113, "name": "Cincinnati Reds", "link": "/api/v1/teams/113"}, "player": {"id": 110021, "fullName": "Ted Abernathy", "link": "/api/v1/people/110021"}, "league": {"id": 104, "name": "National League", "link": "/api/v1/league/104"}, "sport": {"id": 1, "link": "/api/v1/sports/1", "abbreviation": "MLB"}, "gameType": "R"}, {"season": "1969", "stat": {"gamesPlayed": 56, "gamesStarted": 0, "runs": 38, "homeRuns": 8, "strikeOuts": 55, "baseOnBalls": 42, "intentionalWalks": 11, "hits": 75, "hitByPitch": 1, "avg": ".234", "atBats": 320, "obp": ".322", "era": "3.16", "inningsPitched": "85.1", "wins": 4, "losses": 3, "saves": 3, "saveOpportunities": 6, "blownSaves": 3, "earnedRuns": 30, "whip": "1.37", "battersFaced": 374, "outs": 256, "gamesPitched": 56, "completeGames": 0, "shutouts": 0, "hitBatsmen": 1, "balks": 1, "wildPitches": 5, "winPercentage": ".571", "gamesFinished": 20, "strikeoutWalkRatio": "1.31", "strikeoutsPer9Inn": "5.80", "walksPer9Inn": "4.43", "hitsPer9Inn": "7.91", "runsScoredPer9": "4.01", "homeRunsPer9": "0.84", "sacBunts": 8, "sacFlies": 3}, "team": {"id": 112, "name": "Chicago Cubs", "link": "/api/v1/teams/112"}, "player": {"id": 110021, "fullName": "Ted Abernathy", "link": "/api/v1/people/110021"}, "league": {"id": 104, "name": "National League", "link": "/api/v1/league/104"}, "sport": {"id": 1, "link": "/api/v1/sports/1", "abbreviation": "MLB"}, "gameType": "R"}, {"season": "1970", "stat": {"gamesPlayed": 11, "gamesStarted": 0, "runs": 2, "homeRuns": 0, "strikeOuts": 2, "baseOnBalls": 5, "intentionalWalks": 1, "hits": 9, "hitByPitch": 1, "avg": ".281", "atBats": 32, "obp": ".395", "era": "2.00", "inningsPitched": "9.0", "wins": 0, "losses": 0, "saves": 1, "saveOpportunities": 1, "blownSaves": 0, "earnedRuns": 2, "whip": "1.56", "battersFaced": 40, "outs": 27, "gamesPitched": 11, "completeGames": 0, "shutouts": 0, "hitBatsmen": 1, "balks": 0, "wildPitches": 0, "winPercentage": ".---", "gamesFinished": 3, "strikeoutWalkRatio": "0.40", "strikeoutsPer9Inn": "2.00", "walksPer9Inn": "5.00", "hitsPer9Inn": "9.00", "runsScoredPer9": "2.00", "homeRunsPer9": "0.00", "sacBunts": 2, "sacFlies": 0}, "team": {"id": 112, "name": "Chicago Cubs", "link": "/api/v1/teams/112"}, "player": {"id": 110021, "fullName": "Ted Abernathy", "link": "/api/v1/people/110021"}, "league": {"id": 104, "name": "National League", "link": "/api/v1/league/104"}, "sport": {"id": 1, "link": "/api/v1/sports/1", "abbreviation": "MLB"}, "gameType": "R"}, {"season": "1970", "stat": {"gamesPlayed": 11, "gamesStarted": 0, "runs": 6, "homeRuns": 0, "strikeOuts": 8, "baseOnBalls": 12, "intentionalWalks": 4, "hits": 15, "hitByPitch": 3, "avg": ".246", "atBats": 61, "obp": ".385", "era": "2.95", "inningsPitched": "18.1", "wins": 1, "losses": 0, "saves": 1, "saveOpportunities": 3, "blownSaves": 2, "earnedRuns": 6, "whip": "1.47", "battersFaced": 82, "outs": 55, "gamesPitched": 11, "completeGames": 0, "shutouts": 0, "hitBatsmen": 3, "balks": 0, "wildPitches": 1, "winPercentage": "1.000", "gamesFinished": 3, "strikeoutWalkRatio": "0.67", "strikeoutsPer9Inn": "3.93", "walksPer9Inn": "5.89", "hitsPer9Inn": "7.36", "runsScoredPer9": "2.95", "homeRunsPer9": "0.00", "sacBunts": 4, "sacFlies": 2}, "team": {"id": 138, "name": "St. Louis Cardinals", "link": "/api/v1/teams/138"}, "player": {"id": 110021, "fullName": "Ted Abernathy", "link": "/api/v1/people/110021"}, "league": {"id": 104, "name": "National League", "link": "/api/v1/league/104"}, "sport": {"id": 1, "link": "/api/v1/sports/1", "abbreviation": "MLB"}, "gameType": "R"}, {"season": "1970", "stat": {"gamesPlayed": 36, "gamesStarted": 0, "runs": 23, "homeRuns": 3, "strikeOuts": 49, "baseOnBalls": 38, "intentionalWalks": 0, "hits": 41, "hitByPitch": 1, "avg": ".209", "atBats": 196, "obp": ".340", "era": "2.59", "inningsPitched": "55.2", "wins": 9, "losses": 3, "saves": 12, "saveOpportunities": 15, "blownSaves": 3, "earnedRuns": 16, "whip": "1.42", "battersFaced": 244, "outs": 167, "gamesPitched": 36, "completeGames": 0, "shutouts": 0, "hitBatsmen": 1, "balks": 0, "wildPitches": 2, "winPercentage": ".750", "gamesFinished": 31, "strikeoutWalkRatio": "1.29", "strikeoutsPer9Inn": "7.92", "walksPer9Inn": "6.14", "hitsPer9Inn": "6.63", "runsScoredPer9": "3.72", "homeRunsPer9": "0.49", "sacBunts": 9, "sacFlies": 0}, "team": {"id": 118, "name": "Kansas City Royals", "link": "/api/v1/teams/118"}, "player": {"id": 110021, "fullName": "Ted Abernathy", "link": "/api/v1/people/110021"}, "league": {"id": 103, "name": "American League", "link": "/api/v1/league/103"}, "sport": {"id": 1, "link": "/api/v1/sports/1", "abbreviation": "MLB"}, "gameType": "R"}, {"season": "1970", "stat": {"gamesPlayed": 58, "gamesStarted": 0, "runs": 31, "homeRuns": 3, "strikeOuts": 59, "baseOnBalls": 55, "intentionalWalks": 5, "hits": 65, "hitByPitch": 5, "avg": ".225", "atBats": 289, "obp": ".356", "era": "2.60", "inningsPitched": "83.0", "wins": 10, "losses": 3, "saves": 14, "saveOpportunities": 19, "blownSaves": 5, "earnedRuns": 24, "whip": "1.45", "battersFaced": 366, "outs": 249, "gamesPitched": 58, "completeGames": 0, "shutouts": 0, "hitBatsmen": 5, "balks": 0, "wildPitches": 3, "winPercentage": ".769", "gamesFinished": 37, "strikeoutWalkRatio": "1.07", "strikeoutsPer9Inn": "6.40", "walksPer9Inn": "5.96", "hitsPer9Inn": "7.05", "runsScoredPer9": "3.36", "homeRunsPer9": "0.33", "sacBunts": 15, "sacFlies": 2}, "player": {"id": 110021, "fullName": "Ted Abernathy", "link": "/api/v1/people/110021"}, "sport": {"id": 1, "link": "/api/v1/sports/1", "abbreviation": "MLB"}, "gameType": "R", "numTeams": 3}, {"season": "1971", "stat": {"gamesPlayed": 63, "gamesStarted": 0, "runs": 28, "homeRuns": 3, "strikeOuts": 55, "baseOnBalls": 50, "intentionalWalks": 4, "hits": 60, "hitByPitch": 6, "avg": ".210", "atBats": 286, "obp": ".336", "era": "2.56", "inningsPitched": "81.0", "wins": 4, "losses": 6, "saves": 23, "saveOpportunities": 27, "blownSaves": 4, "earnedRuns": 23, "whip": "1.36", "battersFaced": 348, "outs": 243, "gamesPitched": 63, "completeGames": 0, "shutouts": 0, "hitBatsmen": 6, "balks": 0, "wildPitches": 1, "winPercentage": ".400", "gamesFinished": 46, "strikeoutWalkRatio": "1.10", "strikeoutsPer9Inn": "6.11", "walksPer9Inn": "5.56", "hitsPer9Inn": "6.67", "runsScoredPer9": "3.11", "homeRunsPer9": "0.33", "sacBunts": 3, "sacFlies": 3}, "team": {"id": 118, "name": "Kansas City Royals", "link": "/api/v1/teams/118"}, "player": {"id": 110021, "fullName": "Ted Abernathy", "link": "/api/v1/people/110021"}, "league": {"id": 103, "name": "American League", "link": "/api/v1/league/103"}, "sport": {"id": 1, "link": "/api/v1/sports/1", "abbreviation": "MLB"}, "gameType": "R"}, {"season": "1972", "stat": {"gamesPlayed": 45, "gamesStarted": 0, "runs": 15, "homeRuns": 2, "strikeOuts": 28, "baseOnBalls": 19, "intentionalWalks": 3, "hits": 44, "hitByPitch": 3, "avg": ".210", "atBats": 210, "obp": ".282", "era": "1.70", "inningsPitched": "58.1", "wins": 3, "losses": 4, "saves": 5, "saveOpportunities": 10, "blownSaves": 5, "earnedRuns": 11, "whip": "1.08", "battersFaced": 239, "outs": 175, "gamesPitched": 45, "completeGames": 0, "shutouts": 0, "hitBatsmen": 3, "balks": 0, "wildPitches": 0, "winPercentage": ".429", "gamesFinished": 25, "strikeoutWalkRatio": "1.47", "strikeoutsPer9Inn": "4.32", "walksPer9Inn": "2.93", "hitsPer9Inn": "6.79", "runsScoredPer9": "2.31", "homeRunsPer9": "0.31", "sacBunts": 5, "sacFlies": 2}, "team": {"id": 118, "name": "Kansas City Royals", "link": "/api/v1/teams/118"}, "player": {"id": 110021, "fullName": "Ted Abernathy", "link": "/api/v1/people/110021"}, "league": {"id": 103, "name": "American League", "link": "/api/v1/league/103"}, "sport": {"id": 1, "link": "/api/v1/sports/1", "abbreviation": "MLB"}, "gameType": "R"}]}, {"type": {"displayName": "yearByYear"}, "group": {"displayName": "fielding"}, "exemptions": [], "splits": [{"season": "1955", "stat": {"gamesPlayed": 40, "gamesStarted": 14, "assists": 23, "putOuts": 9, "errors": 1, "chances": 33, "fielding": ".970", "position": {"code": "1", "name": "Pitcher", "type": "Pitcher", "abbreviation": "P"}, "rangeFactorPerGame": "0.80", "rangeFactorPer9Inn": "2.42", "innings": "119.1", "games": 40, "doublePlays": 2, "triplePlays": 0, "throwingErrors": 1}, "team": {"id": 142, "name": "Washington Senators", "link": "/api/v1/teams/142"}, "player": {"id": 110021, "fullName": "Ted Abernathy", "link": "/api/v1/people/110021"}, "league": {"id": 103, "name": "American League", "link": "/api/v1/league/103"}, "sport": {"id": 1, "link": "/api/v1/sports/1", "abbreviation": "MLB"}, "gameType": "R", "position": {"code": "1", "name": "Pitcher", "type": "Pitcher", "abbreviation": "P"}}, {"season": "1956", "stat": {"gamesPlayed": 5, "gamesStarted": 4, "assists": 12, "putOuts": 1, "errors": 0, "chances": 13, "fielding": "1.000", "position": {"code": "1", "name": "Pitcher", "type": "Pitcher", "abbreviation": "P"}, "rangeFactorPerGame": "2.60", "rangeFactorPer9Inn": "3.90", "innings": "30.1", "games": 5, "doublePlays": 1, "triplePlays": 0, "throwingErrors": 0}, "team": {"id": 142, "name": "Washington Senators", "link": "/api/v1/teams/142"}, "player": {"id": 110021, "fullName": "Ted Abernathy", "link": "/api/v1/people/110021"}, "league": {"id": 103, "name": "American League", "link": "/api/v1/league/103"}, "sport": {"id": 1, "link": "/api/v1/sports/1", "abbreviation": "MLB"}, "gameType": "R", "position": {"code": "1", "name": "Pitcher", "type": "Pitcher", "abbreviation": "P"}}, {"season": "1957", "stat": {"gamesPlayed": 26, "gamesStarted": 16, "assists": 19, "putOuts": 4, "errors": 0, "chances": 23, "fielding": "1.000", "position": {"code": "1", "name": "Pitcher", "type": "Pitcher", "abbreviation": "P"}, "rangeFactorPerGame": "0.88", "rangeFactorPer9Inn": "2.49", "innings": "83.0", "games": 26, "doublePlays": 3, "triplePlays": 0, "throwingErrors": 0}, "team": {"id": 142, "name": "Washington Senators", "link": "/api/v1/teams/142"}, "player": {"id": 110021, "fullName": "Ted Abernathy", "link": "/api/v1/people/110021"}, "league": {"id": 103, "name": "American League", "link": "/api/v1/league/103"}, "sport": {"id": 1, "link": "/api/v1/sports/1", "abbreviation": "MLB"}, "gameType": "R", "position": {"code": "1", "name": "Pitcher", "type": "Pitcher", "abbreviation": "P"}}, {"season": "1960", "stat": {"gamesPlayed": 2, "gamesStarted": 0, "assists": 2, "putOuts": 0, "errors": 0, "chances": 2, "fielding": "1.000", "position": {"code": "1", "name": "Pitcher", "type": "Pitcher", "abbreviation": "P"}, "rangeFactorPerGame": "1.00", "rangeFactorPer9Inn": "6.00", "innings": "3.0", "games": 2, "doublePlays": 0, "triplePlays": 0, "throwingErrors": 0}, "team": {"id": 142, "name": "Washington Senators", "link": "/api/v1/teams/142"}, "player": {"id": 110021, "fullName": "Ted Abernathy", "link": "/api/v1/people/110021"}, "league": {"id": 103, "name": "American League", "link": "/api/v1/league/103"}, "sport": {"id": 1, "link": "/api/v1/sports/1", "abbreviation": "MLB"}, "gameType": "R", "position": {"code": "1", "name": "Pitcher", "type": "Pitcher", "abbreviation": "P"}}, {"season": "1963", "stat": {"gamesPlayed": 43, "gamesStarted": 0, "assists": 20, "putOuts": 2, "errors": 2, "chances": 24, "fielding": ".917", "position": {"code": "1", "name": "Pitcher", "type": "Pitcher", "abbreviation": "P"}, "rangeFactorPerGame": "0.51", "rangeFactorPer9Inn": "3.36", "innings": "59.1", "games": 43, "doublePlays": 2, "triplePlays": 0, "throwingErrors": 1}, "team": {"id": 114, "name": "Cleveland Indians", "link": "/api/v1/teams/114"}, "player": {"id": 110021, "fullName": "Ted Abernathy", "link": "/api/v1/people/110021"}, "league": {"id": 103, "name": "American League", "link": "/api/v1/league/103"}, "sport": {"id": 1, "link": "/api/v1/sports/1", "abbreviation": "MLB"}, "gameType": "R", "position": {"code": "1", "name": "Pitcher", "type": "Pitcher", "abbreviation": "P"}}, {"season": "1964", "stat": {"gamesPlayed": 53, "gamesStarted": 0, "assists": 27, "putOuts": 2, "errors": 1, "chances": 30, "fielding": ".967", "position": {"code": "1", "name": "Pitcher", "type": "Pitcher", "abbreviation": "P"}, "rangeFactorPerGame": "0.55", "rangeFactorPer9Inn": "3.63", "innings": "72.2", "games": 53, "doublePlays": 2, "triplePlays": 0, "throwingErrors": 1}, "team": {"id": 114, "name": "Cleveland Indians", "link": "/api/v1/teams/114"}, "player": {"id": 110021, "fullName": "Ted Abernathy", "link": "/api/v1/people/110021"}, "league": {"id": 103, "name": "American League", "link": "/api/v1/league/103"}, "sport": {"id": 1, "link": "/api/v1/sports/1", "abbreviation": "MLB"}, "gameType": "R", "position": {"code": "1", "name": "Pitcher", "type": "Pitcher", "abbreviation": "P"}}, {"season": "1965", "stat": {"gamesPlayed": 84, "gamesStarted": 0, "assists": 43, "putOuts": 9, "errors": 0, "chances": 52, "fielding": "1.000", "position": {"code": "1", "name": "Pitcher", "type": "Pitcher", "abbreviation": "P"}, "rangeFactorPerGame": "0.62", "rangeFactorPer9Inn": "3.44", "innings": "136.1", "games": 84, "doublePlays": 3, "triplePlays": 0, "throwingErrors": 0}, "team": {"id": 112, "name": "Chicago Cubs", "link": "/api/v1/teams/112"}, "player": {"id": 110021, "fullName": "Ted Abernathy", "link": "/api/v1/people/110021"}, "league": {"id": 104, "name": "National League", "link": "/api/v1/league/104"}, "sport": {"id": 1, "link": "/api/v1/sports/1", "abbreviation": "MLB"}, "gameType": "R", "position": {"code": "1", "name": "Pitcher", "type": "Pitcher", "abbreviation": "P"}}, {"season": "1966", "stat": {"gamesPlayed": 20, "gamesStarted": 0, "assists": 12, "putOuts": 2, "errors": 0, "chances": 14, "fielding": "1.000", "position": {"code": "1", "name": "Pitcher", "type": "Pitcher", "abbreviation": "P"}, "rangeFactorPerGame": "0.70", "rangeFactorPer9Inn": "4.67", "innings": "27.2", "games": 20, "doublePlays": 0, "triplePlays": 0, "throwingErrors": 0}, "team": {"id": 112, "name": "Chicago Cubs", "link": "/api/v1/teams/112"}, "player": {"id": 110021, "fullName": "Ted Abernathy", "link": "/api/v1/people/110021"}, "league": {"id": 104, "name": "National League", "link": "/api/v1/league/104"}, "sport": {"id": 1, "link": "/api/v1/sports/1", "abbreviation": "MLB"}, "gameType": "R", "position": {"code": "1", "name": "Pitcher", "type": "Pitcher", "abbreviation": "P"}}, {"season": "1966", "stat": {"gamesPlayed": 38, "gamesStarted": 0, "assists": 13, "putOuts": 9, "errors": 2, "chances": 24, "fielding": ".917", "position": {"code": "1", "name": "Pitcher", "type": "Pitcher", "abbreviation": "P"}, "rangeFactorPerGame": "0.58", "rangeFactorPer9Inn": "3.05", "innings": "65.1", "games": 38, "doublePlays": 0, "triplePlays": 0, "throwingErrors": 0}, "team": {"id": 144, "name": "Atlanta Braves", "link": "/api/v1/teams/144"}, "player": {"id": 110021, "fullName": "Ted Abernathy", "link": "/api/v1/people/110021"}, "league": {"id": 104, "name": "National League", "link": "/api/v1/league/104"}, "sport": {"id": 1, "link": "/api/v1/sports/1", "abbreviation": "MLB"}, "gameType": "R", "position": {"code": "1", "name": "Pitcher", "type": "Pitcher", "abbreviation": "P"}}, {"season": "1966", "stat": {"gamesPlayed": 58, "gamesStarted": 0, "assists": 25, "putOuts": 11, "errors": 2, "chances": 38, "fielding": ".947", "position": {"code": "1", "name": "Pitcher", "type": "Pitcher", "abbreviation": "P"}, "rangeFactorPerGame": "0.62", "rangeFactorPer9Inn": "3.48", "innings": "93.0", "games": 58, "doublePlays": 0, "triplePlays": 0, "throwingErrors": 0}, "player": {"id": 110021, "fullName": "Ted Abernathy", "link": "/api/v1/people/110021"}, "sport": {"id": 1, "link": "/api/v1/sports/1", "abbreviation": "MLB"}, "gameType": "R", "numTeams": 2, "position": {"code": "1", "name": "Pitcher", "type": "Pitcher", "abbreviation": "P"}}, {"season": "1967", "stat": {"gamesPlayed": 70, "gamesStarted": 0, "assists": 26, "putOuts": 7, "errors": 4, "chances": 37, "fielding": ".892", "position": {"code": "1", "name": "Pitcher", "type": "Pitcher", "abbreviation": "P"}, "rangeFactorPerGame": "0.47", "rangeFactorPer9Inn": "2.80", "innings": "106.1", "games": 70, "doublePlays": 0, "triplePlays": 0, "throwingErrors": 1}, "team": {"id": 113, "name": "Cincinnati Reds", "link": "/api/v1/teams/113"}, "player": {"id": 110021, "fullName": "Ted Abernathy", "link": "/api/v1/people/110021"}, "league": {"id": 104, "name": "National League", "link": "/api/v1/league/104"}, "sport": {"id": 1, "link": "/api/v1/sports/1", "abbreviation": "MLB"}, "gameType": "R", "position": {"code": "1", "name": "Pitcher", "type": "Pitcher", "abbreviation": "P"}}, {"season": "1968", "stat": {"gamesPlayed": 78, "gamesStarted": 0, "assists": 40, "putOuts": 15, "errors": 3, "chances": 58, "fielding": ".948", "position": {"code": "1", "name": "Pitcher", "type": "Pitcher", "abbreviation": "P"}, "rangeFactorPerGame": "0.71", "rangeFactorPer9Inn": "3.67", "innings": "135.1", "games": 78, "doublePlays": 0, "triplePlays": 0, "throwingErrors": 0}, "team": {"id": 113, "name": "Cincinnati Reds", "link": "/api/v1/teams/113"}, "player": {"id": 110021, "fullName": "Ted Abernathy", "link": "/api/v1/people/110021"}, "league": {"id": 104, "name": "National League", "link": "/api/v1/league/104"}, "sport": {"id": 1, "link": "/api/v1/sports/1", "abbreviation": "MLB"}, "gameType": "R", "position": {"code": "1", "name": "Pitcher", "type": "Pitcher", "abbreviation": "P"}}, {"season": "1969", "stat": {"gamesPlayed": 56, "gamesStarted": 0, "assists": 23, "putOuts": 11, "errors": 2, "chances": 36, "fielding": ".944", "position": {"code": "1", "name": "Pitcher", "type": "Pitcher", "abbreviation": "P"}, "rangeFactorPerGame": "0.61", "rangeFactorPer9Inn": "3.60", "innings": "85.1", "games": 56, "doublePlays": 0, "triplePlays": 0, "throwingErrors": 1}, "team": {"id": 112, "name": "Chicago Cubs", "link": "/api/v1/teams/112"}, "player": {"id": 110021, "fullName": "Ted Abernathy", "link": "/api/v1/people/110021"}, "league": {"id": 104, "name": "National League", "link": "/api/v1/league/104"}, "sport": {"id": 1, "link": "/api/v1/sports/1", "abbreviation": "MLB"}, "gameType": "R", "position": {"code": "1", "name": "Pitcher", "type": "Pitcher", "abbreviation": "P"}}, {"season": "1970", "stat": {"gamesPlayed": 11, "gamesStarted": 0, "assists": 3, "putOuts": 0, "errors": 0, "chances": 3, "fielding": "1.000", "position": {"code": "1", "name": "Pitcher", "type": "Pitcher", "abbreviation": "P"}, "rangeFactorPerGame": "0.27", "rangeFactorPer9Inn": "3.00", "innings": "9.0", "games": 11, "doublePlays": 0, "triplePlays": 0, "throwingErrors": 0}, "team": {"id": 112, "name": "Chicago Cubs", "link": "/api/v1/teams/112"}, "player": {"id": 110021, "fullName": "Ted Abernathy", "link": "/api/v1/people/110021"}, "league": {"id": 104, "name": "National League", "link": "/api/v1/league/104"}, "sport": {"id": 1, "link": "/api/v1/sports/1", "abbreviation": "MLB"}, "gameType": "R", "position": {"code": "1", "name": "Pitcher", "type": "Pitcher", "abbreviation": "P"}}, {"season": "1970", "stat": {"gamesPlayed": 11, "gamesStarted": 0, "assists": 9, "putOuts": 1, "errors": 1, "chances": 11, "fielding": ".909", "position": {"code": "1", "name": "Pitcher", "type": "Pitcher", "abbreviation": "P"}, "rangeFactorPerGame": "0.91", "rangeFactorPer9Inn": "5.00", "innings": "18.1", "games": 11, "doublePlays": 1, "triplePlays": 0, "throwingErrors": 0}, "team": {"id": 138, "name": "St. Louis Cardinals", "link": "/api/v1/teams/138"}, "player": {"id": 110021, "fullName": "Ted Abernathy", "link": "/api/v1/people/110021"}, "league": {"id": 104, "name": "National League", "link": "/api/v1/league/104"}, "sport": {"id": 1, "link": "/api/v1/sports/1", "abbreviation": "MLB"}, "gameType": "R", "position": {"code": "1", "name": "Pitcher", "type": "Pitcher", "abbreviation": "P"}}, {"season": "1970", "stat": {"gamesPlayed": 36, "gamesStarted": 0, "assists": 12, "putOuts": 3, "errors": 0, "chances": 15, "fielding": "1.000", "position": {"code": "1", "name": "Pitcher", "type": "Pitcher", "abbreviation": "P"}, "rangeFactorPerGame": "0.42", "rangeFactorPer9Inn": "2.45", "innings": "55.2", "games": 36, "doublePlays": 0, "triplePlays": 0, "throwingErrors": 0}, "team": {"id": 118, "name": "Kansas City Royals", "link": "/api/v1/teams/118"}, "player": {"id": 110021, "fullName": "Ted Abernathy", "link": "/api/v1/people/110021"}, "league": {"id": 103, "name": "American League", "link": "/api/v1/league/103"}, "sport": {"id": 1, "link": "/api/v1/sports/1", "abbreviation": "MLB"}, "gameType": "R", "position": {"code": "1", "name": "Pitcher", "type": "Pitcher", "abbreviation": "P"}}, {"season": "1970", "stat": {"gamesPlayed": 58, "gamesStarted": 0, "assists": 24, "putOuts": 4, "errors": 1, "chances": 29, "fielding": ".966", "position": {"code": "1", "name": "Pitcher", "type": "Pitcher", "abbreviation": "P"}, "rangeFactorPerGame": "0.48", "rangeFactorPer9Inn": "3.04", "innings": "83.0", "games": 58, "doublePlays": 1, "triplePlays": 0, "throwingErrors": 0}, "player": {"id": 110021, "fullName": "Ted Abernathy", "link": "/api/v1/people/110021"}, "sport": {"id": 1, "link": "/api/v1/sports/1", "abbreviation": "MLB"}, "gameType": "R", "numTeams": 3, "position": {"code": "1", "name": "Pitcher", "type": "Pitcher", "abbreviation": "P"}}, {"season": "1971", "stat": {"gamesPlayed": 63, "gamesStarted": 0, "assists": 23, "putOuts": 5, "errors": 2, "chances": 30, "fielding": ".933", "position": {"code": "1", "name": "Pitcher", "type": "Pitcher", "abbreviation": "P"}, "rangeFactorPerGame": "0.44", "rangeFactorPer9Inn": "3.11", "innings": "81.0", "games": 63, "doublePlays": 1, "triplePlays": 0, "throwingErrors": 0}, "team": {"id": 118, "name": "Kansas City Royals", "link": "/api/v1/teams/118"}, "player": {"id": 110021, "fullName": "Ted Abernathy", "link": "/api/v1/people/110021"}, "league": {"id": 103, "name": "American League", "link": "/api/v1/league/103"}, "sport": {"id": 1, "link": "/api/v1/sports/1", "abbreviation": "MLB"}, "gameType": "R", "position": {"code": "1", "name": "Pitcher", "type": "Pitcher", "abbreviation": "P"}}, {"season": "1972", "stat": {"gamesPlayed": 45, "gamesStarted": 0, "assists": 13, "putOuts": 6, "errors": 3, "chances": 22, "fielding": ".864", "position": {"code": "1", "name": "Pitcher", "type": "Pitcher", "abbreviation": "P"}, "rangeFactorPerGame": "0.42", "rangeFactorPer9Inn": "2.95", "innings": "58.1", "games": 45, "doublePlays": 2, "triplePlays": 0, "throwingErrors": 2}, "team": {"id": 118, "name": "Kansas City Royals", "link": "/api/v1/teams/118"}, "player": {"id": 110021, "fullName": "Ted Abernathy", "link": "/api/v1/people/110021"}, "league": {"id": 103, "name": "American League", "link": "/api/v1/league/103"}, "sport": {"id": 1, "link": "/api/v1/sports/1", "abbreviation": "MLB"}, "gameType": "R", "position": {"code": "1", "name": "Pitcher", "type": "Pitcher", "abbreviation": "P"}}]}], "mlbDebutDate": "1955-04-13", "batSide": {"code": "R", "description": "Right"}, "pitchHand": {"code": "R", "description": "Right"}, "nameFirstLast": "Ted Abernathy", "nameSlug": "ted-abernathy-110021", "firstLastName": "Ted Abernathy", "lastFirstName": "Abernathy, Ted", "lastInitName": "Abernathy, T", "initLastName": "T Abernathy", "fullFMLName": "Theodore Wade Abernathy", "fullLFMName": "Abernathy, Theodore Wade", "strikeZoneTop": 3.549, "strikeZoneBottom": 1.627}