{"id": 110245, "fullName": "Bud Anderson", "link": "/api/v1/people/110245", "firstName": "Karl", "lastName": "Anderson", "primaryNumber": "51", "birthDate": "1956-05-27", "currentAge": 67, "birthCity": "Westbury", "birthStateProvince": "NY", "birthCountry": "USA", "height": "6' 3\"", "weight": 210, "active": false, "primaryPosition": {"code": "1", "name": "Pitcher", "type": "Pitcher", "abbreviation": "P"}, "useName": "Bud", "useLastName": "Anderson", "middleName": "Adam", "boxscoreName": "Anderson", "gender": "M", "isPlayer": true, "isVerified": true, "draftYear": 1977, "lastPlayedDate": "1983-10-02", "stats": [{"type": {"displayName": "career"}, "group": {"displayName": "pitching"}, "exemptions": [], "splits": [{"stat": {"gamesPlayed": 64, "gamesStarted": 6, "groundOuts": 54, "airOuts": 48, "runs": 71, "doubles": 28, "triples": 0, "homeRuns": 12, "strikeOuts": 76, "baseOnBalls": 62, "intentionalWalks": 8, "hits": 148, "hitByPitch": 1, "avg": ".262", "atBats": 564, "obp": ".333", "slg": ".376", "ops": ".709", "caughtStealing": 3, "stolenBases": 6, "stolenBasePercentage": ".667", "groundIntoDoublePlay": 19, "numberOfPitches": 981, "era": "3.68", "inningsPitched": "149.0", "wins": 4, "losses": 10, "saves": 7, "saveOpportunities": 7, "holds": 0, "blownSaves": 0, "earnedRuns": 61, "whip": "1.41", "battersFaced": 643, "outs": 447, "gamesPitched": 64, "completeGames": 1, "shutouts": 0, "strikes": 732, "strikePercentage": ".750", "hitBatsmen": 1, "balks": 0, "wildPitches": 8, "pickoffs": 1, "totalBases": 212, "groundOutsToAirouts": "1.13", "winPercentage": ".286", "pitchesPerInning": "6.58", "gamesFinished": 39, "strikeoutWalkRatio": "1.23", "strikeoutsPer9Inn": "4.59", "walksPer9Inn": "3.74", "hitsPer9Inn": "8.94", "runsScoredPer9": "4.29", "homeRunsPer9": "0.72", "inheritedRunners": 59, "inheritedRunnersScored": 22, "catchersInterference": 0, "sacBunts": 10, "sacFlies": 6}, "team": {"id": 114, "name": "Cleveland Guardians", "link": "/api/v1/teams/114"}, "player": {"id": 110245, "fullName": "Bud Anderson", "link": "/api/v1/people/110245"}, "league": {"id": 103, "name": "American League", "link": "/api/v1/league/103"}, "sport": {"id": 1, "link": "/api/v1/sports/1", "abbreviation": "MLB"}, "gameType": "R"}]}, {"type": {"displayName": "career"}, "group": {"displayName": "fielding"}, "exemptions": [], "splits": [{"stat": {"gamesPlayed": 64, "gamesStarted": 6, "assists": 14, "putOuts": 13, "errors": 3, "chances": 30, "fielding": ".900", "position": {"code": "1", "name": "Pitcher", "type": "Pitcher", "abbreviation": "P"}, "rangeFactorPerGame": "0.42", "rangeFactorPer9Inn": "1.63", "innings": "149.0", "games": 64, "doublePlays": 0, "triplePlays": 0, "throwingErrors": 1}, "team": {"id": 114, "name": "Cleveland Guardians", "link": "/api/v1/teams/114"}, "player": {"id": 110245, "fullName": "Bud Anderson", "link": "/api/v1/people/110245"}, "league": {"id": 103, "name": "American League", "link": "/api/v1/league/103"}, "sport": {"id": 1, "link": "/api/v1/sports/1", "abbreviation": "MLB"}, "gameType": "R", "position": {"code": "1", "name": "Pitcher", "type": "Pitcher", "abbreviation": "P"}}]}, {"type": {"displayName": "yearByYear"}, "group": {"displayName": "pitching"}, "exemptions": [], "splits": [{"season": "1982", "stat": {"gamesPlayed": 25, "gamesStarted": 5, "groundOuts": 24, "airOuts": 31, "runs": 37, "doubles": 13, "triples": 0, "homeRuns": 4, "strikeOuts": 44, "baseOnBalls": 30, "intentionalWalks": 2, "hits": 84, "hitByPitch": 1, "avg": ".268", "atBats": 313, "obp": ".330", "slg": ".348", "ops": ".678", "caughtStealing": 2, "stolenBases": 5, "stolenBasePercentage": ".714", "groundIntoDoublePlay": 9, "numberOfPitches": 531, "era": "3.35", "inningsPitched": "80.2", "wins": 3, "losses": 4, "saves": 0, "saveOpportunities": 0, "holds": 0, "blownSaves": 0, "earnedRuns": 30, "whip": "1.41", "battersFaced": 353, "outs": 242, "gamesPitched": 25, "completeGames": 1, "shutouts": 0, "strikes": 410, "strikePercentage": ".770", "hitBatsmen": 1, "balks": 0, "wildPitches": 4, "pickoffs": 0, "totalBases": 109, "groundOutsToAirouts": "0.77", "winPercentage": ".429", "pitchesPerInning": "6.58", "gamesFinished": 12, "strikeoutWalkRatio": "1.47", "strikeoutsPer9Inn": "4.91", "walksPer9Inn": "3.35", "hitsPer9Inn": "9.37", "runsScoredPer9": "4.13", "homeRunsPer9": "0.45", "inheritedRunners": 17, "inheritedRunnersScored": 10, "catchersInterference": 0, "sacBunts": 5, "sacFlies": 4}, "team": {"id": 114, "name": "Cleveland Indians", "link": "/api/v1/teams/114"}, "player": {"id": 110245, "fullName": "Bud Anderson", "link": "/api/v1/people/110245"}, "league": {"id": 103, "name": "American League", "link": "/api/v1/league/103"}, "sport": {"id": 1, "link": "/api/v1/sports/1", "abbreviation": "MLB"}, "gameType": "R"}, {"season": "1983", "stat": {"gamesPlayed": 39, "gamesStarted": 1, "groundOuts": 30, "airOuts": 17, "runs": 34, "doubles": 15, "triples": 0, "homeRuns": 8, "strikeOuts": 32, "baseOnBalls": 32, "intentionalWalks": 6, "hits": 64, "hitByPitch": 0, "avg": ".255", "atBats": 251, "obp": ".337", "slg": ".410", "ops": ".747", "caughtStealing": 1, "stolenBases": 1, "stolenBasePercentage": ".500", "groundIntoDoublePlay": 10, "numberOfPitches": 450, "era": "4.08", "inningsPitched": "68.1", "wins": 1, "losses": 6, "saves": 7, "saveOpportunities": 7, "holds": 0, "blownSaves": 0, "earnedRuns": 31, "whip": "1.40", "battersFaced": 290, "outs": 205, "gamesPitched": 39, "completeGames": 0, "shutouts": 0, "strikes": 322, "strikePercentage": ".720", "hitBatsmen": 0, "balks": 0, "wildPitches": 4, "pickoffs": 1, "totalBases": 103, "groundOutsToAirouts": "1.76", "winPercentage": ".143", "pitchesPerInning": "6.59", "gamesFinished": 27, "strikeoutWalkRatio": "1.00", "strikeoutsPer9Inn": "4.21", "walksPer9Inn": "4.21", "hitsPer9Inn": "8.43", "runsScoredPer9": "4.48", "homeRunsPer9": "1.05", "inheritedRunners": 42, "inheritedRunnersScored": 12, "catchersInterference": 0, "sacBunts": 5, "sacFlies": 2}, "team": {"id": 114, "name": "Cleveland Indians", "link": "/api/v1/teams/114"}, "player": {"id": 110245, "fullName": "Bud Anderson", "link": "/api/v1/people/110245"}, "league": {"id": 103, "name": "American League", "link": "/api/v1/league/103"}, "sport": {"id": 1, "link": "/api/v1/sports/1", "abbreviation": "MLB"}, "gameType": "R"}]}, {"type": {"displayName": "yearByYear"}, "group": {"displayName": "fielding"}, "exemptions": [], "splits": [{"season": "1982", "stat": {"gamesPlayed": 25, "gamesStarted": 5, "assists": 8, "putOuts": 10, "errors": 1, "chances": 19, "fielding": ".947", "position": {"code": "1", "name": "Pitcher", "type": "Pitcher", "abbreviation": "P"}, "rangeFactorPerGame": "0.72", "rangeFactorPer9Inn": "2.03", "innings": "80.2", "games": 25, "doublePlays": 0, "triplePlays": 0, "throwingErrors": 0}, "team": {"id": 114, "name": "Cleveland Indians", "link": "/api/v1/teams/114"}, "player": {"id": 110245, "fullName": "Bud Anderson", "link": "/api/v1/people/110245"}, "league": {"id": 103, "name": "American League", "link": "/api/v1/league/103"}, "sport": {"id": 1, "link": "/api/v1/sports/1", "abbreviation": "MLB"}, "gameType": "R", "position": {"code": "1", "name": "Pitcher", "type": "Pitcher", "abbreviation": "P"}}, {"season": "1983", "stat": {"gamesPlayed": 39, "gamesStarted": 1, "assists": 6, "putOuts": 3, "errors": 2, "chances": 11, "fielding": ".818", "position": {"code": "1", "name": "Pitcher", "type": "Pitcher", "abbreviation": "P"}, "rangeFactorPerGame": "0.23", "rangeFactorPer9Inn": "1.19", "innings": "68.1", "games": 39, "doublePlays": 0, "triplePlays": 0, "throwingErrors": 1}, "team": {"id": 114, "name": "Cleveland Indians", "link": "/api/v1/teams/114"}, "player": {"id": 110245, "fullName": "Bud Anderson", "link": "/api/v1/people/110245"}, "league": {"id": 103, "name": "American League", "link": "/api/v1/league/103"}, "sport": {"id": 1, "link": "/api/v1/sports/1", "abbreviation": "MLB"}, "gameType": "R", "position": {"code": "1", "name": "Pitcher", "type": "Pitcher", "abbreviation": "P"}}]}], "mlbDebutDate": "1982-06-11", "batSide": {"code": "R", "description": "Right"}, "pitchHand": {"code": "R", "description": "Right"}, "nameFirstLast": "Bud Anderson", "nameSlug": "bud-anderson-110245", "firstLastName": "Bud Anderson", "lastFirstName": "Anderson, Bud", "lastInitName": "Anderson, B", "initLastName": "B Anderson", "fullFMLName": "Karl Adam Anderson", "fullLFMName": "Anderson, Karl Adam", "strikeZoneTop": 3.49, "strikeZoneBottom": 1.601}