{"id": 110469, "fullName": "Doug Baker", "link": "/api/v1/people/110469", "firstName": "Douglas", "lastName": "Baker", "primaryNumber": "9", "birthDate": "1961-04-03", "currentAge": 62, "birthCity": "Fullerton", "birthStateProvince": "CA", "birthCountry": "USA", "height": "5' 9\"", "weight": 165, "active": false, "primaryPosition": {"code": "6", "name": "Shortstop", "type": "Infielder", "abbreviation": "SS"}, "useName": "Doug", "useLastName": "Baker", "middleName": "Lee", "boxscoreName": "Baker", "gender": "M", "isPlayer": true, "isVerified": true, "draftYear": 1982, "lastPlayedDate": "1990-04-12", "stats": [{"type": {"displayName": "career"}, "group": {"displayName": "fielding"}, "exemptions": [], "splits": [{"stat": {"gamesPlayed": 38, "gamesStarted": 14, "assists": 43, "putOuts": 37, "errors": 2, "chances": 82, "fielding": ".976", "position": {"code": "4", "name": "Second Base", "type": "Infielder", "abbreviation": "2B"}, "rangeFactorPerGame": "2.11", "rangeFactorPer9Inn": "4.44", "innings": "162.2", "games": 38, "doublePlays": 6, "triplePlays": 0, "throwingErrors": 0}, "player": {"id": 110469, "fullName": "Doug Baker", "link": "/api/v1/people/110469"}, "sport": {"id": 1, "link": "/api/v1/sports/1", "abbreviation": "MLB"}, "gameType": "R", "numTeams": 2, "position": {"code": "4", "name": "Second Base", "type": "Infielder", "abbreviation": "2B"}}, {"stat": {"gamesPlayed": 2, "gamesStarted": 0, "assists": 1, "putOuts": 0, "errors": 0, "chances": 1, "fielding": "1.000", "position": {"code": "5", "name": "Third Base", "type": "Infielder", "abbreviation": "3B"}, "rangeFactorPerGame": "0.50", "rangeFactorPer9Inn": "4.50", "innings": "2.0", "games": 2, "doublePlays": 0, "triplePlays": 0, "throwingErrors": 0}, "player": {"id": 110469, "fullName": "Doug Baker", "link": "/api/v1/people/110469"}, "sport": {"id": 1, "link": "/api/v1/sports/1", "abbreviation": "MLB"}, "gameType": "R", "numTeams": 2, "position": {"code": "5", "name": "Third Base", "type": "Infielder", "abbreviation": "3B"}}, {"stat": {"gamesPlayed": 95, "gamesStarted": 54, "assists": 151, "putOuts": 100, "errors": 7, "chances": 258, "fielding": ".973", "position": {"code": "6", "name": "Shortstop", "type": "Infielder", "abbreviation": "SS"}, "rangeFactorPerGame": "2.64", "rangeFactorPer9Inn": "4.29", "innings": "527.2", "games": 95, "doublePlays": 35, "triplePlays": 0, "throwingErrors": 2}, "player": {"id": 110469, "fullName": "Doug Baker", "link": "/api/v1/people/110469"}, "sport": {"id": 1, "link": "/api/v1/sports/1", "abbreviation": "MLB"}, "gameType": "R", "numTeams": 2, "position": {"code": "6", "name": "Shortstop", "type": "Infielder", "abbreviation": "SS"}}]}, {"type": {"displayName": "career"}, "group": {"displayName": "hitting"}, "exemptions": [], "splits": [{"stat": {"gamesPlayed": 136, "groundOuts": 35, "airOuts": 34, "runs": 38, "doubles": 11, "triples": 2, "homeRuns": 0, "strikeOuts": 62, "baseOnBalls": 18, "intentionalWalks": 0, "hits": 51, "hitByPitch": 3, "avg": ".207", "atBats": 246, "obp": ".269", "slg": ".268", "ops": ".537", "caughtStealing": 0, "stolenBases": 3, "stolenBasePercentage": "1.000", "groundIntoDoublePlay": 1, "numberOfPitches": 659, "plateAppearances": 276, "totalBases": 66, "rbi": 22, "leftOnBase": 134, "sacBunts": 8, "sacFlies": 1, "babip": ".276", "groundOutsToAirouts": "1.03", "catchersInterference": 0, "atBatsPerHomeRun": "-.--"}, "player": {"id": 110469, "fullName": "Doug Baker", "link": "/api/v1/people/110469"}, "sport": {"id": 1, "link": "/api/v1/sports/1", "abbreviation": "MLB"}, "gameType": "R", "numTeams": 2}]}, {"type": {"displayName": "yearByYear"}, "group": {"displayName": "fielding"}, "exemptions": [], "splits": [{"season": "1984", "stat": {"gamesPlayed": 5, "gamesStarted": 4, "assists": 6, "putOuts": 9, "errors": 1, "chances": 16, "fielding": ".938", "position": {"code": "4", "name": "Second Base", "type": "Infielder", "abbreviation": "2B"}, "rangeFactorPerGame": "3.00", "rangeFactorPer9Inn": "3.46", "innings": "39.1", "games": 5, "doublePlays": 2, "triplePlays": 0, "throwingErrors": 0}, "team": {"id": 116, "name": "Detroit Tigers", "link": "/api/v1/teams/116"}, "player": {"id": 110469, "fullName": "Doug Baker", "link": "/api/v1/people/110469"}, "league": {"id": 103, "name": "American League", "link": "/api/v1/league/103"}, "sport": {"id": 1, "link": "/api/v1/sports/1", "abbreviation": "MLB"}, "gameType": "R", "position": {"code": "4", "name": "Second Base", "type": "Infielder", "abbreviation": "2B"}}, {"season": "1984", "stat": {"gamesPlayed": 39, "gamesStarted": 27, "assists": 75, "putOuts": 46, "errors": 4, "chances": 125, "fielding": ".968", "position": {"code": "6", "name": "Shortstop", "type": "Infielder", "abbreviation": "SS"}, "rangeFactorPerGame": "3.10", "rangeFactorPer9Inn": "4.27", "innings": "255.0", "games": 39, "doublePlays": 19, "triplePlays": 0, "throwingErrors": 1}, "team": {"id": 116, "name": "Detroit Tigers", "link": "/api/v1/teams/116"}, "player": {"id": 110469, "fullName": "Doug Baker", "link": "/api/v1/people/110469"}, "league": {"id": 103, "name": "American League", "link": "/api/v1/league/103"}, "sport": {"id": 1, "link": "/api/v1/sports/1", "abbreviation": "MLB"}, "gameType": "R", "position": {"code": "6", "name": "Shortstop", "type": "Infielder", "abbreviation": "SS"}}, {"season": "1985", "stat": {"gamesPlayed": 1, "gamesStarted": 0, "assists": 0, "putOuts": 0, "errors": 0, "chances": 0, "fielding": ".000", "position": {"code": "4", "name": "Second Base", "type": "Infielder", "abbreviation": "2B"}, "rangeFactorPerGame": "0.00", "rangeFactorPer9Inn": "0.00", "innings": "2.0", "games": 1, "doublePlays": 0, "triplePlays": 0, "throwingErrors": 0}, "team": {"id": 116, "name": "Detroit Tigers", "link": "/api/v1/teams/116"}, "player": {"id": 110469, "fullName": "Doug Baker", "link": "/api/v1/people/110469"}, "league": {"id": 103, "name": "American League", "link": "/api/v1/league/103"}, "sport": {"id": 1, "link": "/api/v1/sports/1", "abbreviation": "MLB"}, "gameType": "R", "position": {"code": "4", "name": "Second Base", "type": "Infielder", "abbreviation": "2B"}}, {"season": "1985", "stat": {"gamesPlayed": 12, "gamesStarted": 6, "assists": 12, "putOuts": 13, "errors": 1, "chances": 26, "fielding": ".962", "position": {"code": "6", "name": "Shortstop", "type": "Infielder", "abbreviation": "SS"}, "rangeFactorPerGame": "2.08", "rangeFactorPer9Inn": "3.81", "innings": "59.0", "games": 12, "doublePlays": 2, "triplePlays": 0, "throwingErrors": 1}, "team": {"id": 116, "name": "Detroit Tigers", "link": "/api/v1/teams/116"}, "player": {"id": 110469, "fullName": "Doug Baker", "link": "/api/v1/people/110469"}, "league": {"id": 103, "name": "American League", "link": "/api/v1/league/103"}, "sport": {"id": 1, "link": "/api/v1/sports/1", "abbreviation": "MLB"}, "gameType": "R", "position": {"code": "6", "name": "Shortstop", "type": "Infielder", "abbreviation": "SS"}}, {"season": "1986", "stat": {"gamesPlayed": 2, "gamesStarted": 1, "assists": 2, "putOuts": 4, "errors": 0, "chances": 6, "fielding": "1.000", "position": {"code": "4", "name": "Second Base", "type": "Infielder", "abbreviation": "2B"}, "rangeFactorPerGame": "3.00", "rangeFactorPer9Inn": "4.91", "innings": "11.0", "games": 2, "doublePlays": 0, "triplePlays": 0, "throwingErrors": 0}, "team": {"id": 116, "name": "Detroit Tigers", "link": "/api/v1/teams/116"}, "player": {"id": 110469, "fullName": "Doug Baker", "link": "/api/v1/people/110469"}, "league": {"id": 103, "name": "American League", "link": "/api/v1/league/103"}, "sport": {"id": 1, "link": "/api/v1/sports/1", "abbreviation": "MLB"}, "gameType": "R", "position": {"code": "4", "name": "Second Base", "type": "Infielder", "abbreviation": "2B"}}, {"season": "1986", "stat": {"gamesPlayed": 10, "gamesStarted": 8, "assists": 20, "putOuts": 13, "errors": 1, "chances": 34, "fielding": ".971", "position": {"code": "6", "name": "Shortstop", "type": "Infielder", "abbreviation": "SS"}, "rangeFactorPerGame": "3.30", "rangeFactorPer9Inn": "4.37", "innings": "68.2", "games": 10, "doublePlays": 5, "triplePlays": 0, "throwingErrors": 0}, "team": {"id": 116, "name": "Detroit Tigers", "link": "/api/v1/teams/116"}, "player": {"id": 110469, "fullName": "Doug Baker", "link": "/api/v1/people/110469"}, "league": {"id": 103, "name": "American League", "link": "/api/v1/league/103"}, "sport": {"id": 1, "link": "/api/v1/sports/1", "abbreviation": "MLB"}, "gameType": "R", "position": {"code": "6", "name": "Shortstop", "type": "Infielder", "abbreviation": "SS"}}, {"season": "1987", "stat": {"gamesPlayed": 1, "gamesStarted": 0, "assists": 0, "putOuts": 0, "errors": 0, "chances": 0, "fielding": ".000", "position": {"code": "4", "name": "Second Base", "type": "Infielder", "abbreviation": "2B"}, "rangeFactorPerGame": "0.00", "rangeFactorPer9Inn": "0.00", "innings": "2.0", "games": 1, "doublePlays": 0, "triplePlays": 0, "throwingErrors": 0}, "team": {"id": 116, "name": "Detroit Tigers", "link": "/api/v1/teams/116"}, "player": {"id": 110469, "fullName": "Doug Baker", "link": "/api/v1/people/110469"}, "league": {"id": 103, "name": "American League", "link": "/api/v1/league/103"}, "sport": {"id": 1, "link": "/api/v1/sports/1", "abbreviation": "MLB"}, "gameType": "R", "position": {"code": "4", "name": "Second Base", "type": "Infielder", "abbreviation": "2B"}}, {"season": "1987", "stat": {"gamesPlayed": 1, "gamesStarted": 0, "assists": 0, "putOuts": 0, "errors": 0, "chances": 0, "fielding": ".000", "position": {"code": "5", "name": "Third Base", "type": "Infielder", "abbreviation": "3B"}, "rangeFactorPerGame": "0.00", "rangeFactorPer9Inn": "0.00", "innings": "1.0", "games": 1, "doublePlays": 0, "triplePlays": 0, "throwingErrors": 0}, "team": {"id": 116, "name": "Detroit Tigers", "link": "/api/v1/teams/116"}, "player": {"id": 110469, "fullName": "Doug Baker", "link": "/api/v1/people/110469"}, "league": {"id": 103, "name": "American League", "link": "/api/v1/league/103"}, "sport": {"id": 1, "link": "/api/v1/sports/1", "abbreviation": "MLB"}, "gameType": "R", "position": {"code": "5", "name": "Third Base", "type": "Infielder", "abbreviation": "3B"}}, {"season": "1987", "stat": {"gamesPlayed": 6, "gamesStarted": 0, "assists": 8, "putOuts": 2, "errors": 0, "chances": 10, "fielding": "1.000", "position": {"code": "6", "name": "Shortstop", "type": "Infielder", "abbreviation": "SS"}, "rangeFactorPerGame": "1.67", "rangeFactorPer9Inn": "10.00", "innings": "9.0", "games": 6, "doublePlays": 1, "triplePlays": 0, "throwingErrors": 0}, "team": {"id": 116, "name": "Detroit Tigers", "link": "/api/v1/teams/116"}, "player": {"id": 110469, "fullName": "Doug Baker", "link": "/api/v1/people/110469"}, "league": {"id": 103, "name": "American League", "link": "/api/v1/league/103"}, "sport": {"id": 1, "link": "/api/v1/sports/1", "abbreviation": "MLB"}, "gameType": "R", "position": {"code": "6", "name": "Shortstop", "type": "Infielder", "abbreviation": "SS"}}, {"season": "1988", "stat": {"gamesPlayed": 1, "gamesStarted": 0, "assists": 0, "putOuts": 0, "errors": 0, "chances": 0, "fielding": ".000", "position": {"code": "4", "name": "Second Base", "type": "Infielder", "abbreviation": "2B"}, "rangeFactorPerGame": "0.00", "rangeFactorPer9Inn": "0.00", "innings": "1.0", "games": 1, "doublePlays": 0, "triplePlays": 0, "throwingErrors": 0}, "team": {"id": 142, "name": "Minnesota Twins", "link": "/api/v1/teams/142"}, "player": {"id": 110469, "fullName": "Doug Baker", "link": "/api/v1/people/110469"}, "league": {"id": 103, "name": "American League", "link": "/api/v1/league/103"}, "sport": {"id": 1, "link": "/api/v1/sports/1", "abbreviation": "MLB"}, "gameType": "R", "position": {"code": "4", "name": "Second Base", "type": "Infielder", "abbreviation": "2B"}}, {"season": "1988", "stat": {"gamesPlayed": 1, "gamesStarted": 0, "assists": 1, "putOuts": 0, "errors": 0, "chances": 1, "fielding": "1.000", "position": {"code": "5", "name": "Third Base", "type": "Infielder", "abbreviation": "3B"}, "rangeFactorPerGame": "1.00", "rangeFactorPer9Inn": "9.00", "innings": "1.0", "games": 1, "doublePlays": 0, "triplePlays": 0, "throwingErrors": 0}, "team": {"id": 142, "name": "Minnesota Twins", "link": "/api/v1/teams/142"}, "player": {"id": 110469, "fullName": "Doug Baker", "link": "/api/v1/people/110469"}, "league": {"id": 103, "name": "American League", "link": "/api/v1/league/103"}, "sport": {"id": 1, "link": "/api/v1/sports/1", "abbreviation": "MLB"}, "gameType": "R", "position": {"code": "5", "name": "Third Base", "type": "Infielder", "abbreviation": "3B"}}, {"season": "1988", "stat": {"gamesPlayed": 9, "gamesStarted": 2, "assists": 6, "putOuts": 6, "errors": 0, "chances": 12, "fielding": "1.000", "position": {"code": "6", "name": "Shortstop", "type": "Infielder", "abbreviation": "SS"}, "rangeFactorPerGame": "1.33", "rangeFactorPer9Inn": "3.86", "innings": "28.0", "games": 9, "doublePlays": 3, "triplePlays": 0, "throwingErrors": 0}, "team": {"id": 142, "name": "Minnesota Twins", "link": "/api/v1/teams/142"}, "player": {"id": 110469, "fullName": "Doug Baker", "link": "/api/v1/people/110469"}, "league": {"id": 103, "name": "American League", "link": "/api/v1/league/103"}, "sport": {"id": 1, "link": "/api/v1/sports/1", "abbreviation": "MLB"}, "gameType": "R", "position": {"code": "6", "name": "Shortstop", "type": "Infielder", "abbreviation": "SS"}}, {"season": "1989", "stat": {"gamesPlayed": 25, "gamesStarted": 9, "assists": 33, "putOuts": 23, "errors": 1, "chances": 57, "fielding": ".982", "position": {"code": "4", "name": "Second Base", "type": "Infielder", "abbreviation": "2B"}, "rangeFactorPerGame": "2.24", "rangeFactorPer9Inn": "4.94", "innings": "102.1", "games": 25, "doublePlays": 4, "triplePlays": 0, "throwingErrors": 0}, "team": {"id": 142, "name": "Minnesota Twins", "link": "/api/v1/teams/142"}, "player": {"id": 110469, "fullName": "Doug Baker", "link": "/api/v1/people/110469"}, "league": {"id": 103, "name": "American League", "link": "/api/v1/league/103"}, "sport": {"id": 1, "link": "/api/v1/sports/1", "abbreviation": "MLB"}, "gameType": "R", "position": {"code": "4", "name": "Second Base", "type": "Infielder", "abbreviation": "2B"}}, {"season": "1989", "stat": {"gamesPlayed": 19, "gamesStarted": 11, "assists": 30, "putOuts": 20, "errors": 1, "chances": 51, "fielding": ".980", "position": {"code": "6", "name": "Shortstop", "type": "Infielder", "abbreviation": "SS"}, "rangeFactorPerGame": "2.63", "rangeFactorPer9Inn": "4.17", "innings": "108.0", "games": 19, "doublePlays": 5, "triplePlays": 0, "throwingErrors": 0}, "team": {"id": 142, "name": "Minnesota Twins", "link": "/api/v1/teams/142"}, "player": {"id": 110469, "fullName": "Doug Baker", "link": "/api/v1/people/110469"}, "league": {"id": 103, "name": "American League", "link": "/api/v1/league/103"}, "sport": {"id": 1, "link": "/api/v1/sports/1", "abbreviation": "MLB"}, "gameType": "R", "position": {"code": "6", "name": "Shortstop", "type": "Infielder", "abbreviation": "SS"}}, {"season": "1990", "stat": {"gamesPlayed": 3, "gamesStarted": 0, "assists": 2, "putOuts": 1, "errors": 0, "chances": 3, "fielding": "1.000", "position": {"code": "4", "name": "Second Base", "type": "Infielder", "abbreviation": "2B"}, "rangeFactorPerGame": "1.00", "rangeFactorPer9Inn": "5.40", "innings": "5.0", "games": 3, "doublePlays": 0, "triplePlays": 0, "throwingErrors": 0}, "team": {"id": 142, "name": "Minnesota Twins", "link": "/api/v1/teams/142"}, "player": {"id": 110469, "fullName": "Doug Baker", "link": "/api/v1/people/110469"}, "league": {"id": 103, "name": "American League", "link": "/api/v1/league/103"}, "sport": {"id": 1, "link": "/api/v1/sports/1", "abbreviation": "MLB"}, "gameType": "R", "position": {"code": "4", "name": "Second Base", "type": "Infielder", "abbreviation": "2B"}}]}, {"type": {"displayName": "yearByYear"}, "group": {"displayName": "hitting"}, "exemptions": [], "splits": [{"season": "1984", "stat": {"gamesPlayed": 43, "groundOuts": 11, "airOuts": 4, "runs": 15, "doubles": 4, "triples": 1, "homeRuns": 0, "strikeOuts": 22, "baseOnBalls": 7, "intentionalWalks": 0, "hits": 20, "hitByPitch": 1, "avg": ".185", "atBats": 108, "obp": ".241", "slg": ".241", "ops": ".482", "caughtStealing": 0, "stolenBases": 3, "stolenBasePercentage": "1.000", "groundIntoDoublePlay": 1, "numberOfPitches": 183, "plateAppearances": 118, "totalBases": 26, "rbi": 12, "leftOnBase": 63, "sacBunts": 2, "sacFlies": 0, "babip": ".233", "groundOutsToAirouts": "2.75", "catchersInterference": 0, "atBatsPerHomeRun": "-.--"}, "team": {"id": 116, "name": "Detroit Tigers", "link": "/api/v1/teams/116"}, "player": {"id": 110469, "fullName": "Doug Baker", "link": "/api/v1/people/110469"}, "league": {"id": 103, "name": "American League", "link": "/api/v1/league/103"}, "sport": {"id": 1, "link": "/api/v1/sports/1", "abbreviation": "MLB"}, "gameType": "R"}, {"season": "1985", "stat": {"gamesPlayed": 15, "groundOuts": 2, "airOuts": 1, "runs": 4, "doubles": 1, "triples": 0, "homeRuns": 0, "strikeOuts": 9, "baseOnBalls": 0, "intentionalWalks": 0, "hits": 5, "hitByPitch": 0, "avg": ".185", "atBats": 27, "obp": ".185", "slg": ".222", "ops": ".407", "caughtStealing": 0, "stolenBases": 0, "stolenBasePercentage": ".---", "groundIntoDoublePlay": 0, "numberOfPitches": 45, "plateAppearances": 27, "totalBases": 6, "rbi": 1, "leftOnBase": 15, "sacBunts": 0, "sacFlies": 0, "babip": ".278", "groundOutsToAirouts": "2.00", "catchersInterference": 0, "atBatsPerHomeRun": "-.--"}, "team": {"id": 116, "name": "Detroit Tigers", "link": "/api/v1/teams/116"}, "player": {"id": 110469, "fullName": "Doug Baker", "link": "/api/v1/people/110469"}, "league": {"id": 103, "name": "American League", "link": "/api/v1/league/103"}, "sport": {"id": 1, "link": "/api/v1/sports/1", "abbreviation": "MLB"}, "gameType": "R"}, {"season": "1986", "stat": {"gamesPlayed": 13, "groundOuts": 8, "airOuts": 1, "runs": 1, "doubles": 1, "triples": 0, "homeRuns": 0, "strikeOuts": 7, "baseOnBalls": 2, "intentionalWalks": 0, "hits": 3, "hitByPitch": 0, "avg": ".125", "atBats": 24, "obp": ".192", "slg": ".167", "ops": ".359", "caughtStealing": 0, "stolenBases": 0, "stolenBasePercentage": ".---", "groundIntoDoublePlay": 0, "numberOfPitches": 50, "plateAppearances": 30, "totalBases": 4, "rbi": 0, "leftOnBase": 15, "sacBunts": 4, "sacFlies": 0, "babip": ".176", "groundOutsToAirouts": "8.00", "catchersInterference": 0, "atBatsPerHomeRun": "-.--"}, "team": {"id": 116, "name": "Detroit Tigers", "link": "/api/v1/teams/116"}, "player": {"id": 110469, "fullName": "Doug Baker", "link": "/api/v1/people/110469"}, "league": {"id": 103, "name": "American League", "link": "/api/v1/league/103"}, "sport": {"id": 1, "link": "/api/v1/sports/1", "abbreviation": "MLB"}, "gameType": "R"}, {"season": "1987", "stat": {"gamesPlayed": 8, "groundOuts": 0, "airOuts": 0, "runs": 0, "doubles": 0, "triples": 0, "homeRuns": 0, "strikeOuts": 1, "baseOnBalls": 0, "intentionalWalks": 0, "hits": 0, "hitByPitch": 0, "avg": ".000", "atBats": 1, "obp": ".000", "slg": ".000", "ops": ".000", "caughtStealing": 0, "stolenBases": 0, "stolenBasePercentage": ".---", "groundIntoDoublePlay": 0, "numberOfPitches": 3, "plateAppearances": 1, "totalBases": 0, "rbi": 0, "leftOnBase": 0, "sacBunts": 0, "sacFlies": 0, "babip": ".---", "groundOutsToAirouts": "-.--", "catchersInterference": 0, "atBatsPerHomeRun": "-.--"}, "team": {"id": 116, "name": "Detroit Tigers", "link": "/api/v1/teams/116"}, "player": {"id": 110469, "fullName": "Doug Baker", "link": "/api/v1/people/110469"}, "league": {"id": 103, "name": "American League", "link": "/api/v1/league/103"}, "sport": {"id": 1, "link": "/api/v1/sports/1", "abbreviation": "MLB"}, "gameType": "R"}, {"season": "1988", "stat": {"gamesPlayed": 11, "groundOuts": 0, "airOuts": 2, "runs": 1, "doubles": 0, "triples": 0, "homeRuns": 0, "strikeOuts": 5, "baseOnBalls": 0, "intentionalWalks": 0, "hits": 0, "hitByPitch": 0, "avg": ".000", "atBats": 7, "obp": ".000", "slg": ".000", "ops": ".000", "caughtStealing": 0, "stolenBases": 0, "stolenBasePercentage": ".---", "groundIntoDoublePlay": 0, "numberOfPitches": 32, "plateAppearances": 7, "totalBases": 0, "rbi": 0, "leftOnBase": 5, "sacBunts": 0, "sacFlies": 0, "babip": ".000", "groundOutsToAirouts": "0.00", "catchersInterference": 0, "atBatsPerHomeRun": "-.--"}, "team": {"id": 142, "name": "Minnesota Twins", "link": "/api/v1/teams/142"}, "player": {"id": 110469, "fullName": "Doug Baker", "link": "/api/v1/people/110469"}, "league": {"id": 103, "name": "American League", "link": "/api/v1/league/103"}, "sport": {"id": 1, "link": "/api/v1/sports/1", "abbreviation": "MLB"}, "gameType": "R"}, {"season": "1989", "stat": {"gamesPlayed": 43, "groundOuts": 14, "airOuts": 25, "runs": 17, "doubles": 5, "triples": 1, "homeRuns": 0, "strikeOuts": 18, "baseOnBalls": 9, "intentionalWalks": 0, "hits": 23, "hitByPitch": 2, "avg": ".295", "atBats": 78, "obp": ".378", "slg": ".385", "ops": ".763", "caughtStealing": 0, "stolenBases": 0, "stolenBasePercentage": ".---", "groundIntoDoublePlay": 0, "numberOfPitches": 342, "plateAppearances": 92, "totalBases": 30, "rbi": 9, "leftOnBase": 34, "sacBunts": 2, "sacFlies": 1, "babip": ".377", "groundOutsToAirouts": "0.56", "catchersInterference": 0, "atBatsPerHomeRun": "-.--"}, "team": {"id": 142, "name": "Minnesota Twins", "link": "/api/v1/teams/142"}, "player": {"id": 110469, "fullName": "Doug Baker", "link": "/api/v1/people/110469"}, "league": {"id": 103, "name": "American League", "link": "/api/v1/league/103"}, "sport": {"id": 1, "link": "/api/v1/sports/1", "abbreviation": "MLB"}, "gameType": "R"}, {"season": "1990", "stat": {"gamesPlayed": 3, "groundOuts": 0, "airOuts": 1, "runs": 0, "doubles": 0, "triples": 0, "homeRuns": 0, "strikeOuts": 0, "baseOnBalls": 0, "intentionalWalks": 0, "hits": 0, "hitByPitch": 0, "avg": ".000", "atBats": 1, "obp": ".000", "slg": ".000", "ops": ".000", "caughtStealing": 0, "stolenBases": 0, "stolenBasePercentage": ".---", "groundIntoDoublePlay": 0, "numberOfPitches": 4, "plateAppearances": 1, "totalBases": 0, "rbi": 0, "leftOnBase": 2, "sacBunts": 0, "sacFlies": 0, "babip": ".000", "groundOutsToAirouts": "0.00", "catchersInterference": 0, "atBatsPerHomeRun": "-.--"}, "team": {"id": 142, "name": "Minnesota Twins", "link": "/api/v1/teams/142"}, "player": {"id": 110469, "fullName": "Doug Baker", "link": "/api/v1/people/110469"}, "league": {"id": 103, "name": "American League", "link": "/api/v1/league/103"}, "sport": {"id": 1, "link": "/api/v1/sports/1", "abbreviation": "MLB"}, "gameType": "R"}]}], "mlbDebutDate": "1984-07-02", "batSide": {"code": "S", "description": "Switch"}, "pitchHand": {"code": "R", "description": "Right"}, "nameFirstLast": "Doug Baker", "nameSlug": "doug-baker-110469", "firstLastName": "Doug Baker", "lastFirstName": "Baker, Doug", "lastInitName": "Baker, D", "initLastName": "D Baker", "fullFMLName": "Douglas Lee Baker", "fullLFMName": "Baker, Douglas Lee", "strikeZoneTop": 3.285, "strikeZoneBottom": 1.487}