{"id": 110465, "fullName": "Charlie Baker", "link": "/api/v1/people/110465", "firstName": "Charles", "lastName": "Baker", "birthDate": "1856-01-15", "currentAge": 81, "birthCity": "West Boylston", "birthStateProvince": "MA", "birthCountry": "USA", "height": "5' 4\"", "weight": 140, "active": false, "primaryPosition": {"code": "9", "name": "Outfielder", "type": "Outfielder", "abbreviation": "RF"}, "useName": "Charlie", "useLastName": "Baker", "middleName": "Arthur", "boxscoreName": "Baker", "gender": "M", "isPlayer": true, "isVerified": true, "deathDate": "1937-01-15", "deathCity": "Goffstown", "deathStateProvince": "NH", "deathCountry": "USA", "stats": [{"type": {"displayName": "career"}, "group": {"displayName": "hitting"}, "exemptions": [], "splits": [{"stat": {"gamesPlayed": 15, "runs": 5, "doubles": 2, "triples": 0, "homeRuns": 1, "baseOnBalls": 0, "hits": 8, "avg": ".140", "atBats": 57, "slg": ".228", "plateAppearances": 57, "totalBases": 13, "atBatsPerHomeRun": "57.00"}, "team": {"id": 193, "link": "/api/v1/teams/193"}, "player": {"id": 110465, "fullName": "Charlie Baker", "link": "/api/v1/people/110465"}, "league": {"id": 101, "link": "/api/v1/league/101"}, "sport": {"id": 1, "link": "/api/v1/sports/1", "abbreviation": "MLB"}, "gameType": "R"}]}, {"type": {"displayName": "career"}, "group": {"displayName": "fielding"}, "exemptions": [], "splits": [{"stat": {"gamesPlayed": 1, "assists": 3, "putOuts": 4, "errors": 2, "chances": 9, "fielding": ".778", "position": {"code": "4", "name": "Second Base", "type": "Infielder", "abbreviation": "2B"}, "rangeFactorPerGame": "7.00", "games": 1, "doublePlays": 1, "triplePlays": 0}, "team": {"id": 193, "link": "/api/v1/teams/193"}, "player": {"id": 110465, "fullName": "Charlie Baker", "link": "/api/v1/people/110465"}, "league": {"id": 101, "link": "/api/v1/league/101"}, "sport": {"id": 1, "link": "/api/v1/sports/1", "abbreviation": "MLB"}, "gameType": "R", "position": {"code": "4", "name": "Second Base", "type": "Infielder", "abbreviation": "2B"}}, {"stat": {"gamesPlayed": 3, "assists": 3, "putOuts": 2, "errors": 2, "chances": 7, "fielding": ".714", "position": {"code": "6", "name": "Shortstop", "type": "Infielder", "abbreviation": "SS"}, "rangeFactorPerGame": "1.67", "games": 3, "doublePlays": 0, "triplePlays": 0}, "team": {"id": 193, "link": "/api/v1/teams/193"}, "player": {"id": 110465, "fullName": "Charlie Baker", "link": "/api/v1/people/110465"}, "league": {"id": 101, "link": "/api/v1/league/101"}, "sport": {"id": 1, "link": "/api/v1/sports/1", "abbreviation": "MLB"}, "gameType": "R", "position": {"code": "6", "name": "Shortstop", "type": "Infielder", "abbreviation": "SS"}}]}, {"type": {"displayName": "yearByYear"}, "group": {"displayName": "hitting"}, "exemptions": [], "splits": [{"season": "1884", "stat": {"gamesPlayed": 15, "runs": 5, "doubles": 2, "triples": 0, "homeRuns": 1, "baseOnBalls": 0, "hits": 8, "avg": ".140", "atBats": 57, "slg": ".228", "plateAppearances": 57, "totalBases": 13, "atBatsPerHomeRun": "57.00"}, "team": {"id": 193, "name": "Chicago Unions", "link": "/api/v1/teams/193"}, "player": {"id": 110465, "fullName": "Charlie Baker", "link": "/api/v1/people/110465"}, "league": {"id": 101, "name": "Union Association", "link": "/api/v1/league/101"}, "sport": {"id": 1, "link": "/api/v1/sports/1", "abbreviation": "MLB"}, "gameType": "R"}]}, {"type": {"displayName": "yearByYear"}, "group": {"displayName": "fielding"}, "exemptions": [], "splits": [{"season": "1884", "stat": {"gamesPlayed": 1, "assists": 3, "putOuts": 4, "errors": 2, "chances": 9, "fielding": ".778", "position": {"code": "4", "name": "Second Base", "type": "Infielder", "abbreviation": "2B"}, "rangeFactorPerGame": "7.00", "games": 1, "doublePlays": 1, "triplePlays": 0}, "team": {"id": 193, "name": "Chicago Unions", "link": "/api/v1/teams/193"}, "player": {"id": 110465, "fullName": "Charlie Baker", "link": "/api/v1/people/110465"}, "league": {"id": 101, "name": "Union Association", "link": "/api/v1/league/101"}, "sport": {"id": 1, "link": "/api/v1/sports/1", "abbreviation": "MLB"}, "gameType": "R", "position": {"code": "4", "name": "Second Base", "type": "Infielder", "abbreviation": "2B"}}, {"season": "1884", "stat": {"gamesPlayed": 3, "assists": 3, "putOuts": 2, "errors": 2, "chances": 7, "fielding": ".714", "position": {"code": "6", "name": "Shortstop", "type": "Infielder", "abbreviation": "SS"}, "rangeFactorPerGame": "1.67", "games": 3, "doublePlays": 0, "triplePlays": 0}, "team": {"id": 193, "name": "Chicago Unions", "link": "/api/v1/teams/193"}, "player": {"id": 110465, "fullName": "Charlie Baker", "link": "/api/v1/people/110465"}, "league": {"id": 101, "name": "Union Association", "link": "/api/v1/league/101"}, "sport": {"id": 1, "link": "/api/v1/sports/1", "abbreviation": "MLB"}, "gameType": "R", "position": {"code": "6", "name": "Shortstop", "type": "Infielder", "abbreviation": "SS"}}]}], "mlbDebutDate": "1884-08-01", "batSide": {"code": "R", "description": "Right"}, "pitchHand": {"code": "R", "description": "Right"}, "nameFirstLast": "Charlie Baker", "nameSlug": "charlie-baker-110465", "firstLastName": "Charlie Baker", "lastFirstName": "Baker, Charlie", "lastInitName": "Baker, C", "initLastName": "C Baker", "fullFMLName": "Charles Arthur Baker", "fullLFMName": "Baker, Charles Arthur", "strikeZoneTop": 2.8, "strikeZoneBottom": 1.34}