{"id": 110431, "fullName": "Jim Bagby", "link": "/api/v1/people/110431", "firstName": "James", "lastName": "Bagby", "birthDate": "1889-10-05", "currentAge": 64, "birthCity": "Barnett", "birthStateProvince": "GA", "birthCountry": "USA", "height": "6' 0\"", "weight": 170, "active": false, "primaryPosition": {"code": "1", "name": "Pitcher", "type": "Pitcher", "abbreviation": "P"}, "useName": "Jim", "useLastName": "Bagby Sr.", "middleName": "Charles", "boxscoreName": "Bagby", "nickName": "Sarge", "gender": "M", "isPlayer": true, "isVerified": true, "deathDate": "1954-07-28", "deathCity": "Marietta", "deathStateProvince": "GA", "deathCountry": "USA", "lastPlayedDate": "1923-09-07", "stats": [{"type": {"displayName": "career"}, "group": {"displayName": "hitting"}, "exemptions": [], "splits": [{"stat": {"gamesPlayed": 325, "runs": 69, "doubles": 35, "triples": 6, "homeRuns": 2, "strikeOuts": 91, "baseOnBalls": 32, "hits": 144, "hitByPitch": 2, "avg": ".218", "atBats": 660, "obp": ".256", "slg": ".298", "ops": ".554", "caughtStealing": 0, "stolenBases": 3, "stolenBasePercentage": "1.000", "plateAppearances": 724, "totalBases": 197, "rbi": 60, "sacBunts": 30, "babip": ".250", "atBatsPerHomeRun": "330.00"}, "player": {"id": 110431, "fullName": "Jim Bagby", "link": "/api/v1/people/110431"}, "sport": {"id": 1, "link": "/api/v1/sports/1", "abbreviation": "MLB"}, "gameType": "R", "numTeams": 3}]}, {"type": {"displayName": "career"}, "group": {"displayName": "pitching"}, "exemptions": [], "splits": [{"stat": {"gamesPlayed": 316, "gamesStarted": 208, "runs": 770, "homeRuns": 47, "strikeOuts": 450, "baseOnBalls": 458, "hits": 1884, "hitByPitch": 33, "avg": ".271", "atBats": 6943, "obp": ".319", "era": "3.12", "inningsPitched": "1821.2", "wins": 127, "losses": 89, "saves": 29, "earnedRuns": 631, "whip": "1.29", "battersFaced": 7482, "outs": 5465, "gamesPitched": 316, "completeGames": 133, "shutouts": 16, "hitBatsmen": 33, "balks": 0, "wildPitches": 19, "winPercentage": ".588", "gamesFinished": 94, "strikeoutWalkRatio": "0.98", "strikeoutsPer9Inn": "2.22", "walksPer9Inn": "2.26", "hitsPer9Inn": "9.31", "runsScoredPer9": "3.80", "homeRunsPer9": "0.23", "sacBunts": 48}, "player": {"id": 110431, "fullName": "Jim Bagby", "link": "/api/v1/people/110431"}, "sport": {"id": 1, "link": "/api/v1/sports/1", "abbreviation": "MLB"}, "gameType": "R", "numTeams": 3}]}, {"type": {"displayName": "career"}, "group": {"displayName": "fielding"}, "exemptions": [], "splits": [{"stat": {"gamesPlayed": 316, "gamesStarted": 208, "assists": 418, "putOuts": 111, "errors": 21, "chances": 550, "fielding": ".962", "position": {"code": "1", "name": "Pitcher", "type": "Pitcher", "abbreviation": "P"}, "rangeFactorPerGame": "1.67", "rangeFactorPer9Inn": "2.61", "innings": "1822.0", "games": 316, "doublePlays": 21, "triplePlays": 0}, "player": {"id": 110431, "fullName": "Jim Bagby", "link": "/api/v1/people/110431"}, "sport": {"id": 1, "link": "/api/v1/sports/1", "abbreviation": "MLB"}, "gameType": "R", "numTeams": 3, "position": {"code": "1", "name": "Pitcher", "type": "Pitcher", "abbreviation": "P"}}]}, {"type": {"displayName": "yearByYear"}, "group": {"displayName": "hitting"}, "exemptions": [], "splits": [{"season": "1912", "stat": {"gamesPlayed": 5, "runs": 0, "doubles": 0, "triples": 0, "homeRuns": 0, "strikeOuts": 3, "baseOnBalls": 0, "hits": 0, "hitByPitch": 0, "avg": ".000", "atBats": 5, "obp": ".000", "slg": ".000", "ops": ".000", "stolenBases": 0, "plateAppearances": 5, "totalBases": 0, "rbi": 0, "sacBunts": 0, "babip": ".000", "atBatsPerHomeRun": "-.--"}, "team": {"id": 113, "name": "Cincinnati Reds", "link": "/api/v1/teams/113"}, "player": {"id": 110431, "fullName": "Jim Bagby", "link": "/api/v1/people/110431"}, "league": {"id": 104, "name": "National League", "link": "/api/v1/league/104"}, "sport": {"id": 1, "link": "/api/v1/sports/1", "abbreviation": "MLB"}, "gameType": "R"}, {"season": "1916", "stat": {"gamesPlayed": 51, "runs": 12, "doubles": 2, "triples": 1, "homeRuns": 0, "strikeOuts": 18, "baseOnBalls": 6, "hits": 15, "hitByPitch": 0, "avg": ".167", "atBats": 90, "obp": ".219", "slg": ".211", "ops": ".430", "stolenBases": 1, "plateAppearances": 105, "totalBases": 19, "rbi": 4, "sacBunts": 9, "babip": ".208", "atBatsPerHomeRun": "-.--"}, "team": {"id": 114, "name": "Cleveland Indians", "link": "/api/v1/teams/114"}, "player": {"id": 110431, "fullName": "Jim Bagby", "link": "/api/v1/people/110431"}, "league": {"id": 103, "name": "American League", "link": "/api/v1/league/103"}, "sport": {"id": 1, "link": "/api/v1/sports/1", "abbreviation": "MLB"}, "gameType": "R"}, {"season": "1917", "stat": {"gamesPlayed": 49, "runs": 12, "doubles": 6, "triples": 1, "homeRuns": 0, "strikeOuts": 19, "baseOnBalls": 2, "hits": 25, "hitByPitch": 1, "avg": ".231", "atBats": 108, "obp": ".252", "slg": ".306", "ops": ".558", "stolenBases": 1, "plateAppearances": 114, "totalBases": 33, "rbi": 8, "sacBunts": 3, "babip": ".281", "atBatsPerHomeRun": "-.--"}, "team": {"id": 114, "name": "Cleveland Indians", "link": "/api/v1/teams/114"}, "player": {"id": 110431, "fullName": "Jim Bagby", "link": "/api/v1/people/110431"}, "league": {"id": 103, "name": "American League", "link": "/api/v1/league/103"}, "sport": {"id": 1, "link": "/api/v1/sports/1", "abbreviation": "MLB"}, "gameType": "R"}, {"season": "1918", "stat": {"gamesPlayed": 47, "runs": 5, "doubles": 3, "triples": 0, "homeRuns": 0, "strikeOuts": 9, "baseOnBalls": 6, "hits": 21, "hitByPitch": 0, "avg": ".212", "atBats": 99, "obp": ".257", "slg": ".242", "ops": ".499", "stolenBases": 1, "plateAppearances": 108, "totalBases": 24, "rbi": 8, "sacBunts": 3, "babip": ".233", "atBatsPerHomeRun": "-.--"}, "team": {"id": 114, "name": "Cleveland Indians", "link": "/api/v1/teams/114"}, "player": {"id": 110431, "fullName": "Jim Bagby", "link": "/api/v1/people/110431"}, "league": {"id": 103, "name": "American League", "link": "/api/v1/league/103"}, "sport": {"id": 1, "link": "/api/v1/sports/1", "abbreviation": "MLB"}, "gameType": "R"}, {"season": "1919", "stat": {"gamesPlayed": 37, "runs": 8, "doubles": 4, "triples": 0, "homeRuns": 1, "strikeOuts": 13, "baseOnBalls": 8, "hits": 23, "hitByPitch": 0, "avg": ".258", "atBats": 89, "obp": ".320", "slg": ".337", "ops": ".657", "stolenBases": 0, "plateAppearances": 101, "totalBases": 30, "rbi": 8, "sacBunts": 4, "babip": ".293", "atBatsPerHomeRun": "89.00"}, "team": {"id": 114, "name": "Cleveland Indians", "link": "/api/v1/teams/114"}, "player": {"id": 110431, "fullName": "Jim Bagby", "link": "/api/v1/people/110431"}, "league": {"id": 103, "name": "American League", "link": "/api/v1/league/103"}, "sport": {"id": 1, "link": "/api/v1/sports/1", "abbreviation": "MLB"}, "gameType": "R"}, {"season": "1920", "stat": {"gamesPlayed": 49, "runs": 17, "doubles": 7, "triples": 3, "homeRuns": 1, "strikeOuts": 17, "baseOnBalls": 6, "hits": 33, "hitByPitch": 0, "avg": ".252", "atBats": 131, "obp": ".285", "slg": ".374", "ops": ".659", "caughtStealing": 0, "stolenBases": 0, "stolenBasePercentage": ".---", "plateAppearances": 144, "totalBases": 49, "rbi": 14, "sacBunts": 7, "babip": ".283", "atBatsPerHomeRun": "131.00"}, "team": {"id": 114, "name": "Cleveland Indians", "link": "/api/v1/teams/114"}, "player": {"id": 110431, "fullName": "Jim Bagby", "link": "/api/v1/people/110431"}, "league": {"id": 103, "name": "American League", "link": "/api/v1/league/103"}, "sport": {"id": 1, "link": "/api/v1/sports/1", "abbreviation": "MLB"}, "gameType": "R"}, {"season": "1921", "stat": {"gamesPlayed": 41, "runs": 8, "doubles": 7, "triples": 1, "homeRuns": 0, "strikeOuts": 8, "baseOnBalls": 0, "hits": 15, "hitByPitch": 0, "avg": ".197", "atBats": 76, "obp": ".197", "slg": ".316", "ops": ".513", "caughtStealing": 0, "stolenBases": 0, "stolenBasePercentage": ".---", "plateAppearances": 78, "totalBases": 24, "rbi": 11, "sacBunts": 2, "babip": ".221", "atBatsPerHomeRun": "-.--"}, "team": {"id": 114, "name": "Cleveland Indians", "link": "/api/v1/teams/114"}, "player": {"id": 110431, "fullName": "Jim Bagby", "link": "/api/v1/people/110431"}, "league": {"id": 103, "name": "American League", "link": "/api/v1/league/103"}, "sport": {"id": 1, "link": "/api/v1/sports/1", "abbreviation": "MLB"}, "gameType": "R"}, {"season": "1922", "stat": {"gamesPlayed": 25, "runs": 4, "doubles": 6, "triples": 0, "homeRuns": 0, "strikeOuts": 3, "baseOnBalls": 1, "hits": 11, "hitByPitch": 1, "avg": ".262", "atBats": 42, "obp": ".295", "slg": ".405", "ops": ".700", "caughtStealing": 0, "stolenBases": 0, "stolenBasePercentage": ".---", "plateAppearances": 44, "totalBases": 17, "rbi": 6, "sacBunts": 0, "babip": ".282", "atBatsPerHomeRun": "-.--"}, "team": {"id": 114, "name": "Cleveland Indians", "link": "/api/v1/teams/114"}, "player": {"id": 110431, "fullName": "Jim Bagby", "link": "/api/v1/people/110431"}, "league": {"id": 103, "name": "American League", "link": "/api/v1/league/103"}, "sport": {"id": 1, "link": "/api/v1/sports/1", "abbreviation": "MLB"}, "gameType": "R"}, {"season": "1923", "stat": {"gamesPlayed": 21, "runs": 3, "doubles": 0, "triples": 0, "homeRuns": 0, "strikeOuts": 1, "baseOnBalls": 3, "hits": 1, "hitByPitch": 0, "avg": ".050", "atBats": 20, "obp": ".174", "slg": ".050", "ops": ".224", "caughtStealing": 0, "stolenBases": 0, "stolenBasePercentage": ".---", "plateAppearances": 25, "totalBases": 1, "rbi": 1, "sacBunts": 2, "babip": ".053", "atBatsPerHomeRun": "-.--"}, "team": {"id": 134, "name": "Pittsburgh Pirates", "link": "/api/v1/teams/134"}, "player": {"id": 110431, "fullName": "Jim Bagby", "link": "/api/v1/people/110431"}, "league": {"id": 104, "name": "National League", "link": "/api/v1/league/104"}, "sport": {"id": 1, "link": "/api/v1/sports/1", "abbreviation": "MLB"}, "gameType": "R"}]}, {"type": {"displayName": "yearByYear"}, "group": {"displayName": "pitching"}, "exemptions": [], "splits": [{"season": "1912", "stat": {"gamesPlayed": 5, "gamesStarted": 1, "runs": 6, "homeRuns": 2, "strikeOuts": 10, "baseOnBalls": 9, "hits": 17, "hitByPitch": 0, "avg": ".270", "atBats": 63, "obp": ".361", "era": "3.12", "inningsPitched": "17.1", "wins": 2, "losses": 1, "saves": 0, "earnedRuns": 6, "whip": "1.50", "battersFaced": 73, "outs": 52, "gamesPitched": 5, "completeGames": 0, "shutouts": 0, "hitBatsmen": 0, "balks": 0, "wildPitches": 0, "winPercentage": ".667", "gamesFinished": 3, "strikeoutWalkRatio": "1.11", "strikeoutsPer9Inn": "5.19", "walksPer9Inn": "4.67", "hitsPer9Inn": "8.83", "runsScoredPer9": "3.12", "homeRunsPer9": "1.04", "sacBunts": 1}, "team": {"id": 113, "name": "Cincinnati Reds", "link": "/api/v1/teams/113"}, "player": {"id": 110431, "fullName": "Jim Bagby", "link": "/api/v1/people/110431"}, "league": {"id": 104, "name": "National League", "link": "/api/v1/league/104"}, "sport": {"id": 1, "link": "/api/v1/sports/1", "abbreviation": "MLB"}, "gameType": "R"}, {"season": "1916", "stat": {"gamesPlayed": 48, "gamesStarted": 27, "runs": 109, "homeRuns": 2, "strikeOuts": 88, "baseOnBalls": 67, "hits": 253, "hitByPitch": 8, "avg": ".251", "atBats": 1008, "obp": ".303", "era": "2.61", "inningsPitched": "272.2", "wins": 16, "losses": 17, "saves": 5, "earnedRuns": 79, "whip": "1.17", "battersFaced": 1083, "outs": 818, "gamesPitched": 48, "completeGames": 14, "shutouts": 3, "hitBatsmen": 8, "balks": 0, "wildPitches": 7, "winPercentage": ".485", "gamesFinished": 19, "strikeoutWalkRatio": "1.31", "strikeoutsPer9Inn": "2.90", "walksPer9Inn": "2.21", "hitsPer9Inn": "8.35", "runsScoredPer9": "3.60", "homeRunsPer9": "0.07"}, "team": {"id": 114, "name": "Cleveland Indians", "link": "/api/v1/teams/114"}, "player": {"id": 110431, "fullName": "Jim Bagby", "link": "/api/v1/people/110431"}, "league": {"id": 103, "name": "American League", "link": "/api/v1/league/103"}, "sport": {"id": 1, "link": "/api/v1/sports/1", "abbreviation": "MLB"}, "gameType": "R"}, {"season": "1917", "stat": {"gamesPlayed": 49, "gamesStarted": 37, "runs": 90, "homeRuns": 6, "strikeOuts": 83, "baseOnBalls": 73, "hits": 277, "hitByPitch": 6, "avg": ".235", "atBats": 1179, "obp": ".283", "era": "1.96", "inningsPitched": "320.2", "wins": 23, "losses": 13, "saves": 7, "earnedRuns": 70, "whip": "1.09", "battersFaced": 1258, "outs": 962, "gamesPitched": 49, "completeGames": 26, "shutouts": 8, "hitBatsmen": 6, "balks": 0, "wildPitches": 2, "winPercentage": ".639", "gamesFinished": 12, "strikeoutWalkRatio": "1.14", "strikeoutsPer9Inn": "2.33", "walksPer9Inn": "2.05", "hitsPer9Inn": "7.77", "runsScoredPer9": "2.53", "homeRunsPer9": "0.17"}, "team": {"id": 114, "name": "Cleveland Indians", "link": "/api/v1/teams/114"}, "player": {"id": 110431, "fullName": "Jim Bagby", "link": "/api/v1/people/110431"}, "league": {"id": 103, "name": "American League", "link": "/api/v1/league/103"}, "sport": {"id": 1, "link": "/api/v1/sports/1", "abbreviation": "MLB"}, "gameType": "R"}, {"season": "1918", "stat": {"gamesPlayed": 45, "gamesStarted": 31, "runs": 107, "homeRuns": 0, "strikeOuts": 57, "baseOnBalls": 78, "hits": 274, "hitByPitch": 2, "avg": ".265", "atBats": 1033, "obp": ".318", "era": "2.69", "inningsPitched": "271.1", "wins": 17, "losses": 16, "saves": 6, "earnedRuns": 81, "whip": "1.30", "battersFaced": 1113, "outs": 814, "gamesPitched": 45, "completeGames": 23, "shutouts": 2, "hitBatsmen": 2, "balks": 0, "wildPitches": 2, "winPercentage": ".515", "gamesFinished": 14, "strikeoutWalkRatio": "0.73", "strikeoutsPer9Inn": "1.89", "walksPer9Inn": "2.59", "hitsPer9Inn": "9.09", "runsScoredPer9": "3.55", "homeRunsPer9": "0.00"}, "team": {"id": 114, "name": "Cleveland Indians", "link": "/api/v1/teams/114"}, "player": {"id": 110431, "fullName": "Jim Bagby", "link": "/api/v1/people/110431"}, "league": {"id": 103, "name": "American League", "link": "/api/v1/league/103"}, "sport": {"id": 1, "link": "/api/v1/sports/1", "abbreviation": "MLB"}, "gameType": "R"}, {"season": "1919", "stat": {"gamesPlayed": 35, "gamesStarted": 32, "runs": 96, "homeRuns": 3, "strikeOuts": 61, "baseOnBalls": 44, "hits": 258, "hitByPitch": 4, "avg": ".275", "atBats": 939, "obp": ".310", "era": "2.80", "inningsPitched": "241.1", "wins": 17, "losses": 11, "saves": 3, "earnedRuns": 75, "whip": "1.25", "battersFaced": 987, "outs": 724, "gamesPitched": 35, "completeGames": 21, "shutouts": 0, "hitBatsmen": 4, "balks": 0, "wildPitches": 2, "winPercentage": ".607", "gamesFinished": 3, "strikeoutWalkRatio": "1.39", "strikeoutsPer9Inn": "2.27", "walksPer9Inn": "1.64", "hitsPer9Inn": "9.62", "runsScoredPer9": "3.58", "homeRunsPer9": "0.11"}, "team": {"id": 114, "name": "Cleveland Indians", "link": "/api/v1/teams/114"}, "player": {"id": 110431, "fullName": "Jim Bagby", "link": "/api/v1/people/110431"}, "league": {"id": 103, "name": "American League", "link": "/api/v1/league/103"}, "sport": {"id": 1, "link": "/api/v1/sports/1", "abbreviation": "MLB"}, "gameType": "R"}, {"season": "1920", "stat": {"gamesPlayed": 48, "gamesStarted": 38, "runs": 122, "homeRuns": 9, "strikeOuts": 73, "baseOnBalls": 79, "hits": 338, "hitByPitch": 5, "avg": ".266", "atBats": 1271, "obp": ".311", "era": "2.89", "inningsPitched": "339.2", "wins": 31, "losses": 12, "saves": 0, "earnedRuns": 109, "whip": "1.23", "battersFaced": 1355, "outs": 1019, "gamesPitched": 48, "completeGames": 30, "shutouts": 3, "hitBatsmen": 5, "balks": 0, "wildPitches": 6, "winPercentage": ".721", "gamesFinished": 9, "strikeoutWalkRatio": "0.92", "strikeoutsPer9Inn": "1.93", "walksPer9Inn": "2.09", "hitsPer9Inn": "8.96", "runsScoredPer9": "3.23", "homeRunsPer9": "0.24"}, "team": {"id": 114, "name": "Cleveland Indians", "link": "/api/v1/teams/114"}, "player": {"id": 110431, "fullName": "Jim Bagby", "link": "/api/v1/people/110431"}, "league": {"id": 103, "name": "American League", "link": "/api/v1/league/103"}, "sport": {"id": 1, "link": "/api/v1/sports/1", "abbreviation": "MLB"}, "gameType": "R"}, {"season": "1921", "stat": {"gamesPlayed": 40, "gamesStarted": 26, "runs": 114, "homeRuns": 14, "strikeOuts": 37, "baseOnBalls": 44, "hits": 238, "hitByPitch": 4, "avg": ".308", "atBats": 773, "obp": ".348", "era": "4.79", "inningsPitched": "191.2", "wins": 14, "losses": 12, "saves": 4, "earnedRuns": 102, "whip": "1.47", "battersFaced": 841, "outs": 575, "gamesPitched": 40, "completeGames": 13, "shutouts": 0, "hitBatsmen": 4, "balks": 0, "wildPitches": 0, "winPercentage": ".538", "gamesFinished": 13, "strikeoutWalkRatio": "0.84", "strikeoutsPer9Inn": "1.74", "walksPer9Inn": "2.07", "hitsPer9Inn": "11.18", "runsScoredPer9": "5.35", "homeRunsPer9": "0.66", "sacBunts": 20}, "team": {"id": 114, "name": "Cleveland Indians", "link": "/api/v1/teams/114"}, "player": {"id": 110431, "fullName": "Jim Bagby", "link": "/api/v1/people/110431"}, "league": {"id": 103, "name": "American League", "link": "/api/v1/league/103"}, "sport": {"id": 1, "link": "/api/v1/sports/1", "abbreviation": "MLB"}, "gameType": "R"}, {"season": "1922", "stat": {"gamesPlayed": 25, "gamesStarted": 10, "runs": 77, "homeRuns": 5, "strikeOuts": 25, "baseOnBalls": 39, "hits": 134, "hitByPitch": 3, "avg": ".340", "atBats": 394, "obp": ".404", "era": "6.32", "inningsPitched": "98.1", "wins": 4, "losses": 5, "saves": 1, "earnedRuns": 69, "whip": "1.76", "battersFaced": 451, "outs": 295, "gamesPitched": 25, "completeGames": 4, "shutouts": 0, "hitBatsmen": 3, "balks": 0, "wildPitches": 0, "winPercentage": ".444", "gamesFinished": 11, "strikeoutWalkRatio": "0.64", "strikeoutsPer9Inn": "2.29", "walksPer9Inn": "3.57", "hitsPer9Inn": "12.26", "runsScoredPer9": "7.05", "homeRunsPer9": "0.46", "sacBunts": 15}, "team": {"id": 114, "name": "Cleveland Indians", "link": "/api/v1/teams/114"}, "player": {"id": 110431, "fullName": "Jim Bagby", "link": "/api/v1/people/110431"}, "league": {"id": 103, "name": "American League", "link": "/api/v1/league/103"}, "sport": {"id": 1, "link": "/api/v1/sports/1", "abbreviation": "MLB"}, "gameType": "R"}, {"season": "1923", "stat": {"gamesPlayed": 21, "gamesStarted": 6, "runs": 49, "homeRuns": 6, "strikeOuts": 16, "baseOnBalls": 25, "hits": 95, "hitByPitch": 1, "avg": ".336", "atBats": 283, "obp": ".392", "era": "5.24", "inningsPitched": "68.2", "wins": 3, "losses": 2, "saves": 3, "earnedRuns": 40, "whip": "1.75", "battersFaced": 321, "outs": 206, "gamesPitched": 21, "completeGames": 2, "shutouts": 0, "hitBatsmen": 1, "balks": 0, "wildPitches": 0, "winPercentage": ".600", "gamesFinished": 10, "strikeoutWalkRatio": "0.64", "strikeoutsPer9Inn": "2.10", "walksPer9Inn": "3.28", "hitsPer9Inn": "12.45", "runsScoredPer9": "6.42", "homeRunsPer9": "0.79", "sacBunts": 12}, "team": {"id": 134, "name": "Pittsburgh Pirates", "link": "/api/v1/teams/134"}, "player": {"id": 110431, "fullName": "Jim Bagby", "link": "/api/v1/people/110431"}, "league": {"id": 104, "name": "National League", "link": "/api/v1/league/104"}, "sport": {"id": 1, "link": "/api/v1/sports/1", "abbreviation": "MLB"}, "gameType": "R"}]}, {"type": {"displayName": "yearByYear"}, "group": {"displayName": "fielding"}, "exemptions": [], "splits": [{"season": "1912", "stat": {"gamesPlayed": 5, "gamesStarted": 1, "assists": 4, "putOuts": 1, "errors": 0, "chances": 5, "fielding": "1.000", "position": {"code": "1", "name": "Pitcher", "type": "Pitcher", "abbreviation": "P"}, "rangeFactorPerGame": "1.00", "rangeFactorPer9Inn": "2.65", "innings": "17.1", "games": 5, "doublePlays": 0, "triplePlays": 0}, "team": {"id": 113, "name": "Cincinnati Reds", "link": "/api/v1/teams/113"}, "player": {"id": 110431, "fullName": "Jim Bagby", "link": "/api/v1/people/110431"}, "league": {"id": 104, "name": "National League", "link": "/api/v1/league/104"}, "sport": {"id": 1, "link": "/api/v1/sports/1", "abbreviation": "MLB"}, "gameType": "R", "position": {"code": "1", "name": "Pitcher", "type": "Pitcher", "abbreviation": "P"}}, {"season": "1916", "stat": {"gamesPlayed": 48, "gamesStarted": 27, "assists": 62, "putOuts": 24, "errors": 5, "chances": 91, "fielding": ".945", "position": {"code": "1", "name": "Pitcher", "type": "Pitcher", "abbreviation": "P"}, "rangeFactorPerGame": "1.79", "rangeFactorPer9Inn": "2.82", "innings": "274.1", "games": 48, "doublePlays": 3, "triplePlays": 0}, "team": {"id": 114, "name": "Cleveland Indians", "link": "/api/v1/teams/114"}, "player": {"id": 110431, "fullName": "Jim Bagby", "link": "/api/v1/people/110431"}, "league": {"id": 103, "name": "American League", "link": "/api/v1/league/103"}, "sport": {"id": 1, "link": "/api/v1/sports/1", "abbreviation": "MLB"}, "gameType": "R", "position": {"code": "1", "name": "Pitcher", "type": "Pitcher", "abbreviation": "P"}}, {"season": "1917", "stat": {"gamesPlayed": 49, "gamesStarted": 37, "assists": 77, "putOuts": 25, "errors": 3, "chances": 105, "fielding": ".971", "position": {"code": "1", "name": "Pitcher", "type": "Pitcher", "abbreviation": "P"}, "rangeFactorPerGame": "2.08", "rangeFactorPer9Inn": "2.85", "innings": "322.0", "games": 49, "doublePlays": 5, "triplePlays": 0}, "team": {"id": 114, "name": "Cleveland Indians", "link": "/api/v1/teams/114"}, "player": {"id": 110431, "fullName": "Jim Bagby", "link": "/api/v1/people/110431"}, "league": {"id": 103, "name": "American League", "link": "/api/v1/league/103"}, "sport": {"id": 1, "link": "/api/v1/sports/1", "abbreviation": "MLB"}, "gameType": "R", "position": {"code": "1", "name": "Pitcher", "type": "Pitcher", "abbreviation": "P"}}, {"season": "1918", "stat": {"gamesPlayed": 45, "gamesStarted": 31, "assists": 67, "putOuts": 15, "errors": 4, "chances": 86, "fielding": ".953", "position": {"code": "1", "name": "Pitcher", "type": "Pitcher", "abbreviation": "P"}, "rangeFactorPerGame": "1.82", "rangeFactorPer9Inn": "2.73", "innings": "270.0", "games": 45, "doublePlays": 2, "triplePlays": 0}, "team": {"id": 114, "name": "Cleveland Indians", "link": "/api/v1/teams/114"}, "player": {"id": 110431, "fullName": "Jim Bagby", "link": "/api/v1/people/110431"}, "league": {"id": 103, "name": "American League", "link": "/api/v1/league/103"}, "sport": {"id": 1, "link": "/api/v1/sports/1", "abbreviation": "MLB"}, "gameType": "R", "position": {"code": "1", "name": "Pitcher", "type": "Pitcher", "abbreviation": "P"}}, {"season": "1919", "stat": {"gamesPlayed": 35, "gamesStarted": 32, "assists": 64, "putOuts": 14, "errors": 4, "chances": 82, "fielding": ".951", "position": {"code": "1", "name": "Pitcher", "type": "Pitcher", "abbreviation": "P"}, "rangeFactorPerGame": "2.23", "rangeFactorPer9Inn": "2.91", "innings": "241.1", "games": 35, "doublePlays": 2, "triplePlays": 0}, "team": {"id": 114, "name": "Cleveland Indians", "link": "/api/v1/teams/114"}, "player": {"id": 110431, "fullName": "Jim Bagby", "link": "/api/v1/people/110431"}, "league": {"id": 103, "name": "American League", "link": "/api/v1/league/103"}, "sport": {"id": 1, "link": "/api/v1/sports/1", "abbreviation": "MLB"}, "gameType": "R", "position": {"code": "1", "name": "Pitcher", "type": "Pitcher", "abbreviation": "P"}}, {"season": "1920", "stat": {"gamesPlayed": 48, "gamesStarted": 38, "assists": 58, "putOuts": 16, "errors": 2, "chances": 76, "fielding": ".974", "position": {"code": "1", "name": "Pitcher", "type": "Pitcher", "abbreviation": "P"}, "rangeFactorPerGame": "1.54", "rangeFactorPer9Inn": "1.96", "innings": "339.2", "games": 48, "doublePlays": 2, "triplePlays": 0}, "team": {"id": 114, "name": "Cleveland Indians", "link": "/api/v1/teams/114"}, "player": {"id": 110431, "fullName": "Jim Bagby", "link": "/api/v1/people/110431"}, "league": {"id": 103, "name": "American League", "link": "/api/v1/league/103"}, "sport": {"id": 1, "link": "/api/v1/sports/1", "abbreviation": "MLB"}, "gameType": "R", "position": {"code": "1", "name": "Pitcher", "type": "Pitcher", "abbreviation": "P"}}, {"season": "1921", "stat": {"gamesPlayed": 40, "gamesStarted": 26, "assists": 43, "putOuts": 12, "errors": 3, "chances": 58, "fielding": ".948", "position": {"code": "1", "name": "Pitcher", "type": "Pitcher", "abbreviation": "P"}, "rangeFactorPerGame": "1.38", "rangeFactorPer9Inn": "2.59", "innings": "191.1", "games": 40, "doublePlays": 3, "triplePlays": 0}, "team": {"id": 114, "name": "Cleveland Indians", "link": "/api/v1/teams/114"}, "player": {"id": 110431, "fullName": "Jim Bagby", "link": "/api/v1/people/110431"}, "league": {"id": 103, "name": "American League", "link": "/api/v1/league/103"}, "sport": {"id": 1, "link": "/api/v1/sports/1", "abbreviation": "MLB"}, "gameType": "R", "position": {"code": "1", "name": "Pitcher", "type": "Pitcher", "abbreviation": "P"}}, {"season": "1922", "stat": {"gamesPlayed": 25, "gamesStarted": 10, "assists": 33, "putOuts": 3, "errors": 0, "chances": 36, "fielding": "1.000", "position": {"code": "1", "name": "Pitcher", "type": "Pitcher", "abbreviation": "P"}, "rangeFactorPerGame": "1.44", "rangeFactorPer9Inn": "3.34", "innings": "97.1", "games": 25, "doublePlays": 0, "triplePlays": 0}, "team": {"id": 114, "name": "Cleveland Indians", "link": "/api/v1/teams/114"}, "player": {"id": 110431, "fullName": "Jim Bagby", "link": "/api/v1/people/110431"}, "league": {"id": 103, "name": "American League", "link": "/api/v1/league/103"}, "sport": {"id": 1, "link": "/api/v1/sports/1", "abbreviation": "MLB"}, "gameType": "R", "position": {"code": "1", "name": "Pitcher", "type": "Pitcher", "abbreviation": "P"}}, {"season": "1923", "stat": {"gamesPlayed": 21, "gamesStarted": 6, "assists": 10, "putOuts": 1, "errors": 0, "chances": 11, "fielding": "1.000", "position": {"code": "1", "name": "Pitcher", "type": "Pitcher", "abbreviation": "P"}, "rangeFactorPerGame": "0.52", "rangeFactorPer9Inn": "1.46", "innings": "68.2", "games": 21, "doublePlays": 4, "triplePlays": 0}, "team": {"id": 134, "name": "Pittsburgh Pirates", "link": "/api/v1/teams/134"}, "player": {"id": 110431, "fullName": "Jim Bagby", "link": "/api/v1/people/110431"}, "league": {"id": 104, "name": "National League", "link": "/api/v1/league/104"}, "sport": {"id": 1, "link": "/api/v1/sports/1", "abbreviation": "MLB"}, "gameType": "R", "position": {"code": "1", "name": "Pitcher", "type": "Pitcher", "abbreviation": "P"}}]}], "mlbDebutDate": "1912-04-22", "batSide": {"code": "S", "description": "Switch"}, "pitchHand": {"code": "R", "description": "Right"}, "nameFirstLast": "Jim Bagby", "nameTitle": "Sr.", "nameSuffix": "Sr.", "nameSlug": "jim-bagby-110431", "firstLastName": "Jim Bagby", "lastFirstName": "Bagby, Jim", "lastInitName": "Bagby Sr., J", "initLastName": "J Bagby", "fullFMLName": "James Charles Bagby Sr.", "fullLFMName": "Bagby Sr., James Charles", "strikeZoneTop": 3.371, "strikeZoneBottom": 1.535}