{"id": 110168, "fullName": "Bob Allietta", "link": "/api/v1/people/110168", "firstName": "Robert", "lastName": "Allietta", "primaryNumber": "18", "birthDate": "1952-05-01", "currentAge": 71, "birthCity": "New Bedford", "birthStateProvince": "MA", "birthCountry": "USA", "height": "6' 0\"", "weight": 190, "active": false, "primaryPosition": {"code": "2", "name": "Catcher", "type": "Catcher", "abbreviation": "C"}, "useName": "Bob", "useLastName": "Allietta", "middleName": "George", "boxscoreName": "Allietta", "gender": "M", "isPlayer": true, "isVerified": true, "draftYear": 1970, "lastPlayedDate": "1975-09-28", "stats": [{"type": {"displayName": "career"}, "group": {"displayName": "hitting"}, "exemptions": [], "splits": [{"stat": {"gamesPlayed": 21, "groundOuts": 4, "airOuts": 1, "runs": 4, "doubles": 1, "triples": 0, "homeRuns": 1, "strikeOuts": 6, "baseOnBalls": 1, "intentionalWalks": 1, "hits": 8, "hitByPitch": 0, "avg": ".178", "atBats": 45, "obp": ".196", "slg": ".267", "ops": ".463", "caughtStealing": 0, "stolenBases": 0, "stolenBasePercentage": ".---", "groundIntoDoublePlay": 1, "numberOfPitches": 62, "plateAppearances": 47, "totalBases": 12, "rbi": 2, "leftOnBase": 23, "sacBunts": 1, "sacFlies": 0, "babip": ".184", "groundOutsToAirouts": "4.00", "catchersInterference": 0, "atBatsPerHomeRun": "45.00"}, "team": {"id": 108, "name": "Los Angeles Angels", "link": "/api/v1/teams/108"}, "player": {"id": 110168, "fullName": "Bob Allietta", "link": "/api/v1/people/110168"}, "league": {"id": 103, "name": "American League", "link": "/api/v1/league/103"}, "sport": {"id": 1, "link": "/api/v1/sports/1", "abbreviation": "MLB"}, "gameType": "R"}]}, {"type": {"displayName": "career"}, "group": {"displayName": "fielding"}, "exemptions": [], "splits": [{"stat": {"gamesPlayed": 21, "gamesStarted": 13, "caughtStealing": 4, "stolenBases": 12, "stolenBasePercentage": ".750", "assists": 5, "putOuts": 93, "errors": 0, "chances": 98, "fielding": "1.000", "position": {"code": "2", "name": "Catcher", "type": "Catcher", "abbreviation": "C"}, "rangeFactorPerGame": "4.67", "rangeFactorPer9Inn": "7.23", "innings": "122.0", "games": 21, "passedBall": 2, "doublePlays": 0, "triplePlays": 0, "catcherERA": "3.39", "catchersInterference": 0, "wildPitches": 3, "throwingErrors": 0, "pickoffs": 0}, "team": {"id": 108, "name": "Los Angeles Angels", "link": "/api/v1/teams/108"}, "player": {"id": 110168, "fullName": "Bob Allietta", "link": "/api/v1/people/110168"}, "league": {"id": 103, "name": "American League", "link": "/api/v1/league/103"}, "sport": {"id": 1, "link": "/api/v1/sports/1", "abbreviation": "MLB"}, "gameType": "R", "position": {"code": "2", "name": "Catcher", "type": "Catcher", "abbreviation": "C"}}]}, {"type": {"displayName": "yearByYear"}, "group": {"displayName": "hitting"}, "exemptions": [], "splits": [{"season": "1975", "stat": {"gamesPlayed": 21, "groundOuts": 4, "airOuts": 1, "runs": 4, "doubles": 1, "triples": 0, "homeRuns": 1, "strikeOuts": 6, "baseOnBalls": 1, "intentionalWalks": 1, "hits": 8, "hitByPitch": 0, "avg": ".178", "atBats": 45, "obp": ".196", "slg": ".267", "ops": ".463", "caughtStealing": 0, "stolenBases": 0, "stolenBasePercentage": ".---", "groundIntoDoublePlay": 1, "numberOfPitches": 62, "plateAppearances": 47, "totalBases": 12, "rbi": 2, "leftOnBase": 23, "sacBunts": 1, "sacFlies": 0, "babip": ".184", "groundOutsToAirouts": "4.00", "catchersInterference": 0, "atBatsPerHomeRun": "45.00"}, "team": {"id": 108, "name": "California Angels", "link": "/api/v1/teams/108"}, "player": {"id": 110168, "fullName": "Bob Allietta", "link": "/api/v1/people/110168"}, "league": {"id": 103, "name": "American League", "link": "/api/v1/league/103"}, "sport": {"id": 1, "link": "/api/v1/sports/1", "abbreviation": "MLB"}, "gameType": "R"}]}, {"type": {"displayName": "yearByYear"}, "group": {"displayName": "fielding"}, "exemptions": [], "splits": [{"season": "1975", "stat": {"gamesPlayed": 21, "gamesStarted": 13, "caughtStealing": 4, "stolenBases": 12, "stolenBasePercentage": ".750", "assists": 5, "putOuts": 93, "errors": 0, "chances": 98, "fielding": "1.000", "position": {"code": "2", "name": "Catcher", "type": "Catcher", "abbreviation": "C"}, "rangeFactorPerGame": "4.67", "rangeFactorPer9Inn": "7.23", "innings": "122.0", "games": 21, "passedBall": 2, "doublePlays": 0, "triplePlays": 0, "catcherERA": "3.39", "catchersInterference": 0, "wildPitches": 3, "throwingErrors": 0, "pickoffs": 0}, "team": {"id": 108, "name": "California Angels", "link": "/api/v1/teams/108"}, "player": {"id": 110168, "fullName": "Bob Allietta", "link": "/api/v1/people/110168"}, "league": {"id": 103, "name": "American League", "link": "/api/v1/league/103"}, "sport": {"id": 1, "link": "/api/v1/sports/1", "abbreviation": "MLB"}, "gameType": "R", "position": {"code": "2", "name": "Catcher", "type": "Catcher", "abbreviation": "C"}}]}], "mlbDebutDate": "1975-05-06", "batSide": {"code": "R", "description": "Right"}, "pitchHand": {"code": "R", "description": "Right"}, "nameFirstLast": "Bob Allietta", "nameSlug": "bob-allietta-110168", "firstLastName": "Bob Allietta", "lastFirstName": "Allietta, Bob", "lastInitName": "Allietta, B", "initLastName": "B Allietta", "fullFMLName": "Robert George Allietta", "fullLFMName": "Allietta, Robert George", "strikeZoneTop": 3.371, "strikeZoneBottom": 1.535}