{"id": 110336, "fullName": "Brad Arnsberg", "link": "/api/v1/people/110336", "firstName": "Bradley", "lastName": "Arnsberg", "primaryNumber": "28", "birthDate": "1963-08-20", "currentAge": 60, "birthCity": "Seattle", "birthStateProvince": "WA", "birthCountry": "USA", "height": "6' 4\"", "weight": 215, "active": false, "primaryPosition": {"code": "1", "name": "Pitcher", "type": "Pitcher", "abbreviation": "P"}, "useName": "Brad", "useLastName": "Arnsberg", "middleName": "James", "boxscoreName": "Arnsberg", "gender": "M", "isPlayer": true, "isVerified": true, "draftYear": 1981, "lastPlayedDate": "1992-04-23", "stats": [{"type": {"displayName": "career"}, "group": {"displayName": "fielding"}, "exemptions": [], "splits": [{"stat": {"gamesPlayed": 94, "gamesStarted": 4, "assists": 27, "putOuts": 12, "errors": 1, "chances": 40, "fielding": ".975", "position": {"code": "1", "name": "Pitcher", "type": "Pitcher", "abbreviation": "P"}, "rangeFactorPerGame": "0.41", "rangeFactorPer9Inn": "2.22", "innings": "158.1", "games": 94, "doublePlays": 4, "triplePlays": 0, "throwingErrors": 1}, "player": {"id": 110336, "fullName": "Brad Arnsberg", "link": "/api/v1/people/110336"}, "sport": {"id": 1, "link": "/api/v1/sports/1", "abbreviation": "MLB"}, "gameType": "R", "numTeams": 3, "position": {"code": "1", "name": "Pitcher", "type": "Pitcher", "abbreviation": "P"}}]}, {"type": {"displayName": "career"}, "group": {"displayName": "hitting"}, "exemptions": [], "splits": [{"stat": {"gamesPlayed": 78, "groundOuts": 0, "airOuts": 0, "runs": 0, "doubles": 0, "triples": 0, "homeRuns": 0, "strikeOuts": 0, "baseOnBalls": 0, "intentionalWalks": 0, "hits": 0, "hitByPitch": 0, "avg": ".000", "atBats": 0, "obp": ".000", "slg": ".000", "ops": ".000", "caughtStealing": 0, "stolenBases": 0, "stolenBasePercentage": ".---", "groundIntoDoublePlay": 0, "numberOfPitches": 0, "plateAppearances": 0, "totalBases": 0, "rbi": 0, "leftOnBase": 0, "sacBunts": 0, "sacFlies": 0, "babip": ".---", "groundOutsToAirouts": "-.--", "catchersInterference": 0, "atBatsPerHomeRun": "-.--"}, "team": {"id": 140, "name": "Texas Rangers", "link": "/api/v1/teams/140"}, "player": {"id": 110336, "fullName": "Brad Arnsberg", "link": "/api/v1/people/110336"}, "league": {"id": 103, "name": "American League", "link": "/api/v1/league/103"}, "sport": {"id": 1, "link": "/api/v1/sports/1", "abbreviation": "MLB"}, "gameType": "R"}]}, {"type": {"displayName": "career"}, "group": {"displayName": "pitching"}, "exemptions": [], "splits": [{"stat": {"gamesPlayed": 94, "gamesStarted": 4, "groundOuts": 159, "airOuts": 144, "runs": 85, "doubles": 23, "triples": 1, "homeRuns": 27, "strikeOuts": 100, "baseOnBalls": 85, "intentionalWalks": 4, "hits": 159, "hitByPitch": 7, "avg": ".259", "atBats": 614, "obp": ".353", "slg": ".432", "ops": ".785", "caughtStealing": 3, "stolenBases": 4, "stolenBasePercentage": ".571", "groundIntoDoublePlay": 12, "numberOfPitches": 2320, "era": "4.26", "inningsPitched": "158.1", "wins": 9, "losses": 6, "saves": 6, "saveOpportunities": 6, "holds": 0, "blownSaves": 0, "earnedRuns": 75, "whip": "1.54", "battersFaced": 714, "outs": 475, "gamesPitched": 94, "completeGames": 0, "shutouts": 0, "strikes": 1396, "strikePercentage": ".600", "hitBatsmen": 7, "balks": 3, "wildPitches": 18, "pickoffs": 3, "totalBases": 265, "groundOutsToAirouts": "1.10", "winPercentage": ".600", "pitchesPerInning": "14.65", "gamesFinished": 29, "strikeoutWalkRatio": "1.18", "strikeoutsPer9Inn": "5.68", "walksPer9Inn": "4.83", "hitsPer9Inn": "9.04", "runsScoredPer9": "4.83", "homeRunsPer9": "1.53", "inheritedRunners": 77, "inheritedRunnersScored": 30, "catchersInterference": 0, "sacBunts": 3, "sacFlies": 5}, "player": {"id": 110336, "fullName": "Brad Arnsberg", "link": "/api/v1/people/110336"}, "sport": {"id": 1, "link": "/api/v1/sports/1", "abbreviation": "MLB"}, "gameType": "R", "numTeams": 3}]}, {"type": {"displayName": "yearByYear"}, "group": {"displayName": "fielding"}, "exemptions": [], "splits": [{"season": "1986", "stat": {"gamesPlayed": 2, "gamesStarted": 1, "assists": 0, "putOuts": 0, "errors": 0, "chances": 0, "fielding": ".000", "position": {"code": "1", "name": "Pitcher", "type": "Pitcher", "abbreviation": "P"}, "rangeFactorPerGame": "0.00", "rangeFactorPer9Inn": "0.00", "innings": "8.0", "games": 2, "doublePlays": 0, "triplePlays": 0, "throwingErrors": 0}, "team": {"id": 147, "name": "New York Yankees", "link": "/api/v1/teams/147"}, "player": {"id": 110336, "fullName": "Brad Arnsberg", "link": "/api/v1/people/110336"}, "league": {"id": 103, "name": "American League", "link": "/api/v1/league/103"}, "sport": {"id": 1, "link": "/api/v1/sports/1", "abbreviation": "MLB"}, "gameType": "R", "position": {"code": "1", "name": "Pitcher", "type": "Pitcher", "abbreviation": "P"}}, {"season": "1987", "stat": {"gamesPlayed": 6, "gamesStarted": 2, "assists": 5, "putOuts": 1, "errors": 0, "chances": 6, "fielding": "1.000", "position": {"code": "1", "name": "Pitcher", "type": "Pitcher", "abbreviation": "P"}, "rangeFactorPerGame": "1.00", "rangeFactorPer9Inn": "2.84", "innings": "19.1", "games": 6, "doublePlays": 0, "triplePlays": 0, "throwingErrors": 0}, "team": {"id": 147, "name": "New York Yankees", "link": "/api/v1/teams/147"}, "player": {"id": 110336, "fullName": "Brad Arnsberg", "link": "/api/v1/people/110336"}, "league": {"id": 103, "name": "American League", "link": "/api/v1/league/103"}, "sport": {"id": 1, "link": "/api/v1/sports/1", "abbreviation": "MLB"}, "gameType": "R", "position": {"code": "1", "name": "Pitcher", "type": "Pitcher", "abbreviation": "P"}}, {"season": "1989", "stat": {"gamesPlayed": 16, "gamesStarted": 1, "assists": 10, "putOuts": 4, "errors": 0, "chances": 14, "fielding": "1.000", "position": {"code": "1", "name": "Pitcher", "type": "Pitcher", "abbreviation": "P"}, "rangeFactorPerGame": "0.88", "rangeFactorPer9Inn": "2.63", "innings": "48.0", "games": 16, "doublePlays": 2, "triplePlays": 0, "throwingErrors": 0}, "team": {"id": 140, "name": "Texas Rangers", "link": "/api/v1/teams/140"}, "player": {"id": 110336, "fullName": "Brad Arnsberg", "link": "/api/v1/people/110336"}, "league": {"id": 103, "name": "American League", "link": "/api/v1/league/103"}, "sport": {"id": 1, "link": "/api/v1/sports/1", "abbreviation": "MLB"}, "gameType": "R", "position": {"code": "1", "name": "Pitcher", "type": "Pitcher", "abbreviation": "P"}}, {"season": "1990", "stat": {"gamesPlayed": 53, "gamesStarted": 0, "assists": 11, "putOuts": 5, "errors": 0, "chances": 16, "fielding": "1.000", "position": {"code": "1", "name": "Pitcher", "type": "Pitcher", "abbreviation": "P"}, "rangeFactorPerGame": "0.30", "rangeFactorPer9Inn": "2.32", "innings": "62.2", "games": 53, "doublePlays": 2, "triplePlays": 0, "throwingErrors": 0}, "team": {"id": 140, "name": "Texas Rangers", "link": "/api/v1/teams/140"}, "player": {"id": 110336, "fullName": "Brad Arnsberg", "link": "/api/v1/people/110336"}, "league": {"id": 103, "name": "American League", "link": "/api/v1/league/103"}, "sport": {"id": 1, "link": "/api/v1/sports/1", "abbreviation": "MLB"}, "gameType": "R", "position": {"code": "1", "name": "Pitcher", "type": "Pitcher", "abbreviation": "P"}}, {"season": "1991", "stat": {"gamesPlayed": 9, "gamesStarted": 0, "assists": 1, "putOuts": 0, "errors": 1, "chances": 2, "fielding": ".500", "position": {"code": "1", "name": "Pitcher", "type": "Pitcher", "abbreviation": "P"}, "rangeFactorPerGame": "0.11", "rangeFactorPer9Inn": "1.00", "innings": "9.2", "games": 9, "doublePlays": 0, "triplePlays": 0, "throwingErrors": 1}, "team": {"id": 140, "name": "Texas Rangers", "link": "/api/v1/teams/140"}, "player": {"id": 110336, "fullName": "Brad Arnsberg", "link": "/api/v1/people/110336"}, "league": {"id": 103, "name": "American League", "link": "/api/v1/league/103"}, "sport": {"id": 1, "link": "/api/v1/sports/1", "abbreviation": "MLB"}, "gameType": "R", "position": {"code": "1", "name": "Pitcher", "type": "Pitcher", "abbreviation": "P"}}, {"season": "1992", "stat": {"gamesPlayed": 8, "gamesStarted": 0, "assists": 0, "putOuts": 2, "errors": 0, "chances": 2, "fielding": "1.000", "position": {"code": "1", "name": "Pitcher", "type": "Pitcher", "abbreviation": "P"}, "rangeFactorPerGame": "0.25", "rangeFactorPer9Inn": "1.80", "innings": "10.2", "games": 8, "doublePlays": 0, "triplePlays": 0, "throwingErrors": 0}, "team": {"id": 114, "name": "Cleveland Indians", "link": "/api/v1/teams/114"}, "player": {"id": 110336, "fullName": "Brad Arnsberg", "link": "/api/v1/people/110336"}, "league": {"id": 103, "name": "American League", "link": "/api/v1/league/103"}, "sport": {"id": 1, "link": "/api/v1/sports/1", "abbreviation": "MLB"}, "gameType": "R", "position": {"code": "1", "name": "Pitcher", "type": "Pitcher", "abbreviation": "P"}}]}, {"type": {"displayName": "yearByYear"}, "group": {"displayName": "hitting"}, "exemptions": [], "splits": [{"season": "1990", "stat": {"gamesPlayed": 53, "groundOuts": 0, "airOuts": 0, "runs": 0, "doubles": 0, "triples": 0, "homeRuns": 0, "strikeOuts": 0, "baseOnBalls": 0, "intentionalWalks": 0, "hits": 0, "hitByPitch": 0, "avg": ".000", "atBats": 0, "obp": ".000", "slg": ".000", "ops": ".000", "caughtStealing": 0, "stolenBases": 0, "stolenBasePercentage": ".---", "groundIntoDoublePlay": 0, "numberOfPitches": 0, "plateAppearances": 0, "totalBases": 0, "rbi": 0, "leftOnBase": 0, "sacBunts": 0, "sacFlies": 0, "babip": ".---", "groundOutsToAirouts": "-.--", "catchersInterference": 0, "atBatsPerHomeRun": "-.--"}, "team": {"id": 140, "name": "Texas Rangers", "link": "/api/v1/teams/140"}, "player": {"id": 110336, "fullName": "Brad Arnsberg", "link": "/api/v1/people/110336"}, "league": {"id": 103, "name": "American League", "link": "/api/v1/league/103"}, "sport": {"id": 1, "link": "/api/v1/sports/1", "abbreviation": "MLB"}, "gameType": "R"}]}, {"type": {"displayName": "yearByYear"}, "group": {"displayName": "pitching"}, "exemptions": [], "splits": [{"season": "1986", "stat": {"gamesPlayed": 2, "gamesStarted": 1, "groundOuts": 4, "airOuts": 7, "runs": 3, "doubles": 2, "triples": 0, "homeRuns": 1, "strikeOuts": 3, "baseOnBalls": 1, "intentionalWalks": 0, "hits": 13, "hitByPitch": 0, "avg": ".342", "atBats": 38, "obp": ".359", "slg": ".474", "ops": ".833", "caughtStealing": 0, "stolenBases": 0, "stolenBasePercentage": ".---", "groundIntoDoublePlay": 1, "numberOfPitches": 48, "era": "3.38", "inningsPitched": "8.0", "wins": 0, "losses": 0, "saves": 0, "saveOpportunities": 0, "holds": 0, "blownSaves": 0, "earnedRuns": 3, "whip": "1.75", "battersFaced": 39, "outs": 24, "gamesPitched": 2, "completeGames": 0, "shutouts": 0, "strikes": 44, "strikePercentage": ".920", "hitBatsmen": 0, "balks": 0, "wildPitches": 0, "pickoffs": 0, "totalBases": 18, "groundOutsToAirouts": "0.57", "winPercentage": ".---", "pitchesPerInning": "6.00", "gamesFinished": 1, "strikeoutWalkRatio": "3.00", "strikeoutsPer9Inn": "3.38", "walksPer9Inn": "1.13", "hitsPer9Inn": "14.63", "runsScoredPer9": "3.38", "homeRunsPer9": "1.13", "inheritedRunners": 0, "inheritedRunnersScored": 0, "catchersInterference": 0, "sacBunts": 0, "sacFlies": 0}, "team": {"id": 147, "name": "New York Yankees", "link": "/api/v1/teams/147"}, "player": {"id": 110336, "fullName": "Brad Arnsberg", "link": "/api/v1/people/110336"}, "league": {"id": 103, "name": "American League", "link": "/api/v1/league/103"}, "sport": {"id": 1, "link": "/api/v1/sports/1", "abbreviation": "MLB"}, "gameType": "R"}, {"season": "1987", "stat": {"gamesPlayed": 6, "gamesStarted": 2, "groundOuts": 5, "airOuts": 6, "runs": 12, "doubles": 4, "triples": 0, "homeRuns": 5, "strikeOuts": 14, "baseOnBalls": 13, "intentionalWalks": 3, "hits": 22, "hitByPitch": 0, "avg": ".289", "atBats": 76, "obp": ".385", "slg": ".539", "ops": ".924", "caughtStealing": 2, "stolenBases": 3, "stolenBasePercentage": ".600", "groundIntoDoublePlay": 0, "numberOfPitches": 158, "era": "5.59", "inningsPitched": "19.1", "wins": 1, "losses": 3, "saves": 0, "saveOpportunities": 0, "holds": 0, "blownSaves": 0, "earnedRuns": 12, "whip": "1.81", "battersFaced": 91, "outs": 58, "gamesPitched": 6, "completeGames": 0, "shutouts": 0, "strikes": 106, "strikePercentage": ".670", "hitBatsmen": 0, "balks": 0, "wildPitches": 1, "pickoffs": 1, "totalBases": 41, "groundOutsToAirouts": "0.83", "winPercentage": ".250", "pitchesPerInning": "8.17", "gamesFinished": 2, "strikeoutWalkRatio": "1.08", "strikeoutsPer9Inn": "6.52", "walksPer9Inn": "6.05", "hitsPer9Inn": "10.24", "runsScoredPer9": "5.59", "homeRunsPer9": "2.33", "inheritedRunners": 3, "inheritedRunnersScored": 0, "catchersInterference": 0, "sacBunts": 0, "sacFlies": 2}, "team": {"id": 147, "name": "New York Yankees", "link": "/api/v1/teams/147"}, "player": {"id": 110336, "fullName": "Brad Arnsberg", "link": "/api/v1/people/110336"}, "league": {"id": 103, "name": "American League", "link": "/api/v1/league/103"}, "sport": {"id": 1, "link": "/api/v1/sports/1", "abbreviation": "MLB"}, "gameType": "R"}, {"season": "1989", "stat": {"gamesPlayed": 16, "gamesStarted": 1, "groundOuts": 54, "airOuts": 49, "runs": 27, "doubles": 5, "triples": 1, "homeRuns": 6, "strikeOuts": 26, "baseOnBalls": 22, "intentionalWalks": 0, "hits": 45, "hitByPitch": 3, "avg": ".247", "atBats": 182, "obp": ".337", "slg": ".385", "ops": ".722", "caughtStealing": 1, "stolenBases": 0, "stolenBasePercentage": ".000", "groundIntoDoublePlay": 3, "numberOfPitches": 738, "era": "4.13", "inningsPitched": "48.0", "wins": 2, "losses": 1, "saves": 1, "saveOpportunities": 1, "holds": 0, "blownSaves": 0, "earnedRuns": 22, "whip": "1.40", "battersFaced": 209, "outs": 144, "gamesPitched": 16, "completeGames": 0, "shutouts": 0, "strikes": 447, "strikePercentage": ".610", "hitBatsmen": 3, "balks": 2, "wildPitches": 6, "pickoffs": 0, "totalBases": 70, "groundOutsToAirouts": "1.10", "winPercentage": ".667", "pitchesPerInning": "15.38", "gamesFinished": 3, "strikeoutWalkRatio": "1.18", "strikeoutsPer9Inn": "4.88", "walksPer9Inn": "4.13", "hitsPer9Inn": "8.44", "runsScoredPer9": "5.06", "homeRunsPer9": "1.13", "inheritedRunners": 24, "inheritedRunnersScored": 10, "catchersInterference": 0, "sacBunts": 1, "sacFlies": 1}, "team": {"id": 140, "name": "Texas Rangers", "link": "/api/v1/teams/140"}, "player": {"id": 110336, "fullName": "Brad Arnsberg", "link": "/api/v1/people/110336"}, "league": {"id": 103, "name": "American League", "link": "/api/v1/league/103"}, "sport": {"id": 1, "link": "/api/v1/sports/1", "abbreviation": "MLB"}, "gameType": "R"}, {"season": "1990", "stat": {"gamesPlayed": 53, "gamesStarted": 0, "groundOuts": 69, "airOuts": 65, "runs": 20, "doubles": 11, "triples": 0, "homeRuns": 4, "strikeOuts": 44, "baseOnBalls": 33, "intentionalWalks": 1, "hits": 56, "hitByPitch": 2, "avg": ".235", "atBats": 238, "obp": ".331", "slg": ".332", "ops": ".663", "caughtStealing": 0, "stolenBases": 1, "stolenBasePercentage": "1.000", "groundIntoDoublePlay": 3, "numberOfPitches": 967, "era": "2.15", "inningsPitched": "62.2", "wins": 6, "losses": 1, "saves": 5, "saveOpportunities": 5, "holds": 0, "blownSaves": 0, "earnedRuns": 15, "whip": "1.42", "battersFaced": 277, "outs": 188, "gamesPitched": 53, "completeGames": 0, "shutouts": 0, "strikes": 569, "strikePercentage": ".590", "hitBatsmen": 2, "balks": 0, "wildPitches": 8, "pickoffs": 2, "totalBases": 79, "groundOutsToAirouts": "1.06", "winPercentage": ".857", "pitchesPerInning": "15.43", "gamesFinished": 20, "strikeoutWalkRatio": "1.33", "strikeoutsPer9Inn": "6.32", "walksPer9Inn": "4.74", "hitsPer9Inn": "8.04", "runsScoredPer9": "2.87", "homeRunsPer9": "0.57", "inheritedRunners": 44, "inheritedRunnersScored": 18, "catchersInterference": 0, "sacBunts": 2, "sacFlies": 2}, "team": {"id": 140, "name": "Texas Rangers", "link": "/api/v1/teams/140"}, "player": {"id": 110336, "fullName": "Brad Arnsberg", "link": "/api/v1/people/110336"}, "league": {"id": 103, "name": "American League", "link": "/api/v1/league/103"}, "sport": {"id": 1, "link": "/api/v1/sports/1", "abbreviation": "MLB"}, "gameType": "R"}, {"season": "1991", "stat": {"gamesPlayed": 9, "gamesStarted": 0, "groundOuts": 12, "airOuts": 9, "runs": 9, "doubles": 0, "triples": 0, "homeRuns": 5, "strikeOuts": 8, "baseOnBalls": 5, "intentionalWalks": 0, "hits": 10, "hitByPitch": 0, "avg": ".256", "atBats": 39, "obp": ".341", "slg": ".641", "ops": ".982", "caughtStealing": 0, "stolenBases": 0, "stolenBasePercentage": ".---", "groundIntoDoublePlay": 1, "numberOfPitches": 180, "era": "8.38", "inningsPitched": "9.2", "wins": 0, "losses": 1, "saves": 0, "saveOpportunities": 0, "holds": 0, "blownSaves": 0, "earnedRuns": 9, "whip": "1.55", "battersFaced": 44, "outs": 29, "gamesPitched": 9, "completeGames": 0, "shutouts": 0, "strikes": 106, "strikePercentage": ".590", "hitBatsmen": 0, "balks": 1, "wildPitches": 1, "pickoffs": 0, "totalBases": 25, "groundOutsToAirouts": "1.33", "winPercentage": ".000", "pitchesPerInning": "18.62", "gamesFinished": 2, "strikeoutWalkRatio": "1.60", "strikeoutsPer9Inn": "7.45", "walksPer9Inn": "4.66", "hitsPer9Inn": "9.31", "runsScoredPer9": "8.38", "homeRunsPer9": "4.66", "inheritedRunners": 4, "inheritedRunnersScored": 2, "catchersInterference": 0, "sacBunts": 0, "sacFlies": 0}, "team": {"id": 140, "name": "Texas Rangers", "link": "/api/v1/teams/140"}, "player": {"id": 110336, "fullName": "Brad Arnsberg", "link": "/api/v1/people/110336"}, "league": {"id": 103, "name": "American League", "link": "/api/v1/league/103"}, "sport": {"id": 1, "link": "/api/v1/sports/1", "abbreviation": "MLB"}, "gameType": "R"}, {"season": "1992", "stat": {"gamesPlayed": 8, "gamesStarted": 0, "groundOuts": 15, "airOuts": 8, "runs": 14, "doubles": 1, "triples": 0, "homeRuns": 6, "strikeOuts": 5, "baseOnBalls": 11, "intentionalWalks": 0, "hits": 13, "hitByPitch": 2, "avg": ".317", "atBats": 41, "obp": ".481", "slg": ".780", "ops": "1.261", "caughtStealing": 0, "stolenBases": 0, "stolenBasePercentage": ".---", "groundIntoDoublePlay": 4, "numberOfPitches": 229, "era": "11.81", "inningsPitched": "10.2", "wins": 0, "losses": 0, "saves": 0, "saveOpportunities": 0, "holds": 0, "blownSaves": 0, "earnedRuns": 14, "whip": "2.25", "battersFaced": 54, "outs": 32, "gamesPitched": 8, "completeGames": 0, "shutouts": 0, "strikes": 124, "strikePercentage": ".540", "hitBatsmen": 2, "balks": 0, "wildPitches": 2, "pickoffs": 0, "totalBases": 32, "groundOutsToAirouts": "1.88", "winPercentage": ".---", "pitchesPerInning": "21.47", "gamesFinished": 1, "strikeoutWalkRatio": "0.45", "strikeoutsPer9Inn": "4.22", "walksPer9Inn": "9.28", "hitsPer9Inn": "10.97", "runsScoredPer9": "11.81", "homeRunsPer9": "5.06", "inheritedRunners": 2, "inheritedRunnersScored": 0, "catchersInterference": 0, "sacBunts": 0, "sacFlies": 0}, "team": {"id": 114, "name": "Cleveland Indians", "link": "/api/v1/teams/114"}, "player": {"id": 110336, "fullName": "Brad Arnsberg", "link": "/api/v1/people/110336"}, "league": {"id": 103, "name": "American League", "link": "/api/v1/league/103"}, "sport": {"id": 1, "link": "/api/v1/sports/1", "abbreviation": "MLB"}, "gameType": "R"}]}], "mlbDebutDate": "1986-09-06", "batSide": {"code": "R", "description": "Right"}, "pitchHand": {"code": "R", "description": "Right"}, "nameFirstLast": "Brad Arnsberg", "nameSlug": "brad-arnsberg-110336", "firstLastName": "Brad Arnsberg", "lastFirstName": "Arnsberg, Brad", "lastInitName": "Arnsberg, B", "initLastName": "B Arnsberg", "fullFMLName": "Bradley James Arnsberg", "fullLFMName": "Arnsberg, Bradley James", "strikeZoneTop": 3.549, "strikeZoneBottom": 1.627}