{"id": 110461, "fullName": "Jersey Bakley", "link": "/api/v1/people/110461", "firstName": "Edward", "lastName": "Bakley", "birthDate": "1864-04-17", "currentAge": 50, "birthCity": "Blackwood", "birthStateProvince": "NJ", "birthCountry": "USA", "height": "5' 8\"", "weight": 170, "active": false, "primaryPosition": {"code": "1", "name": "Pitcher", "type": "Pitcher", "abbreviation": "P"}, "useName": "Jersey", "useLastName": "Bakley", "middleName": "Enoch", "boxscoreName": "Bakley", "gender": "M", "isPlayer": true, "isVerified": true, "deathDate": "1915-02-17", "deathCity": "Philadelphia", "deathStateProvince": "PA", "deathCountry": "USA", "stats": [{"type": {"displayName": "career"}, "group": {"displayName": "pitching"}, "exemptions": [], "splits": [{"stat": {"gamesPlayed": 215, "gamesStarted": 204, "runs": 1321, "homeRuns": 43, "strikeOuts": 669, "baseOnBalls": 564, "hits": 1909, "hitByPitch": 37, "avg": ".356", "atBats": 5362, "obp": ".421", "era": "3.66", "inningsPitched": "1782.2", "wins": 76, "losses": 125, "saves": 0, "earnedRuns": 725, "whip": "1.39", "battersFaced": 5963, "outs": 5348, "gamesPitched": 215, "completeGames": 191, "shutouts": 7, "hitBatsmen": 37, "balks": 0, "wildPitches": 152, "winPercentage": ".378", "gamesFinished": 11, "strikeoutWalkRatio": "1.19", "strikeoutsPer9Inn": "3.38", "walksPer9Inn": "2.85", "hitsPer9Inn": "9.64", "runsScoredPer9": "6.67", "homeRunsPer9": "0.22"}, "player": {"id": 110461, "fullName": "Jersey Bakley", "link": "/api/v1/people/110461"}, "sport": {"id": 1, "link": "/api/v1/sports/1", "abbreviation": "MLB"}, "gameType": "R", "numTeams": 8}]}, {"type": {"displayName": "career"}, "group": {"displayName": "hitting"}, "exemptions": [], "splits": [{"stat": {"gamesPlayed": 222, "runs": 70, "doubles": 12, "triples": 4, "homeRuns": 2, "strikeOuts": 86, "baseOnBalls": 83, "hits": 111, "hitByPitch": 3, "avg": ".153", "atBats": 727, "obp": ".242", "slg": ".188", "ops": ".430", "stolenBases": 2, "plateAppearances": 813, "totalBases": 137, "rbi": 33, "babip": ".171", "atBatsPerHomeRun": "363.50"}, "player": {"id": 110461, "fullName": "Jersey Bakley", "link": "/api/v1/people/110461"}, "sport": {"id": 1, "link": "/api/v1/sports/1", "abbreviation": "MLB"}, "gameType": "R", "numTeams": 8}]}, {"type": {"displayName": "career"}, "group": {"displayName": "fielding"}, "exemptions": [], "splits": [{"stat": {"gamesPlayed": 215, "gamesStarted": 204, "assists": 369, "putOuts": 74, "errors": 71, "chances": 514, "fielding": ".862", "position": {"code": "1", "name": "Pitcher", "type": "Pitcher", "abbreviation": "P"}, "rangeFactorPerGame": "2.06", "rangeFactorPer9Inn": "2.24", "innings": "1782.2", "games": 215, "doublePlays": 14, "triplePlays": 0}, "player": {"id": 110461, "fullName": "Jersey Bakley", "link": "/api/v1/people/110461"}, "sport": {"id": 1, "link": "/api/v1/sports/1", "abbreviation": "MLB"}, "gameType": "R", "numTeams": 8, "position": {"code": "1", "name": "Pitcher", "type": "Pitcher", "abbreviation": "P"}}, {"stat": {"gamesPlayed": 3, "assists": 1, "putOuts": 26, "errors": 1, "chances": 28, "fielding": ".964", "position": {"code": "3", "name": "First Base", "type": "Infielder", "abbreviation": "1B"}, "rangeFactorPerGame": "9.00", "games": 3, "doublePlays": 2, "triplePlays": 0}, "team": {"id": 175, "link": "/api/v1/teams/175"}, "player": {"id": 110461, "fullName": "Jersey Bakley", "link": "/api/v1/people/110461"}, "league": {"id": 101, "link": "/api/v1/league/101"}, "sport": {"id": 1, "link": "/api/v1/sports/1", "abbreviation": "MLB"}, "gameType": "R", "position": {"code": "3", "name": "First Base", "type": "Infielder", "abbreviation": "1B"}}, {"stat": {"gamesPlayed": 2, "assists": 6, "putOuts": 2, "errors": 1, "chances": 9, "fielding": ".889", "position": {"code": "6", "name": "Shortstop", "type": "Infielder", "abbreviation": "SS"}, "rangeFactorPerGame": "4.00", "games": 2, "doublePlays": 0, "triplePlays": 0}, "player": {"id": 110461, "fullName": "Jersey Bakley", "link": "/api/v1/people/110461"}, "sport": {"id": 1, "link": "/api/v1/sports/1", "abbreviation": "MLB"}, "gameType": "R", "numTeams": 2, "position": {"code": "6", "name": "Shortstop", "type": "Infielder", "abbreviation": "SS"}}]}, {"type": {"displayName": "yearByYear"}, "group": {"displayName": "pitching"}, "exemptions": [], "splits": [{"season": "1883", "stat": {"gamesPlayed": 8, "gamesStarted": 8, "runs": 47, "homeRuns": 0, "strikeOuts": 14, "baseOnBalls": 12, "hits": 65, "era": "3.23", "inningsPitched": "61.1", "wins": 5, "losses": 3, "saves": 0, "earnedRuns": 22, "whip": "1.26", "battersFaced": 12, "outs": 184, "gamesPitched": 8, "completeGames": 7, "shutouts": 0, "balks": 0, "wildPitches": 4, "winPercentage": ".625", "gamesFinished": 0, "strikeoutWalkRatio": "1.17", "strikeoutsPer9Inn": "2.05", "walksPer9Inn": "1.76", "hitsPer9Inn": "9.54", "runsScoredPer9": "6.90", "homeRunsPer9": "0.00"}, "team": {"id": 172, "name": "Philadelphia Athletics", "link": "/api/v1/teams/172"}, "player": {"id": 110461, "fullName": "Jersey Bakley", "link": "/api/v1/people/110461"}, "league": {"id": 100, "name": "American Association", "link": "/api/v1/league/100"}, "sport": {"id": 1, "link": "/api/v1/sports/1", "abbreviation": "MLB"}, "gameType": "R"}, {"season": "1884", "stat": {"gamesPlayed": 5, "gamesStarted": 5, "runs": 16, "homeRuns": 0, "strikeOuts": 13, "baseOnBalls": 4, "hits": 29, "era": "2.45", "inningsPitched": "33.0", "wins": 2, "losses": 3, "saves": 0, "earnedRuns": 9, "whip": "1.00", "battersFaced": 4, "outs": 99, "gamesPitched": 5, "completeGames": 3, "shutouts": 0, "balks": 0, "wildPitches": 4, "winPercentage": ".400", "gamesFinished": 0, "strikeoutWalkRatio": "3.25", "strikeoutsPer9Inn": "3.55", "walksPer9Inn": "1.09", "hitsPer9Inn": "7.91", "runsScoredPer9": "4.36", "homeRunsPer9": "0.00"}, "team": {"id": 130, "name": "Kansas City Unions", "link": "/api/v1/teams/130"}, "player": {"id": 110461, "fullName": "Jersey Bakley", "link": "/api/v1/people/110461"}, "league": {"id": 101, "name": "Union Association", "link": "/api/v1/league/101"}, "sport": {"id": 1, "link": "/api/v1/sports/1", "abbreviation": "MLB"}, "gameType": "R"}, {"season": "1884", "stat": {"gamesPlayed": 39, "gamesStarted": 38, "runs": 305, "homeRuns": 0, "strikeOuts": 204, "baseOnBalls": 76, "hits": 390, "era": "4.47", "inningsPitched": "344.2", "wins": 14, "losses": 25, "saves": 0, "earnedRuns": 171, "whip": "1.35", "battersFaced": 76, "outs": 1034, "gamesPitched": 39, "completeGames": 38, "shutouts": 1, "balks": 0, "wildPitches": 50, "winPercentage": ".359", "gamesFinished": 1, "strikeoutWalkRatio": "2.68", "strikeoutsPer9Inn": "5.33", "walksPer9Inn": "1.98", "hitsPer9Inn": "10.18", "runsScoredPer9": "7.96", "homeRunsPer9": "0.00"}, "team": {"id": 175, "name": "Philadelphia Keystones", "link": "/api/v1/teams/175"}, "player": {"id": 110461, "fullName": "Jersey Bakley", "link": "/api/v1/people/110461"}, "league": {"id": 101, "name": "Union Association", "link": "/api/v1/league/101"}, "sport": {"id": 1, "link": "/api/v1/sports/1", "abbreviation": "MLB"}, "gameType": "R"}, {"season": "1884", "stat": {"gamesPlayed": 2, "gamesStarted": 2, "runs": 17, "homeRuns": 0, "strikeOuts": 9, "baseOnBalls": 1, "hits": 24, "era": "4.24", "inningsPitched": "17.0", "wins": 0, "losses": 2, "saves": 0, "earnedRuns": 8, "whip": "1.47", "battersFaced": 1, "outs": 51, "gamesPitched": 2, "completeGames": 2, "shutouts": 0, "balks": 0, "wildPitches": 2, "winPercentage": ".000", "gamesFinished": 0, "strikeoutWalkRatio": "9.00", "strikeoutsPer9Inn": "4.76", "walksPer9Inn": "0.53", "hitsPer9Inn": "12.71", "runsScoredPer9": "9.00", "homeRunsPer9": "0.00"}, "team": {"id": 223, "name": "Wilmington Quicksteps", "link": "/api/v1/teams/223"}, "player": {"id": 110461, "fullName": "Jersey Bakley", "link": "/api/v1/people/110461"}, "league": {"id": 101, "name": "Union Association", "link": "/api/v1/league/101"}, "sport": {"id": 1, "link": "/api/v1/sports/1", "abbreviation": "MLB"}, "gameType": "R"}, {"season": "1884", "stat": {"gamesPlayed": 46, "gamesStarted": 45, "runs": 338, "homeRuns": 0, "strikeOuts": 226, "baseOnBalls": 81, "hits": 443, "era": "4.29", "inningsPitched": "394.2", "wins": 16, "losses": 30, "saves": 0, "earnedRuns": 188, "whip": "1.33", "battersFaced": 81, "outs": 1184, "gamesPitched": 46, "completeGames": 43, "shutouts": 1, "balks": 0, "wildPitches": 56, "winPercentage": ".348", "gamesFinished": 1, "strikeoutWalkRatio": "2.79", "strikeoutsPer9Inn": "5.15", "walksPer9Inn": "1.85", "hitsPer9Inn": "10.10", "runsScoredPer9": "7.71", "homeRunsPer9": "0.00"}, "player": {"id": 110461, "fullName": "Jersey Bakley", "link": "/api/v1/people/110461"}, "sport": {"id": 1, "link": "/api/v1/sports/1", "abbreviation": "MLB"}, "gameType": "R", "numTeams": 3}, {"season": "1888", "stat": {"gamesPlayed": 61, "gamesStarted": 61, "runs": 321, "homeRuns": 14, "strikeOuts": 212, "baseOnBalls": 128, "hits": 518, "hitByPitch": 15, "avg": ".246", "atBats": 2108, "obp": ".294", "era": "2.97", "inningsPitched": "532.2", "wins": 25, "losses": 33, "saves": 0, "earnedRuns": 176, "whip": "1.21", "battersFaced": 2251, "outs": 1598, "gamesPitched": 61, "completeGames": 60, "shutouts": 4, "hitBatsmen": 15, "balks": 0, "wildPitches": 40, "winPercentage": ".431", "gamesFinished": 0, "strikeoutWalkRatio": "1.66", "strikeoutsPer9Inn": "3.58", "walksPer9Inn": "2.16", "hitsPer9Inn": "8.75", "runsScoredPer9": "5.42", "homeRunsPer9": "0.24"}, "team": {"id": 209, "name": "Cleveland Spiders", "link": "/api/v1/teams/209"}, "player": {"id": 110461, "fullName": "Jersey Bakley", "link": "/api/v1/people/110461"}, "league": {"id": 100, "name": "American Association", "link": "/api/v1/league/100"}, "sport": {"id": 1, "link": "/api/v1/sports/1", "abbreviation": "MLB"}, "gameType": "R"}, {"season": "1889", "stat": {"gamesPlayed": 36, "gamesStarted": 34, "runs": 169, "homeRuns": 9, "strikeOuts": 105, "baseOnBalls": 106, "hits": 296, "hitByPitch": 8, "avg": ".247", "atBats": 1197, "obp": ".313", "era": "2.96", "inningsPitched": "304.1", "wins": 12, "losses": 22, "saves": 0, "earnedRuns": 100, "whip": "1.32", "battersFaced": 1311, "outs": 913, "gamesPitched": 36, "completeGames": 33, "shutouts": 2, "hitBatsmen": 8, "balks": 0, "wildPitches": 24, "winPercentage": ".353", "gamesFinished": 2, "strikeoutWalkRatio": "0.99", "strikeoutsPer9Inn": "3.11", "walksPer9Inn": "3.13", "hitsPer9Inn": "8.75", "runsScoredPer9": "5.00", "homeRunsPer9": "0.27"}, "team": {"id": 209, "name": "Cleveland Spiders", "link": "/api/v1/teams/209"}, "player": {"id": 110461, "fullName": "Jersey Bakley", "link": "/api/v1/people/110461"}, "league": {"id": 104, "name": "National League", "link": "/api/v1/league/104"}, "sport": {"id": 1, "link": "/api/v1/sports/1", "abbreviation": "MLB"}, "gameType": "R"}, {"season": "1890", "stat": {"gamesPlayed": 43, "gamesStarted": 38, "runs": 307, "homeRuns": 13, "strikeOuts": 67, "baseOnBalls": 147, "hits": 412, "hitByPitch": 7, "avg": ".295", "atBats": 1396, "obp": ".365", "era": "4.47", "inningsPitched": "326.1", "wins": 12, "losses": 25, "saves": 0, "earnedRuns": 162, "whip": "1.71", "battersFaced": 1550, "outs": 979, "gamesPitched": 43, "completeGames": 32, "shutouts": 0, "hitBatsmen": 7, "balks": 0, "wildPitches": 16, "winPercentage": ".324", "gamesFinished": 5, "strikeoutWalkRatio": "0.46", "strikeoutsPer9Inn": "1.85", "walksPer9Inn": "4.05", "hitsPer9Inn": "11.36", "runsScoredPer9": "8.47", "homeRunsPer9": "0.36"}, "team": {"id": 212, "name": "Cleveland Infants", "link": "/api/v1/teams/212"}, "player": {"id": 110461, "fullName": "Jersey Bakley", "link": "/api/v1/people/110461"}, "league": {"id": 105, "name": "Players League", "link": "/api/v1/league/105"}, "sport": {"id": 1, "link": "/api/v1/sports/1", "abbreviation": "MLB"}, "gameType": "R"}, {"season": "1891", "stat": {"gamesPlayed": 8, "gamesStarted": 6, "runs": 32, "homeRuns": 1, "strikeOuts": 13, "baseOnBalls": 30, "hits": 48, "hitByPitch": 1, "avg": ".214", "atBats": 224, "obp": ".310", "era": "2.29", "inningsPitched": "59.0", "wins": 4, "losses": 2, "saves": 0, "earnedRuns": 15, "whip": "1.32", "battersFaced": 255, "outs": 177, "gamesPitched": 8, "completeGames": 5, "shutouts": 0, "hitBatsmen": 1, "balks": 0, "wildPitches": 3, "winPercentage": ".667", "gamesFinished": 2, "strikeoutWalkRatio": "0.43", "strikeoutsPer9Inn": "1.98", "walksPer9Inn": "4.58", "hitsPer9Inn": "7.32", "runsScoredPer9": "4.88", "homeRunsPer9": "0.15"}, "team": {"id": 166, "name": "Baltimore Orioles", "link": "/api/v1/teams/166"}, "player": {"id": 110461, "fullName": "Jersey Bakley", "link": "/api/v1/people/110461"}, "league": {"id": 100, "name": "American Association", "link": "/api/v1/league/100"}, "sport": {"id": 1, "link": "/api/v1/sports/1", "abbreviation": "MLB"}, "gameType": "R"}, {"season": "1891", "stat": {"gamesPlayed": 13, "gamesStarted": 12, "runs": 107, "homeRuns": 6, "strikeOuts": 32, "baseOnBalls": 60, "hits": 127, "hitByPitch": 6, "avg": ".291", "atBats": 437, "obp": ".384", "era": "5.35", "inningsPitched": "104.1", "wins": 2, "losses": 10, "saves": 0, "earnedRuns": 62, "whip": "1.79", "battersFaced": 503, "outs": 313, "gamesPitched": 13, "completeGames": 11, "shutouts": 0, "hitBatsmen": 6, "balks": 0, "wildPitches": 9, "winPercentage": ".167", "gamesFinished": 1, "strikeoutWalkRatio": "0.53", "strikeoutsPer9Inn": "2.76", "walksPer9Inn": "5.18", "hitsPer9Inn": "10.96", "runsScoredPer9": "9.23", "homeRunsPer9": "0.52"}, "team": {"id": 221, "name": "Washington Senators", "link": "/api/v1/teams/221"}, "player": {"id": 110461, "fullName": "Jersey Bakley", "link": "/api/v1/people/110461"}, "league": {"id": 100, "name": "American Association", "link": "/api/v1/league/100"}, "sport": {"id": 1, "link": "/api/v1/sports/1", "abbreviation": "MLB"}, "gameType": "R"}, {"season": "1891", "stat": {"gamesPlayed": 21, "gamesStarted": 18, "runs": 139, "homeRuns": 7, "strikeOuts": 45, "baseOnBalls": 90, "hits": 175, "hitByPitch": 7, "avg": ".265", "atBats": 661, "obp": ".359", "era": "4.24", "inningsPitched": "163.1", "wins": 6, "losses": 12, "saves": 0, "earnedRuns": 77, "whip": "1.62", "battersFaced": 758, "outs": 490, "gamesPitched": 21, "completeGames": 16, "shutouts": 0, "hitBatsmen": 7, "balks": 0, "wildPitches": 12, "winPercentage": ".333", "gamesFinished": 3, "strikeoutWalkRatio": "0.50", "strikeoutsPer9Inn": "2.48", "walksPer9Inn": "4.96", "hitsPer9Inn": "9.64", "runsScoredPer9": "7.66", "homeRunsPer9": "0.39"}, "player": {"id": 110461, "fullName": "Jersey Bakley", "link": "/api/v1/people/110461"}, "sport": {"id": 1, "link": "/api/v1/sports/1", "abbreviation": "MLB"}, "gameType": "R", "numTeams": 2}]}, {"type": {"displayName": "yearByYear"}, "group": {"displayName": "hitting"}, "exemptions": [], "splits": [{"season": "1883", "stat": {"gamesPlayed": 8, "runs": 4, "doubles": 1, "triples": 0, "homeRuns": 0, "baseOnBalls": 6, "hits": 5, "avg": ".192", "atBats": 26, "slg": ".231", "plateAppearances": 32, "totalBases": 6, "rbi": 2, "atBatsPerHomeRun": "-.--"}, "team": {"id": 172, "name": "Philadelphia Athletics", "link": "/api/v1/teams/172"}, "player": {"id": 110461, "fullName": "Jersey Bakley", "link": "/api/v1/people/110461"}, "league": {"id": 100, "name": "American Association", "link": "/api/v1/league/100"}, "sport": {"id": 1, "link": "/api/v1/sports/1", "abbreviation": "MLB"}, "gameType": "R"}, {"season": "1884", "stat": {"gamesPlayed": 6, "runs": 3, "doubles": 1, "triples": 0, "homeRuns": 0, "baseOnBalls": 1, "hits": 3, "avg": ".150", "atBats": 20, "slg": ".200", "plateAppearances": 21, "totalBases": 4, "atBatsPerHomeRun": "-.--"}, "team": {"id": 130, "name": "Kansas City Unions", "link": "/api/v1/teams/130"}, "player": {"id": 110461, "fullName": "Jersey Bakley", "link": "/api/v1/people/110461"}, "league": {"id": 101, "name": "Union Association", "link": "/api/v1/league/101"}, "sport": {"id": 1, "link": "/api/v1/sports/1", "abbreviation": "MLB"}, "gameType": "R"}, {"season": "1884", "stat": {"gamesPlayed": 45, "runs": 21, "doubles": 4, "triples": 2, "homeRuns": 0, "baseOnBalls": 11, "hits": 22, "avg": ".132", "atBats": 167, "slg": ".180", "plateAppearances": 178, "totalBases": 30, "atBatsPerHomeRun": "-.--"}, "team": {"id": 175, "name": "Philadelphia Keystones", "link": "/api/v1/teams/175"}, "player": {"id": 110461, "fullName": "Jersey Bakley", "link": "/api/v1/people/110461"}, "league": {"id": 101, "name": "Union Association", "link": "/api/v1/league/101"}, "sport": {"id": 1, "link": "/api/v1/sports/1", "abbreviation": "MLB"}, "gameType": "R"}, {"season": "1884", "stat": {"gamesPlayed": 2, "runs": 0, "doubles": 0, "triples": 0, "homeRuns": 0, "baseOnBalls": 1, "hits": 0, "avg": ".000", "atBats": 5, "slg": ".000", "plateAppearances": 6, "totalBases": 0, "atBatsPerHomeRun": "-.--"}, "team": {"id": 223, "name": "Wilmington Quicksteps", "link": "/api/v1/teams/223"}, "player": {"id": 110461, "fullName": "Jersey Bakley", "link": "/api/v1/people/110461"}, "league": {"id": 101, "name": "Union Association", "link": "/api/v1/league/101"}, "sport": {"id": 1, "link": "/api/v1/sports/1", "abbreviation": "MLB"}, "gameType": "R"}, {"season": "1884", "stat": {"gamesPlayed": 53, "runs": 24, "doubles": 5, "triples": 2, "homeRuns": 0, "baseOnBalls": 13, "hits": 25, "avg": ".130", "atBats": 192, "slg": ".177", "plateAppearances": 205, "totalBases": 34, "atBatsPerHomeRun": "-.--"}, "player": {"id": 110461, "fullName": "Jersey Bakley", "link": "/api/v1/people/110461"}, "sport": {"id": 1, "link": "/api/v1/sports/1", "abbreviation": "MLB"}, "gameType": "R", "numTeams": 3}, {"season": "1888", "stat": {"gamesPlayed": 61, "runs": 19, "doubles": 0, "triples": 1, "homeRuns": 1, "baseOnBalls": 26, "hits": 26, "hitByPitch": 1, "avg": ".134", "atBats": 194, "obp": ".240", "slg": ".160", "ops": ".400", "stolenBases": 1, "plateAppearances": 221, "totalBases": 31, "rbi": 9, "atBatsPerHomeRun": "194.00"}, "team": {"id": 209, "name": "Cleveland Spiders", "link": "/api/v1/teams/209"}, "player": {"id": 110461, "fullName": "Jersey Bakley", "link": "/api/v1/people/110461"}, "league": {"id": 100, "name": "American Association", "link": "/api/v1/league/100"}, "sport": {"id": 1, "link": "/api/v1/sports/1", "abbreviation": "MLB"}, "gameType": "R"}, {"season": "1889", "stat": {"gamesPlayed": 36, "runs": 9, "doubles": 1, "triples": 1, "homeRuns": 1, "strikeOuts": 40, "baseOnBalls": 17, "hits": 15, "hitByPitch": 0, "avg": ".135", "atBats": 111, "obp": ".250", "slg": ".189", "ops": ".439", "stolenBases": 1, "plateAppearances": 128, "totalBases": 21, "rbi": 8, "babip": ".200", "atBatsPerHomeRun": "111.00"}, "team": {"id": 209, "name": "Cleveland Spiders", "link": "/api/v1/teams/209"}, "player": {"id": 110461, "fullName": "Jersey Bakley", "link": "/api/v1/people/110461"}, "league": {"id": 104, "name": "National League", "link": "/api/v1/league/104"}, "sport": {"id": 1, "link": "/api/v1/sports/1", "abbreviation": "MLB"}, "gameType": "R"}, {"season": "1890", "stat": {"gamesPlayed": 43, "runs": 10, "doubles": 3, "triples": 0, "homeRuns": 0, "strikeOuts": 28, "baseOnBalls": 11, "hits": 28, "hitByPitch": 1, "avg": ".203", "atBats": 138, "obp": ".267", "slg": ".225", "ops": ".492", "stolenBases": 0, "plateAppearances": 150, "totalBases": 31, "rbi": 9, "babip": ".255", "atBatsPerHomeRun": "-.--"}, "team": {"id": 212, "name": "Cleveland Infants", "link": "/api/v1/teams/212"}, "player": {"id": 110461, "fullName": "Jersey Bakley", "link": "/api/v1/people/110461"}, "league": {"id": 105, "name": "Players League", "link": "/api/v1/league/105"}, "sport": {"id": 1, "link": "/api/v1/sports/1", "abbreviation": "MLB"}, "gameType": "R"}, {"season": "1891", "stat": {"gamesPlayed": 8, "runs": 2, "doubles": 1, "triples": 0, "homeRuns": 0, "strikeOuts": 8, "baseOnBalls": 7, "hits": 2, "hitByPitch": 1, "avg": ".095", "atBats": 21, "obp": ".345", "slg": ".143", "ops": ".488", "stolenBases": 0, "plateAppearances": 29, "totalBases": 3, "rbi": 1, "babip": ".154", "atBatsPerHomeRun": "-.--"}, "team": {"id": 166, "name": "Baltimore Orioles", "link": "/api/v1/teams/166"}, "player": {"id": 110461, "fullName": "Jersey Bakley", "link": "/api/v1/people/110461"}, "league": {"id": 100, "name": "American Association", "link": "/api/v1/league/100"}, "sport": {"id": 1, "link": "/api/v1/sports/1", "abbreviation": "MLB"}, "gameType": "R"}, {"season": "1891", "stat": {"gamesPlayed": 13, "runs": 2, "doubles": 1, "triples": 0, "homeRuns": 0, "strikeOuts": 10, "baseOnBalls": 3, "hits": 10, "hitByPitch": 0, "avg": ".222", "atBats": 45, "obp": ".271", "slg": ".244", "ops": ".515", "stolenBases": 0, "plateAppearances": 48, "totalBases": 11, "rbi": 4, "babip": ".286", "atBatsPerHomeRun": "-.--"}, "team": {"id": 221, "name": "Washington Senators", "link": "/api/v1/teams/221"}, "player": {"id": 110461, "fullName": "Jersey Bakley", "link": "/api/v1/people/110461"}, "league": {"id": 100, "name": "American Association", "link": "/api/v1/league/100"}, "sport": {"id": 1, "link": "/api/v1/sports/1", "abbreviation": "MLB"}, "gameType": "R"}, {"season": "1891", "stat": {"gamesPlayed": 21, "runs": 4, "doubles": 2, "triples": 0, "homeRuns": 0, "strikeOuts": 18, "baseOnBalls": 10, "hits": 12, "hitByPitch": 1, "avg": ".182", "atBats": 66, "obp": ".299", "slg": ".212", "ops": ".511", "stolenBases": 0, "plateAppearances": 77, "totalBases": 14, "rbi": 5, "babip": ".250", "atBatsPerHomeRun": "-.--"}, "player": {"id": 110461, "fullName": "Jersey Bakley", "link": "/api/v1/people/110461"}, "sport": {"id": 1, "link": "/api/v1/sports/1", "abbreviation": "MLB"}, "gameType": "R", "numTeams": 2}]}, {"type": {"displayName": "yearByYear"}, "group": {"displayName": "fielding"}, "exemptions": [], "splits": [{"season": "1883", "stat": {"gamesPlayed": 8, "gamesStarted": 8, "assists": 12, "putOuts": 2, "errors": 1, "chances": 15, "fielding": ".933", "position": {"code": "1", "name": "Pitcher", "type": "Pitcher", "abbreviation": "P"}, "rangeFactorPerGame": "1.75", "rangeFactorPer9Inn": "2.07", "innings": "61.1", "games": 8, "doublePlays": 0, "triplePlays": 0}, "team": {"id": 172, "name": "Philadelphia Athletics", "link": "/api/v1/teams/172"}, "player": {"id": 110461, "fullName": "Jersey Bakley", "link": "/api/v1/people/110461"}, "league": {"id": 100, "name": "American Association", "link": "/api/v1/league/100"}, "sport": {"id": 1, "link": "/api/v1/sports/1", "abbreviation": "MLB"}, "gameType": "R", "position": {"code": "1", "name": "Pitcher", "type": "Pitcher", "abbreviation": "P"}}, {"season": "1884", "stat": {"gamesPlayed": 5, "gamesStarted": 5, "assists": 4, "putOuts": 0, "errors": 3, "chances": 7, "fielding": ".571", "position": {"code": "1", "name": "Pitcher", "type": "Pitcher", "abbreviation": "P"}, "rangeFactorPerGame": "0.80", "rangeFactorPer9Inn": "1.09", "innings": "33.0", "games": 5, "doublePlays": 1, "triplePlays": 0}, "team": {"id": 130, "name": "Kansas City Unions", "link": "/api/v1/teams/130"}, "player": {"id": 110461, "fullName": "Jersey Bakley", "link": "/api/v1/people/110461"}, "league": {"id": 101, "name": "Union Association", "link": "/api/v1/league/101"}, "sport": {"id": 1, "link": "/api/v1/sports/1", "abbreviation": "MLB"}, "gameType": "R", "position": {"code": "1", "name": "Pitcher", "type": "Pitcher", "abbreviation": "P"}}, {"season": "1884", "stat": {"gamesPlayed": 39, "gamesStarted": 38, "assists": 69, "putOuts": 14, "errors": 23, "chances": 106, "fielding": ".783", "position": {"code": "1", "name": "Pitcher", "type": "Pitcher", "abbreviation": "P"}, "rangeFactorPerGame": "2.13", "rangeFactorPer9Inn": "2.17", "innings": "344.2", "games": 39, "doublePlays": 3, "triplePlays": 0}, "team": {"id": 175, "name": "Philadelphia Keystones", "link": "/api/v1/teams/175"}, "player": {"id": 110461, "fullName": "Jersey Bakley", "link": "/api/v1/people/110461"}, "league": {"id": 101, "name": "Union Association", "link": "/api/v1/league/101"}, "sport": {"id": 1, "link": "/api/v1/sports/1", "abbreviation": "MLB"}, "gameType": "R", "position": {"code": "1", "name": "Pitcher", "type": "Pitcher", "abbreviation": "P"}}, {"season": "1884", "stat": {"gamesPlayed": 3, "assists": 1, "putOuts": 26, "errors": 1, "chances": 28, "fielding": ".964", "position": {"code": "3", "name": "First Base", "type": "Infielder", "abbreviation": "1B"}, "rangeFactorPerGame": "9.00", "games": 3, "doublePlays": 2, "triplePlays": 0}, "team": {"id": 175, "name": "Philadelphia Keystones", "link": "/api/v1/teams/175"}, "player": {"id": 110461, "fullName": "Jersey Bakley", "link": "/api/v1/people/110461"}, "league": {"id": 101, "name": "Union Association", "link": "/api/v1/league/101"}, "sport": {"id": 1, "link": "/api/v1/sports/1", "abbreviation": "MLB"}, "gameType": "R", "position": {"code": "3", "name": "First Base", "type": "Infielder", "abbreviation": "1B"}}, {"season": "1884", "stat": {"gamesPlayed": 1, "assists": 1, "putOuts": 1, "errors": 1, "chances": 3, "fielding": ".667", "position": {"code": "6", "name": "Shortstop", "type": "Infielder", "abbreviation": "SS"}, "rangeFactorPerGame": "2.00", "games": 1, "doublePlays": 0, "triplePlays": 0}, "team": {"id": 175, "name": "Philadelphia Keystones", "link": "/api/v1/teams/175"}, "player": {"id": 110461, "fullName": "Jersey Bakley", "link": "/api/v1/people/110461"}, "league": {"id": 101, "name": "Union Association", "link": "/api/v1/league/101"}, "sport": {"id": 1, "link": "/api/v1/sports/1", "abbreviation": "MLB"}, "gameType": "R", "position": {"code": "6", "name": "Shortstop", "type": "Infielder", "abbreviation": "SS"}}, {"season": "1884", "stat": {"gamesPlayed": 2, "gamesStarted": 2, "assists": 4, "putOuts": 1, "errors": 1, "chances": 6, "fielding": ".833", "position": {"code": "1", "name": "Pitcher", "type": "Pitcher", "abbreviation": "P"}, "rangeFactorPerGame": "2.50", "rangeFactorPer9Inn": "2.65", "innings": "17.0", "games": 2, "doublePlays": 0, "triplePlays": 0}, "team": {"id": 223, "name": "Wilmington Quicksteps", "link": "/api/v1/teams/223"}, "player": {"id": 110461, "fullName": "Jersey Bakley", "link": "/api/v1/people/110461"}, "league": {"id": 101, "name": "Union Association", "link": "/api/v1/league/101"}, "sport": {"id": 1, "link": "/api/v1/sports/1", "abbreviation": "MLB"}, "gameType": "R", "position": {"code": "1", "name": "Pitcher", "type": "Pitcher", "abbreviation": "P"}}, {"season": "1884", "stat": {"gamesPlayed": 46, "gamesStarted": 45, "assists": 77, "putOuts": 15, "errors": 27, "chances": 119, "fielding": ".773", "position": {"code": "1", "name": "Pitcher", "type": "Pitcher", "abbreviation": "P"}, "rangeFactorPerGame": "2.00", "rangeFactorPer9Inn": "2.10", "innings": "394.2", "games": 46, "doublePlays": 4, "triplePlays": 0}, "player": {"id": 110461, "fullName": "Jersey Bakley", "link": "/api/v1/people/110461"}, "sport": {"id": 1, "link": "/api/v1/sports/1", "abbreviation": "MLB"}, "gameType": "R", "numTeams": 3, "position": {"code": "1", "name": "Pitcher", "type": "Pitcher", "abbreviation": "P"}}, {"season": "1888", "stat": {"gamesPlayed": 61, "gamesStarted": 61, "assists": 114, "putOuts": 21, "errors": 18, "chances": 153, "fielding": ".882", "position": {"code": "1", "name": "Pitcher", "type": "Pitcher", "abbreviation": "P"}, "rangeFactorPerGame": "2.21", "rangeFactorPer9Inn": "2.28", "innings": "532.2", "games": 61, "doublePlays": 3, "triplePlays": 0}, "team": {"id": 209, "name": "Cleveland Spiders", "link": "/api/v1/teams/209"}, "player": {"id": 110461, "fullName": "Jersey Bakley", "link": "/api/v1/people/110461"}, "league": {"id": 100, "name": "American Association", "link": "/api/v1/league/100"}, "sport": {"id": 1, "link": "/api/v1/sports/1", "abbreviation": "MLB"}, "gameType": "R", "position": {"code": "1", "name": "Pitcher", "type": "Pitcher", "abbreviation": "P"}}, {"season": "1888", "stat": {"gamesPlayed": 1, "assists": 5, "putOuts": 1, "errors": 0, "chances": 6, "fielding": "1.000", "position": {"code": "6", "name": "Shortstop", "type": "Infielder", "abbreviation": "SS"}, "rangeFactorPerGame": "6.00", "games": 1, "doublePlays": 0, "triplePlays": 0}, "team": {"id": 209, "name": "Cleveland Spiders", "link": "/api/v1/teams/209"}, "player": {"id": 110461, "fullName": "Jersey Bakley", "link": "/api/v1/people/110461"}, "league": {"id": 100, "name": "American Association", "link": "/api/v1/league/100"}, "sport": {"id": 1, "link": "/api/v1/sports/1", "abbreviation": "MLB"}, "gameType": "R", "position": {"code": "6", "name": "Shortstop", "type": "Infielder", "abbreviation": "SS"}}, {"season": "1889", "stat": {"gamesPlayed": 36, "gamesStarted": 34, "assists": 63, "putOuts": 19, "errors": 5, "chances": 87, "fielding": ".943", "position": {"code": "1", "name": "Pitcher", "type": "Pitcher", "abbreviation": "P"}, "rangeFactorPerGame": "2.28", "rangeFactorPer9Inn": "2.43", "innings": "304.1", "games": 36, "doublePlays": 5, "triplePlays": 0}, "team": {"id": 209, "name": "Cleveland Spiders", "link": "/api/v1/teams/209"}, "player": {"id": 110461, "fullName": "Jersey Bakley", "link": "/api/v1/people/110461"}, "league": {"id": 104, "name": "National League", "link": "/api/v1/league/104"}, "sport": {"id": 1, "link": "/api/v1/sports/1", "abbreviation": "MLB"}, "gameType": "R", "position": {"code": "1", "name": "Pitcher", "type": "Pitcher", "abbreviation": "P"}}, {"season": "1890", "stat": {"gamesPlayed": 43, "gamesStarted": 38, "assists": 72, "putOuts": 11, "errors": 7, "chances": 90, "fielding": ".922", "position": {"code": "1", "name": "Pitcher", "type": "Pitcher", "abbreviation": "P"}, "rangeFactorPerGame": "1.93", "rangeFactorPer9Inn": "2.29", "innings": "326.1", "games": 43, "doublePlays": 1, "triplePlays": 0}, "team": {"id": 212, "name": "Cleveland Infants", "link": "/api/v1/teams/212"}, "player": {"id": 110461, "fullName": "Jersey Bakley", "link": "/api/v1/people/110461"}, "league": {"id": 105, "name": "Players League", "link": "/api/v1/league/105"}, "sport": {"id": 1, "link": "/api/v1/sports/1", "abbreviation": "MLB"}, "gameType": "R", "position": {"code": "1", "name": "Pitcher", "type": "Pitcher", "abbreviation": "P"}}, {"season": "1891", "stat": {"gamesPlayed": 8, "gamesStarted": 6, "assists": 12, "putOuts": 5, "errors": 4, "chances": 21, "fielding": ".810", "position": {"code": "1", "name": "Pitcher", "type": "Pitcher", "abbreviation": "P"}, "rangeFactorPerGame": "2.13", "rangeFactorPer9Inn": "2.59", "innings": "59.0", "games": 8, "doublePlays": 1, "triplePlays": 0}, "team": {"id": 166, "name": "Baltimore Orioles", "link": "/api/v1/teams/166"}, "player": {"id": 110461, "fullName": "Jersey Bakley", "link": "/api/v1/people/110461"}, "league": {"id": 100, "name": "American Association", "link": "/api/v1/league/100"}, "sport": {"id": 1, "link": "/api/v1/sports/1", "abbreviation": "MLB"}, "gameType": "R", "position": {"code": "1", "name": "Pitcher", "type": "Pitcher", "abbreviation": "P"}}, {"season": "1891", "stat": {"gamesPlayed": 13, "gamesStarted": 12, "assists": 19, "putOuts": 1, "errors": 9, "chances": 29, "fielding": ".690", "position": {"code": "1", "name": "Pitcher", "type": "Pitcher", "abbreviation": "P"}, "rangeFactorPerGame": "1.54", "rangeFactorPer9Inn": "1.73", "innings": "104.1", "games": 13, "doublePlays": 0, "triplePlays": 0}, "team": {"id": 221, "name": "Washington Senators", "link": "/api/v1/teams/221"}, "player": {"id": 110461, "fullName": "Jersey Bakley", "link": "/api/v1/people/110461"}, "league": {"id": 100, "name": "American Association", "link": "/api/v1/league/100"}, "sport": {"id": 1, "link": "/api/v1/sports/1", "abbreviation": "MLB"}, "gameType": "R", "position": {"code": "1", "name": "Pitcher", "type": "Pitcher", "abbreviation": "P"}}, {"season": "1891", "stat": {"gamesPlayed": 21, "gamesStarted": 18, "assists": 31, "putOuts": 6, "errors": 13, "chances": 50, "fielding": ".740", "position": {"code": "1", "name": "Pitcher", "type": "Pitcher", "abbreviation": "P"}, "rangeFactorPerGame": "1.76", "rangeFactorPer9Inn": "2.04", "innings": "163.1", "games": 21, "doublePlays": 1, "triplePlays": 0}, "player": {"id": 110461, "fullName": "Jersey Bakley", "link": "/api/v1/people/110461"}, "sport": {"id": 1, "link": "/api/v1/sports/1", "abbreviation": "MLB"}, "gameType": "R", "numTeams": 2, "position": {"code": "1", "name": "Pitcher", "type": "Pitcher", "abbreviation": "P"}}]}], "mlbDebutDate": "1883-05-11", "batSide": {"code": "R", "description": "Right"}, "pitchHand": {"code": "R", "description": "Right"}, "nameFirstLast": "Jersey Bakley", "nameSlug": "jersey-bakley-110461", "firstLastName": "Jersey Bakley", "lastFirstName": "Bakley, Jersey", "lastInitName": "Bakley, J", "initLastName": "J Bakley", "fullFMLName": "Edward Enoch Bakley", "fullLFMName": "Bakley, Edward Enoch", "strikeZoneTop": 3.26, "strikeZoneBottom": 1.481}