{"id": 110070, "fullName": "Mike Adamson", "link": "/api/v1/people/110070", "firstName": "John", "lastName": "Adamson", "primaryNumber": "17", "birthDate": "1947-09-13", "currentAge": 75, "birthCity": "San Diego", "birthStateProvince": "CA", "birthCountry": "USA", "height": "6' 2\"", "weight": 185, "active": false, "primaryPosition": {"code": "1", "name": "Pitcher", "type": "Pitcher", "abbreviation": "P"}, "useName": "Mike", "useLastName": "Adamson", "middleName": "Michael", "boxscoreName": "Adamson", "gender": "M", "isPlayer": true, "isVerified": true, "draftYear": 1965, "lastPlayedDate": "1969-05-07", "stats": [{"type": {"displayName": "career"}, "group": {"displayName": "pitching"}, "exemptions": [], "splits": [{"stat": {"gamesPlayed": 11, "gamesStarted": 4, "runs": 22, "homeRuns": 3, "strikeOuts": 14, "baseOnBalls": 22, "intentionalWalks": 2, "hits": 28, "hitByPitch": 0, "avg": ".295", "atBats": 95, "obp": ".417", "era": "7.46", "inningsPitched": "25.1", "wins": 0, "losses": 4, "saves": 0, "saveOpportunities": 0, "blownSaves": 0, "earnedRuns": 21, "whip": "1.97", "battersFaced": 122, "outs": 76, "gamesPitched": 11, "completeGames": 0, "shutouts": 0, "hitBatsmen": 0, "balks": 1, "wildPitches": 2, "winPercentage": ".000", "gamesFinished": 2, "strikeoutWalkRatio": "0.64", "strikeoutsPer9Inn": "4.97", "walksPer9Inn": "7.82", "hitsPer9Inn": "9.95", "runsScoredPer9": "7.82", "homeRunsPer9": "1.07", "sacBunts": 2, "sacFlies": 3}, "team": {"id": 110, "name": "Baltimore Orioles", "link": "/api/v1/teams/110"}, "player": {"id": 110070, "fullName": "Mike Adamson", "link": "/api/v1/people/110070"}, "league": {"id": 103, "name": "American League", "link": "/api/v1/league/103"}, "sport": {"id": 1, "link": "/api/v1/sports/1", "abbreviation": "MLB"}, "gameType": "R"}]}, {"type": {"displayName": "career"}, "group": {"displayName": "hitting"}, "exemptions": [], "splits": [{"stat": {"gamesPlayed": 11, "runs": 1, "doubles": 0, "triples": 1, "homeRuns": 0, "strikeOuts": 4, "baseOnBalls": 0, "intentionalWalks": 0, "hits": 2, "hitByPitch": 0, "avg": ".333", "atBats": 6, "obp": ".333", "slg": ".667", "ops": "1.000", "caughtStealing": 0, "stolenBases": 0, "stolenBasePercentage": ".---", "groundIntoDoublePlay": 0, "plateAppearances": 7, "totalBases": 4, "rbi": 1, "sacBunts": 1, "sacFlies": 0, "babip": "1.000", "atBatsPerHomeRun": "-.--"}, "team": {"id": 110, "name": "Baltimore Orioles", "link": "/api/v1/teams/110"}, "player": {"id": 110070, "fullName": "Mike Adamson", "link": "/api/v1/people/110070"}, "league": {"id": 103, "name": "American League", "link": "/api/v1/league/103"}, "sport": {"id": 1, "link": "/api/v1/sports/1", "abbreviation": "MLB"}, "gameType": "R"}]}, {"type": {"displayName": "career"}, "group": {"displayName": "fielding"}, "exemptions": [], "splits": [{"stat": {"gamesPlayed": 11, "gamesStarted": 4, "assists": 4, "putOuts": 2, "errors": 0, "chances": 6, "fielding": "1.000", "position": {"code": "1", "name": "Pitcher", "type": "Pitcher", "abbreviation": "P"}, "rangeFactorPerGame": "0.55", "rangeFactorPer9Inn": "2.16", "innings": "25.1", "games": 11, "doublePlays": 0, "triplePlays": 0, "throwingErrors": 0}, "team": {"id": 110, "name": "Baltimore Orioles", "link": "/api/v1/teams/110"}, "player": {"id": 110070, "fullName": "Mike Adamson", "link": "/api/v1/people/110070"}, "league": {"id": 103, "name": "American League", "link": "/api/v1/league/103"}, "sport": {"id": 1, "link": "/api/v1/sports/1", "abbreviation": "MLB"}, "gameType": "R", "position": {"code": "1", "name": "Pitcher", "type": "Pitcher", "abbreviation": "P"}}]}, {"type": {"displayName": "yearByYear"}, "group": {"displayName": "pitching"}, "exemptions": [], "splits": [{"season": "1967", "stat": {"gamesPlayed": 3, "gamesStarted": 2, "runs": 9, "homeRuns": 1, "strikeOuts": 8, "baseOnBalls": 12, "intentionalWalks": 0, "hits": 9, "hitByPitch": 0, "avg": ".257", "atBats": 35, "obp": ".438", "era": "8.38", "inningsPitched": "9.2", "wins": 0, "losses": 1, "saves": 0, "earnedRuns": 9, "whip": "2.17", "battersFaced": 48, "outs": 29, "gamesPitched": 3, "completeGames": 0, "shutouts": 0, "hitBatsmen": 0, "balks": 0, "wildPitches": 1, "winPercentage": ".000", "gamesFinished": 1, "strikeoutWalkRatio": "0.67", "strikeoutsPer9Inn": "7.45", "walksPer9Inn": "11.17", "hitsPer9Inn": "8.38", "runsScoredPer9": "8.38", "homeRunsPer9": "0.93", "sacBunts": 0, "sacFlies": 1}, "team": {"id": 110, "name": "Baltimore Orioles", "link": "/api/v1/teams/110"}, "player": {"id": 110070, "fullName": "Mike Adamson", "link": "/api/v1/people/110070"}, "league": {"id": 103, "name": "American League", "link": "/api/v1/league/103"}, "sport": {"id": 1, "link": "/api/v1/sports/1", "abbreviation": "MLB"}, "gameType": "R"}, {"season": "1968", "stat": {"gamesPlayed": 2, "gamesStarted": 2, "runs": 9, "homeRuns": 2, "strikeOuts": 4, "baseOnBalls": 4, "intentionalWalks": 0, "hits": 9, "hitByPitch": 0, "avg": ".281", "atBats": 32, "obp": ".361", "era": "9.39", "inningsPitched": "7.2", "wins": 0, "losses": 2, "saves": 0, "earnedRuns": 8, "whip": "1.70", "battersFaced": 36, "outs": 23, "gamesPitched": 2, "completeGames": 0, "shutouts": 0, "hitBatsmen": 0, "balks": 1, "wildPitches": 0, "winPercentage": ".000", "gamesFinished": 0, "strikeoutWalkRatio": "1.00", "strikeoutsPer9Inn": "4.70", "walksPer9Inn": "4.70", "hitsPer9Inn": "10.57", "runsScoredPer9": "10.57", "homeRunsPer9": "2.35", "sacBunts": 0, "sacFlies": 0}, "team": {"id": 110, "name": "Baltimore Orioles", "link": "/api/v1/teams/110"}, "player": {"id": 110070, "fullName": "Mike Adamson", "link": "/api/v1/people/110070"}, "league": {"id": 103, "name": "American League", "link": "/api/v1/league/103"}, "sport": {"id": 1, "link": "/api/v1/sports/1", "abbreviation": "MLB"}, "gameType": "R"}, {"season": "1969", "stat": {"gamesPlayed": 6, "gamesStarted": 0, "runs": 4, "homeRuns": 0, "strikeOuts": 2, "baseOnBalls": 6, "intentionalWalks": 2, "hits": 10, "hitByPitch": 0, "avg": ".357", "atBats": 28, "obp": ".444", "era": "4.50", "inningsPitched": "8.0", "wins": 0, "losses": 1, "saves": 0, "saveOpportunities": 0, "blownSaves": 0, "earnedRuns": 4, "whip": "2.00", "battersFaced": 38, "outs": 24, "gamesPitched": 6, "completeGames": 0, "shutouts": 0, "hitBatsmen": 0, "balks": 0, "wildPitches": 1, "winPercentage": ".000", "gamesFinished": 1, "strikeoutWalkRatio": "0.33", "strikeoutsPer9Inn": "2.25", "walksPer9Inn": "6.75", "hitsPer9Inn": "11.25", "runsScoredPer9": "4.50", "homeRunsPer9": "0.00", "sacBunts": 2, "sacFlies": 2}, "team": {"id": 110, "name": "Baltimore Orioles", "link": "/api/v1/teams/110"}, "player": {"id": 110070, "fullName": "Mike Adamson", "link": "/api/v1/people/110070"}, "league": {"id": 103, "name": "American League", "link": "/api/v1/league/103"}, "sport": {"id": 1, "link": "/api/v1/sports/1", "abbreviation": "MLB"}, "gameType": "R"}]}, {"type": {"displayName": "yearByYear"}, "group": {"displayName": "hitting"}, "exemptions": [], "splits": [{"season": "1967", "stat": {"gamesPlayed": 3, "runs": 1, "doubles": 0, "triples": 1, "homeRuns": 0, "strikeOuts": 1, "baseOnBalls": 0, "intentionalWalks": 0, "hits": 1, "hitByPitch": 0, "avg": ".500", "atBats": 2, "obp": ".500", "slg": "1.500", "ops": "2.000", "caughtStealing": 0, "stolenBases": 0, "stolenBasePercentage": ".---", "groundIntoDoublePlay": 0, "plateAppearances": 2, "totalBases": 3, "rbi": 1, "sacBunts": 0, "sacFlies": 0, "babip": "1.000", "atBatsPerHomeRun": "-.--"}, "team": {"id": 110, "name": "Baltimore Orioles", "link": "/api/v1/teams/110"}, "player": {"id": 110070, "fullName": "Mike Adamson", "link": "/api/v1/people/110070"}, "league": {"id": 103, "name": "American League", "link": "/api/v1/league/103"}, "sport": {"id": 1, "link": "/api/v1/sports/1", "abbreviation": "MLB"}, "gameType": "R"}, {"season": "1968", "stat": {"gamesPlayed": 2, "runs": 0, "doubles": 0, "triples": 0, "homeRuns": 0, "strikeOuts": 2, "baseOnBalls": 0, "intentionalWalks": 0, "hits": 1, "hitByPitch": 0, "avg": ".333", "atBats": 3, "obp": ".333", "slg": ".333", "ops": ".666", "caughtStealing": 0, "stolenBases": 0, "stolenBasePercentage": ".---", "groundIntoDoublePlay": 0, "plateAppearances": 3, "totalBases": 1, "rbi": 0, "sacBunts": 0, "sacFlies": 0, "babip": "1.000", "atBatsPerHomeRun": "-.--"}, "team": {"id": 110, "name": "Baltimore Orioles", "link": "/api/v1/teams/110"}, "player": {"id": 110070, "fullName": "Mike Adamson", "link": "/api/v1/people/110070"}, "league": {"id": 103, "name": "American League", "link": "/api/v1/league/103"}, "sport": {"id": 1, "link": "/api/v1/sports/1", "abbreviation": "MLB"}, "gameType": "R"}, {"season": "1969", "stat": {"gamesPlayed": 6, "runs": 0, "doubles": 0, "triples": 0, "homeRuns": 0, "strikeOuts": 1, "baseOnBalls": 0, "intentionalWalks": 0, "hits": 0, "hitByPitch": 0, "avg": ".000", "atBats": 1, "obp": ".000", "slg": ".000", "ops": ".000", "caughtStealing": 0, "stolenBases": 0, "stolenBasePercentage": ".---", "groundIntoDoublePlay": 0, "plateAppearances": 2, "totalBases": 0, "rbi": 0, "sacBunts": 1, "sacFlies": 0, "babip": ".---", "atBatsPerHomeRun": "-.--"}, "team": {"id": 110, "name": "Baltimore Orioles", "link": "/api/v1/teams/110"}, "player": {"id": 110070, "fullName": "Mike Adamson", "link": "/api/v1/people/110070"}, "league": {"id": 103, "name": "American League", "link": "/api/v1/league/103"}, "sport": {"id": 1, "link": "/api/v1/sports/1", "abbreviation": "MLB"}, "gameType": "R"}]}, {"type": {"displayName": "yearByYear"}, "group": {"displayName": "fielding"}, "exemptions": [], "splits": [{"season": "1967", "stat": {"gamesPlayed": 3, "gamesStarted": 2, "assists": 0, "putOuts": 0, "errors": 0, "chances": 0, "fielding": ".000", "position": {"code": "1", "name": "Pitcher", "type": "Pitcher", "abbreviation": "P"}, "rangeFactorPerGame": "0.00", "rangeFactorPer9Inn": "0.00", "innings": "9.2", "games": 3, "doublePlays": 0, "triplePlays": 0, "throwingErrors": 0}, "team": {"id": 110, "name": "Baltimore Orioles", "link": "/api/v1/teams/110"}, "player": {"id": 110070, "fullName": "Mike Adamson", "link": "/api/v1/people/110070"}, "league": {"id": 103, "name": "American League", "link": "/api/v1/league/103"}, "sport": {"id": 1, "link": "/api/v1/sports/1", "abbreviation": "MLB"}, "gameType": "R", "position": {"code": "1", "name": "Pitcher", "type": "Pitcher", "abbreviation": "P"}}, {"season": "1968", "stat": {"gamesPlayed": 2, "gamesStarted": 2, "assists": 1, "putOuts": 0, "errors": 0, "chances": 1, "fielding": "1.000", "position": {"code": "1", "name": "Pitcher", "type": "Pitcher", "abbreviation": "P"}, "rangeFactorPerGame": "0.50", "rangeFactorPer9Inn": "1.29", "innings": "7.2", "games": 2, "doublePlays": 0, "triplePlays": 0, "throwingErrors": 0}, "team": {"id": 110, "name": "Baltimore Orioles", "link": "/api/v1/teams/110"}, "player": {"id": 110070, "fullName": "Mike Adamson", "link": "/api/v1/people/110070"}, "league": {"id": 103, "name": "American League", "link": "/api/v1/league/103"}, "sport": {"id": 1, "link": "/api/v1/sports/1", "abbreviation": "MLB"}, "gameType": "R", "position": {"code": "1", "name": "Pitcher", "type": "Pitcher", "abbreviation": "P"}}, {"season": "1969", "stat": {"gamesPlayed": 6, "gamesStarted": 0, "assists": 3, "putOuts": 2, "errors": 0, "chances": 5, "fielding": "1.000", "position": {"code": "1", "name": "Pitcher", "type": "Pitcher", "abbreviation": "P"}, "rangeFactorPerGame": "0.83", "rangeFactorPer9Inn": "5.63", "innings": "8.0", "games": 6, "doublePlays": 0, "triplePlays": 0, "throwingErrors": 0}, "team": {"id": 110, "name": "Baltimore Orioles", "link": "/api/v1/teams/110"}, "player": {"id": 110070, "fullName": "Mike Adamson", "link": "/api/v1/people/110070"}, "league": {"id": 103, "name": "American League", "link": "/api/v1/league/103"}, "sport": {"id": 1, "link": "/api/v1/sports/1", "abbreviation": "MLB"}, "gameType": "R", "position": {"code": "1", "name": "Pitcher", "type": "Pitcher", "abbreviation": "P"}}]}], "mlbDebutDate": "1967-07-01", "batSide": {"code": "R", "description": "Right"}, "pitchHand": {"code": "R", "description": "Right"}, "nameFirstLast": "Mike Adamson", "nameSlug": "mike-adamson-110070", "firstLastName": "Mike Adamson", "lastFirstName": "Adamson, Mike", "lastInitName": "Adamson, M", "initLastName": "M Adamson", "fullFMLName": "John Michael Adamson", "fullLFMName": "Adamson, John Michael", "strikeZoneTop": 3.467, "strikeZoneBottom": 1.589}