{"id": 110389, "fullName": "Jimmy Austin", "link": "/api/v1/people/110389", "firstName": "James", "lastName": "Austin", "birthDate": "1879-12-08", "currentAge": 85, "birthCity": "Swansea", "birthCountry": "United Kingdom", "height": "5' 8\"", "weight": 155, "active": false, "primaryPosition": {"code": "5", "name": "Third Base", "type": "Infielder", "abbreviation": "3B"}, "useName": "Jimmy", "useLastName": "Austin", "middleName": "Philip", "boxscoreName": "Austin", "nickName": "Pepper", "gender": "M", "isPlayer": true, "isVerified": true, "deathDate": "1965-03-06", "deathCity": "Laguna Beach", "deathStateProvince": "CA", "deathCountry": "USA", "lastPlayedDate": "1929-10-06", "stats": [{"type": {"displayName": "career"}, "group": {"displayName": "hitting"}, "exemptions": [], "splits": [{"stat": {"gamesPlayed": 1584, "runs": 661, "doubles": 174, "triples": 76, "homeRuns": 13, "strikeOuts": 363, "baseOnBalls": 592, "hits": 1328, "hitByPitch": 44, "avg": ".246", "atBats": 5388, "obp": ".326", "slg": ".314", "ops": ".640", "caughtStealing": 43, "stolenBases": 244, "stolenBasePercentage": ".850", "plateAppearances": 6302, "totalBases": 1693, "rbi": 390, "sacBunts": 278, "babip": ".262", "atBatsPerHomeRun": "414.46"}, "player": {"id": 110389, "fullName": "Jimmy Austin", "link": "/api/v1/people/110389"}, "sport": {"id": 1, "link": "/api/v1/sports/1", "abbreviation": "MLB"}, "gameType": "R", "numTeams": 2}]}, {"type": {"displayName": "career"}, "group": {"displayName": "fielding"}, "exemptions": [], "splits": [{"stat": {"gamesPlayed": 9, "gamesStarted": 5, "assists": 12, "putOuts": 15, "errors": 0, "chances": 27, "fielding": "1.000", "position": {"code": "4", "name": "Second Base", "type": "Infielder", "abbreviation": "2B"}, "rangeFactorPerGame": "3.00", "rangeFactorPer9Inn": "6.57", "innings": "37.0", "games": 9, "doublePlays": 3, "triplePlays": 0}, "player": {"id": 110389, "fullName": "Jimmy Austin", "link": "/api/v1/people/110389"}, "sport": {"id": 1, "link": "/api/v1/sports/1", "abbreviation": "MLB"}, "gameType": "R", "numTeams": 2, "position": {"code": "4", "name": "Second Base", "type": "Infielder", "abbreviation": "2B"}}, {"stat": {"gamesPlayed": 1428, "gamesStarted": 1402, "assists": 2940, "putOuts": 2030, "errors": 356, "chances": 5326, "fielding": ".933", "position": {"code": "5", "name": "Third Base", "type": "Infielder", "abbreviation": "3B"}, "rangeFactorPerGame": "3.48", "rangeFactorPer9Inn": "3.72", "innings": "12016.1", "games": 1428, "doublePlays": 248, "triplePlays": 4}, "player": {"id": 110389, "fullName": "Jimmy Austin", "link": "/api/v1/people/110389"}, "sport": {"id": 1, "link": "/api/v1/sports/1", "abbreviation": "MLB"}, "gameType": "R", "numTeams": 2, "position": {"code": "5", "name": "Third Base", "type": "Infielder", "abbreviation": "3B"}}, {"stat": {"gamesPlayed": 105, "gamesStarted": 100, "assists": 286, "putOuts": 206, "errors": 39, "chances": 531, "fielding": ".927", "position": {"code": "6", "name": "Shortstop", "type": "Infielder", "abbreviation": "SS"}, "rangeFactorPerGame": "4.69", "rangeFactorPer9Inn": "5.25", "innings": "844.1", "games": 105, "doublePlays": 26, "triplePlays": 0}, "player": {"id": 110389, "fullName": "Jimmy Austin", "link": "/api/v1/people/110389"}, "sport": {"id": 1, "link": "/api/v1/sports/1", "abbreviation": "MLB"}, "gameType": "R", "numTeams": 2, "position": {"code": "6", "name": "Shortstop", "type": "Infielder", "abbreviation": "SS"}}, {"stat": {"gamesPlayed": 2, "gamesStarted": 2, "assists": 0, "putOuts": 1, "errors": 0, "chances": 1, "fielding": "1.000", "position": {"code": "9", "name": "Outfielder", "type": "Outfielder", "abbreviation": "RF"}, "rangeFactorPerGame": "0.50", "rangeFactorPer9Inn": "0.56", "innings": "16.0", "games": 2, "doublePlays": 0, "triplePlays": 0}, "team": {"id": 110, "name": "Baltimore Orioles", "link": "/api/v1/teams/110"}, "player": {"id": 110389, "fullName": "Jimmy Austin", "link": "/api/v1/people/110389"}, "league": {"id": 103, "name": "American League", "link": "/api/v1/league/103"}, "sport": {"id": 1, "link": "/api/v1/sports/1", "abbreviation": "MLB"}, "gameType": "R", "position": {"code": "9", "name": "Outfielder", "type": "Outfielder", "abbreviation": "RF"}}]}, {"type": {"displayName": "yearByYear"}, "group": {"displayName": "hitting"}, "exemptions": [], "splits": [{"season": "1909", "stat": {"gamesPlayed": 136, "runs": 37, "doubles": 11, "triples": 5, "homeRuns": 1, "baseOnBalls": 32, "hits": 101, "hitByPitch": 1, "avg": ".231", "atBats": 437, "obp": ".285", "slg": ".286", "ops": ".571", "stolenBases": 30, "plateAppearances": 500, "totalBases": 125, "rbi": 39, "sacBunts": 30, "atBatsPerHomeRun": "437.00"}, "team": {"id": 147, "name": "New York Highlanders", "link": "/api/v1/teams/147"}, "player": {"id": 110389, "fullName": "Jimmy Austin", "link": "/api/v1/people/110389"}, "league": {"id": 103, "name": "American League", "link": "/api/v1/league/103"}, "sport": {"id": 1, "link": "/api/v1/sports/1", "abbreviation": "MLB"}, "gameType": "R"}, {"season": "1910", "stat": {"gamesPlayed": 133, "runs": 46, "doubles": 11, "triples": 4, "homeRuns": 2, "baseOnBalls": 47, "hits": 94, "hitByPitch": 7, "avg": ".218", "atBats": 432, "obp": ".305", "slg": ".275", "ops": ".580", "stolenBases": 22, "plateAppearances": 511, "totalBases": 119, "rbi": 36, "sacBunts": 25, "atBatsPerHomeRun": "216.00"}, "team": {"id": 147, "name": "New York Highlanders", "link": "/api/v1/teams/147"}, "player": {"id": 110389, "fullName": "Jimmy Austin", "link": "/api/v1/people/110389"}, "league": {"id": 103, "name": "American League", "link": "/api/v1/league/103"}, "sport": {"id": 1, "link": "/api/v1/sports/1", "abbreviation": "MLB"}, "gameType": "R"}, {"season": "1911", "stat": {"gamesPlayed": 148, "runs": 84, "doubles": 25, "triples": 11, "homeRuns": 2, "baseOnBalls": 69, "hits": 141, "hitByPitch": 6, "avg": ".261", "atBats": 541, "obp": ".351", "slg": ".359", "ops": ".710", "stolenBases": 26, "plateAppearances": 650, "totalBases": 194, "rbi": 45, "sacBunts": 34, "atBatsPerHomeRun": "270.50"}, "team": {"id": 110, "name": "St. Louis Browns", "link": "/api/v1/teams/110"}, "player": {"id": 110389, "fullName": "Jimmy Austin", "link": "/api/v1/people/110389"}, "league": {"id": 103, "name": "American League", "link": "/api/v1/league/103"}, "sport": {"id": 1, "link": "/api/v1/sports/1", "abbreviation": "MLB"}, "gameType": "R"}, {"season": "1912", "stat": {"gamesPlayed": 150, "runs": 57, "doubles": 14, "triples": 8, "homeRuns": 2, "baseOnBalls": 38, "hits": 135, "hitByPitch": 4, "avg": ".252", "atBats": 536, "obp": ".306", "slg": ".319", "ops": ".625", "stolenBases": 28, "plateAppearances": 604, "totalBases": 171, "rbi": 44, "sacBunts": 26, "atBatsPerHomeRun": "268.00"}, "team": {"id": 110, "name": "St. Louis Browns", "link": "/api/v1/teams/110"}, "player": {"id": 110389, "fullName": "Jimmy Austin", "link": "/api/v1/people/110389"}, "league": {"id": 103, "name": "American League", "link": "/api/v1/league/103"}, "sport": {"id": 1, "link": "/api/v1/sports/1", "abbreviation": "MLB"}, "gameType": "R"}, {"season": "1913", "stat": {"gamesPlayed": 142, "runs": 56, "doubles": 18, "triples": 6, "homeRuns": 2, "strikeOuts": 51, "baseOnBalls": 45, "hits": 130, "hitByPitch": 8, "avg": ".266", "atBats": 489, "obp": ".338", "slg": ".339", "ops": ".677", "stolenBases": 37, "plateAppearances": 559, "totalBases": 166, "rbi": 42, "sacBunts": 17, "babip": ".294", "atBatsPerHomeRun": "244.50"}, "team": {"id": 110, "name": "St. Louis Browns", "link": "/api/v1/teams/110"}, "player": {"id": 110389, "fullName": "Jimmy Austin", "link": "/api/v1/people/110389"}, "league": {"id": 103, "name": "American League", "link": "/api/v1/league/103"}, "sport": {"id": 1, "link": "/api/v1/sports/1", "abbreviation": "MLB"}, "gameType": "R"}, {"season": "1914", "stat": {"gamesPlayed": 130, "runs": 55, "doubles": 16, "triples": 4, "homeRuns": 0, "strikeOuts": 59, "baseOnBalls": 40, "hits": 111, "hitByPitch": 1, "avg": ".238", "atBats": 466, "obp": ".300", "slg": ".290", "ops": ".590", "caughtStealing": 23, "stolenBases": 20, "stolenBasePercentage": ".465", "plateAppearances": 523, "totalBases": 135, "rbi": 30, "sacBunts": 16, "babip": ".273", "atBatsPerHomeRun": "-.--"}, "team": {"id": 110, "name": "St. Louis Browns", "link": "/api/v1/teams/110"}, "player": {"id": 110389, "fullName": "Jimmy Austin", "link": "/api/v1/people/110389"}, "league": {"id": 103, "name": "American League", "link": "/api/v1/league/103"}, "sport": {"id": 1, "link": "/api/v1/sports/1", "abbreviation": "MLB"}, "gameType": "R"}, {"season": "1915", "stat": {"gamesPlayed": 141, "runs": 61, "doubles": 6, "triples": 6, "homeRuns": 1, "strikeOuts": 60, "baseOnBalls": 64, "hits": 127, "hitByPitch": 2, "avg": ".266", "atBats": 477, "obp": ".355", "slg": ".310", "ops": ".665", "caughtStealing": 15, "stolenBases": 18, "stolenBasePercentage": ".545", "plateAppearances": 578, "totalBases": 148, "rbi": 30, "sacBunts": 35, "babip": ".303", "atBatsPerHomeRun": "477.00"}, "team": {"id": 110, "name": "St. Louis Browns", "link": "/api/v1/teams/110"}, "player": {"id": 110389, "fullName": "Jimmy Austin", "link": "/api/v1/people/110389"}, "league": {"id": 103, "name": "American League", "link": "/api/v1/league/103"}, "sport": {"id": 1, "link": "/api/v1/sports/1", "abbreviation": "MLB"}, "gameType": "R"}, {"season": "1916", "stat": {"gamesPlayed": 130, "runs": 55, "doubles": 15, "triples": 6, "homeRuns": 1, "strikeOuts": 59, "baseOnBalls": 74, "hits": 85, "hitByPitch": 4, "avg": ".207", "atBats": 411, "obp": ".333", "slg": ".280", "ops": ".613", "stolenBases": 19, "plateAppearances": 508, "totalBases": 115, "rbi": 28, "sacBunts": 19, "babip": ".239", "atBatsPerHomeRun": "411.00"}, "team": {"id": 110, "name": "St. Louis Browns", "link": "/api/v1/teams/110"}, "player": {"id": 110389, "fullName": "Jimmy Austin", "link": "/api/v1/people/110389"}, "league": {"id": 103, "name": "American League", "link": "/api/v1/league/103"}, "sport": {"id": 1, "link": "/api/v1/sports/1", "abbreviation": "MLB"}, "gameType": "R"}, {"season": "1917", "stat": {"gamesPlayed": 127, "runs": 61, "doubles": 18, "triples": 8, "homeRuns": 0, "strikeOuts": 46, "baseOnBalls": 50, "hits": 109, "hitByPitch": 3, "avg": ".240", "atBats": 455, "obp": ".319", "slg": ".314", "ops": ".633", "stolenBases": 13, "plateAppearances": 534, "totalBases": 143, "rbi": 19, "sacBunts": 26, "babip": ".267", "atBatsPerHomeRun": "-.--"}, "team": {"id": 110, "name": "St. Louis Browns", "link": "/api/v1/teams/110"}, "player": {"id": 110389, "fullName": "Jimmy Austin", "link": "/api/v1/people/110389"}, "league": {"id": 103, "name": "American League", "link": "/api/v1/league/103"}, "sport": {"id": 1, "link": "/api/v1/sports/1", "abbreviation": "MLB"}, "gameType": "R"}, {"season": "1918", "stat": {"gamesPlayed": 111, "runs": 42, "doubles": 14, "triples": 4, "homeRuns": 0, "strikeOuts": 32, "baseOnBalls": 53, "hits": 97, "hitByPitch": 1, "avg": ".264", "atBats": 367, "obp": ".359", "slg": ".324", "ops": ".683", "stolenBases": 18, "plateAppearances": 442, "totalBases": 119, "rbi": 20, "sacBunts": 21, "babip": ".290", "atBatsPerHomeRun": "-.--"}, "team": {"id": 110, "name": "St. Louis Browns", "link": "/api/v1/teams/110"}, "player": {"id": 110389, "fullName": "Jimmy Austin", "link": "/api/v1/people/110389"}, "league": {"id": 103, "name": "American League", "link": "/api/v1/league/103"}, "sport": {"id": 1, "link": "/api/v1/sports/1", "abbreviation": "MLB"}, "gameType": "R"}, {"season": "1919", "stat": {"gamesPlayed": 106, "runs": 54, "doubles": 9, "triples": 9, "homeRuns": 1, "strikeOuts": 31, "baseOnBalls": 42, "hits": 94, "hitByPitch": 2, "avg": ".237", "atBats": 396, "obp": ".314", "slg": ".313", "ops": ".627", "stolenBases": 8, "plateAppearances": 450, "totalBases": 124, "rbi": 21, "sacBunts": 10, "babip": ".255", "atBatsPerHomeRun": "396.00"}, "team": {"id": 110, "name": "St. Louis Browns", "link": "/api/v1/teams/110"}, "player": {"id": 110389, "fullName": "Jimmy Austin", "link": "/api/v1/people/110389"}, "league": {"id": 103, "name": "American League", "link": "/api/v1/league/103"}, "sport": {"id": 1, "link": "/api/v1/sports/1", "abbreviation": "MLB"}, "gameType": "R"}, {"season": "1920", "stat": {"gamesPlayed": 84, "runs": 38, "doubles": 11, "triples": 3, "homeRuns": 1, "strikeOuts": 15, "baseOnBalls": 31, "hits": 76, "hitByPitch": 4, "avg": ".271", "atBats": 280, "obp": ".352", "slg": ".343", "ops": ".695", "caughtStealing": 4, "stolenBases": 2, "stolenBasePercentage": ".333", "plateAppearances": 330, "totalBases": 96, "rbi": 32, "sacBunts": 15, "babip": ".284", "atBatsPerHomeRun": "280.00"}, "team": {"id": 110, "name": "St. Louis Browns", "link": "/api/v1/teams/110"}, "player": {"id": 110389, "fullName": "Jimmy Austin", "link": "/api/v1/people/110389"}, "league": {"id": 103, "name": "American League", "link": "/api/v1/league/103"}, "sport": {"id": 1, "link": "/api/v1/sports/1", "abbreviation": "MLB"}, "gameType": "R"}, {"season": "1921", "stat": {"gamesPlayed": 27, "runs": 8, "doubles": 2, "triples": 1, "homeRuns": 0, "strikeOuts": 7, "baseOnBalls": 4, "hits": 18, "hitByPitch": 1, "avg": ".273", "atBats": 66, "obp": ".324", "slg": ".333", "ops": ".657", "caughtStealing": 1, "stolenBases": 2, "stolenBasePercentage": ".667", "plateAppearances": 75, "totalBases": 22, "rbi": 2, "sacBunts": 4, "babip": ".305", "atBatsPerHomeRun": "-.--"}, "team": {"id": 110, "name": "St. Louis Browns", "link": "/api/v1/teams/110"}, "player": {"id": 110389, "fullName": "Jimmy Austin", "link": "/api/v1/people/110389"}, "league": {"id": 103, "name": "American League", "link": "/api/v1/league/103"}, "sport": {"id": 1, "link": "/api/v1/sports/1", "abbreviation": "MLB"}, "gameType": "R"}, {"season": "1922", "stat": {"gamesPlayed": 15, "runs": 6, "doubles": 3, "triples": 1, "homeRuns": 0, "strikeOuts": 2, "baseOnBalls": 3, "hits": 9, "hitByPitch": 0, "avg": ".290", "atBats": 31, "obp": ".353", "slg": ".452", "ops": ".805", "caughtStealing": 0, "stolenBases": 0, "stolenBasePercentage": ".---", "plateAppearances": 34, "totalBases": 14, "rbi": 1, "sacBunts": 0, "babip": ".310", "atBatsPerHomeRun": "-.--"}, "team": {"id": 110, "name": "St. Louis Browns", "link": "/api/v1/teams/110"}, "player": {"id": 110389, "fullName": "Jimmy Austin", "link": "/api/v1/people/110389"}, "league": {"id": 103, "name": "American League", "link": "/api/v1/league/103"}, "sport": {"id": 1, "link": "/api/v1/sports/1", "abbreviation": "MLB"}, "gameType": "R"}, {"season": "1923", "stat": {"gamesPlayed": 1, "runs": 0, "doubles": 0, "triples": 0, "homeRuns": 0, "strikeOuts": 0, "baseOnBalls": 0, "hits": 0, "hitByPitch": 0, "avg": ".000", "atBats": 0, "obp": ".000", "slg": ".000", "ops": ".000", "caughtStealing": 0, "stolenBases": 0, "stolenBasePercentage": ".---", "plateAppearances": 0, "totalBases": 0, "rbi": 0, "sacBunts": 0, "babip": ".---", "atBatsPerHomeRun": "-.--"}, "team": {"id": 110, "name": "St. Louis Browns", "link": "/api/v1/teams/110"}, "player": {"id": 110389, "fullName": "Jimmy Austin", "link": "/api/v1/people/110389"}, "league": {"id": 103, "name": "American League", "link": "/api/v1/league/103"}, "sport": {"id": 1, "link": "/api/v1/sports/1", "abbreviation": "MLB"}, "gameType": "R"}, {"season": "1925", "stat": {"gamesPlayed": 1, "runs": 0, "doubles": 0, "triples": 0, "homeRuns": 0, "strikeOuts": 0, "baseOnBalls": 0, "hits": 0, "hitByPitch": 0, "avg": ".000", "atBats": 1, "obp": ".000", "slg": ".000", "ops": ".000", "caughtStealing": 0, "stolenBases": 0, "stolenBasePercentage": ".---", "plateAppearances": 1, "totalBases": 0, "rbi": 0, "sacBunts": 0, "babip": ".000", "atBatsPerHomeRun": "-.--"}, "team": {"id": 110, "name": "St. Louis Browns", "link": "/api/v1/teams/110"}, "player": {"id": 110389, "fullName": "Jimmy Austin", "link": "/api/v1/people/110389"}, "league": {"id": 103, "name": "American League", "link": "/api/v1/league/103"}, "sport": {"id": 1, "link": "/api/v1/sports/1", "abbreviation": "MLB"}, "gameType": "R"}, {"season": "1926", "stat": {"gamesPlayed": 1, "runs": 1, "doubles": 1, "triples": 0, "homeRuns": 0, "strikeOuts": 0, "baseOnBalls": 0, "hits": 1, "hitByPitch": 0, "avg": ".500", "atBats": 2, "obp": ".500", "slg": "1.000", "ops": "1.500", "caughtStealing": 0, "stolenBases": 1, "stolenBasePercentage": "1.000", "plateAppearances": 2, "totalBases": 2, "rbi": 1, "sacBunts": 0, "babip": ".500", "atBatsPerHomeRun": "-.--"}, "team": {"id": 110, "name": "St. Louis Browns", "link": "/api/v1/teams/110"}, "player": {"id": 110389, "fullName": "Jimmy Austin", "link": "/api/v1/people/110389"}, "league": {"id": 103, "name": "American League", "link": "/api/v1/league/103"}, "sport": {"id": 1, "link": "/api/v1/sports/1", "abbreviation": "MLB"}, "gameType": "R"}, {"season": "1929", "stat": {"gamesPlayed": 1, "runs": 0, "doubles": 0, "triples": 0, "homeRuns": 0, "strikeOuts": 1, "baseOnBalls": 0, "hits": 0, "hitByPitch": 0, "avg": ".000", "atBats": 1, "obp": ".000", "slg": ".000", "ops": ".000", "caughtStealing": 0, "stolenBases": 0, "stolenBasePercentage": ".---", "plateAppearances": 1, "totalBases": 0, "rbi": 0, "sacBunts": 0, "babip": ".---", "atBatsPerHomeRun": "-.--"}, "team": {"id": 110, "name": "St. Louis Browns", "link": "/api/v1/teams/110"}, "player": {"id": 110389, "fullName": "Jimmy Austin", "link": "/api/v1/people/110389"}, "league": {"id": 103, "name": "American League", "link": "/api/v1/league/103"}, "sport": {"id": 1, "link": "/api/v1/sports/1", "abbreviation": "MLB"}, "gameType": "R"}]}, {"type": {"displayName": "yearByYear"}, "group": {"displayName": "fielding"}, "exemptions": [], "splits": [{"season": "1909", "stat": {"gamesPlayed": 1, "gamesStarted": 0, "assists": 0, "putOuts": 0, "errors": 0, "chances": 0, "fielding": ".000", "position": {"code": "4", "name": "Second Base", "type": "Infielder", "abbreviation": "2B"}, "rangeFactorPerGame": "0.00", "games": 1, "doublePlays": 0, "triplePlays": 0}, "team": {"id": 147, "name": "New York Highlanders", "link": "/api/v1/teams/147"}, "player": {"id": 110389, "fullName": "Jimmy Austin", "link": "/api/v1/people/110389"}, "league": {"id": 103, "name": "American League", "link": "/api/v1/league/103"}, "sport": {"id": 1, "link": "/api/v1/sports/1", "abbreviation": "MLB"}, "gameType": "R", "position": {"code": "4", "name": "Second Base", "type": "Infielder", "abbreviation": "2B"}}, {"season": "1909", "stat": {"gamesPlayed": 113, "gamesStarted": 109, "assists": 238, "putOuts": 177, "errors": 32, "chances": 447, "fielding": ".928", "position": {"code": "5", "name": "Third Base", "type": "Infielder", "abbreviation": "3B"}, "rangeFactorPerGame": "3.67", "rangeFactorPer9Inn": "4.04", "innings": "925.0", "games": 113, "doublePlays": 21, "triplePlays": 0}, "team": {"id": 147, "name": "New York Highlanders", "link": "/api/v1/teams/147"}, "player": {"id": 110389, "fullName": "Jimmy Austin", "link": "/api/v1/people/110389"}, "league": {"id": 103, "name": "American League", "link": "/api/v1/league/103"}, "sport": {"id": 1, "link": "/api/v1/sports/1", "abbreviation": "MLB"}, "gameType": "R", "position": {"code": "5", "name": "Third Base", "type": "Infielder", "abbreviation": "3B"}}, {"season": "1909", "stat": {"gamesPlayed": 22, "gamesStarted": 20, "assists": 63, "putOuts": 48, "errors": 12, "chances": 123, "fielding": ".902", "position": {"code": "6", "name": "Shortstop", "type": "Infielder", "abbreviation": "SS"}, "rangeFactorPerGame": "5.05", "rangeFactorPer9Inn": "6.66", "innings": "150.0", "games": 22, "doublePlays": 8, "triplePlays": 0}, "team": {"id": 147, "name": "New York Highlanders", "link": "/api/v1/teams/147"}, "player": {"id": 110389, "fullName": "Jimmy Austin", "link": "/api/v1/people/110389"}, "league": {"id": 103, "name": "American League", "link": "/api/v1/league/103"}, "sport": {"id": 1, "link": "/api/v1/sports/1", "abbreviation": "MLB"}, "gameType": "R", "position": {"code": "6", "name": "Shortstop", "type": "Infielder", "abbreviation": "SS"}}, {"season": "1910", "stat": {"gamesPlayed": 133, "gamesStarted": 131, "assists": 283, "putOuts": 204, "errors": 30, "chances": 517, "fielding": ".942", "position": {"code": "5", "name": "Third Base", "type": "Infielder", "abbreviation": "3B"}, "rangeFactorPerGame": "3.66", "rangeFactorPer9Inn": "3.75", "innings": "1170.1", "games": 133, "doublePlays": 18, "triplePlays": 0}, "team": {"id": 147, "name": "New York Highlanders", "link": "/api/v1/teams/147"}, "player": {"id": 110389, "fullName": "Jimmy Austin", "link": "/api/v1/people/110389"}, "league": {"id": 103, "name": "American League", "link": "/api/v1/league/103"}, "sport": {"id": 1, "link": "/api/v1/sports/1", "abbreviation": "MLB"}, "gameType": "R", "position": {"code": "5", "name": "Third Base", "type": "Infielder", "abbreviation": "3B"}}, {"season": "1911", "stat": {"gamesPlayed": 1, "gamesStarted": 1, "assists": 2, "putOuts": 2, "errors": 0, "chances": 4, "fielding": "1.000", "position": {"code": "4", "name": "Second Base", "type": "Infielder", "abbreviation": "2B"}, "rangeFactorPerGame": "4.00", "rangeFactorPer9Inn": "4.00", "innings": "9.0", "games": 1, "doublePlays": 0, "triplePlays": 0}, "team": {"id": 110, "name": "St. Louis Browns", "link": "/api/v1/teams/110"}, "player": {"id": 110389, "fullName": "Jimmy Austin", "link": "/api/v1/people/110389"}, "league": {"id": 103, "name": "American League", "link": "/api/v1/league/103"}, "sport": {"id": 1, "link": "/api/v1/sports/1", "abbreviation": "MLB"}, "gameType": "R", "position": {"code": "4", "name": "Second Base", "type": "Infielder", "abbreviation": "2B"}}, {"season": "1911", "stat": {"gamesPlayed": 147, "gamesStarted": 147, "assists": 337, "putOuts": 226, "errors": 41, "chances": 604, "fielding": ".932", "position": {"code": "5", "name": "Third Base", "type": "Infielder", "abbreviation": "3B"}, "rangeFactorPerGame": "3.83", "rangeFactorPer9Inn": "4.02", "innings": "1262.2", "games": 147, "doublePlays": 22, "triplePlays": 2}, "team": {"id": 110, "name": "St. Louis Browns", "link": "/api/v1/teams/110"}, "player": {"id": 110389, "fullName": "Jimmy Austin", "link": "/api/v1/people/110389"}, "league": {"id": 103, "name": "American League", "link": "/api/v1/league/103"}, "sport": {"id": 1, "link": "/api/v1/sports/1", "abbreviation": "MLB"}, "gameType": "R", "position": {"code": "5", "name": "Third Base", "type": "Infielder", "abbreviation": "3B"}}, {"season": "1912", "stat": {"gamesPlayed": 148, "gamesStarted": 148, "assists": 294, "putOuts": 212, "errors": 50, "chances": 556, "fielding": ".910", "position": {"code": "5", "name": "Third Base", "type": "Infielder", "abbreviation": "3B"}, "rangeFactorPerGame": "3.42", "rangeFactorPer9Inn": "3.64", "innings": "1250.2", "games": 148, "doublePlays": 26, "triplePlays": 0}, "team": {"id": 110, "name": "St. Louis Browns", "link": "/api/v1/teams/110"}, "player": {"id": 110389, "fullName": "Jimmy Austin", "link": "/api/v1/people/110389"}, "league": {"id": 103, "name": "American League", "link": "/api/v1/league/103"}, "sport": {"id": 1, "link": "/api/v1/sports/1", "abbreviation": "MLB"}, "gameType": "R", "position": {"code": "5", "name": "Third Base", "type": "Infielder", "abbreviation": "3B"}}, {"season": "1912", "stat": {"gamesPlayed": 2, "gamesStarted": 2, "assists": 0, "putOuts": 1, "errors": 0, "chances": 1, "fielding": "1.000", "position": {"code": "9", "name": "Outfielder", "type": "Outfielder", "abbreviation": "RF"}, "rangeFactorPerGame": "0.50", "rangeFactorPer9Inn": "0.56", "innings": "16.0", "games": 2, "doublePlays": 0, "triplePlays": 0}, "team": {"id": 110, "name": "St. Louis Browns", "link": "/api/v1/teams/110"}, "player": {"id": 110389, "fullName": "Jimmy Austin", "link": "/api/v1/people/110389"}, "league": {"id": 103, "name": "American League", "link": "/api/v1/league/103"}, "sport": {"id": 1, "link": "/api/v1/sports/1", "abbreviation": "MLB"}, "gameType": "R", "position": {"code": "9", "name": "Outfielder", "type": "Outfielder", "abbreviation": "RF"}}, {"season": "1913", "stat": {"gamesPlayed": 142, "gamesStarted": 142, "assists": 288, "putOuts": 215, "errors": 30, "chances": 533, "fielding": ".944", "position": {"code": "5", "name": "Third Base", "type": "Infielder", "abbreviation": "3B"}, "rangeFactorPerGame": "3.54", "rangeFactorPer9Inn": "3.67", "innings": "1233.0", "games": 142, "doublePlays": 20, "triplePlays": 0}, "team": {"id": 110, "name": "St. Louis Browns", "link": "/api/v1/teams/110"}, "player": {"id": 110389, "fullName": "Jimmy Austin", "link": "/api/v1/people/110389"}, "league": {"id": 103, "name": "American League", "link": "/api/v1/league/103"}, "sport": {"id": 1, "link": "/api/v1/sports/1", "abbreviation": "MLB"}, "gameType": "R", "position": {"code": "5", "name": "Third Base", "type": "Infielder", "abbreviation": "3B"}}, {"season": "1914", "stat": {"gamesPlayed": 127, "gamesStarted": 125, "assists": 248, "putOuts": 183, "errors": 30, "chances": 461, "fielding": ".935", "position": {"code": "5", "name": "Third Base", "type": "Infielder", "abbreviation": "3B"}, "rangeFactorPerGame": "3.39", "rangeFactorPer9Inn": "3.78", "innings": "1026.1", "games": 127, "doublePlays": 21, "triplePlays": 0}, "team": {"id": 110, "name": "St. Louis Browns", "link": "/api/v1/teams/110"}, "player": {"id": 110389, "fullName": "Jimmy Austin", "link": "/api/v1/people/110389"}, "league": {"id": 103, "name": "American League", "link": "/api/v1/league/103"}, "sport": {"id": 1, "link": "/api/v1/sports/1", "abbreviation": "MLB"}, "gameType": "R", "position": {"code": "5", "name": "Third Base", "type": "Infielder", "abbreviation": "3B"}}, {"season": "1915", "stat": {"gamesPlayed": 141, "gamesStarted": 140, "assists": 263, "putOuts": 189, "errors": 41, "chances": 493, "fielding": ".917", "position": {"code": "5", "name": "Third Base", "type": "Infielder", "abbreviation": "3B"}, "rangeFactorPerGame": "3.21", "rangeFactorPer9Inn": "3.51", "innings": "1159.1", "games": 141, "doublePlays": 37, "triplePlays": 0}, "team": {"id": 110, "name": "St. Louis Browns", "link": "/api/v1/teams/110"}, "player": {"id": 110389, "fullName": "Jimmy Austin", "link": "/api/v1/people/110389"}, "league": {"id": 103, "name": "American League", "link": "/api/v1/league/103"}, "sport": {"id": 1, "link": "/api/v1/sports/1", "abbreviation": "MLB"}, "gameType": "R", "position": {"code": "5", "name": "Third Base", "type": "Infielder", "abbreviation": "3B"}}, {"season": "1916", "stat": {"gamesPlayed": 124, "gamesStarted": 118, "assists": 275, "putOuts": 126, "errors": 26, "chances": 427, "fielding": ".939", "position": {"code": "5", "name": "Third Base", "type": "Infielder", "abbreviation": "3B"}, "rangeFactorPerGame": "3.23", "rangeFactorPer9Inn": "3.40", "innings": "1061.0", "games": 124, "doublePlays": 20, "triplePlays": 0}, "team": {"id": 110, "name": "St. Louis Browns", "link": "/api/v1/teams/110"}, "player": {"id": 110389, "fullName": "Jimmy Austin", "link": "/api/v1/people/110389"}, "league": {"id": 103, "name": "American League", "link": "/api/v1/league/103"}, "sport": {"id": 1, "link": "/api/v1/sports/1", "abbreviation": "MLB"}, "gameType": "R", "position": {"code": "5", "name": "Third Base", "type": "Infielder", "abbreviation": "3B"}}, {"season": "1917", "stat": {"gamesPlayed": 121, "gamesStarted": 120, "assists": 248, "putOuts": 159, "errors": 23, "chances": 430, "fielding": ".947", "position": {"code": "5", "name": "Third Base", "type": "Infielder", "abbreviation": "3B"}, "rangeFactorPerGame": "3.36", "rangeFactorPer9Inn": "3.62", "innings": "1013.1", "games": 121, "doublePlays": 26, "triplePlays": 1}, "team": {"id": 110, "name": "St. Louis Browns", "link": "/api/v1/teams/110"}, "player": {"id": 110389, "fullName": "Jimmy Austin", "link": "/api/v1/people/110389"}, "league": {"id": 103, "name": "American League", "link": "/api/v1/league/103"}, "sport": {"id": 1, "link": "/api/v1/sports/1", "abbreviation": "MLB"}, "gameType": "R", "position": {"code": "5", "name": "Third Base", "type": "Infielder", "abbreviation": "3B"}}, {"season": "1917", "stat": {"gamesPlayed": 7, "gamesStarted": 6, "assists": 25, "putOuts": 10, "errors": 3, "chances": 38, "fielding": ".921", "position": {"code": "6", "name": "Shortstop", "type": "Infielder", "abbreviation": "SS"}, "rangeFactorPerGame": "5.00", "rangeFactorPer9Inn": "6.30", "innings": "50.0", "games": 7, "doublePlays": 2, "triplePlays": 0}, "team": {"id": 110, "name": "St. Louis Browns", "link": "/api/v1/teams/110"}, "player": {"id": 110389, "fullName": "Jimmy Austin", "link": "/api/v1/people/110389"}, "league": {"id": 103, "name": "American League", "link": "/api/v1/league/103"}, "sport": {"id": 1, "link": "/api/v1/sports/1", "abbreviation": "MLB"}, "gameType": "R", "position": {"code": "6", "name": "Shortstop", "type": "Infielder", "abbreviation": "SS"}}, {"season": "1918", "stat": {"gamesPlayed": 44, "gamesStarted": 42, "assists": 73, "putOuts": 54, "errors": 11, "chances": 138, "fielding": ".920", "position": {"code": "5", "name": "Third Base", "type": "Infielder", "abbreviation": "3B"}, "rangeFactorPerGame": "2.89", "rangeFactorPer9Inn": "3.12", "innings": "366.2", "games": 44, "doublePlays": 6, "triplePlays": 0}, "team": {"id": 110, "name": "St. Louis Browns", "link": "/api/v1/teams/110"}, "player": {"id": 110389, "fullName": "Jimmy Austin", "link": "/api/v1/people/110389"}, "league": {"id": 103, "name": "American League", "link": "/api/v1/league/103"}, "sport": {"id": 1, "link": "/api/v1/sports/1", "abbreviation": "MLB"}, "gameType": "R", "position": {"code": "5", "name": "Third Base", "type": "Infielder", "abbreviation": "3B"}}, {"season": "1918", "stat": {"gamesPlayed": 61, "gamesStarted": 61, "assists": 166, "putOuts": 119, "errors": 20, "chances": 305, "fielding": ".934", "position": {"code": "6", "name": "Shortstop", "type": "Infielder", "abbreviation": "SS"}, "rangeFactorPerGame": "4.67", "rangeFactorPer9Inn": "4.71", "innings": "545.1", "games": 61, "doublePlays": 14, "triplePlays": 0}, "team": {"id": 110, "name": "St. Louis Browns", "link": "/api/v1/teams/110"}, "player": {"id": 110389, "fullName": "Jimmy Austin", "link": "/api/v1/people/110389"}, "league": {"id": 103, "name": "American League", "link": "/api/v1/league/103"}, "sport": {"id": 1, "link": "/api/v1/sports/1", "abbreviation": "MLB"}, "gameType": "R", "position": {"code": "6", "name": "Shortstop", "type": "Infielder", "abbreviation": "SS"}}, {"season": "1919", "stat": {"gamesPlayed": 98, "gamesStarted": 97, "assists": 207, "putOuts": 161, "errors": 24, "chances": 392, "fielding": ".939", "position": {"code": "5", "name": "Third Base", "type": "Infielder", "abbreviation": "3B"}, "rangeFactorPerGame": "3.76", "rangeFactorPer9Inn": "3.92", "innings": "845.1", "games": 98, "doublePlays": 16, "triplePlays": 1}, "team": {"id": 110, "name": "St. Louis Browns", "link": "/api/v1/teams/110"}, "player": {"id": 110389, "fullName": "Jimmy Austin", "link": "/api/v1/people/110389"}, "league": {"id": 103, "name": "American League", "link": "/api/v1/league/103"}, "sport": {"id": 1, "link": "/api/v1/sports/1", "abbreviation": "MLB"}, "gameType": "R", "position": {"code": "5", "name": "Third Base", "type": "Infielder", "abbreviation": "3B"}}, {"season": "1919", "stat": {"gamesPlayed": 1, "gamesStarted": 0, "assists": 0, "putOuts": 0, "errors": 0, "chances": 0, "fielding": ".000", "position": {"code": "6", "name": "Shortstop", "type": "Infielder", "abbreviation": "SS"}, "rangeFactorPerGame": "0.00", "rangeFactorPer9Inn": "0.00", "innings": "1.0", "games": 1, "doublePlays": 0, "triplePlays": 0}, "team": {"id": 110, "name": "St. Louis Browns", "link": "/api/v1/teams/110"}, "player": {"id": 110389, "fullName": "Jimmy Austin", "link": "/api/v1/people/110389"}, "league": {"id": 103, "name": "American League", "link": "/api/v1/league/103"}, "sport": {"id": 1, "link": "/api/v1/sports/1", "abbreviation": "MLB"}, "gameType": "R", "position": {"code": "6", "name": "Shortstop", "type": "Infielder", "abbreviation": "SS"}}, {"season": "1920", "stat": {"gamesPlayed": 75, "gamesStarted": 74, "assists": 170, "putOuts": 108, "errors": 17, "chances": 295, "fielding": ".942", "position": {"code": "5", "name": "Third Base", "type": "Infielder", "abbreviation": "3B"}, "rangeFactorPerGame": "3.71", "rangeFactorPer9Inn": "3.92", "innings": "638.2", "games": 75, "doublePlays": 12, "triplePlays": 0}, "team": {"id": 110, "name": "St. Louis Browns", "link": "/api/v1/teams/110"}, "player": {"id": 110389, "fullName": "Jimmy Austin", "link": "/api/v1/people/110389"}, "league": {"id": 103, "name": "American League", "link": "/api/v1/league/103"}, "sport": {"id": 1, "link": "/api/v1/sports/1", "abbreviation": "MLB"}, "gameType": "R", "position": {"code": "5", "name": "Third Base", "type": "Infielder", "abbreviation": "3B"}}, {"season": "1921", "stat": {"gamesPlayed": 6, "gamesStarted": 4, "assists": 10, "putOuts": 13, "errors": 0, "chances": 23, "fielding": "1.000", "position": {"code": "4", "name": "Second Base", "type": "Infielder", "abbreviation": "2B"}, "rangeFactorPerGame": "3.83", "rangeFactorPer9Inn": "7.67", "innings": "27.0", "games": 6, "doublePlays": 3, "triplePlays": 0}, "team": {"id": 110, "name": "St. Louis Browns", "link": "/api/v1/teams/110"}, "player": {"id": 110389, "fullName": "Jimmy Austin", "link": "/api/v1/people/110389"}, "league": {"id": 103, "name": "American League", "link": "/api/v1/league/103"}, "sport": {"id": 1, "link": "/api/v1/sports/1", "abbreviation": "MLB"}, "gameType": "R", "position": {"code": "4", "name": "Second Base", "type": "Infielder", "abbreviation": "2B"}}, {"season": "1921", "stat": {"gamesPlayed": 2, "gamesStarted": 1, "assists": 4, "putOuts": 1, "errors": 0, "chances": 5, "fielding": "1.000", "position": {"code": "5", "name": "Third Base", "type": "Infielder", "abbreviation": "3B"}, "rangeFactorPerGame": "2.50", "games": 2, "doublePlays": 0, "triplePlays": 0}, "team": {"id": 110, "name": "St. Louis Browns", "link": "/api/v1/teams/110"}, "player": {"id": 110389, "fullName": "Jimmy Austin", "link": "/api/v1/people/110389"}, "league": {"id": 103, "name": "American League", "link": "/api/v1/league/103"}, "sport": {"id": 1, "link": "/api/v1/sports/1", "abbreviation": "MLB"}, "gameType": "R", "position": {"code": "5", "name": "Third Base", "type": "Infielder", "abbreviation": "3B"}}, {"season": "1921", "stat": {"gamesPlayed": 14, "gamesStarted": 13, "assists": 32, "putOuts": 29, "errors": 4, "chances": 65, "fielding": ".938", "position": {"code": "6", "name": "Shortstop", "type": "Infielder", "abbreviation": "SS"}, "rangeFactorPerGame": "4.36", "rangeFactorPer9Inn": "5.60", "innings": "98.0", "games": 14, "doublePlays": 2, "triplePlays": 0}, "team": {"id": 110, "name": "St. Louis Browns", "link": "/api/v1/teams/110"}, "player": {"id": 110389, "fullName": "Jimmy Austin", "link": "/api/v1/people/110389"}, "league": {"id": 103, "name": "American League", "link": "/api/v1/league/103"}, "sport": {"id": 1, "link": "/api/v1/sports/1", "abbreviation": "MLB"}, "gameType": "R", "position": {"code": "6", "name": "Shortstop", "type": "Infielder", "abbreviation": "SS"}}, {"season": "1922", "stat": {"gamesPlayed": 1, "gamesStarted": 0, "assists": 0, "putOuts": 0, "errors": 0, "chances": 0, "fielding": ".000", "position": {"code": "4", "name": "Second Base", "type": "Infielder", "abbreviation": "2B"}, "rangeFactorPerGame": "0.00", "rangeFactorPer9Inn": "0.00", "innings": "1.0", "games": 1, "doublePlays": 0, "triplePlays": 0}, "team": {"id": 110, "name": "St. Louis Browns", "link": "/api/v1/teams/110"}, "player": {"id": 110389, "fullName": "Jimmy Austin", "link": "/api/v1/people/110389"}, "league": {"id": 103, "name": "American League", "link": "/api/v1/league/103"}, "sport": {"id": 1, "link": "/api/v1/sports/1", "abbreviation": "MLB"}, "gameType": "R", "position": {"code": "4", "name": "Second Base", "type": "Infielder", "abbreviation": "2B"}}, {"season": "1922", "stat": {"gamesPlayed": 10, "gamesStarted": 8, "assists": 9, "putOuts": 13, "errors": 1, "chances": 23, "fielding": ".957", "position": {"code": "5", "name": "Third Base", "type": "Infielder", "abbreviation": "3B"}, "rangeFactorPerGame": "2.20", "rangeFactorPer9Inn": "3.09", "innings": "64.0", "games": 10, "doublePlays": 1, "triplePlays": 0}, "team": {"id": 110, "name": "St. Louis Browns", "link": "/api/v1/teams/110"}, "player": {"id": 110389, "fullName": "Jimmy Austin", "link": "/api/v1/people/110389"}, "league": {"id": 103, "name": "American League", "link": "/api/v1/league/103"}, "sport": {"id": 1, "link": "/api/v1/sports/1", "abbreviation": "MLB"}, "gameType": "R", "position": {"code": "5", "name": "Third Base", "type": "Infielder", "abbreviation": "3B"}}, {"season": "1925", "stat": {"gamesPlayed": 1, "gamesStarted": 0, "assists": 0, "putOuts": 1, "errors": 0, "chances": 1, "fielding": "1.000", "position": {"code": "5", "name": "Third Base", "type": "Infielder", "abbreviation": "3B"}, "rangeFactorPerGame": "1.00", "games": 1, "doublePlays": 1, "triplePlays": 0}, "team": {"id": 110, "name": "St. Louis Browns", "link": "/api/v1/teams/110"}, "player": {"id": 110389, "fullName": "Jimmy Austin", "link": "/api/v1/people/110389"}, "league": {"id": 103, "name": "American League", "link": "/api/v1/league/103"}, "sport": {"id": 1, "link": "/api/v1/sports/1", "abbreviation": "MLB"}, "gameType": "R", "position": {"code": "5", "name": "Third Base", "type": "Infielder", "abbreviation": "3B"}}, {"season": "1926", "stat": {"gamesPlayed": 1, "gamesStarted": 0, "assists": 1, "putOuts": 1, "errors": 0, "chances": 2, "fielding": "1.000", "position": {"code": "5", "name": "Third Base", "type": "Infielder", "abbreviation": "3B"}, "rangeFactorPerGame": "2.00", "games": 1, "doublePlays": 1, "triplePlays": 0}, "team": {"id": 110, "name": "St. Louis Browns", "link": "/api/v1/teams/110"}, "player": {"id": 110389, "fullName": "Jimmy Austin", "link": "/api/v1/people/110389"}, "league": {"id": 103, "name": "American League", "link": "/api/v1/league/103"}, "sport": {"id": 1, "link": "/api/v1/sports/1", "abbreviation": "MLB"}, "gameType": "R", "position": {"code": "5", "name": "Third Base", "type": "Infielder", "abbreviation": "3B"}}, {"season": "1929", "stat": {"gamesPlayed": 1, "gamesStarted": 0, "assists": 2, "putOuts": 0, "errors": 0, "chances": 2, "fielding": "1.000", "position": {"code": "5", "name": "Third Base", "type": "Infielder", "abbreviation": "3B"}, "rangeFactorPerGame": "2.00", "games": 1, "doublePlays": 0, "triplePlays": 0}, "team": {"id": 110, "name": "St. Louis Browns", "link": "/api/v1/teams/110"}, "player": {"id": 110389, "fullName": "Jimmy Austin", "link": "/api/v1/people/110389"}, "league": {"id": 103, "name": "American League", "link": "/api/v1/league/103"}, "sport": {"id": 1, "link": "/api/v1/sports/1", "abbreviation": "MLB"}, "gameType": "R", "position": {"code": "5", "name": "Third Base", "type": "Infielder", "abbreviation": "3B"}}]}], "mlbDebutDate": "1909-04-19", "batSide": {"code": "S", "description": "Switch"}, "pitchHand": {"code": "R", "description": "Right"}, "nameFirstLast": "Jimmy Austin", "nameSlug": "jimmy-austin-110389", "firstLastName": "Jimmy Austin", "lastFirstName": "Austin, Jimmy", "lastInitName": "Austin, J", "initLastName": "J Austin", "fullFMLName": "James Philip Austin", "fullLFMName": "Austin, James Philip", "strikeZoneTop": 3.26, "strikeZoneBottom": 1.481}