{"id": 110028, "fullName": "Johnny Abrego", "link": "/api/v1/people/110028", "firstName": "Johnny", "lastName": "Abrego", "primaryNumber": "32", "birthDate": "1962-07-04", "currentAge": 61, "birthCity": "Corpus Christi", "birthStateProvince": "TX", "birthCountry": "USA", "height": "6' 0\"", "weight": 185, "active": false, "primaryPosition": {"code": "1", "name": "Pitcher", "type": "Pitcher", "abbreviation": "P"}, "useName": "Johnny", "useLastName": "Abrego", "middleName": "Ray", "boxscoreName": "Abrego", "gender": "M", "isPlayer": true, "isVerified": true, "draftYear": 1981, "lastPlayedDate": "1985-10-03", "stats": [{"type": {"displayName": "career"}, "group": {"displayName": "fielding"}, "exemptions": [], "splits": [{"stat": {"gamesPlayed": 6, "gamesStarted": 5, "assists": 6, "putOuts": 2, "errors": 1, "chances": 9, "fielding": ".889", "position": {"code": "1", "name": "Pitcher", "type": "Pitcher", "abbreviation": "P"}, "rangeFactorPerGame": "1.33", "rangeFactorPer9Inn": "3.00", "innings": "24.0", "games": 6, "doublePlays": 0, "triplePlays": 0, "throwingErrors": 0}, "team": {"id": 112, "name": "Chicago Cubs", "link": "/api/v1/teams/112"}, "player": {"id": 110028, "fullName": "Johnny Abrego", "link": "/api/v1/people/110028"}, "league": {"id": 104, "name": "National League", "link": "/api/v1/league/104"}, "sport": {"id": 1, "link": "/api/v1/sports/1", "abbreviation": "MLB"}, "gameType": "R", "position": {"code": "1", "name": "Pitcher", "type": "Pitcher", "abbreviation": "P"}}]}, {"type": {"displayName": "career"}, "group": {"displayName": "hitting"}, "exemptions": [], "splits": [{"stat": {"gamesPlayed": 6, "groundOuts": 2, "airOuts": 1, "runs": 0, "doubles": 0, "triples": 0, "homeRuns": 0, "strikeOuts": 2, "baseOnBalls": 0, "intentionalWalks": 0, "hits": 0, "hitByPitch": 0, "avg": ".000", "atBats": 9, "obp": ".000", "slg": ".000", "ops": ".000", "caughtStealing": 0, "stolenBases": 0, "stolenBasePercentage": ".---", "groundIntoDoublePlay": 0, "numberOfPitches": 13, "plateAppearances": 9, "totalBases": 0, "rbi": 1, "leftOnBase": 13, "sacBunts": 0, "sacFlies": 0, "babip": ".000", "groundOutsToAirouts": "2.00", "catchersInterference": 0, "atBatsPerHomeRun": "-.--"}, "team": {"id": 112, "name": "Chicago Cubs", "link": "/api/v1/teams/112"}, "player": {"id": 110028, "fullName": "Johnny Abrego", "link": "/api/v1/people/110028"}, "league": {"id": 104, "name": "National League", "link": "/api/v1/league/104"}, "sport": {"id": 1, "link": "/api/v1/sports/1", "abbreviation": "MLB"}, "gameType": "R"}]}, {"type": {"displayName": "career"}, "group": {"displayName": "pitching"}, "exemptions": [], "splits": [{"stat": {"gamesPlayed": 6, "gamesStarted": 5, "groundOuts": 15, "airOuts": 3, "runs": 18, "doubles": 7, "triples": 0, "homeRuns": 3, "strikeOuts": 13, "baseOnBalls": 12, "intentionalWalks": 1, "hits": 32, "hitByPitch": 0, "avg": ".352", "atBats": 91, "obp": ".423", "slg": ".527", "ops": ".950", "caughtStealing": 4, "stolenBases": 2, "stolenBasePercentage": ".333", "groundIntoDoublePlay": 3, "numberOfPitches": 171, "era": "6.38", "inningsPitched": "24.0", "wins": 1, "losses": 1, "saves": 0, "saveOpportunities": 0, "holds": 0, "blownSaves": 0, "earnedRuns": 17, "whip": "1.83", "battersFaced": 109, "outs": 72, "gamesPitched": 6, "completeGames": 0, "shutouts": 0, "strikes": 123, "strikePercentage": ".720", "hitBatsmen": 0, "balks": 0, "wildPitches": 0, "pickoffs": 2, "totalBases": 48, "groundOutsToAirouts": "5.00", "winPercentage": ".500", "pitchesPerInning": "7.13", "gamesFinished": 0, "strikeoutWalkRatio": "1.08", "strikeoutsPer9Inn": "4.88", "walksPer9Inn": "4.50", "hitsPer9Inn": "12.00", "runsScoredPer9": "6.75", "homeRunsPer9": "1.13", "inheritedRunners": 0, "inheritedRunnersScored": 0, "catchersInterference": 0, "sacBunts": 5, "sacFlies": 1}, "team": {"id": 112, "name": "Chicago Cubs", "link": "/api/v1/teams/112"}, "player": {"id": 110028, "fullName": "Johnny Abrego", "link": "/api/v1/people/110028"}, "league": {"id": 104, "name": "National League", "link": "/api/v1/league/104"}, "sport": {"id": 1, "link": "/api/v1/sports/1", "abbreviation": "MLB"}, "gameType": "R"}]}, {"type": {"displayName": "yearByYear"}, "group": {"displayName": "fielding"}, "exemptions": [], "splits": [{"season": "1985", "stat": {"gamesPlayed": 6, "gamesStarted": 5, "assists": 6, "putOuts": 2, "errors": 1, "chances": 9, "fielding": ".889", "position": {"code": "1", "name": "Pitcher", "type": "Pitcher", "abbreviation": "P"}, "rangeFactorPerGame": "1.33", "rangeFactorPer9Inn": "3.00", "innings": "24.0", "games": 6, "doublePlays": 0, "triplePlays": 0, "throwingErrors": 0}, "team": {"id": 112, "name": "Chicago Cubs", "link": "/api/v1/teams/112"}, "player": {"id": 110028, "fullName": "Johnny Abrego", "link": "/api/v1/people/110028"}, "league": {"id": 104, "name": "National League", "link": "/api/v1/league/104"}, "sport": {"id": 1, "link": "/api/v1/sports/1", "abbreviation": "MLB"}, "gameType": "R", "position": {"code": "1", "name": "Pitcher", "type": "Pitcher", "abbreviation": "P"}}]}, {"type": {"displayName": "yearByYear"}, "group": {"displayName": "hitting"}, "exemptions": [], "splits": [{"season": "1985", "stat": {"gamesPlayed": 6, "groundOuts": 2, "airOuts": 1, "runs": 0, "doubles": 0, "triples": 0, "homeRuns": 0, "strikeOuts": 2, "baseOnBalls": 0, "intentionalWalks": 0, "hits": 0, "hitByPitch": 0, "avg": ".000", "atBats": 9, "obp": ".000", "slg": ".000", "ops": ".000", "caughtStealing": 0, "stolenBases": 0, "stolenBasePercentage": ".---", "groundIntoDoublePlay": 0, "numberOfPitches": 13, "plateAppearances": 9, "totalBases": 0, "rbi": 1, "leftOnBase": 13, "sacBunts": 0, "sacFlies": 0, "babip": ".000", "groundOutsToAirouts": "2.00", "catchersInterference": 0, "atBatsPerHomeRun": "-.--"}, "team": {"id": 112, "name": "Chicago Cubs", "link": "/api/v1/teams/112"}, "player": {"id": 110028, "fullName": "Johnny Abrego", "link": "/api/v1/people/110028"}, "league": {"id": 104, "name": "National League", "link": "/api/v1/league/104"}, "sport": {"id": 1, "link": "/api/v1/sports/1", "abbreviation": "MLB"}, "gameType": "R"}]}, {"type": {"displayName": "yearByYear"}, "group": {"displayName": "pitching"}, "exemptions": [], "splits": [{"season": "1985", "stat": {"gamesPlayed": 6, "gamesStarted": 5, "groundOuts": 15, "airOuts": 3, "runs": 18, "doubles": 7, "triples": 0, "homeRuns": 3, "strikeOuts": 13, "baseOnBalls": 12, "intentionalWalks": 1, "hits": 32, "hitByPitch": 0, "avg": ".352", "atBats": 91, "obp": ".423", "slg": ".527", "ops": ".950", "caughtStealing": 4, "stolenBases": 2, "stolenBasePercentage": ".333", "groundIntoDoublePlay": 3, "numberOfPitches": 171, "era": "6.38", "inningsPitched": "24.0", "wins": 1, "losses": 1, "saves": 0, "saveOpportunities": 0, "holds": 0, "blownSaves": 0, "earnedRuns": 17, "whip": "1.83", "battersFaced": 109, "outs": 72, "gamesPitched": 6, "completeGames": 0, "shutouts": 0, "strikes": 123, "strikePercentage": ".720", "hitBatsmen": 0, "balks": 0, "wildPitches": 0, "pickoffs": 2, "totalBases": 48, "groundOutsToAirouts": "5.00", "winPercentage": ".500", "pitchesPerInning": "7.13", "gamesFinished": 0, "strikeoutWalkRatio": "1.08", "strikeoutsPer9Inn": "4.88", "walksPer9Inn": "4.50", "hitsPer9Inn": "12.00", "runsScoredPer9": "6.75", "homeRunsPer9": "1.13", "inheritedRunners": 0, "inheritedRunnersScored": 0, "catchersInterference": 0, "sacBunts": 5, "sacFlies": 1}, "team": {"id": 112, "name": "Chicago Cubs", "link": "/api/v1/teams/112"}, "player": {"id": 110028, "fullName": "Johnny Abrego", "link": "/api/v1/people/110028"}, "league": {"id": 104, "name": "National League", "link": "/api/v1/league/104"}, "sport": {"id": 1, "link": "/api/v1/sports/1", "abbreviation": "MLB"}, "gameType": "R"}]}], "mlbDebutDate": "1985-09-04", "batSide": {"code": "R", "description": "Right"}, "pitchHand": {"code": "R", "description": "Right"}, "nameFirstLast": "Johnny Abrego", "nameSlug": "johnny-abrego-110028", "firstLastName": "Johnny Abrego", "lastFirstName": "Abrego, Johnny", "lastInitName": "Abrego, J", "initLastName": "J Abrego", "fullFMLName": "Johnny Ray Abrego", "fullLFMName": "Abrego, Johnny Ray", "strikeZoneTop": 3.371, "strikeZoneBottom": 1.535}