{"id": 110307, "fullName": "Dan Ardell", "link": "/api/v1/people/110307", "firstName": "Daniel", "lastName": "Ardell", "primaryNumber": "35", "birthDate": "1941-05-27", "currentAge": 82, "birthCity": "Seattle", "birthStateProvince": "WA", "birthCountry": "USA", "height": "6' 2\"", "weight": 190, "active": false, "primaryPosition": {"code": "3", "name": "First Base", "type": "Infielder", "abbreviation": "1B"}, "useName": "Dan", "useLastName": "Ardell", "middleName": "Miers", "boxscoreName": "Ardell", "gender": "M", "isPlayer": true, "isVerified": true, "lastPlayedDate": "1961-09-27", "stats": [{"type": {"displayName": "career"}, "group": {"displayName": "fielding"}, "exemptions": [], "splits": [{"stat": {"gamesPlayed": 1, "gamesStarted": 1, "assists": 0, "putOuts": 13, "errors": 0, "chances": 13, "fielding": "1.000", "position": {"code": "3", "name": "First Base", "type": "Infielder", "abbreviation": "1B"}, "rangeFactorPerGame": "13.00", "rangeFactorPer9Inn": "13.00", "innings": "9.0", "games": 1, "doublePlays": 1, "triplePlays": 0, "throwingErrors": 0}, "team": {"id": 108, "name": "Los Angeles Angels", "link": "/api/v1/teams/108"}, "player": {"id": 110307, "fullName": "Dan Ardell", "link": "/api/v1/people/110307"}, "league": {"id": 103, "name": "American League", "link": "/api/v1/league/103"}, "sport": {"id": 1, "link": "/api/v1/sports/1", "abbreviation": "MLB"}, "gameType": "R", "position": {"code": "3", "name": "First Base", "type": "Infielder", "abbreviation": "1B"}}]}, {"type": {"displayName": "career"}, "group": {"displayName": "hitting"}, "exemptions": [], "splits": [{"stat": {"gamesPlayed": 7, "runs": 1, "doubles": 0, "triples": 0, "homeRuns": 0, "strikeOuts": 2, "baseOnBalls": 1, "intentionalWalks": 0, "hits": 1, "hitByPitch": 0, "avg": ".250", "atBats": 4, "obp": ".400", "slg": ".250", "ops": ".650", "caughtStealing": 0, "stolenBases": 0, "stolenBasePercentage": ".---", "groundIntoDoublePlay": 0, "plateAppearances": 6, "totalBases": 1, "rbi": 0, "sacBunts": 1, "sacFlies": 0, "babip": ".500", "atBatsPerHomeRun": "-.--"}, "team": {"id": 108, "name": "Los Angeles Angels", "link": "/api/v1/teams/108"}, "player": {"id": 110307, "fullName": "Dan Ardell", "link": "/api/v1/people/110307"}, "league": {"id": 103, "name": "American League", "link": "/api/v1/league/103"}, "sport": {"id": 1, "link": "/api/v1/sports/1", "abbreviation": "MLB"}, "gameType": "R"}]}, {"type": {"displayName": "yearByYear"}, "group": {"displayName": "fielding"}, "exemptions": [], "splits": [{"season": "1961", "stat": {"gamesPlayed": 1, "gamesStarted": 1, "assists": 0, "putOuts": 13, "errors": 0, "chances": 13, "fielding": "1.000", "position": {"code": "3", "name": "First Base", "type": "Infielder", "abbreviation": "1B"}, "rangeFactorPerGame": "13.00", "rangeFactorPer9Inn": "13.00", "innings": "9.0", "games": 1, "doublePlays": 1, "triplePlays": 0, "throwingErrors": 0}, "team": {"id": 108, "name": "Los Angeles Angels", "link": "/api/v1/teams/108"}, "player": {"id": 110307, "fullName": "Dan Ardell", "link": "/api/v1/people/110307"}, "league": {"id": 103, "name": "American League", "link": "/api/v1/league/103"}, "sport": {"id": 1, "link": "/api/v1/sports/1", "abbreviation": "MLB"}, "gameType": "R", "position": {"code": "3", "name": "First Base", "type": "Infielder", "abbreviation": "1B"}}]}, {"type": {"displayName": "yearByYear"}, "group": {"displayName": "hitting"}, "exemptions": [], "splits": [{"season": "1961", "stat": {"gamesPlayed": 7, "runs": 1, "doubles": 0, "triples": 0, "homeRuns": 0, "strikeOuts": 2, "baseOnBalls": 1, "intentionalWalks": 0, "hits": 1, "hitByPitch": 0, "avg": ".250", "atBats": 4, "obp": ".400", "slg": ".250", "ops": ".650", "caughtStealing": 0, "stolenBases": 0, "stolenBasePercentage": ".---", "groundIntoDoublePlay": 0, "plateAppearances": 6, "totalBases": 1, "rbi": 0, "sacBunts": 1, "sacFlies": 0, "babip": ".500", "atBatsPerHomeRun": "-.--"}, "team": {"id": 108, "name": "Los Angeles Angels", "link": "/api/v1/teams/108"}, "player": {"id": 110307, "fullName": "Dan Ardell", "link": "/api/v1/people/110307"}, "league": {"id": 103, "name": "American League", "link": "/api/v1/league/103"}, "sport": {"id": 1, "link": "/api/v1/sports/1", "abbreviation": "MLB"}, "gameType": "R"}]}], "mlbDebutDate": "1961-09-14", "batSide": {"code": "L", "description": "Left"}, "pitchHand": {"code": "L", "description": "Left"}, "nameFirstLast": "Dan Ardell", "nameSlug": "dan-ardell-110307", "firstLastName": "Dan Ardell", "lastFirstName": "Ardell, Dan", "lastInitName": "Ardell, D", "initLastName": "D Ardell", "fullFMLName": "Daniel Miers Ardell", "fullLFMName": "Ardell, Daniel Miers", "strikeZoneTop": 3.467, "strikeZoneBottom": 1.589}