{"id": 110011, "fullName": "Kurt Abbott", "link": "/api/v1/people/110011", "firstName": "Kurt", "lastName": "Abbott", "primaryNumber": "7", "birthDate": "1969-06-02", "currentAge": 54, "birthCity": "Zanesville", "birthStateProvince": "OH", "birthCountry": "USA", "height": "6' 0\"", "weight": 200, "active": false, "primaryPosition": {"code": "6", "name": "Shortstop", "type": "Infielder", "abbreviation": "SS"}, "useName": "Kurt", "useLastName": "Abbott", "middleName": "Thomas", "boxscoreName": "Abbott", "gender": "M", "isPlayer": true, "isVerified": true, "draftYear": 1989, "lastPlayedDate": "2001-04-13", "stats": [{"type": {"displayName": "career"}, "group": {"displayName": "fielding"}, "exemptions": [], "splits": [{"stat": {"gamesPlayed": 8, "gamesStarted": 7, "assists": 3, "putOuts": 57, "errors": 0, "chances": 60, "fielding": "1.000", "position": {"code": "3", "name": "First Base", "type": "Infielder", "abbreviation": "1B"}, "rangeFactorPerGame": "7.50", "rangeFactorPer9Inn": "11.25", "innings": "48.2", "games": 8, "doublePlays": 6, "triplePlays": 0, "throwingErrors": 0}, "team": {"id": 115, "name": "Colorado Rockies", "link": "/api/v1/teams/115"}, "player": {"id": 110011, "fullName": "Kurt Abbott", "link": "/api/v1/people/110011"}, "league": {"id": 104, "name": "National League", "link": "/api/v1/league/104"}, "sport": {"id": 1, "link": "/api/v1/sports/1", "abbreviation": "MLB"}, "gameType": "R", "position": {"code": "3", "name": "First Base", "type": "Infielder", "abbreviation": "1B"}}, {"stat": {"gamesPlayed": 173, "gamesStarted": 130, "assists": 351, "putOuts": 296, "errors": 11, "chances": 658, "fielding": ".983", "position": {"code": "4", "name": "Second Base", "type": "Infielder", "abbreviation": "2B"}, "rangeFactorPerGame": "3.74", "rangeFactorPer9Inn": "5.01", "innings": "1162.0", "games": 173, "doublePlays": 67, "triplePlays": 0, "throwingErrors": 4}, "player": {"id": 110011, "fullName": "Kurt Abbott", "link": "/api/v1/people/110011"}, "sport": {"id": 1, "link": "/api/v1/sports/1", "abbreviation": "MLB"}, "gameType": "R", "numTeams": 5, "position": {"code": "4", "name": "Second Base", "type": "Infielder", "abbreviation": "2B"}}, {"stat": {"gamesPlayed": 43, "gamesStarted": 31, "assists": 45, "putOuts": 30, "errors": 7, "chances": 82, "fielding": ".915", "position": {"code": "5", "name": "Third Base", "type": "Infielder", "abbreviation": "3B"}, "rangeFactorPerGame": "1.74", "rangeFactorPer9Inn": "2.57", "innings": "263.0", "games": 43, "doublePlays": 3, "triplePlays": 0, "throwingErrors": 2}, "player": {"id": 110011, "fullName": "Kurt Abbott", "link": "/api/v1/people/110011"}, "sport": {"id": 1, "link": "/api/v1/sports/1", "abbreviation": "MLB"}, "gameType": "R", "numTeams": 4, "position": {"code": "5", "name": "Third Base", "type": "Infielder", "abbreviation": "3B"}}, {"stat": {"gamesPlayed": 349, "gamesStarted": 309, "assists": 853, "putOuts": 489, "errors": 59, "chances": 1401, "fielding": ".958", "position": {"code": "6", "name": "Shortstop", "type": "Infielder", "abbreviation": "SS"}, "rangeFactorPerGame": "3.85", "rangeFactorPer9Inn": "4.36", "innings": "2773.1", "games": 349, "doublePlays": 200, "triplePlays": 0, "throwingErrors": 21}, "player": {"id": 110011, "fullName": "Kurt Abbott", "link": "/api/v1/people/110011"}, "sport": {"id": 1, "link": "/api/v1/sports/1", "abbreviation": "MLB"}, "gameType": "R", "numTeams": 5, "position": {"code": "6", "name": "Shortstop", "type": "Infielder", "abbreviation": "SS"}}, {"stat": {"gamesPlayed": 32, "gamesStarted": 19, "assists": 1, "putOuts": 59, "errors": 1, "chances": 61, "fielding": ".984", "position": {"code": "7", "name": "Outfielder", "type": "Outfielder", "abbreviation": "LF"}, "rangeFactorPerGame": "1.88", "rangeFactorPer9Inn": "3.03", "innings": "178.1", "games": 32, "doublePlays": 0, "triplePlays": 0, "throwingErrors": 0}, "player": {"id": 110011, "fullName": "Kurt Abbott", "link": "/api/v1/people/110011"}, "sport": {"id": 1, "link": "/api/v1/sports/1", "abbreviation": "MLB"}, "gameType": "R", "numTeams": 3, "position": {"code": "7", "name": "Outfielder", "type": "Outfielder", "abbreviation": "LF"}}, {"stat": {"gamesPlayed": 4, "gamesStarted": 2, "assists": 0, "putOuts": 3, "errors": 0, "chances": 3, "fielding": "1.000", "position": {"code": "8", "name": "Outfielder", "type": "Outfielder", "abbreviation": "CF"}, "rangeFactorPerGame": "0.75", "rangeFactorPer9Inn": "1.50", "innings": "18.0", "games": 4, "doublePlays": 0, "triplePlays": 0, "throwingErrors": 0}, "player": {"id": 110011, "fullName": "Kurt Abbott", "link": "/api/v1/people/110011"}, "sport": {"id": 1, "link": "/api/v1/sports/1", "abbreviation": "MLB"}, "gameType": "R", "numTeams": 2, "position": {"code": "8", "name": "Outfielder", "type": "Outfielder", "abbreviation": "CF"}}, {"stat": {"gamesPlayed": 8, "gamesStarted": 6, "assists": 0, "putOuts": 7, "errors": 1, "chances": 8, "fielding": ".875", "position": {"code": "9", "name": "Outfielder", "type": "Outfielder", "abbreviation": "RF"}, "rangeFactorPerGame": "0.88", "rangeFactorPer9Inn": "1.31", "innings": "48.0", "games": 8, "doublePlays": 0, "triplePlays": 0, "throwingErrors": 0}, "player": {"id": 110011, "fullName": "Kurt Abbott", "link": "/api/v1/people/110011"}, "sport": {"id": 1, "link": "/api/v1/sports/1", "abbreviation": "MLB"}, "gameType": "R", "numTeams": 2, "position": {"code": "9", "name": "Outfielder", "type": "Outfielder", "abbreviation": "RF"}}, {"stat": {"gamesPlayed": 4, "gamesStarted": 4, "assists": 0, "putOuts": 0, "errors": 0, "chances": 0, "fielding": ".000", "position": {"code": "10", "name": "Designated Hitter", "type": "Hitter", "abbreviation": "DH"}, "rangeFactorPerGame": "0.00", "rangeFactorPer9Inn": "-.--", "innings": "0.0", "games": 4, "doublePlays": 0, "triplePlays": 0, "throwingErrors": 0}, "player": {"id": 110011, "fullName": "Kurt Abbott", "link": "/api/v1/people/110011"}, "sport": {"id": 1, "link": "/api/v1/sports/1", "abbreviation": "MLB"}, "gameType": "R", "numTeams": 2, "position": {"code": "10", "name": "Designated Hitter", "type": "Hitter", "abbreviation": "DH"}}]}, {"type": {"displayName": "career"}, "group": {"displayName": "hitting"}, "exemptions": [], "splits": [{"stat": {"gamesPlayed": 702, "groundOuts": 476, "airOuts": 501, "runs": 273, "doubles": 109, "triples": 23, "homeRuns": 62, "strikeOuts": 571, "baseOnBalls": 133, "intentionalWalks": 11, "hits": 523, "hitByPitch": 17, "avg": ".256", "atBats": 2044, "obp": ".305", "slg": ".423", "ops": ".728", "caughtStealing": 11, "stolenBases": 22, "stolenBasePercentage": ".667", "groundIntoDoublePlay": 37, "numberOfPitches": 7676, "plateAppearances": 2227, "totalBases": 864, "rbi": 242, "leftOnBase": 837, "sacBunts": 21, "sacFlies": 12, "babip": ".324", "groundOutsToAirouts": "0.95", "catchersInterference": 0, "atBatsPerHomeRun": "32.97"}, "player": {"id": 110011, "fullName": "Kurt Abbott", "link": "/api/v1/people/110011"}, "sport": {"id": 1, "link": "/api/v1/sports/1", "abbreviation": "MLB"}, "gameType": "R", "numTeams": 5}]}, {"type": {"displayName": "yearByYear"}, "group": {"displayName": "fielding"}, "exemptions": [], "splits": [{"season": "1993", "stat": {"gamesPlayed": 2, "gamesStarted": 0, "assists": 0, "putOuts": 0, "errors": 0, "chances": 0, "fielding": ".000", "position": {"code": "4", "name": "Second Base", "type": "Infielder", "abbreviation": "2B"}, "rangeFactorPerGame": "0.00", "rangeFactorPer9Inn": "0.00", "innings": "3.0", "games": 2, "doublePlays": 0, "triplePlays": 0, "throwingErrors": 0}, "team": {"id": 133, "name": "Oakland Athletics", "link": "/api/v1/teams/133"}, "player": {"id": 110011, "fullName": "Kurt Abbott", "link": "/api/v1/people/110011"}, "league": {"id": 103, "name": "American League", "link": "/api/v1/league/103"}, "sport": {"id": 1, "link": "/api/v1/sports/1", "abbreviation": "MLB"}, "gameType": "R", "position": {"code": "4", "name": "Second Base", "type": "Infielder", "abbreviation": "2B"}}, {"season": "1993", "stat": {"gamesPlayed": 6, "gamesStarted": 3, "assists": 11, "putOuts": 3, "errors": 1, "chances": 15, "fielding": ".933", "position": {"code": "6", "name": "Shortstop", "type": "Infielder", "abbreviation": "SS"}, "rangeFactorPerGame": "2.33", "rangeFactorPer9Inn": "3.94", "innings": "32.2", "games": 6, "doublePlays": 2, "triplePlays": 0, "throwingErrors": 1}, "team": {"id": 133, "name": "Oakland Athletics", "link": "/api/v1/teams/133"}, "player": {"id": 110011, "fullName": "Kurt Abbott", "link": "/api/v1/people/110011"}, "league": {"id": 103, "name": "American League", "link": "/api/v1/league/103"}, "sport": {"id": 1, "link": "/api/v1/sports/1", "abbreviation": "MLB"}, "gameType": "R", "position": {"code": "6", "name": "Shortstop", "type": "Infielder", "abbreviation": "SS"}}, {"season": "1993", "stat": {"gamesPlayed": 13, "gamesStarted": 11, "assists": 1, "putOuts": 33, "errors": 1, "chances": 35, "fielding": ".971", "position": {"code": "7", "name": "Outfielder", "type": "Outfielder", "abbreviation": "LF"}, "rangeFactorPerGame": "2.62", "rangeFactorPer9Inn": "3.00", "innings": "102.1", "games": 13, "doublePlays": 0, "triplePlays": 0, "throwingErrors": 0}, "team": {"id": 133, "name": "Oakland Athletics", "link": "/api/v1/teams/133"}, "player": {"id": 110011, "fullName": "Kurt Abbott", "link": "/api/v1/people/110011"}, "league": {"id": 103, "name": "American League", "link": "/api/v1/league/103"}, "sport": {"id": 1, "link": "/api/v1/sports/1", "abbreviation": "MLB"}, "gameType": "R", "position": {"code": "7", "name": "Outfielder", "type": "Outfielder", "abbreviation": "LF"}}, {"season": "1994", "stat": {"gamesPlayed": 99, "gamesStarted": 93, "assists": 258, "putOuts": 166, "errors": 15, "chances": 439, "fielding": ".966", "position": {"code": "6", "name": "Shortstop", "type": "Infielder", "abbreviation": "SS"}, "rangeFactorPerGame": "4.28", "rangeFactorPer9Inn": "4.63", "innings": "825.1", "games": 99, "doublePlays": 62, "triplePlays": 0, "throwingErrors": 2}, "team": {"id": 146, "name": "Florida Marlins", "link": "/api/v1/teams/146"}, "player": {"id": 110011, "fullName": "Kurt Abbott", "link": "/api/v1/people/110011"}, "league": {"id": 104, "name": "National League", "link": "/api/v1/league/104"}, "sport": {"id": 1, "link": "/api/v1/sports/1", "abbreviation": "MLB"}, "gameType": "R", "position": {"code": "6", "name": "Shortstop", "type": "Infielder", "abbreviation": "SS"}}, {"season": "1995", "stat": {"gamesPlayed": 115, "gamesStarted": 109, "assists": 287, "putOuts": 151, "errors": 19, "chances": 457, "fielding": ".958", "position": {"code": "6", "name": "Shortstop", "type": "Infielder", "abbreviation": "SS"}, "rangeFactorPerGame": "3.81", "rangeFactorPer9Inn": "4.04", "innings": "975.0", "games": 115, "doublePlays": 66, "triplePlays": 0, "throwingErrors": 9}, "team": {"id": 146, "name": "Florida Marlins", "link": "/api/v1/teams/146"}, "player": {"id": 110011, "fullName": "Kurt Abbott", "link": "/api/v1/people/110011"}, "league": {"id": 104, "name": "National League", "link": "/api/v1/league/104"}, "sport": {"id": 1, "link": "/api/v1/sports/1", "abbreviation": "MLB"}, "gameType": "R", "position": {"code": "6", "name": "Shortstop", "type": "Infielder", "abbreviation": "SS"}}, {"season": "1996", "stat": {"gamesPlayed": 20, "gamesStarted": 15, "assists": 39, "putOuts": 35, "errors": 0, "chances": 74, "fielding": "1.000", "position": {"code": "4", "name": "Second Base", "type": "Infielder", "abbreviation": "2B"}, "rangeFactorPerGame": "3.70", "rangeFactorPer9Inn": "4.76", "innings": "140.1", "games": 20, "doublePlays": 6, "triplePlays": 0, "throwingErrors": 0}, "team": {"id": 146, "name": "Florida Marlins", "link": "/api/v1/teams/146"}, "player": {"id": 110011, "fullName": "Kurt Abbott", "link": "/api/v1/people/110011"}, "league": {"id": 104, "name": "National League", "link": "/api/v1/league/104"}, "sport": {"id": 1, "link": "/api/v1/sports/1", "abbreviation": "MLB"}, "gameType": "R", "position": {"code": "4", "name": "Second Base", "type": "Infielder", "abbreviation": "2B"}}, {"season": "1996", "stat": {"gamesPlayed": 33, "gamesStarted": 27, "assists": 42, "putOuts": 22, "errors": 6, "chances": 70, "fielding": ".914", "position": {"code": "5", "name": "Third Base", "type": "Infielder", "abbreviation": "3B"}, "rangeFactorPerGame": "1.94", "rangeFactorPer9Inn": "2.64", "innings": "218.1", "games": 33, "doublePlays": 3, "triplePlays": 0, "throwingErrors": 2}, "team": {"id": 146, "name": "Florida Marlins", "link": "/api/v1/teams/146"}, "player": {"id": 110011, "fullName": "Kurt Abbott", "link": "/api/v1/people/110011"}, "league": {"id": 104, "name": "National League", "link": "/api/v1/league/104"}, "sport": {"id": 1, "link": "/api/v1/sports/1", "abbreviation": "MLB"}, "gameType": "R", "position": {"code": "5", "name": "Third Base", "type": "Infielder", "abbreviation": "3B"}}, {"season": "1996", "stat": {"gamesPlayed": 44, "gamesStarted": 41, "assists": 122, "putOuts": 66, "errors": 6, "chances": 194, "fielding": ".969", "position": {"code": "6", "name": "Shortstop", "type": "Infielder", "abbreviation": "SS"}, "rangeFactorPerGame": "4.27", "rangeFactorPer9Inn": "4.70", "innings": "360.0", "games": 44, "doublePlays": 34, "triplePlays": 0, "throwingErrors": 3}, "team": {"id": 146, "name": "Florida Marlins", "link": "/api/v1/teams/146"}, "player": {"id": 110011, "fullName": "Kurt Abbott", "link": "/api/v1/people/110011"}, "league": {"id": 104, "name": "National League", "link": "/api/v1/league/104"}, "sport": {"id": 1, "link": "/api/v1/sports/1", "abbreviation": "MLB"}, "gameType": "R", "position": {"code": "6", "name": "Shortstop", "type": "Infielder", "abbreviation": "SS"}}, {"season": "1997", "stat": {"gamesPlayed": 54, "gamesStarted": 43, "assists": 116, "putOuts": 101, "errors": 7, "chances": 224, "fielding": ".969", "position": {"code": "4", "name": "Second Base", "type": "Infielder", "abbreviation": "2B"}, "rangeFactorPerGame": "4.02", "rangeFactorPer9Inn": "5.22", "innings": "374.0", "games": 54, "doublePlays": 21, "triplePlays": 0, "throwingErrors": 3}, "team": {"id": 146, "name": "Florida Marlins", "link": "/api/v1/teams/146"}, "player": {"id": 110011, "fullName": "Kurt Abbott", "link": "/api/v1/people/110011"}, "league": {"id": 104, "name": "National League", "link": "/api/v1/league/104"}, "sport": {"id": 1, "link": "/api/v1/sports/1", "abbreviation": "MLB"}, "gameType": "R", "position": {"code": "4", "name": "Second Base", "type": "Infielder", "abbreviation": "2B"}}, {"season": "1997", "stat": {"gamesPlayed": 4, "gamesStarted": 2, "assists": 1, "putOuts": 2, "errors": 1, "chances": 4, "fielding": ".750", "position": {"code": "5", "name": "Third Base", "type": "Infielder", "abbreviation": "3B"}, "rangeFactorPerGame": "0.75", "rangeFactorPer9Inn": "1.35", "innings": "20.2", "games": 4, "doublePlays": 0, "triplePlays": 0, "throwingErrors": 0}, "team": {"id": 146, "name": "Florida Marlins", "link": "/api/v1/teams/146"}, "player": {"id": 110011, "fullName": "Kurt Abbott", "link": "/api/v1/people/110011"}, "league": {"id": 104, "name": "National League", "link": "/api/v1/league/104"}, "sport": {"id": 1, "link": "/api/v1/sports/1", "abbreviation": "MLB"}, "gameType": "R", "position": {"code": "5", "name": "Third Base", "type": "Infielder", "abbreviation": "3B"}}, {"season": "1997", "stat": {"gamesPlayed": 7, "gamesStarted": 6, "assists": 19, "putOuts": 10, "errors": 0, "chances": 29, "fielding": "1.000", "position": {"code": "6", "name": "Shortstop", "type": "Infielder", "abbreviation": "SS"}, "rangeFactorPerGame": "4.14", "rangeFactorPer9Inn": "4.58", "innings": "57.1", "games": 7, "doublePlays": 6, "triplePlays": 0, "throwingErrors": 0}, "team": {"id": 146, "name": "Florida Marlins", "link": "/api/v1/teams/146"}, "player": {"id": 110011, "fullName": "Kurt Abbott", "link": "/api/v1/people/110011"}, "league": {"id": 104, "name": "National League", "link": "/api/v1/league/104"}, "sport": {"id": 1, "link": "/api/v1/sports/1", "abbreviation": "MLB"}, "gameType": "R", "position": {"code": "6", "name": "Shortstop", "type": "Infielder", "abbreviation": "SS"}}, {"season": "1997", "stat": {"gamesPlayed": 10, "gamesStarted": 6, "assists": 0, "putOuts": 13, "errors": 0, "chances": 13, "fielding": "1.000", "position": {"code": "7", "name": "Outfielder", "type": "Outfielder", "abbreviation": "LF"}, "rangeFactorPerGame": "1.30", "rangeFactorPer9Inn": "2.60", "innings": "45.0", "games": 10, "doublePlays": 0, "triplePlays": 0, "throwingErrors": 0}, "team": {"id": 146, "name": "Florida Marlins", "link": "/api/v1/teams/146"}, "player": {"id": 110011, "fullName": "Kurt Abbott", "link": "/api/v1/people/110011"}, "league": {"id": 104, "name": "National League", "link": "/api/v1/league/104"}, "sport": {"id": 1, "link": "/api/v1/sports/1", "abbreviation": "MLB"}, "gameType": "R", "position": {"code": "7", "name": "Outfielder", "type": "Outfielder", "abbreviation": "LF"}}, {"season": "1998", "stat": {"gamesPlayed": 1, "gamesStarted": 0, "assists": 0, "putOuts": 0, "errors": 0, "chances": 0, "fielding": ".000", "position": {"code": "5", "name": "Third Base", "type": "Infielder", "abbreviation": "3B"}, "rangeFactorPerGame": "0.00", "rangeFactorPer9Inn": "0.00", "innings": "1.0", "games": 1, "doublePlays": 0, "triplePlays": 0, "throwingErrors": 0}, "team": {"id": 133, "name": "Oakland Athletics", "link": "/api/v1/teams/133"}, "player": {"id": 110011, "fullName": "Kurt Abbott", "link": "/api/v1/people/110011"}, "league": {"id": 103, "name": "American League", "link": "/api/v1/league/103"}, "sport": {"id": 1, "link": "/api/v1/sports/1", "abbreviation": "MLB"}, "gameType": "R", "position": {"code": "5", "name": "Third Base", "type": "Infielder", "abbreviation": "3B"}}, {"season": "1998", "stat": {"gamesPlayed": 28, "gamesStarted": 28, "assists": 70, "putOuts": 39, "errors": 11, "chances": 120, "fielding": ".908", "position": {"code": "6", "name": "Shortstop", "type": "Infielder", "abbreviation": "SS"}, "rangeFactorPerGame": "3.89", "rangeFactorPer9Inn": "4.23", "innings": "232.0", "games": 28, "doublePlays": 16, "triplePlays": 0, "throwingErrors": 2}, "team": {"id": 133, "name": "Oakland Athletics", "link": "/api/v1/teams/133"}, "player": {"id": 110011, "fullName": "Kurt Abbott", "link": "/api/v1/people/110011"}, "league": {"id": 103, "name": "American League", "link": "/api/v1/league/103"}, "sport": {"id": 1, "link": "/api/v1/sports/1", "abbreviation": "MLB"}, "gameType": "R", "position": {"code": "6", "name": "Shortstop", "type": "Infielder", "abbreviation": "SS"}}, {"season": "1998", "stat": {"gamesPlayed": 5, "gamesStarted": 0, "assists": 0, "putOuts": 6, "errors": 0, "chances": 6, "fielding": "1.000", "position": {"code": "7", "name": "Outfielder", "type": "Outfielder", "abbreviation": "LF"}, "rangeFactorPerGame": "1.20", "rangeFactorPer9Inn": "3.86", "innings": "14.0", "games": 5, "doublePlays": 0, "triplePlays": 0, "throwingErrors": 0}, "team": {"id": 133, "name": "Oakland Athletics", "link": "/api/v1/teams/133"}, "player": {"id": 110011, "fullName": "Kurt Abbott", "link": "/api/v1/people/110011"}, "league": {"id": 103, "name": "American League", "link": "/api/v1/league/103"}, "sport": {"id": 1, "link": "/api/v1/sports/1", "abbreviation": "MLB"}, "gameType": "R", "position": {"code": "7", "name": "Outfielder", "type": "Outfielder", "abbreviation": "LF"}}, {"season": "1998", "stat": {"gamesPlayed": 1, "gamesStarted": 1, "assists": 0, "putOuts": 0, "errors": 0, "chances": 0, "fielding": ".000", "position": {"code": "9", "name": "Outfielder", "type": "Outfielder", "abbreviation": "RF"}, "rangeFactorPerGame": "0.00", "rangeFactorPer9Inn": "0.00", "innings": "7.0", "games": 1, "doublePlays": 0, "triplePlays": 0, "throwingErrors": 0}, "team": {"id": 133, "name": "Oakland Athletics", "link": "/api/v1/teams/133"}, "player": {"id": 110011, "fullName": "Kurt Abbott", "link": "/api/v1/people/110011"}, "league": {"id": 103, "name": "American League", "link": "/api/v1/league/103"}, "sport": {"id": 1, "link": "/api/v1/sports/1", "abbreviation": "MLB"}, "gameType": "R", "position": {"code": "9", "name": "Outfielder", "type": "Outfielder", "abbreviation": "RF"}}, {"season": "1998", "stat": {"gamesPlayed": 3, "gamesStarted": 3, "assists": 0, "putOuts": 0, "errors": 0, "chances": 0, "fielding": ".000", "position": {"code": "10", "name": "Designated Hitter", "type": "Hitter", "abbreviation": "DH"}, "rangeFactorPerGame": "0.00", "rangeFactorPer9Inn": "-.--", "innings": "0.0", "games": 3, "doublePlays": 0, "triplePlays": 0, "throwingErrors": 0}, "team": {"id": 133, "name": "Oakland Athletics", "link": "/api/v1/teams/133"}, "player": {"id": 110011, "fullName": "Kurt Abbott", "link": "/api/v1/people/110011"}, "league": {"id": 103, "name": "American League", "link": "/api/v1/league/103"}, "sport": {"id": 1, "link": "/api/v1/sports/1", "abbreviation": "MLB"}, "gameType": "R", "position": {"code": "10", "name": "Designated Hitter", "type": "Hitter", "abbreviation": "DH"}}, {"season": "1998", "stat": {"gamesPlayed": 7, "gamesStarted": 5, "assists": 17, "putOuts": 13, "errors": 0, "chances": 30, "fielding": "1.000", "position": {"code": "4", "name": "Second Base", "type": "Infielder", "abbreviation": "2B"}, "rangeFactorPerGame": "4.29", "rangeFactorPer9Inn": "6.28", "innings": "43.0", "games": 7, "doublePlays": 3, "triplePlays": 0, "throwingErrors": 0}, "team": {"id": 115, "name": "Colorado Rockies", "link": "/api/v1/teams/115"}, "player": {"id": 110011, "fullName": "Kurt Abbott", "link": "/api/v1/people/110011"}, "league": {"id": 104, "name": "National League", "link": "/api/v1/league/104"}, "sport": {"id": 1, "link": "/api/v1/sports/1", "abbreviation": "MLB"}, "gameType": "R", "position": {"code": "4", "name": "Second Base", "type": "Infielder", "abbreviation": "2B"}}, {"season": "1998", "stat": {"gamesPlayed": 3, "gamesStarted": 0, "assists": 1, "putOuts": 2, "errors": 0, "chances": 3, "fielding": "1.000", "position": {"code": "5", "name": "Third Base", "type": "Infielder", "abbreviation": "3B"}, "rangeFactorPerGame": "1.00", "rangeFactorPer9Inn": "4.50", "innings": "6.0", "games": 3, "doublePlays": 0, "triplePlays": 0, "throwingErrors": 0}, "team": {"id": 115, "name": "Colorado Rockies", "link": "/api/v1/teams/115"}, "player": {"id": 110011, "fullName": "Kurt Abbott", "link": "/api/v1/people/110011"}, "league": {"id": 104, "name": "National League", "link": "/api/v1/league/104"}, "sport": {"id": 1, "link": "/api/v1/sports/1", "abbreviation": "MLB"}, "gameType": "R", "position": {"code": "5", "name": "Third Base", "type": "Infielder", "abbreviation": "3B"}}, {"season": "1998", "stat": {"gamesPlayed": 7, "gamesStarted": 3, "assists": 6, "putOuts": 4, "errors": 0, "chances": 10, "fielding": "1.000", "position": {"code": "6", "name": "Shortstop", "type": "Infielder", "abbreviation": "SS"}, "rangeFactorPerGame": "1.43", "rangeFactorPer9Inn": "3.60", "innings": "25.0", "games": 7, "doublePlays": 2, "triplePlays": 0, "throwingErrors": 0}, "team": {"id": 115, "name": "Colorado Rockies", "link": "/api/v1/teams/115"}, "player": {"id": 110011, "fullName": "Kurt Abbott", "link": "/api/v1/people/110011"}, "league": {"id": 104, "name": "National League", "link": "/api/v1/league/104"}, "sport": {"id": 1, "link": "/api/v1/sports/1", "abbreviation": "MLB"}, "gameType": "R", "position": {"code": "6", "name": "Shortstop", "type": "Infielder", "abbreviation": "SS"}}, {"season": "1998", "stat": {"gamesPlayed": 4, "gamesStarted": 2, "assists": 0, "putOuts": 7, "errors": 0, "chances": 7, "fielding": "1.000", "position": {"code": "7", "name": "Outfielder", "type": "Outfielder", "abbreviation": "LF"}, "rangeFactorPerGame": "1.75", "rangeFactorPer9Inn": "3.71", "innings": "17.0", "games": 4, "doublePlays": 0, "triplePlays": 0, "throwingErrors": 0}, "team": {"id": 115, "name": "Colorado Rockies", "link": "/api/v1/teams/115"}, "player": {"id": 110011, "fullName": "Kurt Abbott", "link": "/api/v1/people/110011"}, "league": {"id": 104, "name": "National League", "link": "/api/v1/league/104"}, "sport": {"id": 1, "link": "/api/v1/sports/1", "abbreviation": "MLB"}, "gameType": "R", "position": {"code": "7", "name": "Outfielder", "type": "Outfielder", "abbreviation": "LF"}}, {"season": "1998", "stat": {"gamesPlayed": 5, "gamesStarted": 4, "assists": 0, "putOuts": 6, "errors": 1, "chances": 7, "fielding": ".857", "position": {"code": "9", "name": "Outfielder", "type": "Outfielder", "abbreviation": "RF"}, "rangeFactorPerGame": "1.20", "rangeFactorPer9Inn": "1.74", "innings": "31.0", "games": 5, "doublePlays": 0, "triplePlays": 0, "throwingErrors": 0}, "team": {"id": 115, "name": "Colorado Rockies", "link": "/api/v1/teams/115"}, "player": {"id": 110011, "fullName": "Kurt Abbott", "link": "/api/v1/people/110011"}, "league": {"id": 104, "name": "National League", "link": "/api/v1/league/104"}, "sport": {"id": 1, "link": "/api/v1/sports/1", "abbreviation": "MLB"}, "gameType": "R", "position": {"code": "9", "name": "Outfielder", "type": "Outfielder", "abbreviation": "RF"}}, {"season": "1998", "stat": {"gamesPlayed": 1, "gamesStarted": 1, "assists": 0, "putOuts": 0, "errors": 0, "chances": 0, "fielding": ".000", "position": {"code": "10", "name": "Designated Hitter", "type": "Hitter", "abbreviation": "DH"}, "rangeFactorPerGame": "0.00", "rangeFactorPer9Inn": "-.--", "innings": "0.0", "games": 1, "doublePlays": 0, "triplePlays": 0, "throwingErrors": 0}, "team": {"id": 115, "name": "Colorado Rockies", "link": "/api/v1/teams/115"}, "player": {"id": 110011, "fullName": "Kurt Abbott", "link": "/api/v1/people/110011"}, "league": {"id": 104, "name": "National League", "link": "/api/v1/league/104"}, "sport": {"id": 1, "link": "/api/v1/sports/1", "abbreviation": "MLB"}, "gameType": "R", "position": {"code": "10", "name": "Designated Hitter", "type": "Hitter", "abbreviation": "DH"}}, {"season": "1998", "stat": {"gamesPlayed": 4, "gamesStarted": 0, "assists": 1, "putOuts": 2, "errors": 0, "chances": 3, "fielding": "1.000", "position": {"code": "5", "name": "Third Base", "type": "Infielder", "abbreviation": "3B"}, "rangeFactorPerGame": "0.75", "rangeFactorPer9Inn": "3.86", "innings": "7.0", "games": 4, "doublePlays": 0, "triplePlays": 0, "throwingErrors": 0}, "player": {"id": 110011, "fullName": "Kurt Abbott", "link": "/api/v1/people/110011"}, "sport": {"id": 1, "link": "/api/v1/sports/1", "abbreviation": "MLB"}, "gameType": "R", "numTeams": 2, "position": {"code": "5", "name": "Third Base", "type": "Infielder", "abbreviation": "3B"}}, {"season": "1998", "stat": {"gamesPlayed": 35, "gamesStarted": 31, "assists": 76, "putOuts": 43, "errors": 11, "chances": 130, "fielding": ".915", "position": {"code": "6", "name": "Shortstop", "type": "Infielder", "abbreviation": "SS"}, "rangeFactorPerGame": "3.40", "rangeFactorPer9Inn": "4.17", "innings": "257.0", "games": 35, "doublePlays": 18, "triplePlays": 0, "throwingErrors": 2}, "player": {"id": 110011, "fullName": "Kurt Abbott", "link": "/api/v1/people/110011"}, "sport": {"id": 1, "link": "/api/v1/sports/1", "abbreviation": "MLB"}, "gameType": "R", "numTeams": 2, "position": {"code": "6", "name": "Shortstop", "type": "Infielder", "abbreviation": "SS"}}, {"season": "1998", "stat": {"gamesPlayed": 9, "gamesStarted": 2, "assists": 0, "putOuts": 13, "errors": 0, "chances": 13, "fielding": "1.000", "position": {"code": "7", "name": "Outfielder", "type": "Outfielder", "abbreviation": "LF"}, "rangeFactorPerGame": "1.44", "rangeFactorPer9Inn": "3.77", "innings": "31.0", "games": 9, "doublePlays": 0, "triplePlays": 0, "throwingErrors": 0}, "player": {"id": 110011, "fullName": "Kurt Abbott", "link": "/api/v1/people/110011"}, "sport": {"id": 1, "link": "/api/v1/sports/1", "abbreviation": "MLB"}, "gameType": "R", "numTeams": 2, "position": {"code": "7", "name": "Outfielder", "type": "Outfielder", "abbreviation": "LF"}}, {"season": "1998", "stat": {"gamesPlayed": 6, "gamesStarted": 5, "assists": 0, "putOuts": 6, "errors": 1, "chances": 7, "fielding": ".857", "position": {"code": "9", "name": "Outfielder", "type": "Outfielder", "abbreviation": "RF"}, "rangeFactorPerGame": "1.00", "rangeFactorPer9Inn": "1.42", "innings": "38.0", "games": 6, "doublePlays": 0, "triplePlays": 0, "throwingErrors": 0}, "player": {"id": 110011, "fullName": "Kurt Abbott", "link": "/api/v1/people/110011"}, "sport": {"id": 1, "link": "/api/v1/sports/1", "abbreviation": "MLB"}, "gameType": "R", "numTeams": 2, "position": {"code": "9", "name": "Outfielder", "type": "Outfielder", "abbreviation": "RF"}}, {"season": "1998", "stat": {"gamesPlayed": 4, "gamesStarted": 4, "assists": 0, "putOuts": 0, "errors": 0, "chances": 0, "fielding": ".000", "position": {"code": "10", "name": "Designated Hitter", "type": "Hitter", "abbreviation": "DH"}, "rangeFactorPerGame": "0.00", "rangeFactorPer9Inn": "-.--", "innings": "0.0", "games": 4, "doublePlays": 0, "triplePlays": 0, "throwingErrors": 0}, "player": {"id": 110011, "fullName": "Kurt Abbott", "link": "/api/v1/people/110011"}, "sport": {"id": 1, "link": "/api/v1/sports/1", "abbreviation": "MLB"}, "gameType": "R", "numTeams": 2, "position": {"code": "10", "name": "Designated Hitter", "type": "Hitter", "abbreviation": "DH"}}, {"season": "1999", "stat": {"gamesPlayed": 8, "gamesStarted": 7, "assists": 3, "putOuts": 57, "errors": 0, "chances": 60, "fielding": "1.000", "position": {"code": "3", "name": "First Base", "type": "Infielder", "abbreviation": "1B"}, "rangeFactorPerGame": "7.50", "rangeFactorPer9Inn": "11.25", "innings": "48.2", "games": 8, "doublePlays": 6, "triplePlays": 0, "throwingErrors": 0}, "team": {"id": 115, "name": "Colorado Rockies", "link": "/api/v1/teams/115"}, "player": {"id": 110011, "fullName": "Kurt Abbott", "link": "/api/v1/people/110011"}, "league": {"id": 104, "name": "National League", "link": "/api/v1/league/104"}, "sport": {"id": 1, "link": "/api/v1/sports/1", "abbreviation": "MLB"}, "gameType": "R", "position": {"code": "3", "name": "First Base", "type": "Infielder", "abbreviation": "1B"}}, {"season": "1999", "stat": {"gamesPlayed": 66, "gamesStarted": 58, "assists": 145, "putOuts": 124, "errors": 3, "chances": 272, "fielding": ".989", "position": {"code": "4", "name": "Second Base", "type": "Infielder", "abbreviation": "2B"}, "rangeFactorPerGame": "4.08", "rangeFactorPer9Inn": "4.95", "innings": "489.2", "games": 66, "doublePlays": 34, "triplePlays": 0, "throwingErrors": 0}, "team": {"id": 115, "name": "Colorado Rockies", "link": "/api/v1/teams/115"}, "player": {"id": 110011, "fullName": "Kurt Abbott", "link": "/api/v1/people/110011"}, "league": {"id": 104, "name": "National League", "link": "/api/v1/league/104"}, "sport": {"id": 1, "link": "/api/v1/sports/1", "abbreviation": "MLB"}, "gameType": "R", "position": {"code": "4", "name": "Second Base", "type": "Infielder", "abbreviation": "2B"}}, {"season": "1999", "stat": {"gamesPlayed": 3, "gamesStarted": 1, "assists": 3, "putOuts": 3, "errors": 1, "chances": 7, "fielding": ".857", "position": {"code": "6", "name": "Shortstop", "type": "Infielder", "abbreviation": "SS"}, "rangeFactorPerGame": "2.00", "rangeFactorPer9Inn": "3.86", "innings": "14.0", "games": 3, "doublePlays": 2, "triplePlays": 0, "throwingErrors": 1}, "team": {"id": 115, "name": "Colorado Rockies", "link": "/api/v1/teams/115"}, "player": {"id": 110011, "fullName": "Kurt Abbott", "link": "/api/v1/people/110011"}, "league": {"id": 104, "name": "National League", "link": "/api/v1/league/104"}, "sport": {"id": 1, "link": "/api/v1/sports/1", "abbreviation": "MLB"}, "gameType": "R", "position": {"code": "6", "name": "Shortstop", "type": "Infielder", "abbreviation": "SS"}}, {"season": "1999", "stat": {"gamesPlayed": 2, "gamesStarted": 2, "assists": 0, "putOuts": 3, "errors": 0, "chances": 3, "fielding": "1.000", "position": {"code": "8", "name": "Outfielder", "type": "Outfielder", "abbreviation": "CF"}, "rangeFactorPerGame": "1.50", "rangeFactorPer9Inn": "1.80", "innings": "15.0", "games": 2, "doublePlays": 0, "triplePlays": 0, "throwingErrors": 0}, "team": {"id": 115, "name": "Colorado Rockies", "link": "/api/v1/teams/115"}, "player": {"id": 110011, "fullName": "Kurt Abbott", "link": "/api/v1/people/110011"}, "league": {"id": 104, "name": "National League", "link": "/api/v1/league/104"}, "sport": {"id": 1, "link": "/api/v1/sports/1", "abbreviation": "MLB"}, "gameType": "R", "position": {"code": "8", "name": "Outfielder", "type": "Outfielder", "abbreviation": "CF"}}, {"season": "1999", "stat": {"gamesPlayed": 2, "gamesStarted": 1, "assists": 0, "putOuts": 1, "errors": 0, "chances": 1, "fielding": "1.000", "position": {"code": "9", "name": "Outfielder", "type": "Outfielder", "abbreviation": "RF"}, "rangeFactorPerGame": "0.50", "rangeFactorPer9Inn": "0.90", "innings": "10.0", "games": 2, "doublePlays": 0, "triplePlays": 0, "throwingErrors": 0}, "team": {"id": 115, "name": "Colorado Rockies", "link": "/api/v1/teams/115"}, "player": {"id": 110011, "fullName": "Kurt Abbott", "link": "/api/v1/people/110011"}, "league": {"id": 104, "name": "National League", "link": "/api/v1/league/104"}, "sport": {"id": 1, "link": "/api/v1/sports/1", "abbreviation": "MLB"}, "gameType": "R", "position": {"code": "9", "name": "Outfielder", "type": "Outfielder", "abbreviation": "RF"}}, {"season": "2000", "stat": {"gamesPlayed": 23, "gamesStarted": 8, "assists": 28, "putOuts": 22, "errors": 1, "chances": 51, "fielding": ".980", "position": {"code": "4", "name": "Second Base", "type": "Infielder", "abbreviation": "2B"}, "rangeFactorPerGame": "2.17", "rangeFactorPer9Inn": "4.33", "innings": "104.0", "games": 23, "doublePlays": 3, "triplePlays": 0, "throwingErrors": 1}, "team": {"id": 121, "name": "New York Mets", "link": "/api/v1/teams/121"}, "player": {"id": 110011, "fullName": "Kurt Abbott", "link": "/api/v1/people/110011"}, "league": {"id": 104, "name": "National League", "link": "/api/v1/league/104"}, "sport": {"id": 1, "link": "/api/v1/sports/1", "abbreviation": "MLB"}, "gameType": "R", "position": {"code": "4", "name": "Second Base", "type": "Infielder", "abbreviation": "2B"}}, {"season": "2000", "stat": {"gamesPlayed": 2, "gamesStarted": 2, "assists": 1, "putOuts": 4, "errors": 0, "chances": 5, "fielding": "1.000", "position": {"code": "5", "name": "Third Base", "type": "Infielder", "abbreviation": "3B"}, "rangeFactorPerGame": "2.50", "rangeFactorPer9Inn": "2.65", "innings": "17.0", "games": 2, "doublePlays": 0, "triplePlays": 0, "throwingErrors": 0}, "team": {"id": 121, "name": "New York Mets", "link": "/api/v1/teams/121"}, "player": {"id": 110011, "fullName": "Kurt Abbott", "link": "/api/v1/people/110011"}, "league": {"id": 104, "name": "National League", "link": "/api/v1/league/104"}, "sport": {"id": 1, "link": "/api/v1/sports/1", "abbreviation": "MLB"}, "gameType": "R", "position": {"code": "5", "name": "Third Base", "type": "Infielder", "abbreviation": "3B"}}, {"season": "2000", "stat": {"gamesPlayed": 39, "gamesStarted": 25, "assists": 75, "putOuts": 46, "errors": 6, "chances": 127, "fielding": ".953", "position": {"code": "6", "name": "Shortstop", "type": "Infielder", "abbreviation": "SS"}, "rangeFactorPerGame": "3.10", "rangeFactorPer9Inn": "4.36", "innings": "250.0", "games": 39, "doublePlays": 10, "triplePlays": 0, "throwingErrors": 3}, "team": {"id": 121, "name": "New York Mets", "link": "/api/v1/teams/121"}, "player": {"id": 110011, "fullName": "Kurt Abbott", "link": "/api/v1/people/110011"}, "league": {"id": 104, "name": "National League", "link": "/api/v1/league/104"}, "sport": {"id": 1, "link": "/api/v1/sports/1", "abbreviation": "MLB"}, "gameType": "R", "position": {"code": "6", "name": "Shortstop", "type": "Infielder", "abbreviation": "SS"}}, {"season": "2000", "stat": {"gamesPlayed": 2, "gamesStarted": 0, "assists": 0, "putOuts": 0, "errors": 0, "chances": 0, "fielding": ".000", "position": {"code": "8", "name": "Outfielder", "type": "Outfielder", "abbreviation": "CF"}, "rangeFactorPerGame": "0.00", "rangeFactorPer9Inn": "0.00", "innings": "3.0", "games": 2, "doublePlays": 0, "triplePlays": 0, "throwingErrors": 0}, "team": {"id": 121, "name": "New York Mets", "link": "/api/v1/teams/121"}, "player": {"id": 110011, "fullName": "Kurt Abbott", "link": "/api/v1/people/110011"}, "league": {"id": 104, "name": "National League", "link": "/api/v1/league/104"}, "sport": {"id": 1, "link": "/api/v1/sports/1", "abbreviation": "MLB"}, "gameType": "R", "position": {"code": "8", "name": "Outfielder", "type": "Outfielder", "abbreviation": "CF"}}, {"season": "2001", "stat": {"gamesPlayed": 1, "gamesStarted": 1, "assists": 6, "putOuts": 1, "errors": 0, "chances": 7, "fielding": "1.000", "position": {"code": "4", "name": "Second Base", "type": "Infielder", "abbreviation": "2B"}, "rangeFactorPerGame": "7.00", "rangeFactorPer9Inn": "7.88", "innings": "8.0", "games": 1, "doublePlays": 0, "triplePlays": 0, "throwingErrors": 0}, "team": {"id": 144, "name": "Atlanta Braves", "link": "/api/v1/teams/144"}, "player": {"id": 110011, "fullName": "Kurt Abbott", "link": "/api/v1/people/110011"}, "league": {"id": 104, "name": "National League", "link": "/api/v1/league/104"}, "sport": {"id": 1, "link": "/api/v1/sports/1", "abbreviation": "MLB"}, "gameType": "R", "position": {"code": "4", "name": "Second Base", "type": "Infielder", "abbreviation": "2B"}}, {"season": "2001", "stat": {"gamesPlayed": 1, "gamesStarted": 0, "assists": 2, "putOuts": 1, "errors": 0, "chances": 3, "fielding": "1.000", "position": {"code": "6", "name": "Shortstop", "type": "Infielder", "abbreviation": "SS"}, "rangeFactorPerGame": "3.00", "rangeFactorPer9Inn": "13.50", "innings": "2.0", "games": 1, "doublePlays": 0, "triplePlays": 0, "throwingErrors": 0}, "team": {"id": 144, "name": "Atlanta Braves", "link": "/api/v1/teams/144"}, "player": {"id": 110011, "fullName": "Kurt Abbott", "link": "/api/v1/people/110011"}, "league": {"id": 104, "name": "National League", "link": "/api/v1/league/104"}, "sport": {"id": 1, "link": "/api/v1/sports/1", "abbreviation": "MLB"}, "gameType": "R", "position": {"code": "6", "name": "Shortstop", "type": "Infielder", "abbreviation": "SS"}}]}, {"type": {"displayName": "yearByYear"}, "group": {"displayName": "hitting"}, "exemptions": [], "splits": [{"season": "1993", "stat": {"gamesPlayed": 20, "groundOuts": 17, "airOuts": 12, "runs": 11, "doubles": 1, "triples": 0, "homeRuns": 3, "strikeOuts": 20, "baseOnBalls": 3, "intentionalWalks": 0, "hits": 15, "hitByPitch": 0, "avg": ".246", "atBats": 61, "obp": ".281", "slg": ".410", "ops": ".691", "caughtStealing": 0, "stolenBases": 2, "stolenBasePercentage": "1.000", "groundIntoDoublePlay": 3, "numberOfPitches": 253, "plateAppearances": 67, "totalBases": 25, "rbi": 9, "leftOnBase": 30, "sacBunts": 3, "sacFlies": 0, "babip": ".316", "groundOutsToAirouts": "1.42", "catchersInterference": 0, "atBatsPerHomeRun": "20.33"}, "team": {"id": 133, "name": "Oakland Athletics", "link": "/api/v1/teams/133"}, "player": {"id": 110011, "fullName": "Kurt Abbott", "link": "/api/v1/people/110011"}, "league": {"id": 103, "name": "American League", "link": "/api/v1/league/103"}, "sport": {"id": 1, "link": "/api/v1/sports/1", "abbreviation": "MLB"}, "gameType": "R"}, {"season": "1994", "stat": {"gamesPlayed": 101, "groundOuts": 80, "airOuts": 86, "runs": 41, "doubles": 17, "triples": 3, "homeRuns": 9, "strikeOuts": 98, "baseOnBalls": 16, "intentionalWalks": 1, "hits": 86, "hitByPitch": 5, "avg": ".249", "atBats": 345, "obp": ".291", "slg": ".394", "ops": ".685", "caughtStealing": 0, "stolenBases": 3, "stolenBasePercentage": "1.000", "groundIntoDoublePlay": 5, "numberOfPitches": 1260, "plateAppearances": 371, "totalBases": 136, "rbi": 33, "leftOnBase": 148, "sacBunts": 3, "sacFlies": 2, "babip": ".321", "groundOutsToAirouts": "0.93", "catchersInterference": 0, "atBatsPerHomeRun": "38.33"}, "team": {"id": 146, "name": "Florida Marlins", "link": "/api/v1/teams/146"}, "player": {"id": 110011, "fullName": "Kurt Abbott", "link": "/api/v1/people/110011"}, "league": {"id": 104, "name": "National League", "link": "/api/v1/league/104"}, "sport": {"id": 1, "link": "/api/v1/sports/1", "abbreviation": "MLB"}, "gameType": "R"}, {"season": "1995", "stat": {"gamesPlayed": 120, "groundOuts": 109, "airOuts": 100, "runs": 60, "doubles": 18, "triples": 7, "homeRuns": 17, "strikeOuts": 110, "baseOnBalls": 36, "intentionalWalks": 4, "hits": 107, "hitByPitch": 5, "avg": ".255", "atBats": 420, "obp": ".318", "slg": ".452", "ops": ".770", "caughtStealing": 3, "stolenBases": 4, "stolenBasePercentage": ".571", "groundIntoDoublePlay": 6, "numberOfPitches": 1610, "plateAppearances": 468, "totalBases": 190, "rbi": 60, "leftOnBase": 164, "sacBunts": 2, "sacFlies": 5, "babip": ".302", "groundOutsToAirouts": "1.09", "catchersInterference": 0, "atBatsPerHomeRun": "24.71"}, "team": {"id": 146, "name": "Florida Marlins", "link": "/api/v1/teams/146"}, "player": {"id": 110011, "fullName": "Kurt Abbott", "link": "/api/v1/people/110011"}, "league": {"id": 104, "name": "National League", "link": "/api/v1/league/104"}, "sport": {"id": 1, "link": "/api/v1/sports/1", "abbreviation": "MLB"}, "gameType": "R"}, {"season": "1996", "stat": {"gamesPlayed": 109, "groundOuts": 74, "airOuts": 70, "runs": 37, "doubles": 18, "triples": 7, "homeRuns": 8, "strikeOuts": 99, "baseOnBalls": 22, "intentionalWalks": 1, "hits": 81, "hitByPitch": 3, "avg": ".253", "atBats": 320, "obp": ".307", "slg": ".428", "ops": ".735", "caughtStealing": 3, "stolenBases": 3, "stolenBasePercentage": ".500", "groundIntoDoublePlay": 7, "numberOfPitches": 1225, "plateAppearances": 349, "totalBases": 137, "rbi": 33, "leftOnBase": 125, "sacBunts": 4, "sacFlies": 0, "babip": ".343", "groundOutsToAirouts": "1.06", "catchersInterference": 0, "atBatsPerHomeRun": "40.00"}, "team": {"id": 146, "name": "Florida Marlins", "link": "/api/v1/teams/146"}, "player": {"id": 110011, "fullName": "Kurt Abbott", "link": "/api/v1/people/110011"}, "league": {"id": 104, "name": "National League", "link": "/api/v1/league/104"}, "sport": {"id": 1, "link": "/api/v1/sports/1", "abbreviation": "MLB"}, "gameType": "R"}, {"season": "1997", "stat": {"gamesPlayed": 94, "groundOuts": 53, "airOuts": 64, "runs": 35, "doubles": 18, "triples": 2, "homeRuns": 6, "strikeOuts": 68, "baseOnBalls": 14, "intentionalWalks": 3, "hits": 69, "hitByPitch": 1, "avg": ".274", "atBats": 252, "obp": ".315", "slg": ".433", "ops": ".748", "caughtStealing": 1, "stolenBases": 3, "stolenBasePercentage": ".750", "groundIntoDoublePlay": 5, "numberOfPitches": 898, "plateAppearances": 273, "totalBases": 109, "rbi": 30, "leftOnBase": 110, "sacBunts": 6, "sacFlies": 0, "babip": ".354", "groundOutsToAirouts": "0.83", "catchersInterference": 0, "atBatsPerHomeRun": "42.00"}, "team": {"id": 146, "name": "Florida Marlins", "link": "/api/v1/teams/146"}, "player": {"id": 110011, "fullName": "Kurt Abbott", "link": "/api/v1/people/110011"}, "league": {"id": 104, "name": "National League", "link": "/api/v1/league/104"}, "sport": {"id": 1, "link": "/api/v1/sports/1", "abbreviation": "MLB"}, "gameType": "R"}, {"season": "1998", "stat": {"gamesPlayed": 35, "groundOuts": 27, "airOuts": 30, "runs": 17, "doubles": 7, "triples": 1, "homeRuns": 2, "strikeOuts": 34, "baseOnBalls": 10, "intentionalWalks": 0, "hits": 33, "hitByPitch": 1, "avg": ".268", "atBats": 123, "obp": ".326", "slg": ".390", "ops": ".716", "caughtStealing": 1, "stolenBases": 2, "stolenBasePercentage": ".667", "groundIntoDoublePlay": 3, "numberOfPitches": 458, "plateAppearances": 136, "totalBases": 48, "rbi": 9, "leftOnBase": 57, "sacBunts": 1, "sacFlies": 1, "babip": ".352", "groundOutsToAirouts": "0.90", "catchersInterference": 0, "atBatsPerHomeRun": "61.50"}, "team": {"id": 133, "name": "Oakland Athletics", "link": "/api/v1/teams/133"}, "player": {"id": 110011, "fullName": "Kurt Abbott", "link": "/api/v1/people/110011"}, "league": {"id": 103, "name": "American League", "link": "/api/v1/league/103"}, "sport": {"id": 1, "link": "/api/v1/sports/1", "abbreviation": "MLB"}, "gameType": "R"}, {"season": "1998", "stat": {"gamesPlayed": 42, "groundOuts": 19, "airOuts": 17, "runs": 9, "doubles": 6, "triples": 0, "homeRuns": 3, "strikeOuts": 19, "baseOnBalls": 2, "intentionalWalks": 0, "hits": 18, "hitByPitch": 1, "avg": ".254", "atBats": 71, "obp": ".276", "slg": ".465", "ops": ".741", "caughtStealing": 0, "stolenBases": 0, "stolenBasePercentage": ".---", "groundIntoDoublePlay": 2, "numberOfPitches": 264, "plateAppearances": 76, "totalBases": 33, "rbi": 15, "leftOnBase": 30, "sacBunts": 0, "sacFlies": 2, "babip": ".294", "groundOutsToAirouts": "1.12", "catchersInterference": 0, "atBatsPerHomeRun": "23.67"}, "team": {"id": 115, "name": "Colorado Rockies", "link": "/api/v1/teams/115"}, "player": {"id": 110011, "fullName": "Kurt Abbott", "link": "/api/v1/people/110011"}, "league": {"id": 104, "name": "National League", "link": "/api/v1/league/104"}, "sport": {"id": 1, "link": "/api/v1/sports/1", "abbreviation": "MLB"}, "gameType": "R"}, {"season": "1998", "stat": {"gamesPlayed": 77, "groundOuts": 46, "airOuts": 47, "runs": 26, "doubles": 13, "triples": 1, "homeRuns": 5, "strikeOuts": 53, "baseOnBalls": 12, "intentionalWalks": 0, "hits": 51, "hitByPitch": 2, "avg": ".263", "atBats": 194, "obp": ".308", "slg": ".418", "ops": ".726", "caughtStealing": 1, "stolenBases": 2, "stolenBasePercentage": ".667", "groundIntoDoublePlay": 5, "numberOfPitches": 722, "plateAppearances": 212, "totalBases": 81, "rbi": 24, "leftOnBase": 87, "sacBunts": 1, "sacFlies": 3, "babip": ".331", "groundOutsToAirouts": "0.98", "catchersInterference": 0, "atBatsPerHomeRun": "38.80"}, "player": {"id": 110011, "fullName": "Kurt Abbott", "link": "/api/v1/people/110011"}, "sport": {"id": 1, "link": "/api/v1/sports/1", "abbreviation": "MLB"}, "gameType": "R", "numTeams": 2}, {"season": "1999", "stat": {"gamesPlayed": 96, "groundOuts": 68, "airOuts": 74, "runs": 41, "doubles": 17, "triples": 2, "homeRuns": 8, "strikeOuts": 69, "baseOnBalls": 16, "intentionalWalks": 0, "hits": 78, "hitByPitch": 0, "avg": ".273", "atBats": 286, "obp": ".310", "slg": ".430", "ops": ".740", "caughtStealing": 2, "stolenBases": 3, "stolenBasePercentage": ".600", "groundIntoDoublePlay": 4, "numberOfPitches": 1033, "plateAppearances": 305, "totalBases": 123, "rbi": 41, "leftOnBase": 104, "sacBunts": 2, "sacFlies": 1, "babip": ".333", "groundOutsToAirouts": "0.92", "catchersInterference": 0, "atBatsPerHomeRun": "35.75"}, "team": {"id": 115, "name": "Colorado Rockies", "link": "/api/v1/teams/115"}, "player": {"id": 110011, "fullName": "Kurt Abbott", "link": "/api/v1/people/110011"}, "league": {"id": 104, "name": "National League", "link": "/api/v1/league/104"}, "sport": {"id": 1, "link": "/api/v1/sports/1", "abbreviation": "MLB"}, "gameType": "R"}, {"season": "2000", "stat": {"gamesPlayed": 79, "groundOuts": 27, "airOuts": 46, "runs": 22, "doubles": 7, "triples": 1, "homeRuns": 6, "strikeOuts": 51, "baseOnBalls": 14, "intentionalWalks": 2, "hits": 34, "hitByPitch": 1, "avg": ".217", "atBats": 157, "obp": ".283", "slg": ".389", "ops": ".672", "caughtStealing": 1, "stolenBases": 1, "stolenBasePercentage": ".500", "groundIntoDoublePlay": 2, "numberOfPitches": 634, "plateAppearances": 173, "totalBases": 61, "rbi": 12, "leftOnBase": 67, "sacBunts": 0, "sacFlies": 1, "babip": ".277", "groundOutsToAirouts": "0.59", "catchersInterference": 0, "atBatsPerHomeRun": "26.17"}, "team": {"id": 121, "name": "New York Mets", "link": "/api/v1/teams/121"}, "player": {"id": 110011, "fullName": "Kurt Abbott", "link": "/api/v1/people/110011"}, "league": {"id": 104, "name": "National League", "link": "/api/v1/league/104"}, "sport": {"id": 1, "link": "/api/v1/sports/1", "abbreviation": "MLB"}, "gameType": "R"}, {"season": "2001", "stat": {"gamesPlayed": 6, "groundOuts": 2, "airOuts": 2, "runs": 0, "doubles": 0, "triples": 0, "homeRuns": 0, "strikeOuts": 3, "baseOnBalls": 0, "intentionalWalks": 0, "hits": 2, "hitByPitch": 0, "avg": ".222", "atBats": 9, "obp": ".222", "slg": ".222", "ops": ".444", "caughtStealing": 0, "stolenBases": 1, "stolenBasePercentage": "1.000", "groundIntoDoublePlay": 0, "numberOfPitches": 41, "plateAppearances": 9, "totalBases": 2, "rbi": 0, "leftOnBase": 2, "sacBunts": 0, "sacFlies": 0, "babip": ".333", "groundOutsToAirouts": "1.00", "catchersInterference": 0, "atBatsPerHomeRun": "-.--"}, "team": {"id": 144, "name": "Atlanta Braves", "link": "/api/v1/teams/144"}, "player": {"id": 110011, "fullName": "Kurt Abbott", "link": "/api/v1/people/110011"}, "league": {"id": 104, "name": "National League", "link": "/api/v1/league/104"}, "sport": {"id": 1, "link": "/api/v1/sports/1", "abbreviation": "MLB"}, "gameType": "R"}]}], "mlbDebutDate": "1993-09-07", "batSide": {"code": "R", "description": "Right"}, "pitchHand": {"code": "R", "description": "Right"}, "nameFirstLast": "Kurt Abbott", "nameSlug": "kurt-abbott-110011", "firstLastName": "Kurt Abbott", "lastFirstName": "Abbott, Kurt", "lastInitName": "Abbott, K", "initLastName": "K Abbott", "fullFMLName": "Kurt Thomas Abbott", "fullLFMName": "Abbott, Kurt Thomas", "strikeZoneTop": 3.371, "strikeZoneBottom": 1.535}