{"id": 110454, "fullName": "Bob Bailor", "link": "/api/v1/people/110454", "firstName": "Robert", "lastName": "Bailor", "primaryNumber": "1", "birthDate": "1951-07-10", "currentAge": 72, "birthCity": "Connellsville", "birthStateProvince": "PA", "birthCountry": "USA", "height": "5' 11\"", "weight": 170, "active": false, "primaryPosition": {"code": "9", "name": "Outfielder", "type": "Outfielder", "abbreviation": "RF"}, "useName": "Bob", "useLastName": "Bailor", "middleName": "Michael", "boxscoreName": "Bailor", "gender": "M", "isPlayer": true, "isVerified": true, "lastPlayedDate": "1985-10-06", "stats": [{"type": {"displayName": "career"}, "group": {"displayName": "hitting"}, "exemptions": [], "splits": [{"stat": {"gamesPlayed": 955, "groundOuts": 263, "airOuts": 293, "runs": 339, "doubles": 107, "triples": 23, "homeRuns": 9, "strikeOuts": 164, "baseOnBalls": 187, "intentionalWalks": 10, "hits": 775, "hitByPitch": 20, "avg": ".264", "atBats": 2937, "obp": ".310", "slg": ".325", "ops": ".635", "caughtStealing": 36, "stolenBases": 90, "stolenBasePercentage": ".714", "groundIntoDoublePlay": 51, "numberOfPitches": 4095, "plateAppearances": 3206, "totalBases": 955, "rbi": 222, "leftOnBase": 1061, "sacBunts": 42, "sacFlies": 20, "babip": ".275", "groundOutsToAirouts": "0.90", "catchersInterference": 0, "atBatsPerHomeRun": "326.33"}, "player": {"id": 110454, "fullName": "Bob Bailor", "link": "/api/v1/people/110454"}, "sport": {"id": 1, "link": "/api/v1/sports/1", "abbreviation": "MLB"}, "gameType": "R", "numTeams": 4}]}, {"type": {"displayName": "career"}, "group": {"displayName": "pitching"}, "exemptions": [], "splits": [{"stat": {"gamesPlayed": 3, "gamesStarted": 0, "groundOuts": 0, "airOuts": 3, "runs": 2, "doubles": 2, "triples": 0, "homeRuns": 0, "strikeOuts": 0, "baseOnBalls": 1, "intentionalWalks": 0, "hits": 4, "hitByPitch": 0, "avg": ".364", "atBats": 11, "obp": ".417", "slg": ".545", "ops": ".962", "caughtStealing": 0, "stolenBases": 0, "stolenBasePercentage": ".---", "groundIntoDoublePlay": 0, "numberOfPitches": 15, "era": "7.71", "inningsPitched": "2.1", "wins": 0, "losses": 0, "saves": 0, "saveOpportunities": 0, "holds": 0, "blownSaves": 0, "earnedRuns": 2, "whip": "2.14", "battersFaced": 12, "outs": 7, "gamesPitched": 3, "completeGames": 0, "shutouts": 0, "strikes": 11, "strikePercentage": ".730", "hitBatsmen": 0, "balks": 0, "wildPitches": 0, "pickoffs": 0, "totalBases": 6, "groundOutsToAirouts": "0.00", "winPercentage": ".---", "pitchesPerInning": "6.43", "gamesFinished": 2, "strikeoutWalkRatio": "0.00", "strikeoutsPer9Inn": "0.00", "walksPer9Inn": "3.86", "hitsPer9Inn": "15.43", "runsScoredPer9": "7.71", "homeRunsPer9": "0.00", "inheritedRunners": 1, "inheritedRunnersScored": 0, "catchersInterference": 0, "sacBunts": 0, "sacFlies": 0}, "team": {"id": 141, "name": "Toronto Blue Jays", "link": "/api/v1/teams/141"}, "player": {"id": 110454, "fullName": "Bob Bailor", "link": "/api/v1/people/110454"}, "league": {"id": 103, "name": "American League", "link": "/api/v1/league/103"}, "sport": {"id": 1, "link": "/api/v1/sports/1", "abbreviation": "MLB"}, "gameType": "R"}]}, {"type": {"displayName": "career"}, "group": {"displayName": "fielding"}, "exemptions": [], "splits": [{"stat": {"gamesPlayed": 161, "gamesStarted": 100, "assists": 351, "putOuts": 226, "errors": 17, "chances": 594, "fielding": ".971", "position": {"code": "4", "name": "Second Base", "type": "Infielder", "abbreviation": "2B"}, "rangeFactorPerGame": "3.58", "rangeFactorPer9Inn": "5.51", "innings": "942.1", "games": 161, "doublePlays": 64, "triplePlays": 0, "throwingErrors": 2}, "player": {"id": 110454, "fullName": "Bob Bailor", "link": "/api/v1/people/110454"}, "sport": {"id": 1, "link": "/api/v1/sports/1", "abbreviation": "MLB"}, "gameType": "R", "numTeams": 4, "position": {"code": "4", "name": "Second Base", "type": "Infielder", "abbreviation": "2B"}}, {"stat": {"gamesPlayed": 251, "gamesStarted": 159, "assists": 587, "putOuts": 292, "errors": 23, "chances": 902, "fielding": ".975", "position": {"code": "6", "name": "Shortstop", "type": "Infielder", "abbreviation": "SS"}, "rangeFactorPerGame": "3.50", "rangeFactorPer9Inn": "5.15", "innings": "1535.0", "games": 251, "doublePlays": 105, "triplePlays": 1, "throwingErrors": 1}, "player": {"id": 110454, "fullName": "Bob Bailor", "link": "/api/v1/people/110454"}, "sport": {"id": 1, "link": "/api/v1/sports/1", "abbreviation": "MLB"}, "gameType": "R", "numTeams": 4, "position": {"code": "6", "name": "Shortstop", "type": "Infielder", "abbreviation": "SS"}}, {"stat": {"gamesPlayed": 8, "gamesStarted": 8, "assists": 0, "putOuts": 0, "errors": 0, "chances": 0, "fielding": ".000", "position": {"code": "10", "name": "Designated Hitter", "type": "Hitter", "abbreviation": "DH"}, "rangeFactorPerGame": "0.00", "rangeFactorPer9Inn": "-.--", "innings": "0.0", "games": 8, "doublePlays": 0, "triplePlays": 0, "throwingErrors": 0}, "player": {"id": 110454, "fullName": "Bob Bailor", "link": "/api/v1/people/110454"}, "sport": {"id": 1, "link": "/api/v1/sports/1", "abbreviation": "MLB"}, "gameType": "R", "numTeams": 2, "position": {"code": "10", "name": "Designated Hitter", "type": "Hitter", "abbreviation": "DH"}}, {"stat": {"gamesPlayed": 144, "gamesStarted": 85, "assists": 212, "putOuts": 73, "errors": 11, "chances": 296, "fielding": ".963", "position": {"code": "5", "name": "Third Base", "type": "Infielder", "abbreviation": "3B"}, "rangeFactorPerGame": "1.98", "rangeFactorPer9Inn": "3.05", "innings": "841.1", "games": 144, "doublePlays": 22, "triplePlays": 0, "throwingErrors": 0}, "player": {"id": 110454, "fullName": "Bob Bailor", "link": "/api/v1/people/110454"}, "sport": {"id": 1, "link": "/api/v1/sports/1", "abbreviation": "MLB"}, "gameType": "R", "numTeams": 3, "position": {"code": "5", "name": "Third Base", "type": "Infielder", "abbreviation": "3B"}}, {"stat": {"gamesPlayed": 80, "gamesStarted": 50, "assists": 10, "putOuts": 126, "errors": 0, "chances": 136, "fielding": "1.000", "position": {"code": "7", "name": "Outfielder", "type": "Outfielder", "abbreviation": "LF"}, "rangeFactorPerGame": "1.70", "rangeFactorPer9Inn": "2.56", "innings": "479.1", "games": 80, "doublePlays": 1, "triplePlays": 0, "throwingErrors": 0}, "player": {"id": 110454, "fullName": "Bob Bailor", "link": "/api/v1/people/110454"}, "sport": {"id": 1, "link": "/api/v1/sports/1", "abbreviation": "MLB"}, "gameType": "R", "numTeams": 3, "position": {"code": "7", "name": "Outfielder", "type": "Outfielder", "abbreviation": "LF"}}, {"stat": {"gamesPlayed": 106, "gamesStarted": 92, "assists": 14, "putOuts": 266, "errors": 9, "chances": 289, "fielding": ".969", "position": {"code": "8", "name": "Outfielder", "type": "Outfielder", "abbreviation": "CF"}, "rangeFactorPerGame": "2.64", "rangeFactorPer9Inn": "3.02", "innings": "834.2", "games": 106, "doublePlays": 7, "triplePlays": 0, "throwingErrors": 0}, "player": {"id": 110454, "fullName": "Bob Bailor", "link": "/api/v1/people/110454"}, "sport": {"id": 1, "link": "/api/v1/sports/1", "abbreviation": "MLB"}, "gameType": "R", "numTeams": 2, "position": {"code": "8", "name": "Outfielder", "type": "Outfielder", "abbreviation": "CF"}}, {"stat": {"gamesPlayed": 254, "gamesStarted": 225, "assists": 32, "putOuts": 498, "errors": 10, "chances": 540, "fielding": ".981", "position": {"code": "9", "name": "Outfielder", "type": "Outfielder", "abbreviation": "RF"}, "rangeFactorPerGame": "2.09", "rangeFactorPer9Inn": "2.44", "innings": "1958.1", "games": 254, "doublePlays": 8, "triplePlays": 0, "throwingErrors": 0}, "player": {"id": 110454, "fullName": "Bob Bailor", "link": "/api/v1/people/110454"}, "sport": {"id": 1, "link": "/api/v1/sports/1", "abbreviation": "MLB"}, "gameType": "R", "numTeams": 2, "position": {"code": "9", "name": "Outfielder", "type": "Outfielder", "abbreviation": "RF"}}, {"stat": {"gamesPlayed": 3, "gamesStarted": 0, "assists": 0, "putOuts": 0, "errors": 0, "chances": 0, "fielding": ".000", "position": {"code": "1", "name": "Pitcher", "type": "Pitcher", "abbreviation": "P"}, "rangeFactorPerGame": "0.00", "rangeFactorPer9Inn": "0.00", "innings": "2.1", "games": 3, "doublePlays": 0, "triplePlays": 0, "throwingErrors": 0}, "team": {"id": 141, "name": "Toronto Blue Jays", "link": "/api/v1/teams/141"}, "player": {"id": 110454, "fullName": "Bob Bailor", "link": "/api/v1/people/110454"}, "league": {"id": 103, "name": "American League", "link": "/api/v1/league/103"}, "sport": {"id": 1, "link": "/api/v1/sports/1", "abbreviation": "MLB"}, "gameType": "R", "position": {"code": "1", "name": "Pitcher", "type": "Pitcher", "abbreviation": "P"}}]}, {"type": {"displayName": "yearByYear"}, "group": {"displayName": "hitting"}, "exemptions": [], "splits": [{"season": "1975", "stat": {"gamesPlayed": 5, "groundOuts": 0, "airOuts": 1, "runs": 0, "doubles": 0, "triples": 0, "homeRuns": 0, "strikeOuts": 0, "baseOnBalls": 1, "intentionalWalks": 0, "hits": 1, "hitByPitch": 0, "avg": ".143", "atBats": 7, "obp": ".250", "slg": ".143", "ops": ".393", "caughtStealing": 0, "stolenBases": 0, "stolenBasePercentage": ".---", "groundIntoDoublePlay": 0, "numberOfPitches": 11, "plateAppearances": 8, "totalBases": 1, "rbi": 0, "leftOnBase": 2, "sacBunts": 0, "sacFlies": 0, "babip": ".143", "groundOutsToAirouts": "0.00", "catchersInterference": 0, "atBatsPerHomeRun": "-.--"}, "team": {"id": 110, "name": "Baltimore Orioles", "link": "/api/v1/teams/110"}, "player": {"id": 110454, "fullName": "Bob Bailor", "link": "/api/v1/people/110454"}, "league": {"id": 103, "name": "American League", "link": "/api/v1/league/103"}, "sport": {"id": 1, "link": "/api/v1/sports/1", "abbreviation": "MLB"}, "gameType": "R"}, {"season": "1976", "stat": {"gamesPlayed": 9, "groundOuts": 1, "airOuts": 0, "runs": 2, "doubles": 0, "triples": 1, "homeRuns": 0, "strikeOuts": 0, "baseOnBalls": 0, "intentionalWalks": 0, "hits": 2, "hitByPitch": 0, "avg": ".333", "atBats": 6, "obp": ".333", "slg": ".667", "ops": "1.000", "caughtStealing": 1, "stolenBases": 0, "stolenBasePercentage": ".000", "groundIntoDoublePlay": 0, "numberOfPitches": 7, "plateAppearances": 7, "totalBases": 4, "rbi": 0, "leftOnBase": 1, "sacBunts": 1, "sacFlies": 0, "babip": ".333", "groundOutsToAirouts": "1.00", "catchersInterference": 0, "atBatsPerHomeRun": "-.--"}, "team": {"id": 110, "name": "Baltimore Orioles", "link": "/api/v1/teams/110"}, "player": {"id": 110454, "fullName": "Bob Bailor", "link": "/api/v1/people/110454"}, "league": {"id": 103, "name": "American League", "link": "/api/v1/league/103"}, "sport": {"id": 1, "link": "/api/v1/sports/1", "abbreviation": "MLB"}, "gameType": "R"}, {"season": "1977", "stat": {"gamesPlayed": 122, "groundOuts": 39, "airOuts": 52, "runs": 62, "doubles": 21, "triples": 5, "homeRuns": 5, "strikeOuts": 26, "baseOnBalls": 17, "intentionalWalks": 1, "hits": 154, "hitByPitch": 2, "avg": ".310", "atBats": 496, "obp": ".335", "slg": ".403", "ops": ".738", "caughtStealing": 6, "stolenBases": 15, "stolenBasePercentage": ".714", "groundIntoDoublePlay": 7, "numberOfPitches": 626, "plateAppearances": 523, "totalBases": 200, "rbi": 32, "leftOnBase": 144, "sacBunts": 6, "sacFlies": 2, "babip": ".319", "groundOutsToAirouts": "0.75", "catchersInterference": 0, "atBatsPerHomeRun": "99.20"}, "team": {"id": 141, "name": "Toronto Blue Jays", "link": "/api/v1/teams/141"}, "player": {"id": 110454, "fullName": "Bob Bailor", "link": "/api/v1/people/110454"}, "league": {"id": 103, "name": "American League", "link": "/api/v1/league/103"}, "sport": {"id": 1, "link": "/api/v1/sports/1", "abbreviation": "MLB"}, "gameType": "R"}, {"season": "1978", "stat": {"gamesPlayed": 154, "groundOuts": 67, "airOuts": 58, "runs": 74, "doubles": 29, "triples": 7, "homeRuns": 1, "strikeOuts": 21, "baseOnBalls": 38, "intentionalWalks": 1, "hits": 164, "hitByPitch": 5, "avg": ".264", "atBats": 621, "obp": ".310", "slg": ".338", "ops": ".648", "caughtStealing": 6, "stolenBases": 5, "stolenBasePercentage": ".455", "groundIntoDoublePlay": 8, "numberOfPitches": 832, "plateAppearances": 676, "totalBases": 210, "rbi": 52, "leftOnBase": 217, "sacBunts": 9, "sacFlies": 3, "babip": ".271", "groundOutsToAirouts": "1.16", "catchersInterference": 0, "atBatsPerHomeRun": "621.00"}, "team": {"id": 141, "name": "Toronto Blue Jays", "link": "/api/v1/teams/141"}, "player": {"id": 110454, "fullName": "Bob Bailor", "link": "/api/v1/people/110454"}, "league": {"id": 103, "name": "American League", "link": "/api/v1/league/103"}, "sport": {"id": 1, "link": "/api/v1/sports/1", "abbreviation": "MLB"}, "gameType": "R"}, {"season": "1979", "stat": {"gamesPlayed": 130, "groundOuts": 30, "airOuts": 50, "runs": 50, "doubles": 11, "triples": 5, "homeRuns": 1, "strikeOuts": 27, "baseOnBalls": 36, "intentionalWalks": 2, "hits": 95, "hitByPitch": 6, "avg": ".229", "atBats": 414, "obp": ".297", "slg": ".287", "ops": ".584", "caughtStealing": 8, "stolenBases": 14, "stolenBasePercentage": ".636", "groundIntoDoublePlay": 6, "numberOfPitches": 627, "plateAppearances": 465, "totalBases": 119, "rbi": 38, "leftOnBase": 190, "sacBunts": 4, "sacFlies": 5, "babip": ".240", "groundOutsToAirouts": "0.60", "catchersInterference": 0, "atBatsPerHomeRun": "414.00"}, "team": {"id": 141, "name": "Toronto Blue Jays", "link": "/api/v1/teams/141"}, "player": {"id": 110454, "fullName": "Bob Bailor", "link": "/api/v1/people/110454"}, "league": {"id": 103, "name": "American League", "link": "/api/v1/league/103"}, "sport": {"id": 1, "link": "/api/v1/sports/1", "abbreviation": "MLB"}, "gameType": "R"}, {"season": "1980", "stat": {"gamesPlayed": 117, "groundOuts": 26, "airOuts": 36, "runs": 44, "doubles": 14, "triples": 2, "homeRuns": 1, "strikeOuts": 33, "baseOnBalls": 36, "intentionalWalks": 3, "hits": 82, "hitByPitch": 2, "avg": ".236", "atBats": 347, "obp": ".311", "slg": ".297", "ops": ".608", "caughtStealing": 8, "stolenBases": 12, "stolenBasePercentage": ".600", "groundIntoDoublePlay": 5, "numberOfPitches": 562, "plateAppearances": 388, "totalBases": 103, "rbi": 16, "leftOnBase": 117, "sacBunts": 2, "sacFlies": 1, "babip": ".258", "groundOutsToAirouts": "0.72", "catchersInterference": 0, "atBatsPerHomeRun": "347.00"}, "team": {"id": 141, "name": "Toronto Blue Jays", "link": "/api/v1/teams/141"}, "player": {"id": 110454, "fullName": "Bob Bailor", "link": "/api/v1/people/110454"}, "league": {"id": 103, "name": "American League", "link": "/api/v1/league/103"}, "sport": {"id": 1, "link": "/api/v1/sports/1", "abbreviation": "MLB"}, "gameType": "R"}, {"season": "1981", "stat": {"gamesPlayed": 51, "groundOuts": 11, "airOuts": 11, "runs": 11, "doubles": 3, "triples": 1, "homeRuns": 0, "strikeOuts": 11, "baseOnBalls": 8, "intentionalWalks": 0, "hits": 23, "hitByPitch": 1, "avg": ".284", "atBats": 81, "obp": ".352", "slg": ".346", "ops": ".698", "caughtStealing": 0, "stolenBases": 2, "stolenBasePercentage": "1.000", "groundIntoDoublePlay": 3, "numberOfPitches": 141, "plateAppearances": 95, "totalBases": 28, "rbi": 8, "leftOnBase": 32, "sacBunts": 4, "sacFlies": 1, "babip": ".324", "groundOutsToAirouts": "1.00", "catchersInterference": 0, "atBatsPerHomeRun": "-.--"}, "team": {"id": 121, "name": "New York Mets", "link": "/api/v1/teams/121"}, "player": {"id": 110454, "fullName": "Bob Bailor", "link": "/api/v1/people/110454"}, "league": {"id": 104, "name": "National League", "link": "/api/v1/league/104"}, "sport": {"id": 1, "link": "/api/v1/sports/1", "abbreviation": "MLB"}, "gameType": "R"}, {"season": "1982", "stat": {"gamesPlayed": 110, "groundOuts": 23, "airOuts": 43, "runs": 44, "doubles": 14, "triples": 1, "homeRuns": 0, "strikeOuts": 17, "baseOnBalls": 20, "intentionalWalks": 0, "hits": 104, "hitByPitch": 2, "avg": ".277", "atBats": 376, "obp": ".313", "slg": ".319", "ops": ".632", "caughtStealing": 3, "stolenBases": 20, "stolenBasePercentage": ".870", "groundIntoDoublePlay": 5, "numberOfPitches": 498, "plateAppearances": 404, "totalBases": 120, "rbi": 31, "leftOnBase": 139, "sacBunts": 2, "sacFlies": 4, "babip": ".287", "groundOutsToAirouts": "0.53", "catchersInterference": 0, "atBatsPerHomeRun": "-.--"}, "team": {"id": 121, "name": "New York Mets", "link": "/api/v1/teams/121"}, "player": {"id": 110454, "fullName": "Bob Bailor", "link": "/api/v1/people/110454"}, "league": {"id": 104, "name": "National League", "link": "/api/v1/league/104"}, "sport": {"id": 1, "link": "/api/v1/sports/1", "abbreviation": "MLB"}, "gameType": "R"}, {"season": "1983", "stat": {"gamesPlayed": 118, "groundOuts": 39, "airOuts": 27, "runs": 33, "doubles": 8, "triples": 0, "homeRuns": 1, "strikeOuts": 23, "baseOnBalls": 20, "intentionalWalks": 2, "hits": 85, "hitByPitch": 1, "avg": ".250", "atBats": 340, "obp": ".290", "slg": ".282", "ops": ".572", "caughtStealing": 3, "stolenBases": 18, "stolenBasePercentage": ".857", "groundIntoDoublePlay": 11, "numberOfPitches": 474, "plateAppearances": 368, "totalBases": 96, "rbi": 30, "leftOnBase": 126, "sacBunts": 3, "sacFlies": 4, "babip": ".263", "groundOutsToAirouts": "1.44", "catchersInterference": 0, "atBatsPerHomeRun": "340.00"}, "team": {"id": 121, "name": "New York Mets", "link": "/api/v1/teams/121"}, "player": {"id": 110454, "fullName": "Bob Bailor", "link": "/api/v1/people/110454"}, "league": {"id": 104, "name": "National League", "link": "/api/v1/league/104"}, "sport": {"id": 1, "link": "/api/v1/sports/1", "abbreviation": "MLB"}, "gameType": "R"}, {"season": "1984", "stat": {"gamesPlayed": 65, "groundOuts": 13, "airOuts": 6, "runs": 11, "doubles": 4, "triples": 0, "homeRuns": 0, "strikeOuts": 1, "baseOnBalls": 8, "intentionalWalks": 1, "hits": 36, "hitByPitch": 0, "avg": ".275", "atBats": 131, "obp": ".317", "slg": ".305", "ops": ".622", "caughtStealing": 1, "stolenBases": 3, "stolenBasePercentage": ".750", "groundIntoDoublePlay": 3, "numberOfPitches": 168, "plateAppearances": 142, "totalBases": 40, "rbi": 8, "leftOnBase": 48, "sacBunts": 3, "sacFlies": 0, "babip": ".277", "groundOutsToAirouts": "2.17", "catchersInterference": 0, "atBatsPerHomeRun": "-.--"}, "team": {"id": 119, "name": "Los Angeles Dodgers", "link": "/api/v1/teams/119"}, "player": {"id": 110454, "fullName": "Bob Bailor", "link": "/api/v1/people/110454"}, "league": {"id": 104, "name": "National League", "link": "/api/v1/league/104"}, "sport": {"id": 1, "link": "/api/v1/sports/1", "abbreviation": "MLB"}, "gameType": "R"}, {"season": "1985", "stat": {"gamesPlayed": 74, "groundOuts": 14, "airOuts": 9, "runs": 8, "doubles": 3, "triples": 1, "homeRuns": 0, "strikeOuts": 5, "baseOnBalls": 3, "intentionalWalks": 0, "hits": 29, "hitByPitch": 1, "avg": ".246", "atBats": 118, "obp": ".270", "slg": ".288", "ops": ".558", "caughtStealing": 0, "stolenBases": 1, "stolenBasePercentage": "1.000", "groundIntoDoublePlay": 3, "numberOfPitches": 149, "plateAppearances": 130, "totalBases": 34, "rbi": 7, "leftOnBase": 45, "sacBunts": 8, "sacFlies": 0, "babip": ".257", "groundOutsToAirouts": "1.56", "catchersInterference": 0, "atBatsPerHomeRun": "-.--"}, "team": {"id": 119, "name": "Los Angeles Dodgers", "link": "/api/v1/teams/119"}, "player": {"id": 110454, "fullName": "Bob Bailor", "link": "/api/v1/people/110454"}, "league": {"id": 104, "name": "National League", "link": "/api/v1/league/104"}, "sport": {"id": 1, "link": "/api/v1/sports/1", "abbreviation": "MLB"}, "gameType": "R"}]}, {"type": {"displayName": "yearByYear"}, "group": {"displayName": "pitching"}, "exemptions": [], "splits": [{"season": "1980", "stat": {"gamesPlayed": 3, "gamesStarted": 0, "groundOuts": 0, "airOuts": 3, "runs": 2, "doubles": 2, "triples": 0, "homeRuns": 0, "strikeOuts": 0, "baseOnBalls": 1, "intentionalWalks": 0, "hits": 4, "hitByPitch": 0, "avg": ".364", "atBats": 11, "obp": ".417", "slg": ".545", "ops": ".962", "caughtStealing": 0, "stolenBases": 0, "stolenBasePercentage": ".---", "groundIntoDoublePlay": 0, "numberOfPitches": 15, "era": "7.71", "inningsPitched": "2.1", "wins": 0, "losses": 0, "saves": 0, "saveOpportunities": 0, "holds": 0, "blownSaves": 0, "earnedRuns": 2, "whip": "2.14", "battersFaced": 12, "outs": 7, "gamesPitched": 3, "completeGames": 0, "shutouts": 0, "strikes": 11, "strikePercentage": ".730", "hitBatsmen": 0, "balks": 0, "wildPitches": 0, "pickoffs": 0, "totalBases": 6, "groundOutsToAirouts": "0.00", "winPercentage": ".---", "pitchesPerInning": "6.43", "gamesFinished": 2, "strikeoutWalkRatio": "0.00", "strikeoutsPer9Inn": "0.00", "walksPer9Inn": "3.86", "hitsPer9Inn": "15.43", "runsScoredPer9": "7.71", "homeRunsPer9": "0.00", "inheritedRunners": 1, "inheritedRunnersScored": 0, "catchersInterference": 0, "sacBunts": 0, "sacFlies": 0}, "team": {"id": 141, "name": "Toronto Blue Jays", "link": "/api/v1/teams/141"}, "player": {"id": 110454, "fullName": "Bob Bailor", "link": "/api/v1/people/110454"}, "league": {"id": 103, "name": "American League", "link": "/api/v1/league/103"}, "sport": {"id": 1, "link": "/api/v1/sports/1", "abbreviation": "MLB"}, "gameType": "R"}]}, {"type": {"displayName": "yearByYear"}, "group": {"displayName": "fielding"}, "exemptions": [], "splits": [{"season": "1975", "stat": {"gamesPlayed": 1, "gamesStarted": 1, "assists": 4, "putOuts": 2, "errors": 0, "chances": 6, "fielding": "1.000", "position": {"code": "4", "name": "Second Base", "type": "Infielder", "abbreviation": "2B"}, "rangeFactorPerGame": "6.00", "rangeFactorPer9Inn": "6.75", "innings": "8.1", "games": 1, "doublePlays": 1, "triplePlays": 0, "throwingErrors": 0}, "team": {"id": 110, "name": "Baltimore Orioles", "link": "/api/v1/teams/110"}, "player": {"id": 110454, "fullName": "Bob Bailor", "link": "/api/v1/people/110454"}, "league": {"id": 103, "name": "American League", "link": "/api/v1/league/103"}, "sport": {"id": 1, "link": "/api/v1/sports/1", "abbreviation": "MLB"}, "gameType": "R", "position": {"code": "4", "name": "Second Base", "type": "Infielder", "abbreviation": "2B"}}, {"season": "1975", "stat": {"gamesPlayed": 2, "gamesStarted": 1, "assists": 5, "putOuts": 3, "errors": 0, "chances": 8, "fielding": "1.000", "position": {"code": "6", "name": "Shortstop", "type": "Infielder", "abbreviation": "SS"}, "rangeFactorPerGame": "4.00", "rangeFactorPer9Inn": "6.00", "innings": "12.0", "games": 2, "doublePlays": 0, "triplePlays": 0, "throwingErrors": 0}, "team": {"id": 110, "name": "Baltimore Orioles", "link": "/api/v1/teams/110"}, "player": {"id": 110454, "fullName": "Bob Bailor", "link": "/api/v1/people/110454"}, "league": {"id": 103, "name": "American League", "link": "/api/v1/league/103"}, "sport": {"id": 1, "link": "/api/v1/sports/1", "abbreviation": "MLB"}, "gameType": "R", "position": {"code": "6", "name": "Shortstop", "type": "Infielder", "abbreviation": "SS"}}, {"season": "1976", "stat": {"gamesPlayed": 1, "gamesStarted": 0, "assists": 0, "putOuts": 0, "errors": 0, "chances": 0, "fielding": ".000", "position": {"code": "6", "name": "Shortstop", "type": "Infielder", "abbreviation": "SS"}, "rangeFactorPerGame": "0.00", "rangeFactorPer9Inn": "0.00", "innings": "2.0", "games": 1, "doublePlays": 0, "triplePlays": 0, "throwingErrors": 0}, "team": {"id": 110, "name": "Baltimore Orioles", "link": "/api/v1/teams/110"}, "player": {"id": 110454, "fullName": "Bob Bailor", "link": "/api/v1/people/110454"}, "league": {"id": 103, "name": "American League", "link": "/api/v1/league/103"}, "sport": {"id": 1, "link": "/api/v1/sports/1", "abbreviation": "MLB"}, "gameType": "R", "position": {"code": "6", "name": "Shortstop", "type": "Infielder", "abbreviation": "SS"}}, {"season": "1976", "stat": {"gamesPlayed": 1, "gamesStarted": 1, "assists": 0, "putOuts": 0, "errors": 0, "chances": 0, "fielding": ".000", "position": {"code": "10", "name": "Designated Hitter", "type": "Hitter", "abbreviation": "DH"}, "rangeFactorPerGame": "0.00", "rangeFactorPer9Inn": "-.--", "innings": "0.0", "games": 1, "doublePlays": 0, "triplePlays": 0, "throwingErrors": 0}, "team": {"id": 110, "name": "Baltimore Orioles", "link": "/api/v1/teams/110"}, "player": {"id": 110454, "fullName": "Bob Bailor", "link": "/api/v1/people/110454"}, "league": {"id": 103, "name": "American League", "link": "/api/v1/league/103"}, "sport": {"id": 1, "link": "/api/v1/sports/1", "abbreviation": "MLB"}, "gameType": "R", "position": {"code": "10", "name": "Designated Hitter", "type": "Hitter", "abbreviation": "DH"}}, {"season": "1977", "stat": {"gamesPlayed": 54, "gamesStarted": 49, "assists": 153, "putOuts": 78, "errors": 10, "chances": 241, "fielding": ".959", "position": {"code": "6", "name": "Shortstop", "type": "Infielder", "abbreviation": "SS"}, "rangeFactorPerGame": "4.28", "rangeFactorPer9Inn": "4.77", "innings": "436.0", "games": 54, "doublePlays": 25, "triplePlays": 0, "throwingErrors": 0}, "team": {"id": 141, "name": "Toronto Blue Jays", "link": "/api/v1/teams/141"}, "player": {"id": 110454, "fullName": "Bob Bailor", "link": "/api/v1/people/110454"}, "league": {"id": 103, "name": "American League", "link": "/api/v1/league/103"}, "sport": {"id": 1, "link": "/api/v1/sports/1", "abbreviation": "MLB"}, "gameType": "R", "position": {"code": "6", "name": "Shortstop", "type": "Infielder", "abbreviation": "SS"}}, {"season": "1977", "stat": {"gamesPlayed": 15, "gamesStarted": 13, "assists": 1, "putOuts": 23, "errors": 0, "chances": 24, "fielding": "1.000", "position": {"code": "7", "name": "Outfielder", "type": "Outfielder", "abbreviation": "LF"}, "rangeFactorPerGame": "1.60", "rangeFactorPer9Inn": "1.71", "innings": "126.1", "games": 15, "doublePlays": 0, "triplePlays": 0, "throwingErrors": 0}, "team": {"id": 141, "name": "Toronto Blue Jays", "link": "/api/v1/teams/141"}, "player": {"id": 110454, "fullName": "Bob Bailor", "link": "/api/v1/people/110454"}, "league": {"id": 103, "name": "American League", "link": "/api/v1/league/103"}, "sport": {"id": 1, "link": "/api/v1/sports/1", "abbreviation": "MLB"}, "gameType": "R", "position": {"code": "7", "name": "Outfielder", "type": "Outfielder", "abbreviation": "LF"}}, {"season": "1977", "stat": {"gamesPlayed": 47, "gamesStarted": 46, "assists": 7, "putOuts": 126, "errors": 2, "chances": 135, "fielding": ".985", "position": {"code": "8", "name": "Outfielder", "type": "Outfielder", "abbreviation": "CF"}, "rangeFactorPerGame": "2.83", "rangeFactorPer9Inn": "2.99", "innings": "400.2", "games": 47, "doublePlays": 2, "triplePlays": 0, "throwingErrors": 0}, "team": {"id": 141, "name": "Toronto Blue Jays", "link": "/api/v1/teams/141"}, "player": {"id": 110454, "fullName": "Bob Bailor", "link": "/api/v1/people/110454"}, "league": {"id": 103, "name": "American League", "link": "/api/v1/league/103"}, "sport": {"id": 1, "link": "/api/v1/sports/1", "abbreviation": "MLB"}, "gameType": "R", "position": {"code": "8", "name": "Outfielder", "type": "Outfielder", "abbreviation": "CF"}}, {"season": "1977", "stat": {"gamesPlayed": 2, "gamesStarted": 2, "assists": 2, "putOuts": 3, "errors": 0, "chances": 5, "fielding": "1.000", "position": {"code": "9", "name": "Outfielder", "type": "Outfielder", "abbreviation": "RF"}, "rangeFactorPerGame": "2.50", "rangeFactorPer9Inn": "4.50", "innings": "10.0", "games": 2, "doublePlays": 0, "triplePlays": 0, "throwingErrors": 0}, "team": {"id": 141, "name": "Toronto Blue Jays", "link": "/api/v1/teams/141"}, "player": {"id": 110454, "fullName": "Bob Bailor", "link": "/api/v1/people/110454"}, "league": {"id": 103, "name": "American League", "link": "/api/v1/league/103"}, "sport": {"id": 1, "link": "/api/v1/sports/1", "abbreviation": "MLB"}, "gameType": "R", "position": {"code": "9", "name": "Outfielder", "type": "Outfielder", "abbreviation": "RF"}}, {"season": "1977", "stat": {"gamesPlayed": 7, "gamesStarted": 7, "assists": 0, "putOuts": 0, "errors": 0, "chances": 0, "fielding": ".000", "position": {"code": "10", "name": "Designated Hitter", "type": "Hitter", "abbreviation": "DH"}, "rangeFactorPerGame": "0.00", "rangeFactorPer9Inn": "-.--", "innings": "0.0", "games": 7, "doublePlays": 0, "triplePlays": 0, "throwingErrors": 0}, "team": {"id": 141, "name": "Toronto Blue Jays", "link": "/api/v1/teams/141"}, "player": {"id": 110454, "fullName": "Bob Bailor", "link": "/api/v1/people/110454"}, "league": {"id": 103, "name": "American League", "link": "/api/v1/league/103"}, "sport": {"id": 1, "link": "/api/v1/sports/1", "abbreviation": "MLB"}, "gameType": "R", "position": {"code": "10", "name": "Designated Hitter", "type": "Hitter", "abbreviation": "DH"}}, {"season": "1978", "stat": {"gamesPlayed": 28, "gamesStarted": 28, "assists": 64, "putOuts": 25, "errors": 3, "chances": 92, "fielding": ".967", "position": {"code": "5", "name": "Third Base", "type": "Infielder", "abbreviation": "3B"}, "rangeFactorPerGame": "3.18", "rangeFactorPer9Inn": "3.24", "innings": "247.0", "games": 28, "doublePlays": 8, "triplePlays": 0, "throwingErrors": 0}, "team": {"id": 141, "name": "Toronto Blue Jays", "link": "/api/v1/teams/141"}, "player": {"id": 110454, "fullName": "Bob Bailor", "link": "/api/v1/people/110454"}, "league": {"id": 103, "name": "American League", "link": "/api/v1/league/103"}, "sport": {"id": 1, "link": "/api/v1/sports/1", "abbreviation": "MLB"}, "gameType": "R", "position": {"code": "5", "name": "Third Base", "type": "Infielder", "abbreviation": "3B"}}, {"season": "1978", "stat": {"gamesPlayed": 4, "gamesStarted": 0, "assists": 4, "putOuts": 1, "errors": 0, "chances": 5, "fielding": "1.000", "position": {"code": "6", "name": "Shortstop", "type": "Infielder", "abbreviation": "SS"}, "rangeFactorPerGame": "1.25", "rangeFactorPer9Inn": "3.46", "innings": "13.0", "games": 4, "doublePlays": 0, "triplePlays": 0, "throwingErrors": 0}, "team": {"id": 141, "name": "Toronto Blue Jays", "link": "/api/v1/teams/141"}, "player": {"id": 110454, "fullName": "Bob Bailor", "link": "/api/v1/people/110454"}, "league": {"id": 103, "name": "American League", "link": "/api/v1/league/103"}, "sport": {"id": 1, "link": "/api/v1/sports/1", "abbreviation": "MLB"}, "gameType": "R", "position": {"code": "6", "name": "Shortstop", "type": "Infielder", "abbreviation": "SS"}}, {"season": "1978", "stat": {"gamesPlayed": 3, "gamesStarted": 2, "assists": 0, "putOuts": 7, "errors": 0, "chances": 7, "fielding": "1.000", "position": {"code": "7", "name": "Outfielder", "type": "Outfielder", "abbreviation": "LF"}, "rangeFactorPerGame": "2.33", "rangeFactorPer9Inn": "3.50", "innings": "18.0", "games": 3, "doublePlays": 0, "triplePlays": 0, "throwingErrors": 0}, "team": {"id": 141, "name": "Toronto Blue Jays", "link": "/api/v1/teams/141"}, "player": {"id": 110454, "fullName": "Bob Bailor", "link": "/api/v1/people/110454"}, "league": {"id": 103, "name": "American League", "link": "/api/v1/league/103"}, "sport": {"id": 1, "link": "/api/v1/sports/1", "abbreviation": "MLB"}, "gameType": "R", "position": {"code": "7", "name": "Outfielder", "type": "Outfielder", "abbreviation": "LF"}}, {"season": "1978", "stat": {"gamesPlayed": 25, "gamesStarted": 21, "assists": 5, "putOuts": 65, "errors": 5, "chances": 75, "fielding": ".933", "position": {"code": "8", "name": "Outfielder", "type": "Outfielder", "abbreviation": "CF"}, "rangeFactorPerGame": "2.80", "rangeFactorPer9Inn": "3.26", "innings": "193.2", "games": 25, "doublePlays": 4, "triplePlays": 0, "throwingErrors": 0}, "team": {"id": 141, "name": "Toronto Blue Jays", "link": "/api/v1/teams/141"}, "player": {"id": 110454, "fullName": "Bob Bailor", "link": "/api/v1/people/110454"}, "league": {"id": 103, "name": "American League", "link": "/api/v1/league/103"}, "sport": {"id": 1, "link": "/api/v1/sports/1", "abbreviation": "MLB"}, "gameType": "R", "position": {"code": "8", "name": "Outfielder", "type": "Outfielder", "abbreviation": "CF"}}, {"season": "1978", "stat": {"gamesPlayed": 102, "gamesStarted": 100, "assists": 9, "putOuts": 229, "errors": 7, "chances": 245, "fielding": ".971", "position": {"code": "9", "name": "Outfielder", "type": "Outfielder", "abbreviation": "RF"}, "rangeFactorPerGame": "2.33", "rangeFactorPer9Inn": "2.45", "innings": "874.2", "games": 102, "doublePlays": 3, "triplePlays": 0, "throwingErrors": 0}, "team": {"id": 141, "name": "Toronto Blue Jays", "link": "/api/v1/teams/141"}, "player": {"id": 110454, "fullName": "Bob Bailor", "link": "/api/v1/people/110454"}, "league": {"id": 103, "name": "American League", "link": "/api/v1/league/103"}, "sport": {"id": 1, "link": "/api/v1/sports/1", "abbreviation": "MLB"}, "gameType": "R", "position": {"code": "9", "name": "Outfielder", "type": "Outfielder", "abbreviation": "RF"}}, {"season": "1979", "stat": {"gamesPlayed": 10, "gamesStarted": 7, "assists": 17, "putOuts": 7, "errors": 0, "chances": 24, "fielding": "1.000", "position": {"code": "5", "name": "Third Base", "type": "Infielder", "abbreviation": "3B"}, "rangeFactorPerGame": "2.40", "rangeFactorPer9Inn": "3.66", "innings": "59.2", "games": 10, "doublePlays": 0, "triplePlays": 0, "throwingErrors": 0}, "team": {"id": 141, "name": "Toronto Blue Jays", "link": "/api/v1/teams/141"}, "player": {"id": 110454, "fullName": "Bob Bailor", "link": "/api/v1/people/110454"}, "league": {"id": 103, "name": "American League", "link": "/api/v1/league/103"}, "sport": {"id": 1, "link": "/api/v1/sports/1", "abbreviation": "MLB"}, "gameType": "R", "position": {"code": "5", "name": "Third Base", "type": "Infielder", "abbreviation": "3B"}}, {"season": "1979", "stat": {"gamesPlayed": 4, "gamesStarted": 2, "assists": 0, "putOuts": 3, "errors": 0, "chances": 3, "fielding": "1.000", "position": {"code": "7", "name": "Outfielder", "type": "Outfielder", "abbreviation": "LF"}, "rangeFactorPerGame": "0.75", "rangeFactorPer9Inn": "1.35", "innings": "20.0", "games": 4, "doublePlays": 0, "triplePlays": 0, "throwingErrors": 0}, "team": {"id": 141, "name": "Toronto Blue Jays", "link": "/api/v1/teams/141"}, "player": {"id": 110454, "fullName": "Bob Bailor", "link": "/api/v1/people/110454"}, "league": {"id": 103, "name": "American League", "link": "/api/v1/league/103"}, "sport": {"id": 1, "link": "/api/v1/sports/1", "abbreviation": "MLB"}, "gameType": "R", "position": {"code": "7", "name": "Outfielder", "type": "Outfielder", "abbreviation": "LF"}}, {"season": "1979", "stat": {"gamesPlayed": 5, "gamesStarted": 0, "assists": 0, "putOuts": 11, "errors": 0, "chances": 11, "fielding": "1.000", "position": {"code": "8", "name": "Outfielder", "type": "Outfielder", "abbreviation": "CF"}, "rangeFactorPerGame": "2.20", "rangeFactorPer9Inn": "4.13", "innings": "24.0", "games": 5, "doublePlays": 0, "triplePlays": 0, "throwingErrors": 0}, "team": {"id": 141, "name": "Toronto Blue Jays", "link": "/api/v1/teams/141"}, "player": {"id": 110454, "fullName": "Bob Bailor", "link": "/api/v1/people/110454"}, "league": {"id": 103, "name": "American League", "link": "/api/v1/league/103"}, "sport": {"id": 1, "link": "/api/v1/sports/1", "abbreviation": "MLB"}, "gameType": "R", "position": {"code": "8", "name": "Outfielder", "type": "Outfielder", "abbreviation": "CF"}}, {"season": "1979", "stat": {"gamesPlayed": 113, "gamesStarted": 98, "assists": 15, "putOuts": 197, "errors": 3, "chances": 215, "fielding": ".986", "position": {"code": "9", "name": "Outfielder", "type": "Outfielder", "abbreviation": "RF"}, "rangeFactorPerGame": "1.88", "rangeFactorPer9Inn": "2.24", "innings": "850.2", "games": 113, "doublePlays": 2, "triplePlays": 0, "throwingErrors": 0}, "team": {"id": 141, "name": "Toronto Blue Jays", "link": "/api/v1/teams/141"}, "player": {"id": 110454, "fullName": "Bob Bailor", "link": "/api/v1/people/110454"}, "league": {"id": 103, "name": "American League", "link": "/api/v1/league/103"}, "sport": {"id": 1, "link": "/api/v1/sports/1", "abbreviation": "MLB"}, "gameType": "R", "position": {"code": "9", "name": "Outfielder", "type": "Outfielder", "abbreviation": "RF"}}, {"season": "1980", "stat": {"gamesPlayed": 3, "gamesStarted": 0, "assists": 0, "putOuts": 0, "errors": 0, "chances": 0, "fielding": ".000", "position": {"code": "1", "name": "Pitcher", "type": "Pitcher", "abbreviation": "P"}, "rangeFactorPerGame": "0.00", "rangeFactorPer9Inn": "0.00", "innings": "2.1", "games": 3, "doublePlays": 0, "triplePlays": 0, "throwingErrors": 0}, "team": {"id": 141, "name": "Toronto Blue Jays", "link": "/api/v1/teams/141"}, "player": {"id": 110454, "fullName": "Bob Bailor", "link": "/api/v1/people/110454"}, "league": {"id": 103, "name": "American League", "link": "/api/v1/league/103"}, "sport": {"id": 1, "link": "/api/v1/sports/1", "abbreviation": "MLB"}, "gameType": "R", "position": {"code": "1", "name": "Pitcher", "type": "Pitcher", "abbreviation": "P"}}, {"season": "1980", "stat": {"gamesPlayed": 1, "gamesStarted": 0, "assists": 0, "putOuts": 0, "errors": 0, "chances": 0, "fielding": ".000", "position": {"code": "4", "name": "Second Base", "type": "Infielder", "abbreviation": "2B"}, "rangeFactorPerGame": "0.00", "rangeFactorPer9Inn": "0.00", "innings": "1.0", "games": 1, "doublePlays": 0, "triplePlays": 0, "throwingErrors": 0}, "team": {"id": 141, "name": "Toronto Blue Jays", "link": "/api/v1/teams/141"}, "player": {"id": 110454, "fullName": "Bob Bailor", "link": "/api/v1/people/110454"}, "league": {"id": 103, "name": "American League", "link": "/api/v1/league/103"}, "sport": {"id": 1, "link": "/api/v1/sports/1", "abbreviation": "MLB"}, "gameType": "R", "position": {"code": "4", "name": "Second Base", "type": "Infielder", "abbreviation": "2B"}}, {"season": "1980", "stat": {"gamesPlayed": 11, "gamesStarted": 6, "assists": 16, "putOuts": 4, "errors": 0, "chances": 20, "fielding": "1.000", "position": {"code": "5", "name": "Third Base", "type": "Infielder", "abbreviation": "3B"}, "rangeFactorPerGame": "1.82", "rangeFactorPer9Inn": "2.69", "innings": "67.0", "games": 11, "doublePlays": 2, "triplePlays": 0, "throwingErrors": 0}, "team": {"id": 141, "name": "Toronto Blue Jays", "link": "/api/v1/teams/141"}, "player": {"id": 110454, "fullName": "Bob Bailor", "link": "/api/v1/people/110454"}, "league": {"id": 103, "name": "American League", "link": "/api/v1/league/103"}, "sport": {"id": 1, "link": "/api/v1/sports/1", "abbreviation": "MLB"}, "gameType": "R", "position": {"code": "5", "name": "Third Base", "type": "Infielder", "abbreviation": "3B"}}, {"season": "1980", "stat": {"gamesPlayed": 12, "gamesStarted": 7, "assists": 33, "putOuts": 25, "errors": 0, "chances": 58, "fielding": "1.000", "position": {"code": "6", "name": "Shortstop", "type": "Infielder", "abbreviation": "SS"}, "rangeFactorPerGame": "4.83", "rangeFactorPer9Inn": "6.96", "innings": "75.2", "games": 12, "doublePlays": 7, "triplePlays": 0, "throwingErrors": 0}, "team": {"id": 141, "name": "Toronto Blue Jays", "link": "/api/v1/teams/141"}, "player": {"id": 110454, "fullName": "Bob Bailor", "link": "/api/v1/people/110454"}, "league": {"id": 103, "name": "American League", "link": "/api/v1/league/103"}, "sport": {"id": 1, "link": "/api/v1/sports/1", "abbreviation": "MLB"}, "gameType": "R", "position": {"code": "6", "name": "Shortstop", "type": "Infielder", "abbreviation": "SS"}}, {"season": "1980", "stat": {"gamesPlayed": 41, "gamesStarted": 31, "assists": 8, "putOuts": 77, "errors": 0, "chances": 85, "fielding": "1.000", "position": {"code": "7", "name": "Outfielder", "type": "Outfielder", "abbreviation": "LF"}, "rangeFactorPerGame": "2.07", "rangeFactorPer9Inn": "2.79", "innings": "274.0", "games": 41, "doublePlays": 1, "triplePlays": 0, "throwingErrors": 0}, "team": {"id": 141, "name": "Toronto Blue Jays", "link": "/api/v1/teams/141"}, "player": {"id": 110454, "fullName": "Bob Bailor", "link": "/api/v1/people/110454"}, "league": {"id": 103, "name": "American League", "link": "/api/v1/league/103"}, "sport": {"id": 1, "link": "/api/v1/sports/1", "abbreviation": "MLB"}, "gameType": "R", "position": {"code": "7", "name": "Outfielder", "type": "Outfielder", "abbreviation": "LF"}}, {"season": "1980", "stat": {"gamesPlayed": 28, "gamesStarted": 25, "assists": 2, "putOuts": 64, "errors": 2, "chances": 68, "fielding": ".971", "position": {"code": "8", "name": "Outfielder", "type": "Outfielder", "abbreviation": "CF"}, "rangeFactorPerGame": "2.36", "rangeFactorPer9Inn": "2.75", "innings": "216.1", "games": 28, "doublePlays": 1, "triplePlays": 0, "throwingErrors": 0}, "team": {"id": 141, "name": "Toronto Blue Jays", "link": "/api/v1/teams/141"}, "player": {"id": 110454, "fullName": "Bob Bailor", "link": "/api/v1/people/110454"}, "league": {"id": 103, "name": "American League", "link": "/api/v1/league/103"}, "sport": {"id": 1, "link": "/api/v1/sports/1", "abbreviation": "MLB"}, "gameType": "R", "position": {"code": "8", "name": "Outfielder", "type": "Outfielder", "abbreviation": "CF"}}, {"season": "1980", "stat": {"gamesPlayed": 33, "gamesStarted": 24, "assists": 6, "putOuts": 62, "errors": 0, "chances": 68, "fielding": "1.000", "position": {"code": "9", "name": "Outfielder", "type": "Outfielder", "abbreviation": "RF"}, "rangeFactorPerGame": "2.06", "rangeFactorPer9Inn": "2.94", "innings": "208.0", "games": 33, "doublePlays": 3, "triplePlays": 0, "throwingErrors": 0}, "team": {"id": 141, "name": "Toronto Blue Jays", "link": "/api/v1/teams/141"}, "player": {"id": 110454, "fullName": "Bob Bailor", "link": "/api/v1/people/110454"}, "league": {"id": 103, "name": "American League", "link": "/api/v1/league/103"}, "sport": {"id": 1, "link": "/api/v1/sports/1", "abbreviation": "MLB"}, "gameType": "R", "position": {"code": "9", "name": "Outfielder", "type": "Outfielder", "abbreviation": "RF"}}, {"season": "1981", "stat": {"gamesPlayed": 13, "gamesStarted": 2, "assists": 14, "putOuts": 10, "errors": 1, "chances": 25, "fielding": ".960", "position": {"code": "4", "name": "Second Base", "type": "Infielder", "abbreviation": "2B"}, "rangeFactorPerGame": "1.85", "rangeFactorPer9Inn": "5.27", "innings": "41.2", "games": 13, "doublePlays": 3, "triplePlays": 0, "throwingErrors": 0}, "team": {"id": 121, "name": "New York Mets", "link": "/api/v1/teams/121"}, "player": {"id": 110454, "fullName": "Bob Bailor", "link": "/api/v1/people/110454"}, "league": {"id": 104, "name": "National League", "link": "/api/v1/league/104"}, "sport": {"id": 1, "link": "/api/v1/sports/1", "abbreviation": "MLB"}, "gameType": "R", "position": {"code": "4", "name": "Second Base", "type": "Infielder", "abbreviation": "2B"}}, {"season": "1981", "stat": {"gamesPlayed": 1, "gamesStarted": 0, "assists": 0, "putOuts": 0, "errors": 0, "chances": 0, "fielding": ".000", "position": {"code": "5", "name": "Third Base", "type": "Infielder", "abbreviation": "3B"}, "rangeFactorPerGame": "0.00", "rangeFactorPer9Inn": "0.00", "innings": "2.0", "games": 1, "doublePlays": 0, "triplePlays": 0, "throwingErrors": 0}, "team": {"id": 121, "name": "New York Mets", "link": "/api/v1/teams/121"}, "player": {"id": 110454, "fullName": "Bob Bailor", "link": "/api/v1/people/110454"}, "league": {"id": 104, "name": "National League", "link": "/api/v1/league/104"}, "sport": {"id": 1, "link": "/api/v1/sports/1", "abbreviation": "MLB"}, "gameType": "R", "position": {"code": "5", "name": "Third Base", "type": "Infielder", "abbreviation": "3B"}}, {"season": "1981", "stat": {"gamesPlayed": 22, "gamesStarted": 12, "assists": 46, "putOuts": 18, "errors": 4, "chances": 68, "fielding": ".941", "position": {"code": "6", "name": "Shortstop", "type": "Infielder", "abbreviation": "SS"}, "rangeFactorPerGame": "2.91", "rangeFactorPer9Inn": "4.50", "innings": "128.0", "games": 22, "doublePlays": 7, "triplePlays": 0, "throwingErrors": 0}, "team": {"id": 121, "name": "New York Mets", "link": "/api/v1/teams/121"}, "player": {"id": 110454, "fullName": "Bob Bailor", "link": "/api/v1/people/110454"}, "league": {"id": 104, "name": "National League", "link": "/api/v1/league/104"}, "sport": {"id": 1, "link": "/api/v1/sports/1", "abbreviation": "MLB"}, "gameType": "R", "position": {"code": "6", "name": "Shortstop", "type": "Infielder", "abbreviation": "SS"}}, {"season": "1981", "stat": {"gamesPlayed": 11, "gamesStarted": 1, "assists": 0, "putOuts": 12, "errors": 0, "chances": 12, "fielding": "1.000", "position": {"code": "7", "name": "Outfielder", "type": "Outfielder", "abbreviation": "LF"}, "rangeFactorPerGame": "1.09", "rangeFactorPer9Inn": "4.15", "innings": "26.1", "games": 11, "doublePlays": 0, "triplePlays": 0, "throwingErrors": 0}, "team": {"id": 121, "name": "New York Mets", "link": "/api/v1/teams/121"}, "player": {"id": 110454, "fullName": "Bob Bailor", "link": "/api/v1/people/110454"}, "league": {"id": 104, "name": "National League", "link": "/api/v1/league/104"}, "sport": {"id": 1, "link": "/api/v1/sports/1", "abbreviation": "MLB"}, "gameType": "R", "position": {"code": "7", "name": "Outfielder", "type": "Outfielder", "abbreviation": "LF"}}, {"season": "1981", "stat": {"gamesPlayed": 3, "gamesStarted": 1, "assists": 0, "putOuts": 3, "errors": 0, "chances": 3, "fielding": "1.000", "position": {"code": "9", "name": "Outfielder", "type": "Outfielder", "abbreviation": "RF"}, "rangeFactorPerGame": "1.00", "rangeFactorPer9Inn": "2.45", "innings": "11.0", "games": 3, "doublePlays": 0, "triplePlays": 0, "throwingErrors": 0}, "team": {"id": 121, "name": "New York Mets", "link": "/api/v1/teams/121"}, "player": {"id": 110454, "fullName": "Bob Bailor", "link": "/api/v1/people/110454"}, "league": {"id": 104, "name": "National League", "link": "/api/v1/league/104"}, "sport": {"id": 1, "link": "/api/v1/sports/1", "abbreviation": "MLB"}, "gameType": "R", "position": {"code": "9", "name": "Outfielder", "type": "Outfielder", "abbreviation": "RF"}}, {"season": "1982", "stat": {"gamesPlayed": 57, "gamesStarted": 41, "assists": 131, "putOuts": 85, "errors": 4, "chances": 220, "fielding": ".982", "position": {"code": "4", "name": "Second Base", "type": "Infielder", "abbreviation": "2B"}, "rangeFactorPerGame": "3.79", "rangeFactorPer9Inn": "5.46", "innings": "356.0", "games": 57, "doublePlays": 21, "triplePlays": 0, "throwingErrors": 1}, "team": {"id": 121, "name": "New York Mets", "link": "/api/v1/teams/121"}, "player": {"id": 110454, "fullName": "Bob Bailor", "link": "/api/v1/people/110454"}, "league": {"id": 104, "name": "National League", "link": "/api/v1/league/104"}, "sport": {"id": 1, "link": "/api/v1/sports/1", "abbreviation": "MLB"}, "gameType": "R", "position": {"code": "4", "name": "Second Base", "type": "Infielder", "abbreviation": "2B"}}, {"season": "1982", "stat": {"gamesPlayed": 21, "gamesStarted": 16, "assists": 26, "putOuts": 12, "errors": 4, "chances": 42, "fielding": ".905", "position": {"code": "5", "name": "Third Base", "type": "Infielder", "abbreviation": "3B"}, "rangeFactorPerGame": "1.81", "rangeFactorPer9Inn": "2.43", "innings": "141.0", "games": 21, "doublePlays": 1, "triplePlays": 0, "throwingErrors": 0}, "team": {"id": 121, "name": "New York Mets", "link": "/api/v1/teams/121"}, "player": {"id": 110454, "fullName": "Bob Bailor", "link": "/api/v1/people/110454"}, "league": {"id": 104, "name": "National League", "link": "/api/v1/league/104"}, "sport": {"id": 1, "link": "/api/v1/sports/1", "abbreviation": "MLB"}, "gameType": "R", "position": {"code": "5", "name": "Third Base", "type": "Infielder", "abbreviation": "3B"}}, {"season": "1982", "stat": {"gamesPlayed": 59, "gamesStarted": 29, "assists": 116, "putOuts": 65, "errors": 3, "chances": 184, "fielding": ".984", "position": {"code": "6", "name": "Shortstop", "type": "Infielder", "abbreviation": "SS"}, "rangeFactorPerGame": "3.07", "rangeFactorPer9Inn": "5.50", "innings": "296.2", "games": 59, "doublePlays": 19, "triplePlays": 1, "throwingErrors": 0}, "team": {"id": 121, "name": "New York Mets", "link": "/api/v1/teams/121"}, "player": {"id": 110454, "fullName": "Bob Bailor", "link": "/api/v1/people/110454"}, "league": {"id": 104, "name": "National League", "link": "/api/v1/league/104"}, "sport": {"id": 1, "link": "/api/v1/sports/1", "abbreviation": "MLB"}, "gameType": "R", "position": {"code": "6", "name": "Shortstop", "type": "Infielder", "abbreviation": "SS"}}, {"season": "1982", "stat": {"gamesPlayed": 3, "gamesStarted": 0, "assists": 1, "putOuts": 3, "errors": 0, "chances": 4, "fielding": "1.000", "position": {"code": "7", "name": "Outfielder", "type": "Outfielder", "abbreviation": "LF"}, "rangeFactorPerGame": "1.33", "rangeFactorPer9Inn": "9.00", "innings": "4.2", "games": 3, "doublePlays": 0, "triplePlays": 0, "throwingErrors": 0}, "team": {"id": 121, "name": "New York Mets", "link": "/api/v1/teams/121"}, "player": {"id": 110454, "fullName": "Bob Bailor", "link": "/api/v1/people/110454"}, "league": {"id": 104, "name": "National League", "link": "/api/v1/league/104"}, "sport": {"id": 1, "link": "/api/v1/sports/1", "abbreviation": "MLB"}, "gameType": "R", "position": {"code": "7", "name": "Outfielder", "type": "Outfielder", "abbreviation": "LF"}}, {"season": "1982", "stat": {"gamesPlayed": 1, "gamesStarted": 0, "assists": 0, "putOuts": 0, "errors": 0, "chances": 0, "fielding": ".000", "position": {"code": "8", "name": "Outfielder", "type": "Outfielder", "abbreviation": "CF"}, "rangeFactorPerGame": "0.00", "rangeFactorPer9Inn": "-.--", "innings": "0.0", "games": 1, "doublePlays": 0, "triplePlays": 0, "throwingErrors": 0}, "team": {"id": 121, "name": "New York Mets", "link": "/api/v1/teams/121"}, "player": {"id": 110454, "fullName": "Bob Bailor", "link": "/api/v1/people/110454"}, "league": {"id": 104, "name": "National League", "link": "/api/v1/league/104"}, "sport": {"id": 1, "link": "/api/v1/sports/1", "abbreviation": "MLB"}, "gameType": "R", "position": {"code": "8", "name": "Outfielder", "type": "Outfielder", "abbreviation": "CF"}}, {"season": "1983", "stat": {"gamesPlayed": 50, "gamesStarted": 32, "assists": 128, "putOuts": 75, "errors": 7, "chances": 210, "fielding": ".967", "position": {"code": "4", "name": "Second Base", "type": "Infielder", "abbreviation": "2B"}, "rangeFactorPerGame": "4.06", "rangeFactorPer9Inn": "6.07", "innings": "301.1", "games": 50, "doublePlays": 26, "triplePlays": 0, "throwingErrors": 0}, "team": {"id": 121, "name": "New York Mets", "link": "/api/v1/teams/121"}, "player": {"id": 110454, "fullName": "Bob Bailor", "link": "/api/v1/people/110454"}, "league": {"id": 104, "name": "National League", "link": "/api/v1/league/104"}, "sport": {"id": 1, "link": "/api/v1/sports/1", "abbreviation": "MLB"}, "gameType": "R", "position": {"code": "4", "name": "Second Base", "type": "Infielder", "abbreviation": "2B"}}, {"season": "1983", "stat": {"gamesPlayed": 11, "gamesStarted": 5, "assists": 10, "putOuts": 7, "errors": 0, "chances": 17, "fielding": "1.000", "position": {"code": "5", "name": "Third Base", "type": "Infielder", "abbreviation": "3B"}, "rangeFactorPerGame": "1.55", "rangeFactorPer9Inn": "3.00", "innings": "51.2", "games": 11, "doublePlays": 4, "triplePlays": 0, "throwingErrors": 0}, "team": {"id": 121, "name": "New York Mets", "link": "/api/v1/teams/121"}, "player": {"id": 110454, "fullName": "Bob Bailor", "link": "/api/v1/people/110454"}, "league": {"id": 104, "name": "National League", "link": "/api/v1/league/104"}, "sport": {"id": 1, "link": "/api/v1/sports/1", "abbreviation": "MLB"}, "gameType": "R", "position": {"code": "5", "name": "Third Base", "type": "Infielder", "abbreviation": "3B"}}, {"season": "1983", "stat": {"gamesPlayed": 76, "gamesStarted": 47, "assists": 167, "putOuts": 83, "errors": 6, "chances": 256, "fielding": ".977", "position": {"code": "6", "name": "Shortstop", "type": "Infielder", "abbreviation": "SS"}, "rangeFactorPerGame": "3.29", "rangeFactorPer9Inn": "5.14", "innings": "438.0", "games": 76, "doublePlays": 36, "triplePlays": 0, "throwingErrors": 1}, "team": {"id": 121, "name": "New York Mets", "link": "/api/v1/teams/121"}, "player": {"id": 110454, "fullName": "Bob Bailor", "link": "/api/v1/people/110454"}, "league": {"id": 104, "name": "National League", "link": "/api/v1/league/104"}, "sport": {"id": 1, "link": "/api/v1/sports/1", "abbreviation": "MLB"}, "gameType": "R", "position": {"code": "6", "name": "Shortstop", "type": "Infielder", "abbreviation": "SS"}}, {"season": "1983", "stat": {"gamesPlayed": 2, "gamesStarted": 1, "assists": 0, "putOuts": 1, "errors": 0, "chances": 1, "fielding": "1.000", "position": {"code": "7", "name": "Outfielder", "type": "Outfielder", "abbreviation": "LF"}, "rangeFactorPerGame": "0.50", "rangeFactorPer9Inn": "1.00", "innings": "9.2", "games": 2, "doublePlays": 0, "triplePlays": 0, "throwingErrors": 0}, "team": {"id": 121, "name": "New York Mets", "link": "/api/v1/teams/121"}, "player": {"id": 110454, "fullName": "Bob Bailor", "link": "/api/v1/people/110454"}, "league": {"id": 104, "name": "National League", "link": "/api/v1/league/104"}, "sport": {"id": 1, "link": "/api/v1/sports/1", "abbreviation": "MLB"}, "gameType": "R", "position": {"code": "7", "name": "Outfielder", "type": "Outfielder", "abbreviation": "LF"}}, {"season": "1983", "stat": {"gamesPlayed": 1, "gamesStarted": 0, "assists": 0, "putOuts": 4, "errors": 0, "chances": 4, "fielding": "1.000", "position": {"code": "9", "name": "Outfielder", "type": "Outfielder", "abbreviation": "RF"}, "rangeFactorPerGame": "4.00", "rangeFactorPer9Inn": "9.00", "innings": "4.0", "games": 1, "doublePlays": 0, "triplePlays": 0, "throwingErrors": 0}, "team": {"id": 121, "name": "New York Mets", "link": "/api/v1/teams/121"}, "player": {"id": 110454, "fullName": "Bob Bailor", "link": "/api/v1/people/110454"}, "league": {"id": 104, "name": "National League", "link": "/api/v1/league/104"}, "sport": {"id": 1, "link": "/api/v1/sports/1", "abbreviation": "MLB"}, "gameType": "R", "position": {"code": "9", "name": "Outfielder", "type": "Outfielder", "abbreviation": "RF"}}, {"season": "1984", "stat": {"gamesPlayed": 23, "gamesStarted": 18, "assists": 45, "putOuts": 37, "errors": 5, "chances": 87, "fielding": ".943", "position": {"code": "4", "name": "Second Base", "type": "Infielder", "abbreviation": "2B"}, "rangeFactorPerGame": "3.57", "rangeFactorPer9Inn": "4.50", "innings": "164.1", "games": 23, "doublePlays": 8, "triplePlays": 0, "throwingErrors": 1}, "team": {"id": 119, "name": "Los Angeles Dodgers", "link": "/api/v1/teams/119"}, "player": {"id": 110454, "fullName": "Bob Bailor", "link": "/api/v1/people/110454"}, "league": {"id": 104, "name": "National League", "link": "/api/v1/league/104"}, "sport": {"id": 1, "link": "/api/v1/sports/1", "abbreviation": "MLB"}, "gameType": "R", "position": {"code": "4", "name": "Second Base", "type": "Infielder", "abbreviation": "2B"}}, {"season": "1984", "stat": {"gamesPlayed": 17, "gamesStarted": 5, "assists": 17, "putOuts": 5, "errors": 1, "chances": 23, "fielding": ".957", "position": {"code": "5", "name": "Third Base", "type": "Infielder", "abbreviation": "3B"}, "rangeFactorPerGame": "1.29", "rangeFactorPer9Inn": "3.36", "innings": "59.0", "games": 17, "doublePlays": 1, "triplePlays": 0, "throwingErrors": 0}, "team": {"id": 119, "name": "Los Angeles Dodgers", "link": "/api/v1/teams/119"}, "player": {"id": 110454, "fullName": "Bob Bailor", "link": "/api/v1/people/110454"}, "league": {"id": 104, "name": "National League", "link": "/api/v1/league/104"}, "sport": {"id": 1, "link": "/api/v1/sports/1", "abbreviation": "MLB"}, "gameType": "R", "position": {"code": "5", "name": "Third Base", "type": "Infielder", "abbreviation": "3B"}}, {"season": "1984", "stat": {"gamesPlayed": 16, "gamesStarted": 12, "assists": 52, "putOuts": 16, "errors": 0, "chances": 68, "fielding": "1.000", "position": {"code": "6", "name": "Shortstop", "type": "Infielder", "abbreviation": "SS"}, "rangeFactorPerGame": "4.25", "rangeFactorPer9Inn": "5.67", "innings": "108.2", "games": 16, "doublePlays": 10, "triplePlays": 0, "throwingErrors": 0}, "team": {"id": 119, "name": "Los Angeles Dodgers", "link": "/api/v1/teams/119"}, "player": {"id": 110454, "fullName": "Bob Bailor", "link": "/api/v1/people/110454"}, "league": {"id": 104, "name": "National League", "link": "/api/v1/league/104"}, "sport": {"id": 1, "link": "/api/v1/sports/1", "abbreviation": "MLB"}, "gameType": "R", "position": {"code": "6", "name": "Shortstop", "type": "Infielder", "abbreviation": "SS"}}, {"season": "1985", "stat": {"gamesPlayed": 16, "gamesStarted": 6, "assists": 29, "putOuts": 17, "errors": 0, "chances": 46, "fielding": "1.000", "position": {"code": "4", "name": "Second Base", "type": "Infielder", "abbreviation": "2B"}, "rangeFactorPerGame": "2.88", "rangeFactorPer9Inn": "6.00", "innings": "69.2", "games": 16, "doublePlays": 5, "triplePlays": 0, "throwingErrors": 0}, "team": {"id": 119, "name": "Los Angeles Dodgers", "link": "/api/v1/teams/119"}, "player": {"id": 110454, "fullName": "Bob Bailor", "link": "/api/v1/people/110454"}, "league": {"id": 104, "name": "National League", "link": "/api/v1/league/104"}, "sport": {"id": 1, "link": "/api/v1/sports/1", "abbreviation": "MLB"}, "gameType": "R", "position": {"code": "4", "name": "Second Base", "type": "Infielder", "abbreviation": "2B"}}, {"season": "1985", "stat": {"gamesPlayed": 45, "gamesStarted": 18, "assists": 62, "putOuts": 13, "errors": 3, "chances": 78, "fielding": ".962", "position": {"code": "5", "name": "Third Base", "type": "Infielder", "abbreviation": "3B"}, "rangeFactorPerGame": "1.67", "rangeFactorPer9Inn": "3.15", "innings": "214.0", "games": 45, "doublePlays": 6, "triplePlays": 0, "throwingErrors": 0}, "team": {"id": 119, "name": "Los Angeles Dodgers", "link": "/api/v1/teams/119"}, "player": {"id": 110454, "fullName": "Bob Bailor", "link": "/api/v1/people/110454"}, "league": {"id": 104, "name": "National League", "link": "/api/v1/league/104"}, "sport": {"id": 1, "link": "/api/v1/sports/1", "abbreviation": "MLB"}, "gameType": "R", "position": {"code": "5", "name": "Third Base", "type": "Infielder", "abbreviation": "3B"}}, {"season": "1985", "stat": {"gamesPlayed": 5, "gamesStarted": 2, "assists": 11, "putOuts": 3, "errors": 0, "chances": 14, "fielding": "1.000", "position": {"code": "6", "name": "Shortstop", "type": "Infielder", "abbreviation": "SS"}, "rangeFactorPerGame": "2.80", "rangeFactorPer9Inn": "5.04", "innings": "25.0", "games": 5, "doublePlays": 1, "triplePlays": 0, "throwingErrors": 0}, "team": {"id": 119, "name": "Los Angeles Dodgers", "link": "/api/v1/teams/119"}, "player": {"id": 110454, "fullName": "Bob Bailor", "link": "/api/v1/people/110454"}, "league": {"id": 104, "name": "National League", "link": "/api/v1/league/104"}, "sport": {"id": 1, "link": "/api/v1/sports/1", "abbreviation": "MLB"}, "gameType": "R", "position": {"code": "6", "name": "Shortstop", "type": "Infielder", "abbreviation": "SS"}}, {"season": "1985", "stat": {"gamesPlayed": 1, "gamesStarted": 0, "assists": 0, "putOuts": 0, "errors": 0, "chances": 0, "fielding": ".000", "position": {"code": "7", "name": "Outfielder", "type": "Outfielder", "abbreviation": "LF"}, "rangeFactorPerGame": "0.00", "rangeFactorPer9Inn": "0.00", "innings": "0.1", "games": 1, "doublePlays": 0, "triplePlays": 0, "throwingErrors": 0}, "team": {"id": 119, "name": "Los Angeles Dodgers", "link": "/api/v1/teams/119"}, "player": {"id": 110454, "fullName": "Bob Bailor", "link": "/api/v1/people/110454"}, "league": {"id": 104, "name": "National League", "link": "/api/v1/league/104"}, "sport": {"id": 1, "link": "/api/v1/sports/1", "abbreviation": "MLB"}, "gameType": "R", "position": {"code": "7", "name": "Outfielder", "type": "Outfielder", "abbreviation": "LF"}}]}], "mlbDebutDate": "1975-09-06", "batSide": {"code": "R", "description": "Right"}, "pitchHand": {"code": "R", "description": "Right"}, "nameFirstLast": "Bob Bailor", "nameSlug": "bob-bailor-110454", "firstLastName": "Bob Bailor", "lastFirstName": "Bailor, Bob", "lastInitName": "Bailor, B", "initLastName": "B Bailor", "fullFMLName": "Robert Michael Bailor", "fullLFMName": "Bailor, Robert Michael", "strikeZoneTop": 3.319, "strikeZoneBottom": 1.513}