{"id": 110320, "fullName": "Ed Armbrister", "link": "/api/v1/people/110320", "firstName": "Edison", "lastName": "Armbrister", "primaryNumber": "33", "birthDate": "1948-07-04", "currentAge": 75, "birthCity": "Nassau", "birthCountry": "Bahamas", "height": "5' 11\"", "weight": 160, "active": false, "primaryPosition": {"code": "7", "name": "Outfielder", "type": "Outfielder", "abbreviation": "LF"}, "useName": "Ed", "useLastName": "Armbrister", "middleName": "Rosanda", "boxscoreName": "Armbrister", "gender": "M", "isPlayer": true, "isVerified": true, "lastPlayedDate": "1977-10-02", "stats": [{"type": {"displayName": "career"}, "group": {"displayName": "hitting"}, "exemptions": [], "splits": [{"stat": {"gamesPlayed": 224, "groundOuts": 28, "airOuts": 13, "runs": 46, "doubles": 11, "triples": 6, "homeRuns": 4, "strikeOuts": 71, "baseOnBalls": 24, "intentionalWalks": 0, "hits": 65, "hitByPitch": 1, "avg": ".245", "atBats": 265, "obp": ".307", "slg": ".377", "ops": ".684", "caughtStealing": 10, "stolenBases": 15, "stolenBasePercentage": ".600", "groundIntoDoublePlay": 4, "numberOfPitches": 455, "plateAppearances": 302, "totalBases": 100, "rbi": 19, "leftOnBase": 113, "sacBunts": 9, "sacFlies": 3, "babip": ".316", "groundOutsToAirouts": "2.15", "catchersInterference": 0, "atBatsPerHomeRun": "66.25"}, "team": {"id": 113, "name": "Cincinnati Reds", "link": "/api/v1/teams/113"}, "player": {"id": 110320, "fullName": "Ed Armbrister", "link": "/api/v1/people/110320"}, "league": {"id": 104, "name": "National League", "link": "/api/v1/league/104"}, "sport": {"id": 1, "link": "/api/v1/sports/1", "abbreviation": "MLB"}, "gameType": "R"}]}, {"type": {"displayName": "career"}, "group": {"displayName": "fielding"}, "exemptions": [], "splits": [{"stat": {"gamesPlayed": 55, "gamesStarted": 23, "assists": 4, "putOuts": 49, "errors": 4, "chances": 57, "fielding": ".930", "position": {"code": "7", "name": "Outfielder", "type": "Outfielder", "abbreviation": "LF"}, "rangeFactorPerGame": "0.96", "rangeFactorPer9Inn": "1.98", "innings": "241.0", "games": 55, "doublePlays": 1, "triplePlays": 0, "throwingErrors": 0}, "team": {"id": 113, "name": "Cincinnati Reds", "link": "/api/v1/teams/113"}, "player": {"id": 110320, "fullName": "Ed Armbrister", "link": "/api/v1/people/110320"}, "league": {"id": 104, "name": "National League", "link": "/api/v1/league/104"}, "sport": {"id": 1, "link": "/api/v1/sports/1", "abbreviation": "MLB"}, "gameType": "R", "position": {"code": "7", "name": "Outfielder", "type": "Outfielder", "abbreviation": "LF"}}, {"stat": {"gamesPlayed": 9, "gamesStarted": 5, "assists": 0, "putOuts": 12, "errors": 0, "chances": 12, "fielding": "1.000", "position": {"code": "8", "name": "Outfielder", "type": "Outfielder", "abbreviation": "CF"}, "rangeFactorPerGame": "1.33", "rangeFactorPer9Inn": "2.30", "innings": "47.0", "games": 9, "doublePlays": 0, "triplePlays": 0, "throwingErrors": 0}, "team": {"id": 113, "name": "Cincinnati Reds", "link": "/api/v1/teams/113"}, "player": {"id": 110320, "fullName": "Ed Armbrister", "link": "/api/v1/people/110320"}, "league": {"id": 104, "name": "National League", "link": "/api/v1/league/104"}, "sport": {"id": 1, "link": "/api/v1/sports/1", "abbreviation": "MLB"}, "gameType": "R", "position": {"code": "8", "name": "Outfielder", "type": "Outfielder", "abbreviation": "CF"}}, {"stat": {"gamesPlayed": 37, "gamesStarted": 16, "assists": 4, "putOuts": 31, "errors": 4, "chances": 39, "fielding": ".897", "position": {"code": "9", "name": "Outfielder", "type": "Outfielder", "abbreviation": "RF"}, "rangeFactorPerGame": "0.95", "rangeFactorPer9Inn": "1.90", "innings": "166.0", "games": 37, "doublePlays": 1, "triplePlays": 0, "throwingErrors": 0}, "team": {"id": 113, "name": "Cincinnati Reds", "link": "/api/v1/teams/113"}, "player": {"id": 110320, "fullName": "Ed Armbrister", "link": "/api/v1/people/110320"}, "league": {"id": 104, "name": "National League", "link": "/api/v1/league/104"}, "sport": {"id": 1, "link": "/api/v1/sports/1", "abbreviation": "MLB"}, "gameType": "R", "position": {"code": "9", "name": "Outfielder", "type": "Outfielder", "abbreviation": "RF"}}]}, {"type": {"displayName": "yearByYear"}, "group": {"displayName": "hitting"}, "exemptions": [], "splits": [{"season": "1973", "stat": {"gamesPlayed": 18, "runs": 5, "doubles": 3, "triples": 1, "homeRuns": 1, "strikeOuts": 8, "baseOnBalls": 2, "intentionalWalks": 0, "hits": 8, "hitByPitch": 0, "avg": ".216", "atBats": 37, "obp": ".250", "slg": ".432", "ops": ".682", "caughtStealing": 0, "stolenBases": 0, "stolenBasePercentage": ".---", "groundIntoDoublePlay": 0, "plateAppearances": 41, "totalBases": 16, "rbi": 5, "sacBunts": 1, "sacFlies": 1, "babip": ".241", "atBatsPerHomeRun": "37.00"}, "team": {"id": 113, "name": "Cincinnati Reds", "link": "/api/v1/teams/113"}, "player": {"id": 110320, "fullName": "Ed Armbrister", "link": "/api/v1/people/110320"}, "league": {"id": 104, "name": "National League", "link": "/api/v1/league/104"}, "sport": {"id": 1, "link": "/api/v1/sports/1", "abbreviation": "MLB"}, "gameType": "R"}, {"season": "1974", "stat": {"gamesPlayed": 9, "groundOuts": 1, "airOuts": 1, "runs": 0, "doubles": 0, "triples": 0, "homeRuns": 0, "strikeOuts": 1, "baseOnBalls": 1, "intentionalWalks": 0, "hits": 2, "hitByPitch": 0, "avg": ".286", "atBats": 7, "obp": ".375", "slg": ".286", "ops": ".661", "caughtStealing": 0, "stolenBases": 0, "stolenBasePercentage": ".---", "groundIntoDoublePlay": 0, "numberOfPitches": 13, "plateAppearances": 8, "totalBases": 2, "rbi": 0, "leftOnBase": 5, "sacBunts": 0, "sacFlies": 0, "babip": ".333", "groundOutsToAirouts": "1.00", "catchersInterference": 0, "atBatsPerHomeRun": "-.--"}, "team": {"id": 113, "name": "Cincinnati Reds", "link": "/api/v1/teams/113"}, "player": {"id": 110320, "fullName": "Ed Armbrister", "link": "/api/v1/people/110320"}, "league": {"id": 104, "name": "National League", "link": "/api/v1/league/104"}, "sport": {"id": 1, "link": "/api/v1/sports/1", "abbreviation": "MLB"}, "gameType": "R"}, {"season": "1975", "stat": {"gamesPlayed": 59, "groundOuts": 8, "airOuts": 3, "runs": 9, "doubles": 1, "triples": 0, "homeRuns": 0, "strikeOuts": 19, "baseOnBalls": 5, "intentionalWalks": 0, "hits": 12, "hitByPitch": 1, "avg": ".185", "atBats": 65, "obp": ".254", "slg": ".200", "ops": ".454", "caughtStealing": 1, "stolenBases": 3, "stolenBasePercentage": ".750", "groundIntoDoublePlay": 1, "numberOfPitches": 125, "plateAppearances": 72, "totalBases": 13, "rbi": 2, "leftOnBase": 29, "sacBunts": 1, "sacFlies": 0, "babip": ".261", "groundOutsToAirouts": "2.67", "catchersInterference": 0, "atBatsPerHomeRun": "-.--"}, "team": {"id": 113, "name": "Cincinnati Reds", "link": "/api/v1/teams/113"}, "player": {"id": 110320, "fullName": "Ed Armbrister", "link": "/api/v1/people/110320"}, "league": {"id": 104, "name": "National League", "link": "/api/v1/league/104"}, "sport": {"id": 1, "link": "/api/v1/sports/1", "abbreviation": "MLB"}, "gameType": "R"}, {"season": "1976", "stat": {"gamesPlayed": 73, "groundOuts": 11, "airOuts": 4, "runs": 20, "doubles": 3, "triples": 2, "homeRuns": 2, "strikeOuts": 22, "baseOnBalls": 6, "intentionalWalks": 0, "hits": 23, "hitByPitch": 0, "avg": ".295", "atBats": 78, "obp": ".341", "slg": ".462", "ops": ".803", "caughtStealing": 3, "stolenBases": 7, "stolenBasePercentage": ".700", "groundIntoDoublePlay": 0, "numberOfPitches": 152, "plateAppearances": 90, "totalBases": 36, "rbi": 7, "leftOnBase": 39, "sacBunts": 5, "sacFlies": 1, "babip": ".382", "groundOutsToAirouts": "2.75", "catchersInterference": 0, "atBatsPerHomeRun": "39.00"}, "team": {"id": 113, "name": "Cincinnati Reds", "link": "/api/v1/teams/113"}, "player": {"id": 110320, "fullName": "Ed Armbrister", "link": "/api/v1/people/110320"}, "league": {"id": 104, "name": "National League", "link": "/api/v1/league/104"}, "sport": {"id": 1, "link": "/api/v1/sports/1", "abbreviation": "MLB"}, "gameType": "R"}, {"season": "1977", "stat": {"gamesPlayed": 65, "groundOuts": 8, "airOuts": 5, "runs": 12, "doubles": 4, "triples": 3, "homeRuns": 1, "strikeOuts": 21, "baseOnBalls": 10, "intentionalWalks": 0, "hits": 20, "hitByPitch": 0, "avg": ".256", "atBats": 78, "obp": ".337", "slg": ".423", "ops": ".760", "caughtStealing": 6, "stolenBases": 5, "stolenBasePercentage": ".455", "groundIntoDoublePlay": 3, "numberOfPitches": 165, "plateAppearances": 91, "totalBases": 33, "rbi": 5, "leftOnBase": 40, "sacBunts": 2, "sacFlies": 1, "babip": ".333", "groundOutsToAirouts": "1.60", "catchersInterference": 0, "atBatsPerHomeRun": "78.00"}, "team": {"id": 113, "name": "Cincinnati Reds", "link": "/api/v1/teams/113"}, "player": {"id": 110320, "fullName": "Ed Armbrister", "link": "/api/v1/people/110320"}, "league": {"id": 104, "name": "National League", "link": "/api/v1/league/104"}, "sport": {"id": 1, "link": "/api/v1/sports/1", "abbreviation": "MLB"}, "gameType": "R"}]}, {"type": {"displayName": "yearByYear"}, "group": {"displayName": "fielding"}, "exemptions": [], "splits": [{"season": "1973", "stat": {"gamesPlayed": 3, "gamesStarted": 1, "assists": 1, "putOuts": 2, "errors": 0, "chances": 3, "fielding": "1.000", "position": {"code": "7", "name": "Outfielder", "type": "Outfielder", "abbreviation": "LF"}, "rangeFactorPerGame": "1.00", "rangeFactorPer9Inn": "1.80", "innings": "15.0", "games": 3, "doublePlays": 0, "triplePlays": 0, "throwingErrors": 0}, "team": {"id": 113, "name": "Cincinnati Reds", "link": "/api/v1/teams/113"}, "player": {"id": 110320, "fullName": "Ed Armbrister", "link": "/api/v1/people/110320"}, "league": {"id": 104, "name": "National League", "link": "/api/v1/league/104"}, "sport": {"id": 1, "link": "/api/v1/sports/1", "abbreviation": "MLB"}, "gameType": "R", "position": {"code": "7", "name": "Outfielder", "type": "Outfielder", "abbreviation": "LF"}}, {"season": "1973", "stat": {"gamesPlayed": 6, "gamesStarted": 3, "assists": 0, "putOuts": 10, "errors": 0, "chances": 10, "fielding": "1.000", "position": {"code": "8", "name": "Outfielder", "type": "Outfielder", "abbreviation": "CF"}, "rangeFactorPerGame": "1.67", "rangeFactorPer9Inn": "3.00", "innings": "30.0", "games": 6, "doublePlays": 0, "triplePlays": 0, "throwingErrors": 0}, "team": {"id": 113, "name": "Cincinnati Reds", "link": "/api/v1/teams/113"}, "player": {"id": 110320, "fullName": "Ed Armbrister", "link": "/api/v1/people/110320"}, "league": {"id": 104, "name": "National League", "link": "/api/v1/league/104"}, "sport": {"id": 1, "link": "/api/v1/sports/1", "abbreviation": "MLB"}, "gameType": "R", "position": {"code": "8", "name": "Outfielder", "type": "Outfielder", "abbreviation": "CF"}}, {"season": "1973", "stat": {"gamesPlayed": 8, "gamesStarted": 3, "assists": 0, "putOuts": 8, "errors": 2, "chances": 10, "fielding": ".800", "position": {"code": "9", "name": "Outfielder", "type": "Outfielder", "abbreviation": "RF"}, "rangeFactorPerGame": "1.00", "rangeFactorPer9Inn": "2.12", "innings": "34.0", "games": 8, "doublePlays": 0, "triplePlays": 0, "throwingErrors": 0}, "team": {"id": 113, "name": "Cincinnati Reds", "link": "/api/v1/teams/113"}, "player": {"id": 110320, "fullName": "Ed Armbrister", "link": "/api/v1/people/110320"}, "league": {"id": 104, "name": "National League", "link": "/api/v1/league/104"}, "sport": {"id": 1, "link": "/api/v1/sports/1", "abbreviation": "MLB"}, "gameType": "R", "position": {"code": "9", "name": "Outfielder", "type": "Outfielder", "abbreviation": "RF"}}, {"season": "1974", "stat": {"gamesPlayed": 2, "gamesStarted": 0, "assists": 0, "putOuts": 1, "errors": 0, "chances": 1, "fielding": "1.000", "position": {"code": "7", "name": "Outfielder", "type": "Outfielder", "abbreviation": "LF"}, "rangeFactorPerGame": "0.50", "rangeFactorPer9Inn": "2.25", "innings": "4.0", "games": 2, "doublePlays": 0, "triplePlays": 0, "throwingErrors": 0}, "team": {"id": 113, "name": "Cincinnati Reds", "link": "/api/v1/teams/113"}, "player": {"id": 110320, "fullName": "Ed Armbrister", "link": "/api/v1/people/110320"}, "league": {"id": 104, "name": "National League", "link": "/api/v1/league/104"}, "sport": {"id": 1, "link": "/api/v1/sports/1", "abbreviation": "MLB"}, "gameType": "R", "position": {"code": "7", "name": "Outfielder", "type": "Outfielder", "abbreviation": "LF"}}, {"season": "1974", "stat": {"gamesPlayed": 2, "gamesStarted": 0, "assists": 0, "putOuts": 0, "errors": 0, "chances": 0, "fielding": ".000", "position": {"code": "9", "name": "Outfielder", "type": "Outfielder", "abbreviation": "RF"}, "rangeFactorPerGame": "0.00", "rangeFactorPer9Inn": "0.00", "innings": "3.0", "games": 2, "doublePlays": 0, "triplePlays": 0, "throwingErrors": 0}, "team": {"id": 113, "name": "Cincinnati Reds", "link": "/api/v1/teams/113"}, "player": {"id": 110320, "fullName": "Ed Armbrister", "link": "/api/v1/people/110320"}, "league": {"id": 104, "name": "National League", "link": "/api/v1/league/104"}, "sport": {"id": 1, "link": "/api/v1/sports/1", "abbreviation": "MLB"}, "gameType": "R", "position": {"code": "9", "name": "Outfielder", "type": "Outfielder", "abbreviation": "RF"}}, {"season": "1975", "stat": {"gamesPlayed": 10, "gamesStarted": 3, "assists": 0, "putOuts": 8, "errors": 1, "chances": 9, "fielding": ".889", "position": {"code": "7", "name": "Outfielder", "type": "Outfielder", "abbreviation": "LF"}, "rangeFactorPerGame": "0.80", "rangeFactorPer9Inn": "1.57", "innings": "46.0", "games": 10, "doublePlays": 0, "triplePlays": 0, "throwingErrors": 0}, "team": {"id": 113, "name": "Cincinnati Reds", "link": "/api/v1/teams/113"}, "player": {"id": 110320, "fullName": "Ed Armbrister", "link": "/api/v1/people/110320"}, "league": {"id": 104, "name": "National League", "link": "/api/v1/league/104"}, "sport": {"id": 1, "link": "/api/v1/sports/1", "abbreviation": "MLB"}, "gameType": "R", "position": {"code": "7", "name": "Outfielder", "type": "Outfielder", "abbreviation": "LF"}}, {"season": "1975", "stat": {"gamesPlayed": 3, "gamesStarted": 2, "assists": 0, "putOuts": 2, "errors": 0, "chances": 2, "fielding": "1.000", "position": {"code": "8", "name": "Outfielder", "type": "Outfielder", "abbreviation": "CF"}, "rangeFactorPerGame": "0.67", "rangeFactorPer9Inn": "1.06", "innings": "17.0", "games": 3, "doublePlays": 0, "triplePlays": 0, "throwingErrors": 0}, "team": {"id": 113, "name": "Cincinnati Reds", "link": "/api/v1/teams/113"}, "player": {"id": 110320, "fullName": "Ed Armbrister", "link": "/api/v1/people/110320"}, "league": {"id": 104, "name": "National League", "link": "/api/v1/league/104"}, "sport": {"id": 1, "link": "/api/v1/sports/1", "abbreviation": "MLB"}, "gameType": "R", "position": {"code": "8", "name": "Outfielder", "type": "Outfielder", "abbreviation": "CF"}}, {"season": "1975", "stat": {"gamesPlayed": 7, "gamesStarted": 2, "assists": 0, "putOuts": 3, "errors": 1, "chances": 4, "fielding": ".750", "position": {"code": "9", "name": "Outfielder", "type": "Outfielder", "abbreviation": "RF"}, "rangeFactorPerGame": "0.43", "rangeFactorPer9Inn": "0.93", "innings": "29.0", "games": 7, "doublePlays": 0, "triplePlays": 0, "throwingErrors": 0}, "team": {"id": 113, "name": "Cincinnati Reds", "link": "/api/v1/teams/113"}, "player": {"id": 110320, "fullName": "Ed Armbrister", "link": "/api/v1/people/110320"}, "league": {"id": 104, "name": "National League", "link": "/api/v1/league/104"}, "sport": {"id": 1, "link": "/api/v1/sports/1", "abbreviation": "MLB"}, "gameType": "R", "position": {"code": "9", "name": "Outfielder", "type": "Outfielder", "abbreviation": "RF"}}, {"season": "1976", "stat": {"gamesPlayed": 20, "gamesStarted": 6, "assists": 1, "putOuts": 15, "errors": 1, "chances": 17, "fielding": ".941", "position": {"code": "7", "name": "Outfielder", "type": "Outfielder", "abbreviation": "LF"}, "rangeFactorPerGame": "0.80", "rangeFactorPer9Inn": "2.06", "innings": "70.0", "games": 20, "doublePlays": 0, "triplePlays": 0, "throwingErrors": 0}, "team": {"id": 113, "name": "Cincinnati Reds", "link": "/api/v1/teams/113"}, "player": {"id": 110320, "fullName": "Ed Armbrister", "link": "/api/v1/people/110320"}, "league": {"id": 104, "name": "National League", "link": "/api/v1/league/104"}, "sport": {"id": 1, "link": "/api/v1/sports/1", "abbreviation": "MLB"}, "gameType": "R", "position": {"code": "7", "name": "Outfielder", "type": "Outfielder", "abbreviation": "LF"}}, {"season": "1976", "stat": {"gamesPlayed": 13, "gamesStarted": 7, "assists": 3, "putOuts": 18, "errors": 0, "chances": 21, "fielding": "1.000", "position": {"code": "9", "name": "Outfielder", "type": "Outfielder", "abbreviation": "RF"}, "rangeFactorPerGame": "1.62", "rangeFactorPer9Inn": "3.00", "innings": "63.0", "games": 13, "doublePlays": 1, "triplePlays": 0, "throwingErrors": 0}, "team": {"id": 113, "name": "Cincinnati Reds", "link": "/api/v1/teams/113"}, "player": {"id": 110320, "fullName": "Ed Armbrister", "link": "/api/v1/people/110320"}, "league": {"id": 104, "name": "National League", "link": "/api/v1/league/104"}, "sport": {"id": 1, "link": "/api/v1/sports/1", "abbreviation": "MLB"}, "gameType": "R", "position": {"code": "9", "name": "Outfielder", "type": "Outfielder", "abbreviation": "RF"}}, {"season": "1977", "stat": {"gamesPlayed": 20, "gamesStarted": 13, "assists": 2, "putOuts": 23, "errors": 2, "chances": 27, "fielding": ".926", "position": {"code": "7", "name": "Outfielder", "type": "Outfielder", "abbreviation": "LF"}, "rangeFactorPerGame": "1.25", "rangeFactorPer9Inn": "2.12", "innings": "106.0", "games": 20, "doublePlays": 1, "triplePlays": 0, "throwingErrors": 0}, "team": {"id": 113, "name": "Cincinnati Reds", "link": "/api/v1/teams/113"}, "player": {"id": 110320, "fullName": "Ed Armbrister", "link": "/api/v1/people/110320"}, "league": {"id": 104, "name": "National League", "link": "/api/v1/league/104"}, "sport": {"id": 1, "link": "/api/v1/sports/1", "abbreviation": "MLB"}, "gameType": "R", "position": {"code": "7", "name": "Outfielder", "type": "Outfielder", "abbreviation": "LF"}}, {"season": "1977", "stat": {"gamesPlayed": 7, "gamesStarted": 4, "assists": 1, "putOuts": 2, "errors": 1, "chances": 4, "fielding": ".750", "position": {"code": "9", "name": "Outfielder", "type": "Outfielder", "abbreviation": "RF"}, "rangeFactorPerGame": "0.43", "rangeFactorPer9Inn": "0.73", "innings": "37.0", "games": 7, "doublePlays": 0, "triplePlays": 0, "throwingErrors": 0}, "team": {"id": 113, "name": "Cincinnati Reds", "link": "/api/v1/teams/113"}, "player": {"id": 110320, "fullName": "Ed Armbrister", "link": "/api/v1/people/110320"}, "league": {"id": 104, "name": "National League", "link": "/api/v1/league/104"}, "sport": {"id": 1, "link": "/api/v1/sports/1", "abbreviation": "MLB"}, "gameType": "R", "position": {"code": "9", "name": "Outfielder", "type": "Outfielder", "abbreviation": "RF"}}]}], "mlbDebutDate": "1973-08-31", "batSide": {"code": "R", "description": "Right"}, "pitchHand": {"code": "R", "description": "Right"}, "nameFirstLast": "Ed Armbrister", "nameSlug": "ed-armbrister-110320", "firstLastName": "Ed Armbrister", "lastFirstName": "Armbrister, Ed", "lastInitName": "Armbrister, E", "initLastName": "E Armbrister", "fullFMLName": "Edison Rosanda Armbrister", "fullLFMName": "Armbrister, Edison Rosanda", "strikeZoneTop": 3.319, "strikeZoneBottom": 1.513}