{"id": 110122, "fullName": "Chuck Aleno", "link": "/api/v1/people/110122", "firstName": "Charles", "lastName": "Aleno", "primaryNumber": "16", "birthDate": "1917-02-19", "currentAge": 85, "birthCity": "St. Louis", "birthStateProvince": "MO", "birthCountry": "USA", "height": "6' 2\"", "weight": 215, "active": false, "primaryPosition": {"code": "5", "name": "Third Base", "type": "Infielder", "abbreviation": "3B"}, "useName": "Chuck", "useLastName": "Aleno", "boxscoreName": "Aleno", "gender": "M", "isPlayer": true, "isVerified": true, "deathDate": "2003-02-10", "deathCity": "DeLand", "deathStateProvince": "FL", "deathCountry": "USA", "lastPlayedDate": "1944-09-23", "stats": [{"type": {"displayName": "career"}, "group": {"displayName": "fielding"}, "exemptions": [], "splits": [{"stat": {"gamesPlayed": 5, "gamesStarted": 2, "assists": 4, "putOuts": 49, "errors": 1, "chances": 54, "fielding": ".981", "position": {"code": "3", "name": "First Base", "type": "Infielder", "abbreviation": "1B"}, "rangeFactorPerGame": "10.60", "rangeFactorPer9Inn": "28.06", "innings": "17.0", "games": 5, "doublePlays": 4, "triplePlays": 0}, "team": {"id": 113, "name": "Cincinnati Reds", "link": "/api/v1/teams/113"}, "player": {"id": 110122, "fullName": "Chuck Aleno", "link": "/api/v1/people/110122"}, "league": {"id": 104, "name": "National League", "link": "/api/v1/league/104"}, "sport": {"id": 1, "link": "/api/v1/sports/1", "abbreviation": "MLB"}, "gameType": "R", "position": {"code": "3", "name": "First Base", "type": "Infielder", "abbreviation": "1B"}}, {"stat": {"gamesPlayed": 1, "gamesStarted": 1, "assists": 5, "putOuts": 2, "errors": 0, "chances": 7, "fielding": "1.000", "position": {"code": "4", "name": "Second Base", "type": "Infielder", "abbreviation": "2B"}, "rangeFactorPerGame": "7.00", "rangeFactorPer9Inn": "7.88", "innings": "8.0", "games": 1, "doublePlays": 2, "triplePlays": 0}, "team": {"id": 113, "name": "Cincinnati Reds", "link": "/api/v1/teams/113"}, "player": {"id": 110122, "fullName": "Chuck Aleno", "link": "/api/v1/people/110122"}, "league": {"id": 104, "name": "National League", "link": "/api/v1/league/104"}, "sport": {"id": 1, "link": "/api/v1/sports/1", "abbreviation": "MLB"}, "gameType": "R", "position": {"code": "4", "name": "Second Base", "type": "Infielder", "abbreviation": "2B"}}, {"stat": {"gamesPlayed": 84, "gamesStarted": 75, "assists": 142, "putOuts": 84, "errors": 11, "chances": 237, "fielding": ".954", "position": {"code": "5", "name": "Third Base", "type": "Infielder", "abbreviation": "3B"}, "rangeFactorPerGame": "2.69", "rangeFactorPer9Inn": "3.30", "innings": "617.1", "games": 84, "doublePlays": 15, "triplePlays": 0}, "team": {"id": 113, "name": "Cincinnati Reds", "link": "/api/v1/teams/113"}, "player": {"id": 110122, "fullName": "Chuck Aleno", "link": "/api/v1/people/110122"}, "league": {"id": 104, "name": "National League", "link": "/api/v1/league/104"}, "sport": {"id": 1, "link": "/api/v1/sports/1", "abbreviation": "MLB"}, "gameType": "R", "position": {"code": "5", "name": "Third Base", "type": "Infielder", "abbreviation": "3B"}}, {"stat": {"gamesPlayed": 3, "gamesStarted": 0, "assists": 2, "putOuts": 0, "errors": 0, "chances": 2, "fielding": "1.000", "position": {"code": "6", "name": "Shortstop", "type": "Infielder", "abbreviation": "SS"}, "rangeFactorPerGame": "0.67", "games": 3, "doublePlays": 0, "triplePlays": 0}, "team": {"id": 113, "name": "Cincinnati Reds", "link": "/api/v1/teams/113"}, "player": {"id": 110122, "fullName": "Chuck Aleno", "link": "/api/v1/people/110122"}, "league": {"id": 104, "name": "National League", "link": "/api/v1/league/104"}, "sport": {"id": 1, "link": "/api/v1/sports/1", "abbreviation": "MLB"}, "gameType": "R", "position": {"code": "6", "name": "Shortstop", "type": "Infielder", "abbreviation": "SS"}}, {"stat": {"gamesPlayed": 2, "gamesStarted": 2, "assists": 0, "putOuts": 2, "errors": 0, "chances": 2, "fielding": "1.000", "position": {"code": "7", "name": "Outfielder", "type": "Outfielder", "abbreviation": "LF"}, "rangeFactorPerGame": "1.00", "rangeFactorPer9Inn": "2.00", "innings": "9.0", "games": 2, "doublePlays": 0, "triplePlays": 0}, "team": {"id": 113, "name": "Cincinnati Reds", "link": "/api/v1/teams/113"}, "player": {"id": 110122, "fullName": "Chuck Aleno", "link": "/api/v1/people/110122"}, "league": {"id": 104, "name": "National League", "link": "/api/v1/league/104"}, "sport": {"id": 1, "link": "/api/v1/sports/1", "abbreviation": "MLB"}, "gameType": "R", "position": {"code": "7", "name": "Outfielder", "type": "Outfielder", "abbreviation": "LF"}}]}, {"type": {"displayName": "career"}, "group": {"displayName": "hitting"}, "exemptions": [], "splits": [{"stat": {"gamesPlayed": 118, "runs": 34, "doubles": 11, "triples": 3, "homeRuns": 2, "strikeOuts": 35, "baseOnBalls": 31, "hits": 67, "hitByPitch": 1, "avg": ".209", "atBats": 320, "obp": ".281", "slg": ".281", "ops": ".562", "stolenBases": 3, "groundIntoDoublePlay": 7, "plateAppearances": 356, "totalBases": 90, "rbi": 34, "sacBunts": 4, "babip": ".230", "atBatsPerHomeRun": "160.00"}, "team": {"id": 113, "name": "Cincinnati Reds", "link": "/api/v1/teams/113"}, "player": {"id": 110122, "fullName": "Chuck Aleno", "link": "/api/v1/people/110122"}, "league": {"id": 104, "name": "National League", "link": "/api/v1/league/104"}, "sport": {"id": 1, "link": "/api/v1/sports/1", "abbreviation": "MLB"}, "gameType": "R"}]}, {"type": {"displayName": "yearByYear"}, "group": {"displayName": "fielding"}, "exemptions": [], "splits": [{"season": "1941", "stat": {"gamesPlayed": 2, "gamesStarted": 0, "assists": 0, "putOuts": 15, "errors": 0, "chances": 15, "fielding": "1.000", "position": {"code": "3", "name": "First Base", "type": "Infielder", "abbreviation": "1B"}, "rangeFactorPerGame": "7.50", "games": 2, "doublePlays": 0, "triplePlays": 0}, "team": {"id": 113, "name": "Cincinnati Reds", "link": "/api/v1/teams/113"}, "player": {"id": 110122, "fullName": "Chuck Aleno", "link": "/api/v1/people/110122"}, "league": {"id": 104, "name": "National League", "link": "/api/v1/league/104"}, "sport": {"id": 1, "link": "/api/v1/sports/1", "abbreviation": "MLB"}, "gameType": "R", "position": {"code": "3", "name": "First Base", "type": "Infielder", "abbreviation": "1B"}}, {"season": "1941", "stat": {"gamesPlayed": 40, "gamesStarted": 40, "assists": 77, "putOuts": 41, "errors": 3, "chances": 121, "fielding": ".975", "position": {"code": "5", "name": "Third Base", "type": "Infielder", "abbreviation": "3B"}, "rangeFactorPerGame": "2.95", "rangeFactorPer9Inn": "3.13", "innings": "339.1", "games": 40, "doublePlays": 8, "triplePlays": 0}, "team": {"id": 113, "name": "Cincinnati Reds", "link": "/api/v1/teams/113"}, "player": {"id": 110122, "fullName": "Chuck Aleno", "link": "/api/v1/people/110122"}, "league": {"id": 104, "name": "National League", "link": "/api/v1/league/104"}, "sport": {"id": 1, "link": "/api/v1/sports/1", "abbreviation": "MLB"}, "gameType": "R", "position": {"code": "5", "name": "Third Base", "type": "Infielder", "abbreviation": "3B"}}, {"season": "1942", "stat": {"gamesPlayed": 1, "gamesStarted": 1, "assists": 5, "putOuts": 2, "errors": 0, "chances": 7, "fielding": "1.000", "position": {"code": "4", "name": "Second Base", "type": "Infielder", "abbreviation": "2B"}, "rangeFactorPerGame": "7.00", "rangeFactorPer9Inn": "7.88", "innings": "8.0", "games": 1, "doublePlays": 2, "triplePlays": 0}, "team": {"id": 113, "name": "Cincinnati Reds", "link": "/api/v1/teams/113"}, "player": {"id": 110122, "fullName": "Chuck Aleno", "link": "/api/v1/people/110122"}, "league": {"id": 104, "name": "National League", "link": "/api/v1/league/104"}, "sport": {"id": 1, "link": "/api/v1/sports/1", "abbreviation": "MLB"}, "gameType": "R", "position": {"code": "4", "name": "Second Base", "type": "Infielder", "abbreviation": "2B"}}, {"season": "1942", "stat": {"gamesPlayed": 2, "gamesStarted": 2, "assists": 6, "putOuts": 2, "errors": 3, "chances": 11, "fielding": ".727", "position": {"code": "5", "name": "Third Base", "type": "Infielder", "abbreviation": "3B"}, "rangeFactorPerGame": "4.00", "rangeFactorPer9Inn": "3.27", "innings": "22.0", "games": 2, "doublePlays": 1, "triplePlays": 0}, "team": {"id": 113, "name": "Cincinnati Reds", "link": "/api/v1/teams/113"}, "player": {"id": 110122, "fullName": "Chuck Aleno", "link": "/api/v1/people/110122"}, "league": {"id": 104, "name": "National League", "link": "/api/v1/league/104"}, "sport": {"id": 1, "link": "/api/v1/sports/1", "abbreviation": "MLB"}, "gameType": "R", "position": {"code": "5", "name": "Third Base", "type": "Infielder", "abbreviation": "3B"}}, {"season": "1943", "stat": {"gamesPlayed": 2, "gamesStarted": 2, "assists": 0, "putOuts": 2, "errors": 0, "chances": 2, "fielding": "1.000", "position": {"code": "7", "name": "Outfielder", "type": "Outfielder", "abbreviation": "LF"}, "rangeFactorPerGame": "1.00", "rangeFactorPer9Inn": "2.00", "innings": "9.0", "games": 2, "doublePlays": 0, "triplePlays": 0}, "team": {"id": 113, "name": "Cincinnati Reds", "link": "/api/v1/teams/113"}, "player": {"id": 110122, "fullName": "Chuck Aleno", "link": "/api/v1/people/110122"}, "league": {"id": 104, "name": "National League", "link": "/api/v1/league/104"}, "sport": {"id": 1, "link": "/api/v1/sports/1", "abbreviation": "MLB"}, "gameType": "R", "position": {"code": "7", "name": "Outfielder", "type": "Outfielder", "abbreviation": "LF"}}, {"season": "1944", "stat": {"gamesPlayed": 3, "gamesStarted": 2, "assists": 4, "putOuts": 34, "errors": 1, "chances": 39, "fielding": ".974", "position": {"code": "3", "name": "First Base", "type": "Infielder", "abbreviation": "1B"}, "rangeFactorPerGame": "12.67", "rangeFactorPer9Inn": "20.12", "innings": "17.0", "games": 3, "doublePlays": 4, "triplePlays": 0}, "team": {"id": 113, "name": "Cincinnati Reds", "link": "/api/v1/teams/113"}, "player": {"id": 110122, "fullName": "Chuck Aleno", "link": "/api/v1/people/110122"}, "league": {"id": 104, "name": "National League", "link": "/api/v1/league/104"}, "sport": {"id": 1, "link": "/api/v1/sports/1", "abbreviation": "MLB"}, "gameType": "R", "position": {"code": "3", "name": "First Base", "type": "Infielder", "abbreviation": "1B"}}, {"season": "1944", "stat": {"gamesPlayed": 42, "gamesStarted": 33, "assists": 59, "putOuts": 41, "errors": 5, "chances": 105, "fielding": ".952", "position": {"code": "5", "name": "Third Base", "type": "Infielder", "abbreviation": "3B"}, "rangeFactorPerGame": "2.38", "rangeFactorPer9Inn": "3.52", "innings": "256.0", "games": 42, "doublePlays": 6, "triplePlays": 0}, "team": {"id": 113, "name": "Cincinnati Reds", "link": "/api/v1/teams/113"}, "player": {"id": 110122, "fullName": "Chuck Aleno", "link": "/api/v1/people/110122"}, "league": {"id": 104, "name": "National League", "link": "/api/v1/league/104"}, "sport": {"id": 1, "link": "/api/v1/sports/1", "abbreviation": "MLB"}, "gameType": "R", "position": {"code": "5", "name": "Third Base", "type": "Infielder", "abbreviation": "3B"}}, {"season": "1944", "stat": {"gamesPlayed": 3, "gamesStarted": 0, "assists": 2, "putOuts": 0, "errors": 0, "chances": 2, "fielding": "1.000", "position": {"code": "6", "name": "Shortstop", "type": "Infielder", "abbreviation": "SS"}, "rangeFactorPerGame": "0.67", "games": 3, "doublePlays": 0, "triplePlays": 0}, "team": {"id": 113, "name": "Cincinnati Reds", "link": "/api/v1/teams/113"}, "player": {"id": 110122, "fullName": "Chuck Aleno", "link": "/api/v1/people/110122"}, "league": {"id": 104, "name": "National League", "link": "/api/v1/league/104"}, "sport": {"id": 1, "link": "/api/v1/sports/1", "abbreviation": "MLB"}, "gameType": "R", "position": {"code": "6", "name": "Shortstop", "type": "Infielder", "abbreviation": "SS"}}]}, {"type": {"displayName": "yearByYear"}, "group": {"displayName": "hitting"}, "exemptions": [], "splits": [{"season": "1941", "stat": {"gamesPlayed": 54, "runs": 23, "doubles": 7, "triples": 3, "homeRuns": 1, "strikeOuts": 16, "baseOnBalls": 11, "hits": 41, "hitByPitch": 0, "avg": ".243", "atBats": 169, "obp": ".289", "slg": ".337", "ops": ".626", "stolenBases": 3, "groundIntoDoublePlay": 4, "plateAppearances": 180, "totalBases": 57, "rbi": 18, "sacBunts": 0, "babip": ".263", "atBatsPerHomeRun": "169.00"}, "team": {"id": 113, "name": "Cincinnati Reds", "link": "/api/v1/teams/113"}, "player": {"id": 110122, "fullName": "Chuck Aleno", "link": "/api/v1/people/110122"}, "league": {"id": 104, "name": "National League", "link": "/api/v1/league/104"}, "sport": {"id": 1, "link": "/api/v1/sports/1", "abbreviation": "MLB"}, "gameType": "R"}, {"season": "1942", "stat": {"gamesPlayed": 7, "runs": 1, "doubles": 1, "triples": 0, "homeRuns": 0, "strikeOuts": 3, "baseOnBalls": 3, "hits": 2, "hitByPitch": 0, "avg": ".143", "atBats": 14, "obp": ".294", "slg": ".214", "ops": ".508", "stolenBases": 0, "groundIntoDoublePlay": 0, "plateAppearances": 17, "totalBases": 3, "rbi": 0, "sacBunts": 0, "babip": ".182", "atBatsPerHomeRun": "-.--"}, "team": {"id": 113, "name": "Cincinnati Reds", "link": "/api/v1/teams/113"}, "player": {"id": 110122, "fullName": "Chuck Aleno", "link": "/api/v1/people/110122"}, "league": {"id": 104, "name": "National League", "link": "/api/v1/league/104"}, "sport": {"id": 1, "link": "/api/v1/sports/1", "abbreviation": "MLB"}, "gameType": "R"}, {"season": "1943", "stat": {"gamesPlayed": 7, "runs": 0, "doubles": 0, "triples": 0, "homeRuns": 0, "strikeOuts": 1, "baseOnBalls": 2, "hits": 3, "hitByPitch": 0, "avg": ".300", "atBats": 10, "obp": ".417", "slg": ".300", "ops": ".717", "stolenBases": 0, "groundIntoDoublePlay": 0, "plateAppearances": 12, "totalBases": 3, "rbi": 1, "sacBunts": 0, "babip": ".333", "atBatsPerHomeRun": "-.--"}, "team": {"id": 113, "name": "Cincinnati Reds", "link": "/api/v1/teams/113"}, "player": {"id": 110122, "fullName": "Chuck Aleno", "link": "/api/v1/people/110122"}, "league": {"id": 104, "name": "National League", "link": "/api/v1/league/104"}, "sport": {"id": 1, "link": "/api/v1/sports/1", "abbreviation": "MLB"}, "gameType": "R"}, {"season": "1944", "stat": {"gamesPlayed": 50, "runs": 10, "doubles": 3, "triples": 0, "homeRuns": 1, "strikeOuts": 15, "baseOnBalls": 15, "hits": 21, "hitByPitch": 1, "avg": ".165", "atBats": 127, "obp": ".259", "slg": ".213", "ops": ".472", "stolenBases": 0, "groundIntoDoublePlay": 3, "plateAppearances": 147, "totalBases": 27, "rbi": 15, "sacBunts": 4, "babip": ".180", "atBatsPerHomeRun": "127.00"}, "team": {"id": 113, "name": "Cincinnati Reds", "link": "/api/v1/teams/113"}, "player": {"id": 110122, "fullName": "Chuck Aleno", "link": "/api/v1/people/110122"}, "league": {"id": 104, "name": "National League", "link": "/api/v1/league/104"}, "sport": {"id": 1, "link": "/api/v1/sports/1", "abbreviation": "MLB"}, "gameType": "R"}]}], "mlbDebutDate": "1941-05-15", "batSide": {"code": "R", "description": "Right"}, "pitchHand": {"code": "R", "description": "Right"}, "nameFirstLast": "Chuck Aleno", "nameSlug": "chuck-aleno-110122", "firstLastName": "Chuck Aleno", "lastFirstName": "Aleno, Chuck", "lastInitName": "Aleno, C", "initLastName": "C Aleno", "fullFMLName": "Charles Aleno", "fullLFMName": "Aleno, Charles", "strikeZoneTop": 3.467, "strikeZoneBottom": 1.589}