{"id": 110333, "fullName": "Tony Arnold", "link": "/api/v1/people/110333", "firstName": "Tony", "lastName": "Arnold", "primaryNumber": "57", "birthDate": "1959-05-03", "currentAge": 64, "birthCity": "El Paso", "birthStateProvince": "TX", "birthCountry": "USA", "height": "5' 11\"", "weight": 170, "active": false, "primaryPosition": {"code": "1", "name": "Pitcher", "type": "Pitcher", "abbreviation": "P"}, "useName": "Tony", "useLastName": "Arnold", "middleName": "Dale", "boxscoreName": "Arnold", "gender": "M", "isPlayer": true, "isVerified": true, "draftYear": 1981, "lastPlayedDate": "1987-10-03", "stats": [{"type": {"displayName": "career"}, "group": {"displayName": "fielding"}, "exemptions": [], "splits": [{"stat": {"gamesPlayed": 38, "gamesStarted": 0, "assists": 25, "putOuts": 9, "errors": 0, "chances": 34, "fielding": "1.000", "position": {"code": "1", "name": "Pitcher", "type": "Pitcher", "abbreviation": "P"}, "rangeFactorPerGame": "0.89", "rangeFactorPer9Inn": "3.92", "innings": "78.1", "games": 38, "doublePlays": 2, "triplePlays": 0, "throwingErrors": 0}, "team": {"id": 110, "name": "Baltimore Orioles", "link": "/api/v1/teams/110"}, "player": {"id": 110333, "fullName": "Tony Arnold", "link": "/api/v1/people/110333"}, "league": {"id": 103, "name": "American League", "link": "/api/v1/league/103"}, "sport": {"id": 1, "link": "/api/v1/sports/1", "abbreviation": "MLB"}, "gameType": "R", "position": {"code": "1", "name": "Pitcher", "type": "Pitcher", "abbreviation": "P"}}]}, {"type": {"displayName": "career"}, "group": {"displayName": "pitching"}, "exemptions": [], "splits": [{"stat": {"gamesPlayed": 38, "gamesStarted": 0, "groundOuts": 44, "airOuts": 10, "runs": 50, "doubles": 22, "triples": 3, "homeRuns": 8, "strikeOuts": 25, "baseOnBalls": 28, "intentionalWalks": 8, "hits": 96, "hitByPitch": 2, "avg": ".315", "atBats": 305, "obp": ".375", "slg": ".485", "ops": ".860", "caughtStealing": 4, "stolenBases": 5, "stolenBasePercentage": ".556", "groundIntoDoublePlay": 17, "numberOfPitches": 477, "era": "5.06", "inningsPitched": "78.1", "wins": 0, "losses": 2, "saves": 0, "saveOpportunities": 0, "holds": 0, "blownSaves": 0, "earnedRuns": 44, "whip": "1.58", "battersFaced": 343, "outs": 235, "gamesPitched": 38, "completeGames": 0, "shutouts": 0, "strikes": 363, "strikePercentage": ".760", "hitBatsmen": 2, "balks": 0, "wildPitches": 1, "pickoffs": 1, "totalBases": 148, "groundOutsToAirouts": "4.40", "winPercentage": ".000", "pitchesPerInning": "6.09", "gamesFinished": 13, "strikeoutWalkRatio": "0.89", "strikeoutsPer9Inn": "2.87", "walksPer9Inn": "3.22", "hitsPer9Inn": "11.03", "runsScoredPer9": "5.74", "homeRunsPer9": "0.92", "inheritedRunners": 49, "inheritedRunnersScored": 15, "catchersInterference": 0, "sacBunts": 7, "sacFlies": 1}, "team": {"id": 110, "name": "Baltimore Orioles", "link": "/api/v1/teams/110"}, "player": {"id": 110333, "fullName": "Tony Arnold", "link": "/api/v1/people/110333"}, "league": {"id": 103, "name": "American League", "link": "/api/v1/league/103"}, "sport": {"id": 1, "link": "/api/v1/sports/1", "abbreviation": "MLB"}, "gameType": "R"}]}, {"type": {"displayName": "yearByYear"}, "group": {"displayName": "fielding"}, "exemptions": [], "splits": [{"season": "1986", "stat": {"gamesPlayed": 11, "gamesStarted": 0, "assists": 9, "putOuts": 4, "errors": 0, "chances": 13, "fielding": "1.000", "position": {"code": "1", "name": "Pitcher", "type": "Pitcher", "abbreviation": "P"}, "rangeFactorPerGame": "1.18", "rangeFactorPer9Inn": "4.68", "innings": "25.1", "games": 11, "doublePlays": 0, "triplePlays": 0, "throwingErrors": 0}, "team": {"id": 110, "name": "Baltimore Orioles", "link": "/api/v1/teams/110"}, "player": {"id": 110333, "fullName": "Tony Arnold", "link": "/api/v1/people/110333"}, "league": {"id": 103, "name": "American League", "link": "/api/v1/league/103"}, "sport": {"id": 1, "link": "/api/v1/sports/1", "abbreviation": "MLB"}, "gameType": "R", "position": {"code": "1", "name": "Pitcher", "type": "Pitcher", "abbreviation": "P"}}, {"season": "1987", "stat": {"gamesPlayed": 27, "gamesStarted": 0, "assists": 16, "putOuts": 5, "errors": 0, "chances": 21, "fielding": "1.000", "position": {"code": "1", "name": "Pitcher", "type": "Pitcher", "abbreviation": "P"}, "rangeFactorPerGame": "0.78", "rangeFactorPer9Inn": "3.57", "innings": "53.0", "games": 27, "doublePlays": 2, "triplePlays": 0, "throwingErrors": 0}, "team": {"id": 110, "name": "Baltimore Orioles", "link": "/api/v1/teams/110"}, "player": {"id": 110333, "fullName": "Tony Arnold", "link": "/api/v1/people/110333"}, "league": {"id": 103, "name": "American League", "link": "/api/v1/league/103"}, "sport": {"id": 1, "link": "/api/v1/sports/1", "abbreviation": "MLB"}, "gameType": "R", "position": {"code": "1", "name": "Pitcher", "type": "Pitcher", "abbreviation": "P"}}]}, {"type": {"displayName": "yearByYear"}, "group": {"displayName": "pitching"}, "exemptions": [], "splits": [{"season": "1986", "stat": {"gamesPlayed": 11, "gamesStarted": 0, "groundOuts": 19, "airOuts": 3, "runs": 15, "doubles": 4, "triples": 1, "homeRuns": 0, "strikeOuts": 7, "baseOnBalls": 11, "intentionalWalks": 3, "hits": 25, "hitByPitch": 0, "avg": ".278", "atBats": 90, "obp": ".356", "slg": ".344", "ops": ".700", "caughtStealing": 3, "stolenBases": 1, "stolenBasePercentage": ".250", "groundIntoDoublePlay": 9, "numberOfPitches": 151, "era": "3.55", "inningsPitched": "25.1", "wins": 0, "losses": 2, "saves": 0, "saveOpportunities": 0, "holds": 0, "blownSaves": 0, "earnedRuns": 10, "whip": "1.42", "battersFaced": 104, "outs": 76, "gamesPitched": 11, "completeGames": 0, "shutouts": 0, "strikes": 107, "strikePercentage": ".710", "hitBatsmen": 0, "balks": 0, "wildPitches": 0, "pickoffs": 0, "totalBases": 31, "groundOutsToAirouts": "6.33", "winPercentage": ".000", "pitchesPerInning": "5.96", "gamesFinished": 3, "strikeoutWalkRatio": "0.64", "strikeoutsPer9Inn": "2.49", "walksPer9Inn": "3.91", "hitsPer9Inn": "8.88", "runsScoredPer9": "5.33", "homeRunsPer9": "0.00", "inheritedRunners": 20, "inheritedRunnersScored": 3, "catchersInterference": 0, "sacBunts": 3, "sacFlies": 0}, "team": {"id": 110, "name": "Baltimore Orioles", "link": "/api/v1/teams/110"}, "player": {"id": 110333, "fullName": "Tony Arnold", "link": "/api/v1/people/110333"}, "league": {"id": 103, "name": "American League", "link": "/api/v1/league/103"}, "sport": {"id": 1, "link": "/api/v1/sports/1", "abbreviation": "MLB"}, "gameType": "R"}, {"season": "1987", "stat": {"gamesPlayed": 27, "gamesStarted": 0, "groundOuts": 25, "airOuts": 7, "runs": 35, "doubles": 18, "triples": 2, "homeRuns": 8, "strikeOuts": 18, "baseOnBalls": 17, "intentionalWalks": 5, "hits": 71, "hitByPitch": 2, "avg": ".330", "atBats": 215, "obp": ".383", "slg": ".544", "ops": ".927", "caughtStealing": 1, "stolenBases": 4, "stolenBasePercentage": ".800", "groundIntoDoublePlay": 8, "numberOfPitches": 326, "era": "5.77", "inningsPitched": "53.0", "wins": 0, "losses": 0, "saves": 0, "saveOpportunities": 0, "holds": 0, "blownSaves": 0, "earnedRuns": 34, "whip": "1.66", "battersFaced": 239, "outs": 159, "gamesPitched": 27, "completeGames": 0, "shutouts": 0, "strikes": 256, "strikePercentage": ".790", "hitBatsmen": 2, "balks": 0, "wildPitches": 1, "pickoffs": 1, "totalBases": 117, "groundOutsToAirouts": "3.57", "winPercentage": ".---", "pitchesPerInning": "6.15", "gamesFinished": 10, "strikeoutWalkRatio": "1.06", "strikeoutsPer9Inn": "3.06", "walksPer9Inn": "2.89", "hitsPer9Inn": "12.06", "runsScoredPer9": "5.94", "homeRunsPer9": "1.36", "inheritedRunners": 29, "inheritedRunnersScored": 12, "catchersInterference": 0, "sacBunts": 4, "sacFlies": 1}, "team": {"id": 110, "name": "Baltimore Orioles", "link": "/api/v1/teams/110"}, "player": {"id": 110333, "fullName": "Tony Arnold", "link": "/api/v1/people/110333"}, "league": {"id": 103, "name": "American League", "link": "/api/v1/league/103"}, "sport": {"id": 1, "link": "/api/v1/sports/1", "abbreviation": "MLB"}, "gameType": "R"}]}], "mlbDebutDate": "1986-08-09", "batSide": {"code": "R", "description": "Right"}, "pitchHand": {"code": "R", "description": "Right"}, "nameFirstLast": "Tony Arnold", "nameSlug": "tony-arnold-110333", "firstLastName": "Tony Arnold", "lastFirstName": "Arnold, Tony", "lastInitName": "Arnold, T", "initLastName": "T Arnold", "fullFMLName": "Tony Dale Arnold", "fullLFMName": "Arnold, Tony Dale", "strikeZoneTop": 3.319, "strikeZoneBottom": 1.513}