{"id": 110072, "fullName": "Bob Addis", "link": "/api/v1/people/110072", "firstName": "Robert", "lastName": "Addis", "primaryNumber": "16", "birthDate": "1925-11-06", "currentAge": 91, "birthCity": "Mineral", "birthStateProvince": "OH", "birthCountry": "USA", "height": "6' 0\"", "weight": 224, "active": false, "primaryPosition": {"code": "8", "name": "Outfielder", "type": "Outfielder", "abbreviation": "CF"}, "useName": "Bob", "useLastName": "Addis", "middleName": "Gordon", "boxscoreName": "Addis", "gender": "M", "isPlayer": true, "isVerified": true, "deathDate": "2016-11-15", "deathCity": "Euclid", "deathStateProvince": "OH", "deathCountry": "USA", "lastPlayedDate": "1953-06-12", "stats": [{"type": {"displayName": "career"}, "group": {"displayName": "fielding"}, "exemptions": [], "splits": [{"stat": {"gamesPlayed": 33, "gamesStarted": 26, "assists": 1, "putOuts": 68, "errors": 2, "chances": 71, "fielding": ".972", "position": {"code": "7", "name": "Outfielder", "type": "Outfielder", "abbreviation": "LF"}, "rangeFactorPerGame": "2.09", "rangeFactorPer9Inn": "2.60", "innings": "239.0", "games": 33, "doublePlays": 1, "triplePlays": 0, "throwingErrors": 0}, "player": {"id": 110072, "fullName": "Bob Addis", "link": "/api/v1/people/110072"}, "sport": {"id": 1, "link": "/api/v1/sports/1", "abbreviation": "MLB"}, "gameType": "R", "numTeams": 2, "position": {"code": "7", "name": "Outfielder", "type": "Outfielder", "abbreviation": "LF"}}, {"stat": {"gamesPlayed": 54, "gamesStarted": 47, "assists": 4, "putOuts": 124, "errors": 2, "chances": 130, "fielding": ".985", "position": {"code": "8", "name": "Outfielder", "type": "Outfielder", "abbreviation": "CF"}, "rangeFactorPerGame": "2.37", "rangeFactorPer9Inn": "2.78", "innings": "414.2", "games": 54, "doublePlays": 1, "triplePlays": 0, "throwingErrors": 0}, "player": {"id": 110072, "fullName": "Bob Addis", "link": "/api/v1/people/110072"}, "sport": {"id": 1, "link": "/api/v1/sports/1", "abbreviation": "MLB"}, "gameType": "R", "numTeams": 2, "position": {"code": "8", "name": "Outfielder", "type": "Outfielder", "abbreviation": "CF"}}, {"stat": {"gamesPlayed": 51, "gamesStarted": 41, "assists": 5, "putOuts": 85, "errors": 0, "chances": 90, "fielding": "1.000", "position": {"code": "9", "name": "Outfielder", "type": "Outfielder", "abbreviation": "RF"}, "rangeFactorPerGame": "1.76", "rangeFactorPer9Inn": "2.17", "innings": "374.2", "games": 51, "doublePlays": 1, "triplePlays": 0, "throwingErrors": 0}, "player": {"id": 110072, "fullName": "Bob Addis", "link": "/api/v1/people/110072"}, "sport": {"id": 1, "link": "/api/v1/sports/1", "abbreviation": "MLB"}, "gameType": "R", "numTeams": 2, "position": {"code": "9", "name": "Outfielder", "type": "Outfielder", "abbreviation": "RF"}}]}, {"type": {"displayName": "career"}, "group": {"displayName": "hitting"}, "exemptions": [], "splits": [{"stat": {"gamesPlayed": 208, "runs": 70, "doubles": 22, "triples": 2, "homeRuns": 2, "strikeOuts": 47, "baseOnBalls": 37, "hits": 150, "hitByPitch": 0, "avg": ".281", "atBats": 534, "obp": ".327", "slg": ".341", "ops": ".668", "caughtStealing": 6, "stolenBases": 8, "stolenBasePercentage": ".571", "groundIntoDoublePlay": 9, "plateAppearances": 576, "totalBases": 182, "rbi": 47, "sacBunts": 5, "babip": ".305", "atBatsPerHomeRun": "267.00"}, "player": {"id": 110072, "fullName": "Bob Addis", "link": "/api/v1/people/110072"}, "sport": {"id": 1, "link": "/api/v1/sports/1", "abbreviation": "MLB"}, "gameType": "R", "numTeams": 3}]}, {"type": {"displayName": "yearByYear"}, "group": {"displayName": "fielding"}, "exemptions": [], "splits": [{"season": "1950", "stat": {"gamesPlayed": 3, "gamesStarted": 2, "assists": 0, "putOuts": 3, "errors": 0, "chances": 3, "fielding": "1.000", "position": {"code": "7", "name": "Outfielder", "type": "Outfielder", "abbreviation": "LF"}, "rangeFactorPerGame": "1.00", "rangeFactorPer9Inn": "1.69", "innings": "16.0", "games": 3, "doublePlays": 0, "triplePlays": 0, "throwingErrors": 0}, "team": {"id": 144, "name": "Boston Braves", "link": "/api/v1/teams/144"}, "player": {"id": 110072, "fullName": "Bob Addis", "link": "/api/v1/people/110072"}, "league": {"id": 104, "name": "National League", "link": "/api/v1/league/104"}, "sport": {"id": 1, "link": "/api/v1/sports/1", "abbreviation": "MLB"}, "gameType": "R", "position": {"code": "7", "name": "Outfielder", "type": "Outfielder", "abbreviation": "LF"}}, {"season": "1950", "stat": {"gamesPlayed": 1, "gamesStarted": 1, "assists": 0, "putOuts": 3, "errors": 0, "chances": 3, "fielding": "1.000", "position": {"code": "8", "name": "Outfielder", "type": "Outfielder", "abbreviation": "CF"}, "rangeFactorPerGame": "3.00", "rangeFactorPer9Inn": "3.00", "innings": "9.0", "games": 1, "doublePlays": 0, "triplePlays": 0, "throwingErrors": 0}, "team": {"id": 144, "name": "Boston Braves", "link": "/api/v1/teams/144"}, "player": {"id": 110072, "fullName": "Bob Addis", "link": "/api/v1/people/110072"}, "league": {"id": 104, "name": "National League", "link": "/api/v1/league/104"}, "sport": {"id": 1, "link": "/api/v1/sports/1", "abbreviation": "MLB"}, "gameType": "R", "position": {"code": "8", "name": "Outfielder", "type": "Outfielder", "abbreviation": "CF"}}, {"season": "1950", "stat": {"gamesPlayed": 3, "gamesStarted": 2, "assists": 0, "putOuts": 1, "errors": 0, "chances": 1, "fielding": "1.000", "position": {"code": "9", "name": "Outfielder", "type": "Outfielder", "abbreviation": "RF"}, "rangeFactorPerGame": "0.33", "rangeFactorPer9Inn": "0.45", "innings": "20.0", "games": 3, "doublePlays": 0, "triplePlays": 0, "throwingErrors": 0}, "team": {"id": 144, "name": "Boston Braves", "link": "/api/v1/teams/144"}, "player": {"id": 110072, "fullName": "Bob Addis", "link": "/api/v1/people/110072"}, "league": {"id": 104, "name": "National League", "link": "/api/v1/league/104"}, "sport": {"id": 1, "link": "/api/v1/sports/1", "abbreviation": "MLB"}, "gameType": "R", "position": {"code": "9", "name": "Outfielder", "type": "Outfielder", "abbreviation": "RF"}}, {"season": "1951", "stat": {"gamesPlayed": 28, "gamesStarted": 24, "assists": 1, "putOuts": 65, "errors": 2, "chances": 68, "fielding": ".971", "position": {"code": "7", "name": "Outfielder", "type": "Outfielder", "abbreviation": "LF"}, "rangeFactorPerGame": "2.36", "rangeFactorPer9Inn": "2.69", "innings": "221.0", "games": 28, "doublePlays": 1, "triplePlays": 0, "throwingErrors": 0}, "team": {"id": 144, "name": "Boston Braves", "link": "/api/v1/teams/144"}, "player": {"id": 110072, "fullName": "Bob Addis", "link": "/api/v1/people/110072"}, "league": {"id": 104, "name": "National League", "link": "/api/v1/league/104"}, "sport": {"id": 1, "link": "/api/v1/sports/1", "abbreviation": "MLB"}, "gameType": "R", "position": {"code": "7", "name": "Outfielder", "type": "Outfielder", "abbreviation": "LF"}}, {"season": "1951", "stat": {"gamesPlayed": 10, "gamesStarted": 9, "assists": 0, "putOuts": 27, "errors": 0, "chances": 27, "fielding": "1.000", "position": {"code": "8", "name": "Outfielder", "type": "Outfielder", "abbreviation": "CF"}, "rangeFactorPerGame": "2.70", "rangeFactorPer9Inn": "3.04", "innings": "80.1", "games": 10, "doublePlays": 0, "triplePlays": 0, "throwingErrors": 0}, "team": {"id": 144, "name": "Boston Braves", "link": "/api/v1/teams/144"}, "player": {"id": 110072, "fullName": "Bob Addis", "link": "/api/v1/people/110072"}, "league": {"id": 104, "name": "National League", "link": "/api/v1/league/104"}, "sport": {"id": 1, "link": "/api/v1/sports/1", "abbreviation": "MLB"}, "gameType": "R", "position": {"code": "8", "name": "Outfielder", "type": "Outfielder", "abbreviation": "CF"}}, {"season": "1951", "stat": {"gamesPlayed": 8, "gamesStarted": 7, "assists": 0, "putOuts": 13, "errors": 0, "chances": 13, "fielding": "1.000", "position": {"code": "9", "name": "Outfielder", "type": "Outfielder", "abbreviation": "RF"}, "rangeFactorPerGame": "1.63", "rangeFactorPer9Inn": "1.72", "innings": "68.2", "games": 8, "doublePlays": 0, "triplePlays": 0, "throwingErrors": 0}, "team": {"id": 144, "name": "Boston Braves", "link": "/api/v1/teams/144"}, "player": {"id": 110072, "fullName": "Bob Addis", "link": "/api/v1/people/110072"}, "league": {"id": 104, "name": "National League", "link": "/api/v1/league/104"}, "sport": {"id": 1, "link": "/api/v1/sports/1", "abbreviation": "MLB"}, "gameType": "R", "position": {"code": "9", "name": "Outfielder", "type": "Outfielder", "abbreviation": "RF"}}, {"season": "1952", "stat": {"gamesPlayed": 2, "gamesStarted": 0, "assists": 0, "putOuts": 0, "errors": 0, "chances": 0, "fielding": ".000", "position": {"code": "7", "name": "Outfielder", "type": "Outfielder", "abbreviation": "LF"}, "rangeFactorPerGame": "0.00", "rangeFactorPer9Inn": "0.00", "innings": "2.0", "games": 2, "doublePlays": 0, "triplePlays": 0, "throwingErrors": 0}, "team": {"id": 112, "name": "Chicago Cubs", "link": "/api/v1/teams/112"}, "player": {"id": 110072, "fullName": "Bob Addis", "link": "/api/v1/people/110072"}, "league": {"id": 104, "name": "National League", "link": "/api/v1/league/104"}, "sport": {"id": 1, "link": "/api/v1/sports/1", "abbreviation": "MLB"}, "gameType": "R", "position": {"code": "7", "name": "Outfielder", "type": "Outfielder", "abbreviation": "LF"}}, {"season": "1952", "stat": {"gamesPlayed": 42, "gamesStarted": 37, "assists": 4, "putOuts": 91, "errors": 2, "chances": 97, "fielding": ".979", "position": {"code": "8", "name": "Outfielder", "type": "Outfielder", "abbreviation": "CF"}, "rangeFactorPerGame": "2.26", "rangeFactorPer9Inn": "2.66", "innings": "322.1", "games": 42, "doublePlays": 1, "triplePlays": 0, "throwingErrors": 0}, "team": {"id": 112, "name": "Chicago Cubs", "link": "/api/v1/teams/112"}, "player": {"id": 110072, "fullName": "Bob Addis", "link": "/api/v1/people/110072"}, "league": {"id": 104, "name": "National League", "link": "/api/v1/league/104"}, "sport": {"id": 1, "link": "/api/v1/sports/1", "abbreviation": "MLB"}, "gameType": "R", "position": {"code": "8", "name": "Outfielder", "type": "Outfielder", "abbreviation": "CF"}}, {"season": "1952", "stat": {"gamesPlayed": 38, "gamesStarted": 30, "assists": 4, "putOuts": 67, "errors": 0, "chances": 71, "fielding": "1.000", "position": {"code": "9", "name": "Outfielder", "type": "Outfielder", "abbreviation": "RF"}, "rangeFactorPerGame": "1.87", "rangeFactorPer9Inn": "2.34", "innings": "273.0", "games": 38, "doublePlays": 0, "triplePlays": 0, "throwingErrors": 0}, "team": {"id": 112, "name": "Chicago Cubs", "link": "/api/v1/teams/112"}, "player": {"id": 110072, "fullName": "Bob Addis", "link": "/api/v1/people/110072"}, "league": {"id": 104, "name": "National League", "link": "/api/v1/league/104"}, "sport": {"id": 1, "link": "/api/v1/sports/1", "abbreviation": "MLB"}, "gameType": "R", "position": {"code": "9", "name": "Outfielder", "type": "Outfielder", "abbreviation": "RF"}}, {"season": "1953", "stat": {"gamesPlayed": 1, "gamesStarted": 0, "assists": 0, "putOuts": 3, "errors": 0, "chances": 3, "fielding": "1.000", "position": {"code": "8", "name": "Outfielder", "type": "Outfielder", "abbreviation": "CF"}, "rangeFactorPerGame": "3.00", "rangeFactorPer9Inn": "9.00", "innings": "3.0", "games": 1, "doublePlays": 0, "triplePlays": 0}, "team": {"id": 112, "name": "Chicago Cubs", "link": "/api/v1/teams/112"}, "player": {"id": 110072, "fullName": "Bob Addis", "link": "/api/v1/people/110072"}, "league": {"id": 104, "name": "National League", "link": "/api/v1/league/104"}, "sport": {"id": 1, "link": "/api/v1/sports/1", "abbreviation": "MLB"}, "gameType": "R", "position": {"code": "8", "name": "Outfielder", "type": "Outfielder", "abbreviation": "CF"}}, {"season": "1953", "stat": {"gamesPlayed": 2, "gamesStarted": 2, "assists": 1, "putOuts": 4, "errors": 0, "chances": 5, "fielding": "1.000", "position": {"code": "9", "name": "Outfielder", "type": "Outfielder", "abbreviation": "RF"}, "rangeFactorPerGame": "2.50", "rangeFactorPer9Inn": "3.46", "innings": "13.0", "games": 2, "doublePlays": 1, "triplePlays": 0, "throwingErrors": 0}, "team": {"id": 112, "name": "Chicago Cubs", "link": "/api/v1/teams/112"}, "player": {"id": 110072, "fullName": "Bob Addis", "link": "/api/v1/people/110072"}, "league": {"id": 104, "name": "National League", "link": "/api/v1/league/104"}, "sport": {"id": 1, "link": "/api/v1/sports/1", "abbreviation": "MLB"}, "gameType": "R", "position": {"code": "9", "name": "Outfielder", "type": "Outfielder", "abbreviation": "RF"}}]}, {"type": {"displayName": "yearByYear"}, "group": {"displayName": "hitting"}, "exemptions": [], "splits": [{"season": "1950", "stat": {"gamesPlayed": 16, "runs": 7, "doubles": 1, "triples": 0, "homeRuns": 0, "strikeOuts": 5, "baseOnBalls": 3, "hits": 7, "hitByPitch": 0, "avg": ".250", "atBats": 28, "obp": ".323", "slg": ".286", "ops": ".609", "stolenBases": 1, "groundIntoDoublePlay": 0, "plateAppearances": 31, "totalBases": 8, "rbi": 2, "sacBunts": 0, "babip": ".304", "atBatsPerHomeRun": "-.--"}, "team": {"id": 144, "name": "Boston Braves", "link": "/api/v1/teams/144"}, "player": {"id": 110072, "fullName": "Bob Addis", "link": "/api/v1/people/110072"}, "league": {"id": 104, "name": "National League", "link": "/api/v1/league/104"}, "sport": {"id": 1, "link": "/api/v1/sports/1", "abbreviation": "MLB"}, "gameType": "R"}, {"season": "1951", "stat": {"gamesPlayed": 85, "runs": 23, "doubles": 7, "triples": 0, "homeRuns": 1, "strikeOuts": 10, "baseOnBalls": 9, "hits": 55, "hitByPitch": 0, "avg": ".276", "atBats": 199, "obp": ".308", "slg": ".327", "ops": ".635", "caughtStealing": 2, "stolenBases": 3, "stolenBasePercentage": ".600", "groundIntoDoublePlay": 4, "plateAppearances": 211, "totalBases": 65, "rbi": 24, "sacBunts": 3, "babip": ".287", "atBatsPerHomeRun": "199.00"}, "team": {"id": 144, "name": "Boston Braves", "link": "/api/v1/teams/144"}, "player": {"id": 110072, "fullName": "Bob Addis", "link": "/api/v1/people/110072"}, "league": {"id": 104, "name": "National League", "link": "/api/v1/league/104"}, "sport": {"id": 1, "link": "/api/v1/sports/1", "abbreviation": "MLB"}, "gameType": "R"}, {"season": "1952", "stat": {"gamesPlayed": 93, "runs": 38, "doubles": 13, "triples": 2, "homeRuns": 1, "strikeOuts": 30, "baseOnBalls": 23, "hits": 86, "hitByPitch": 0, "avg": ".295", "atBats": 292, "obp": ".346", "slg": ".363", "ops": ".709", "caughtStealing": 4, "stolenBases": 4, "stolenBasePercentage": ".500", "groundIntoDoublePlay": 5, "plateAppearances": 317, "totalBases": 106, "rbi": 20, "sacBunts": 2, "babip": ".326", "atBatsPerHomeRun": "292.00"}, "team": {"id": 112, "name": "Chicago Cubs", "link": "/api/v1/teams/112"}, "player": {"id": 110072, "fullName": "Bob Addis", "link": "/api/v1/people/110072"}, "league": {"id": 104, "name": "National League", "link": "/api/v1/league/104"}, "sport": {"id": 1, "link": "/api/v1/sports/1", "abbreviation": "MLB"}, "gameType": "R"}, {"season": "1953", "stat": {"gamesPlayed": 10, "runs": 2, "doubles": 1, "triples": 0, "homeRuns": 0, "strikeOuts": 0, "baseOnBalls": 2, "hits": 2, "hitByPitch": 0, "avg": ".167", "atBats": 12, "obp": ".286", "slg": ".250", "ops": ".536", "caughtStealing": 0, "stolenBases": 0, "stolenBasePercentage": ".---", "groundIntoDoublePlay": 0, "plateAppearances": 14, "totalBases": 3, "rbi": 1, "sacBunts": 0, "babip": ".167", "atBatsPerHomeRun": "-.--"}, "team": {"id": 112, "name": "Chicago Cubs", "link": "/api/v1/teams/112"}, "player": {"id": 110072, "fullName": "Bob Addis", "link": "/api/v1/people/110072"}, "league": {"id": 104, "name": "National League", "link": "/api/v1/league/104"}, "sport": {"id": 1, "link": "/api/v1/sports/1", "abbreviation": "MLB"}, "gameType": "R"}, {"season": "1953", "stat": {"gamesPlayed": 4, "runs": 0, "doubles": 0, "triples": 0, "homeRuns": 0, "strikeOuts": 2, "baseOnBalls": 0, "hits": 0, "hitByPitch": 0, "avg": ".000", "atBats": 3, "obp": ".000", "slg": ".000", "ops": ".000", "caughtStealing": 0, "stolenBases": 0, "stolenBasePercentage": ".---", "groundIntoDoublePlay": 0, "plateAppearances": 3, "totalBases": 0, "rbi": 0, "sacBunts": 0, "babip": ".000", "atBatsPerHomeRun": "-.--"}, "team": {"id": 134, "name": "Pittsburgh Pirates", "link": "/api/v1/teams/134"}, "player": {"id": 110072, "fullName": "Bob Addis", "link": "/api/v1/people/110072"}, "league": {"id": 104, "name": "National League", "link": "/api/v1/league/104"}, "sport": {"id": 1, "link": "/api/v1/sports/1", "abbreviation": "MLB"}, "gameType": "R"}, {"season": "1953", "stat": {"gamesPlayed": 14, "runs": 2, "doubles": 1, "triples": 0, "homeRuns": 0, "strikeOuts": 2, "baseOnBalls": 2, "hits": 2, "hitByPitch": 0, "avg": ".133", "atBats": 15, "obp": ".235", "slg": ".200", "ops": ".435", "caughtStealing": 0, "stolenBases": 0, "stolenBasePercentage": ".---", "groundIntoDoublePlay": 0, "plateAppearances": 17, "totalBases": 3, "rbi": 1, "sacBunts": 0, "babip": ".154", "atBatsPerHomeRun": "-.--"}, "player": {"id": 110072, "fullName": "Bob Addis", "link": "/api/v1/people/110072"}, "sport": {"id": 1, "link": "/api/v1/sports/1", "abbreviation": "MLB"}, "gameType": "R", "numTeams": 2}]}], "mlbDebutDate": "1950-09-01", "batSide": {"code": "L", "description": "Left"}, "pitchHand": {"code": "R", "description": "Right"}, "nameFirstLast": "Bob Addis", "nameSlug": "bob-addis-110072", "firstLastName": "Bob Addis", "lastFirstName": "Addis, Bob", "lastInitName": "Addis, B", "initLastName": "B Addis", "fullFMLName": "Robert Gordon Addis", "fullLFMName": "Addis, Robert Gordon", "strikeZoneTop": 3.371, "strikeZoneBottom": 1.535}