{"id": 110056, "fullName": "Joe Adams", "link": "/api/v1/people/110056", "firstName": "Joseph", "lastName": "Adams", "birthDate": "1877-10-28", "currentAge": 74, "birthCity": "Cowden", "birthStateProvince": "IL", "birthCountry": "USA", "height": "6' 0\"", "weight": 190, "active": false, "primaryPosition": {"code": "1", "name": "Pitcher", "type": "Pitcher", "abbreviation": "P"}, "useName": "Joe", "useLastName": "Adams", "middleName": "Edward", "boxscoreName": "Adams", "nickName": "Wagon Tongue", "gender": "M", "isPlayer": true, "isVerified": true, "deathDate": "1952-10-08", "deathCity": "Bachelor", "deathStateProvince": "MO", "deathCountry": "USA", "lastPlayedDate": "1902-04-26", "stats": [{"type": {"displayName": "career"}, "group": {"displayName": "hitting"}, "exemptions": [], "splits": [{"stat": {"gamesPlayed": 1, "runs": 0, "doubles": 0, "triples": 0, "homeRuns": 0, "baseOnBalls": 0, "hits": 0, "hitByPitch": 0, "avg": ".000", "atBats": 2, "obp": ".000", "slg": ".000", "ops": ".000", "stolenBases": 0, "plateAppearances": 2, "totalBases": 0, "rbi": 0, "sacBunts": 0, "atBatsPerHomeRun": "-.--"}, "team": {"id": 138, "name": "St. Louis Cardinals", "link": "/api/v1/teams/138"}, "player": {"id": 110056, "fullName": "Joe Adams", "link": "/api/v1/people/110056"}, "league": {"id": 104, "name": "National League", "link": "/api/v1/league/104"}, "sport": {"id": 1, "link": "/api/v1/sports/1", "abbreviation": "MLB"}, "gameType": "R"}]}, {"type": {"displayName": "career"}, "group": {"displayName": "pitching"}, "exemptions": [], "splits": [{"stat": {"gamesPlayed": 1, "gamesStarted": 0, "runs": 6, "homeRuns": 0, "strikeOuts": 0, "baseOnBalls": 2, "hits": 9, "hitByPitch": 1, "avg": ".450", "atBats": 20, "obp": ".522", "era": "9.00", "inningsPitched": "4.0", "wins": 0, "losses": 0, "saves": 0, "earnedRuns": 4, "whip": "2.75", "battersFaced": 23, "outs": 12, "gamesPitched": 1, "completeGames": 0, "shutouts": 0, "hitBatsmen": 1, "balks": 0, "wildPitches": 0, "winPercentage": ".---", "gamesFinished": 1, "strikeoutWalkRatio": "0.00", "strikeoutsPer9Inn": "0.00", "walksPer9Inn": "4.50", "hitsPer9Inn": "20.25", "runsScoredPer9": "13.50", "homeRunsPer9": "0.00"}, "team": {"id": 138, "name": "St. Louis Cardinals", "link": "/api/v1/teams/138"}, "player": {"id": 110056, "fullName": "Joe Adams", "link": "/api/v1/people/110056"}, "league": {"id": 104, "name": "National League", "link": "/api/v1/league/104"}, "sport": {"id": 1, "link": "/api/v1/sports/1", "abbreviation": "MLB"}, "gameType": "R"}]}, {"type": {"displayName": "career"}, "group": {"displayName": "fielding"}, "exemptions": [], "splits": [{"stat": {"gamesPlayed": 1, "gamesStarted": 0, "assists": 3, "putOuts": 1, "errors": 0, "chances": 4, "fielding": "1.000", "position": {"code": "1", "name": "Pitcher", "type": "Pitcher", "abbreviation": "P"}, "rangeFactorPerGame": "4.00", "rangeFactorPer9Inn": "9.00", "innings": "4.0", "games": 1, "doublePlays": 2, "triplePlays": 0}, "team": {"id": 138, "name": "St. Louis Cardinals", "link": "/api/v1/teams/138"}, "player": {"id": 110056, "fullName": "Joe Adams", "link": "/api/v1/people/110056"}, "league": {"id": 104, "name": "National League", "link": "/api/v1/league/104"}, "sport": {"id": 1, "link": "/api/v1/sports/1", "abbreviation": "MLB"}, "gameType": "R", "position": {"code": "1", "name": "Pitcher", "type": "Pitcher", "abbreviation": "P"}}]}, {"type": {"displayName": "yearByYear"}, "group": {"displayName": "hitting"}, "exemptions": [], "splits": [{"season": "1902", "stat": {"gamesPlayed": 1, "runs": 0, "doubles": 0, "triples": 0, "homeRuns": 0, "baseOnBalls": 0, "hits": 0, "hitByPitch": 0, "avg": ".000", "atBats": 2, "obp": ".000", "slg": ".000", "ops": ".000", "stolenBases": 0, "plateAppearances": 2, "totalBases": 0, "rbi": 0, "sacBunts": 0, "atBatsPerHomeRun": "-.--"}, "team": {"id": 138, "name": "St. Louis Cardinals", "link": "/api/v1/teams/138"}, "player": {"id": 110056, "fullName": "Joe Adams", "link": "/api/v1/people/110056"}, "league": {"id": 104, "name": "National League", "link": "/api/v1/league/104"}, "sport": {"id": 1, "link": "/api/v1/sports/1", "abbreviation": "MLB"}, "gameType": "R"}]}, {"type": {"displayName": "yearByYear"}, "group": {"displayName": "pitching"}, "exemptions": [], "splits": [{"season": "1902", "stat": {"gamesPlayed": 1, "gamesStarted": 0, "runs": 6, "homeRuns": 0, "strikeOuts": 0, "baseOnBalls": 2, "hits": 9, "hitByPitch": 1, "avg": ".450", "atBats": 20, "obp": ".522", "era": "9.00", "inningsPitched": "4.0", "wins": 0, "losses": 0, "saves": 0, "earnedRuns": 4, "whip": "2.75", "battersFaced": 23, "outs": 12, "gamesPitched": 1, "completeGames": 0, "shutouts": 0, "hitBatsmen": 1, "balks": 0, "wildPitches": 0, "winPercentage": ".---", "gamesFinished": 1, "strikeoutWalkRatio": "0.00", "strikeoutsPer9Inn": "0.00", "walksPer9Inn": "4.50", "hitsPer9Inn": "20.25", "runsScoredPer9": "13.50", "homeRunsPer9": "0.00"}, "team": {"id": 138, "name": "St. Louis Cardinals", "link": "/api/v1/teams/138"}, "player": {"id": 110056, "fullName": "Joe Adams", "link": "/api/v1/people/110056"}, "league": {"id": 104, "name": "National League", "link": "/api/v1/league/104"}, "sport": {"id": 1, "link": "/api/v1/sports/1", "abbreviation": "MLB"}, "gameType": "R"}]}, {"type": {"displayName": "yearByYear"}, "group": {"displayName": "fielding"}, "exemptions": [], "splits": [{"season": "1902", "stat": {"gamesPlayed": 1, "gamesStarted": 0, "assists": 3, "putOuts": 1, "errors": 0, "chances": 4, "fielding": "1.000", "position": {"code": "1", "name": "Pitcher", "type": "Pitcher", "abbreviation": "P"}, "rangeFactorPerGame": "4.00", "rangeFactorPer9Inn": "9.00", "innings": "4.0", "games": 1, "doublePlays": 2, "triplePlays": 0}, "team": {"id": 138, "name": "St. Louis Cardinals", "link": "/api/v1/teams/138"}, "player": {"id": 110056, "fullName": "Joe Adams", "link": "/api/v1/people/110056"}, "league": {"id": 104, "name": "National League", "link": "/api/v1/league/104"}, "sport": {"id": 1, "link": "/api/v1/sports/1", "abbreviation": "MLB"}, "gameType": "R", "position": {"code": "1", "name": "Pitcher", "type": "Pitcher", "abbreviation": "P"}}]}], "mlbDebutDate": "1902-04-26", "batSide": {"code": "R", "description": "Right"}, "pitchHand": {"code": "L", "description": "Left"}, "nameFirstLast": "Joe Adams", "nameSlug": "joe-adams-110056", "firstLastName": "Joe Adams", "lastFirstName": "Adams, Joe", "lastInitName": "Adams, J", "initLastName": "J Adams", "fullFMLName": "Joseph Edward Adams", "fullLFMName": "Adams, Joseph Edward", "strikeZoneTop": 3.371, "strikeZoneBottom": 1.535}