{"id": 110284, "fullName": "Cap Anson", "link": "/api/v1/people/110284", "firstName": "Adrian", "lastName": "Anson", "birthDate": "1852-04-17", "currentAge": 69, "birthCity": "Marshalltown", "birthStateProvince": "IA", "birthCountry": "USA", "height": "6' 0\"", "weight": 227, "active": false, "primaryPosition": {"code": "3", "name": "First Base", "type": "Infielder", "abbreviation": "1B"}, "useName": "Cap", "useLastName": "Anson", "middleName": "Constantine", "boxscoreName": "Anson", "nickName": "Pop", "gender": "M", "isPlayer": true, "isVerified": true, "deathDate": "1922-04-14", "deathCity": "Chicago", "deathStateProvince": "IL", "deathCountry": "USA", "stats": [{"type": {"displayName": "career"}, "group": {"displayName": "fielding"}, "exemptions": [], "splits": [{"stat": {"gamesPlayed": 3, "gamesStarted": 0, "assists": 2, "putOuts": 0, "errors": 0, "chances": 2, "fielding": "1.000", "position": {"code": "1", "name": "Pitcher", "type": "Pitcher", "abbreviation": "P"}, "rangeFactorPerGame": "0.67", "rangeFactorPer9Inn": "4.50", "innings": "4.0", "games": 3, "doublePlays": 0, "triplePlays": 0}, "team": {"id": 112, "name": "Chicago Cubs", "link": "/api/v1/teams/112"}, "player": {"id": 110284, "fullName": "Cap Anson", "link": "/api/v1/people/110284"}, "league": {"id": 104, "name": "National League", "link": "/api/v1/league/104"}, "sport": {"id": 1, "link": "/api/v1/sports/1", "abbreviation": "MLB"}, "gameType": "R", "position": {"code": "1", "name": "Pitcher", "type": "Pitcher", "abbreviation": "P"}}, {"stat": {"gamesPlayed": 83, "assists": 92, "putOuts": 232, "errors": 41, "chances": 365, "fielding": ".888", "position": {"code": "2", "name": "Catcher", "type": "Catcher", "abbreviation": "C"}, "rangeFactorPerGame": "3.90", "games": 83, "passedBall": 69, "doublePlays": 11, "triplePlays": 0}, "team": {"id": 112, "name": "Chicago Cubs", "link": "/api/v1/teams/112"}, "player": {"id": 110284, "fullName": "Cap Anson", "link": "/api/v1/people/110284"}, "league": {"id": 104, "name": "National League", "link": "/api/v1/league/104"}, "sport": {"id": 1, "link": "/api/v1/sports/1", "abbreviation": "MLB"}, "gameType": "R", "position": {"code": "2", "name": "Catcher", "type": "Catcher", "abbreviation": "C"}}, {"stat": {"gamesPlayed": 2058, "assists": 955, "putOuts": 20794, "errors": 583, "chances": 22332, "fielding": ".974", "position": {"code": "3", "name": "First Base", "type": "Infielder", "abbreviation": "1B"}, "rangeFactorPerGame": "10.57", "games": 2058, "doublePlays": 1189, "triplePlays": 5}, "team": {"id": 112, "name": "Chicago Cubs", "link": "/api/v1/teams/112"}, "player": {"id": 110284, "fullName": "Cap Anson", "link": "/api/v1/people/110284"}, "league": {"id": 104, "name": "National League", "link": "/api/v1/league/104"}, "sport": {"id": 1, "link": "/api/v1/sports/1", "abbreviation": "MLB"}, "gameType": "R", "position": {"code": "3", "name": "First Base", "type": "Infielder", "abbreviation": "1B"}}, {"stat": {"gamesPlayed": 13, "assists": 32, "putOuts": 33, "errors": 8, "chances": 73, "fielding": ".890", "position": {"code": "4", "name": "Second Base", "type": "Infielder", "abbreviation": "2B"}, "rangeFactorPerGame": "5.00", "games": 13, "doublePlays": 4, "triplePlays": 0}, "team": {"id": 112, "name": "Chicago Cubs", "link": "/api/v1/teams/112"}, "player": {"id": 110284, "fullName": "Cap Anson", "link": "/api/v1/people/110284"}, "league": {"id": 104, "name": "National League", "link": "/api/v1/league/104"}, "sport": {"id": 1, "link": "/api/v1/sports/1", "abbreviation": "MLB"}, "gameType": "R", "position": {"code": "4", "name": "Second Base", "type": "Infielder", "abbreviation": "2B"}}, {"stat": {"gamesPlayed": 118, "assists": 243, "putOuts": 223, "errors": 77, "chances": 543, "fielding": ".858", "position": {"code": "5", "name": "Third Base", "type": "Infielder", "abbreviation": "3B"}, "rangeFactorPerGame": "3.95", "games": 118, "doublePlays": 18, "triplePlays": 0}, "team": {"id": 112, "name": "Chicago Cubs", "link": "/api/v1/teams/112"}, "player": {"id": 110284, "fullName": "Cap Anson", "link": "/api/v1/people/110284"}, "league": {"id": 104, "name": "National League", "link": "/api/v1/league/104"}, "sport": {"id": 1, "link": "/api/v1/sports/1", "abbreviation": "MLB"}, "gameType": "R", "position": {"code": "5", "name": "Third Base", "type": "Infielder", "abbreviation": "3B"}}, {"stat": {"gamesPlayed": 3, "assists": 4, "putOuts": 3, "errors": 2, "chances": 9, "fielding": ".778", "position": {"code": "6", "name": "Shortstop", "type": "Infielder", "abbreviation": "SS"}, "rangeFactorPerGame": "2.33", "games": 3, "doublePlays": 0, "triplePlays": 0}, "team": {"id": 112, "name": "Chicago Cubs", "link": "/api/v1/teams/112"}, "player": {"id": 110284, "fullName": "Cap Anson", "link": "/api/v1/people/110284"}, "league": {"id": 104, "name": "National League", "link": "/api/v1/league/104"}, "sport": {"id": 1, "link": "/api/v1/sports/1", "abbreviation": "MLB"}, "gameType": "R", "position": {"code": "6", "name": "Shortstop", "type": "Infielder", "abbreviation": "SS"}}]}, {"type": {"displayName": "career"}, "group": {"displayName": "hitting"}, "exemptions": [], "splits": [{"stat": {"gamesPlayed": 2276, "runs": 1719, "doubles": 528, "triples": 124, "homeRuns": 97, "strikeOuts": 294, "baseOnBalls": 952, "hits": 3011, "hitByPitch": 32, "avg": ".331", "atBats": 9101, "obp": ".396", "slg": ".446", "ops": ".842", "stolenBases": 247, "plateAppearances": 10119, "totalBases": 4062, "rbi": 1879, "sacBunts": 34, "babip": ".335", "atBatsPerHomeRun": "93.82"}, "team": {"id": 112, "name": "Chicago Cubs", "link": "/api/v1/teams/112"}, "player": {"id": 110284, "fullName": "Cap Anson", "link": "/api/v1/people/110284"}, "league": {"id": 104, "name": "National League", "link": "/api/v1/league/104"}, "sport": {"id": 1, "link": "/api/v1/sports/1", "abbreviation": "MLB"}, "gameType": "R"}]}, {"type": {"displayName": "career"}, "group": {"displayName": "pitching"}, "exemptions": [], "splits": [{"stat": {"gamesPlayed": 3, "gamesStarted": 0, "runs": 5, "homeRuns": 2, "strikeOuts": 1, "baseOnBalls": 2, "hits": 4, "era": "4.50", "inningsPitched": "4.0", "wins": 0, "losses": 1, "saves": 1, "earnedRuns": 2, "whip": "1.50", "battersFaced": 2, "outs": 12, "gamesPitched": 3, "completeGames": 0, "shutouts": 0, "balks": 0, "wildPitches": 0, "winPercentage": ".000", "gamesFinished": 3, "strikeoutWalkRatio": "0.50", "strikeoutsPer9Inn": "2.25", "walksPer9Inn": "4.50", "hitsPer9Inn": "9.00", "runsScoredPer9": "11.25", "homeRunsPer9": "4.50"}, "team": {"id": 112, "name": "Chicago Cubs", "link": "/api/v1/teams/112"}, "player": {"id": 110284, "fullName": "Cap Anson", "link": "/api/v1/people/110284"}, "league": {"id": 104, "name": "National League", "link": "/api/v1/league/104"}, "sport": {"id": 1, "link": "/api/v1/sports/1", "abbreviation": "MLB"}, "gameType": "R"}]}, {"type": {"displayName": "yearByYear"}, "group": {"displayName": "fielding"}, "exemptions": [], "splits": [{"season": "1876", "stat": {"gamesPlayed": 2, "assists": 0, "putOuts": 2, "errors": 0, "chances": 2, "fielding": "1.000", "position": {"code": "2", "name": "Catcher", "type": "Catcher", "abbreviation": "C"}, "rangeFactorPerGame": "1.00", "games": 2, "passedBall": 1, "doublePlays": 0, "triplePlays": 0}, "team": {"id": 112, "name": "Chicago White Stockings", "link": "/api/v1/teams/112"}, "player": {"id": 110284, "fullName": "Cap Anson", "link": "/api/v1/people/110284"}, "league": {"id": 104, "name": "National League", "link": "/api/v1/league/104"}, "sport": {"id": 1, "link": "/api/v1/sports/1", "abbreviation": "MLB"}, "gameType": "R", "position": {"code": "2", "name": "Catcher", "type": "Catcher", "abbreviation": "C"}}, {"season": "1876", "stat": {"gamesPlayed": 66, "assists": 147, "putOuts": 135, "errors": 50, "chances": 332, "fielding": ".849", "position": {"code": "5", "name": "Third Base", "type": "Infielder", "abbreviation": "3B"}, "rangeFactorPerGame": "4.27", "games": 66, "doublePlays": 8, "triplePlays": 0}, "team": {"id": 112, "name": "Chicago White Stockings", "link": "/api/v1/teams/112"}, "player": {"id": 110284, "fullName": "Cap Anson", "link": "/api/v1/people/110284"}, "league": {"id": 104, "name": "National League", "link": "/api/v1/league/104"}, "sport": {"id": 1, "link": "/api/v1/sports/1", "abbreviation": "MLB"}, "gameType": "R", "position": {"code": "5", "name": "Third Base", "type": "Infielder", "abbreviation": "3B"}}, {"season": "1877", "stat": {"gamesPlayed": 31, "assists": 41, "putOuts": 103, "errors": 22, "chances": 166, "fielding": ".867", "position": {"code": "2", "name": "Catcher", "type": "Catcher", "abbreviation": "C"}, "rangeFactorPerGame": "4.65", "games": 31, "passedBall": 26, "doublePlays": 5, "triplePlays": 0}, "team": {"id": 112, "name": "Chicago White Stockings", "link": "/api/v1/teams/112"}, "player": {"id": 110284, "fullName": "Cap Anson", "link": "/api/v1/people/110284"}, "league": {"id": 104, "name": "National League", "link": "/api/v1/league/104"}, "sport": {"id": 1, "link": "/api/v1/sports/1", "abbreviation": "MLB"}, "gameType": "R", "position": {"code": "2", "name": "Catcher", "type": "Catcher", "abbreviation": "C"}}, {"season": "1877", "stat": {"gamesPlayed": 40, "assists": 77, "putOuts": 74, "errors": 20, "chances": 171, "fielding": ".883", "position": {"code": "5", "name": "Third Base", "type": "Infielder", "abbreviation": "3B"}, "rangeFactorPerGame": "3.78", "games": 40, "doublePlays": 9, "triplePlays": 0}, "team": {"id": 112, "name": "Chicago White Stockings", "link": "/api/v1/teams/112"}, "player": {"id": 110284, "fullName": "Cap Anson", "link": "/api/v1/people/110284"}, "league": {"id": 104, "name": "National League", "link": "/api/v1/league/104"}, "sport": {"id": 1, "link": "/api/v1/sports/1", "abbreviation": "MLB"}, "gameType": "R", "position": {"code": "5", "name": "Third Base", "type": "Infielder", "abbreviation": "3B"}}, {"season": "1878", "stat": {"gamesPlayed": 3, "assists": 5, "putOuts": 13, "errors": 1, "chances": 19, "fielding": ".947", "position": {"code": "2", "name": "Catcher", "type": "Catcher", "abbreviation": "C"}, "rangeFactorPerGame": "6.00", "games": 3, "passedBall": 11, "doublePlays": 3, "triplePlays": 0}, "team": {"id": 112, "name": "Chicago White Stockings", "link": "/api/v1/teams/112"}, "player": {"id": 110284, "fullName": "Cap Anson", "link": "/api/v1/people/110284"}, "league": {"id": 104, "name": "National League", "link": "/api/v1/league/104"}, "sport": {"id": 1, "link": "/api/v1/sports/1", "abbreviation": "MLB"}, "gameType": "R", "position": {"code": "2", "name": "Catcher", "type": "Catcher", "abbreviation": "C"}}, {"season": "1878", "stat": {"gamesPlayed": 9, "assists": 26, "putOuts": 22, "errors": 7, "chances": 55, "fielding": ".873", "position": {"code": "4", "name": "Second Base", "type": "Infielder", "abbreviation": "2B"}, "rangeFactorPerGame": "5.33", "games": 9, "doublePlays": 4, "triplePlays": 0}, "team": {"id": 112, "name": "Chicago White Stockings", "link": "/api/v1/teams/112"}, "player": {"id": 110284, "fullName": "Cap Anson", "link": "/api/v1/people/110284"}, "league": {"id": 104, "name": "National League", "link": "/api/v1/league/104"}, "sport": {"id": 1, "link": "/api/v1/sports/1", "abbreviation": "MLB"}, "gameType": "R", "position": {"code": "4", "name": "Second Base", "type": "Infielder", "abbreviation": "2B"}}, {"season": "1878", "stat": {"gamesPlayed": 3, "assists": 5, "putOuts": 0, "errors": 3, "chances": 8, "fielding": ".625", "position": {"code": "5", "name": "Third Base", "type": "Infielder", "abbreviation": "3B"}, "rangeFactorPerGame": "1.67", "games": 3, "doublePlays": 0, "triplePlays": 0}, "team": {"id": 112, "name": "Chicago White Stockings", "link": "/api/v1/teams/112"}, "player": {"id": 110284, "fullName": "Cap Anson", "link": "/api/v1/people/110284"}, "league": {"id": 104, "name": "National League", "link": "/api/v1/league/104"}, "sport": {"id": 1, "link": "/api/v1/sports/1", "abbreviation": "MLB"}, "gameType": "R", "position": {"code": "5", "name": "Third Base", "type": "Infielder", "abbreviation": "3B"}}, {"season": "1879", "stat": {"gamesPlayed": 51, "assists": 8, "putOuts": 620, "errors": 16, "chances": 644, "fielding": ".975", "position": {"code": "3", "name": "First Base", "type": "Infielder", "abbreviation": "1B"}, "rangeFactorPerGame": "12.31", "games": 51, "doublePlays": 26, "triplePlays": 0}, "team": {"id": 112, "name": "Chicago White Stockings", "link": "/api/v1/teams/112"}, "player": {"id": 110284, "fullName": "Cap Anson", "link": "/api/v1/people/110284"}, "league": {"id": 104, "name": "National League", "link": "/api/v1/league/104"}, "sport": {"id": 1, "link": "/api/v1/sports/1", "abbreviation": "MLB"}, "gameType": "R", "position": {"code": "3", "name": "First Base", "type": "Infielder", "abbreviation": "1B"}}, {"season": "1880", "stat": {"gamesPlayed": 81, "assists": 15, "putOuts": 866, "errors": 20, "chances": 901, "fielding": ".978", "position": {"code": "3", "name": "First Base", "type": "Infielder", "abbreviation": "1B"}, "rangeFactorPerGame": "10.88", "games": 81, "doublePlays": 28, "triplePlays": 1}, "team": {"id": 112, "name": "Chicago White Stockings", "link": "/api/v1/teams/112"}, "player": {"id": 110284, "fullName": "Cap Anson", "link": "/api/v1/people/110284"}, "league": {"id": 104, "name": "National League", "link": "/api/v1/league/104"}, "sport": {"id": 1, "link": "/api/v1/sports/1", "abbreviation": "MLB"}, "gameType": "R", "position": {"code": "3", "name": "First Base", "type": "Infielder", "abbreviation": "1B"}}, {"season": "1880", "stat": {"gamesPlayed": 1, "assists": 0, "putOuts": 0, "errors": 0, "chances": 0, "fielding": ".000", "position": {"code": "4", "name": "Second Base", "type": "Infielder", "abbreviation": "2B"}, "rangeFactorPerGame": "0.00", "games": 1, "doublePlays": 0, "triplePlays": 0}, "team": {"id": 112, "name": "Chicago White Stockings", "link": "/api/v1/teams/112"}, "player": {"id": 110284, "fullName": "Cap Anson", "link": "/api/v1/people/110284"}, "league": {"id": 104, "name": "National League", "link": "/api/v1/league/104"}, "sport": {"id": 1, "link": "/api/v1/sports/1", "abbreviation": "MLB"}, "gameType": "R", "position": {"code": "4", "name": "Second Base", "type": "Infielder", "abbreviation": "2B"}}, {"season": "1880", "stat": {"gamesPlayed": 9, "assists": 14, "putOuts": 14, "errors": 4, "chances": 32, "fielding": ".875", "position": {"code": "5", "name": "Third Base", "type": "Infielder", "abbreviation": "3B"}, "rangeFactorPerGame": "3.11", "games": 9, "doublePlays": 1, "triplePlays": 0}, "team": {"id": 112, "name": "Chicago White Stockings", "link": "/api/v1/teams/112"}, "player": {"id": 110284, "fullName": "Cap Anson", "link": "/api/v1/people/110284"}, "league": {"id": 104, "name": "National League", "link": "/api/v1/league/104"}, "sport": {"id": 1, "link": "/api/v1/sports/1", "abbreviation": "MLB"}, "gameType": "R", "position": {"code": "5", "name": "Third Base", "type": "Infielder", "abbreviation": "3B"}}, {"season": "1880", "stat": {"gamesPlayed": 1, "assists": 1, "putOuts": 2, "errors": 1, "chances": 4, "fielding": ".750", "position": {"code": "6", "name": "Shortstop", "type": "Infielder", "abbreviation": "SS"}, "rangeFactorPerGame": "3.00", "games": 1, "doublePlays": 0, "triplePlays": 0}, "team": {"id": 112, "name": "Chicago White Stockings", "link": "/api/v1/teams/112"}, "player": {"id": 110284, "fullName": "Cap Anson", "link": "/api/v1/people/110284"}, "league": {"id": 104, "name": "National League", "link": "/api/v1/league/104"}, "sport": {"id": 1, "link": "/api/v1/sports/1", "abbreviation": "MLB"}, "gameType": "R", "position": {"code": "6", "name": "Shortstop", "type": "Infielder", "abbreviation": "SS"}}, {"season": "1881", "stat": {"gamesPlayed": 2, "assists": 0, "putOuts": 2, "errors": 0, "chances": 2, "fielding": "1.000", "position": {"code": "2", "name": "Catcher", "type": "Catcher", "abbreviation": "C"}, "rangeFactorPerGame": "1.00", "games": 2, "passedBall": 0, "doublePlays": 0, "triplePlays": 0}, "team": {"id": 112, "name": "Chicago White Stockings", "link": "/api/v1/teams/112"}, "player": {"id": 110284, "fullName": "Cap Anson", "link": "/api/v1/people/110284"}, "league": {"id": 104, "name": "National League", "link": "/api/v1/league/104"}, "sport": {"id": 1, "link": "/api/v1/sports/1", "abbreviation": "MLB"}, "gameType": "R", "position": {"code": "2", "name": "Catcher", "type": "Catcher", "abbreviation": "C"}}, {"season": "1881", "stat": {"gamesPlayed": 84, "assists": 43, "putOuts": 892, "errors": 24, "chances": 959, "fielding": ".975", "position": {"code": "3", "name": "First Base", "type": "Infielder", "abbreviation": "1B"}, "rangeFactorPerGame": "11.13", "games": 84, "doublePlays": 48, "triplePlays": 0}, "team": {"id": 112, "name": "Chicago White Stockings", "link": "/api/v1/teams/112"}, "player": {"id": 110284, "fullName": "Cap Anson", "link": "/api/v1/people/110284"}, "league": {"id": 104, "name": "National League", "link": "/api/v1/league/104"}, "sport": {"id": 1, "link": "/api/v1/sports/1", "abbreviation": "MLB"}, "gameType": "R", "position": {"code": "3", "name": "First Base", "type": "Infielder", "abbreviation": "1B"}}, {"season": "1881", "stat": {"gamesPlayed": 1, "assists": 0, "putOuts": 0, "errors": 0, "chances": 0, "fielding": ".000", "position": {"code": "6", "name": "Shortstop", "type": "Infielder", "abbreviation": "SS"}, "rangeFactorPerGame": "0.00", "games": 1, "doublePlays": 0, "triplePlays": 0}, "team": {"id": 112, "name": "Chicago White Stockings", "link": "/api/v1/teams/112"}, "player": {"id": 110284, "fullName": "Cap Anson", "link": "/api/v1/people/110284"}, "league": {"id": 104, "name": "National League", "link": "/api/v1/league/104"}, "sport": {"id": 1, "link": "/api/v1/sports/1", "abbreviation": "MLB"}, "gameType": "R", "position": {"code": "6", "name": "Shortstop", "type": "Infielder", "abbreviation": "SS"}}, {"season": "1882", "stat": {"gamesPlayed": 1, "assists": 0, "putOuts": 3, "errors": 1, "chances": 4, "fielding": ".750", "position": {"code": "2", "name": "Catcher", "type": "Catcher", "abbreviation": "C"}, "rangeFactorPerGame": "3.00", "games": 1, "passedBall": 0, "doublePlays": 0, "triplePlays": 0}, "team": {"id": 112, "name": "Chicago White Stockings", "link": "/api/v1/teams/112"}, "player": {"id": 110284, "fullName": "Cap Anson", "link": "/api/v1/people/110284"}, "league": {"id": 104, "name": "National League", "link": "/api/v1/league/104"}, "sport": {"id": 1, "link": "/api/v1/sports/1", "abbreviation": "MLB"}, "gameType": "R", "position": {"code": "2", "name": "Catcher", "type": "Catcher", "abbreviation": "C"}}, {"season": "1882", "stat": {"gamesPlayed": 82, "assists": 27, "putOuts": 810, "errors": 45, "chances": 882, "fielding": ".949", "position": {"code": "3", "name": "First Base", "type": "Infielder", "abbreviation": "1B"}, "rangeFactorPerGame": "10.21", "games": 82, "doublePlays": 42, "triplePlays": 0}, "team": {"id": 112, "name": "Chicago White Stockings", "link": "/api/v1/teams/112"}, "player": {"id": 110284, "fullName": "Cap Anson", "link": "/api/v1/people/110284"}, "league": {"id": 104, "name": "National League", "link": "/api/v1/league/104"}, "sport": {"id": 1, "link": "/api/v1/sports/1", "abbreviation": "MLB"}, "gameType": "R", "position": {"code": "3", "name": "First Base", "type": "Infielder", "abbreviation": "1B"}}, {"season": "1883", "stat": {"gamesPlayed": 2, "gamesStarted": 0, "assists": 1, "putOuts": 0, "errors": 0, "chances": 1, "fielding": "1.000", "position": {"code": "1", "name": "Pitcher", "type": "Pitcher", "abbreviation": "P"}, "rangeFactorPerGame": "0.50", "rangeFactorPer9Inn": "3.00", "innings": "3.0", "games": 2, "doublePlays": 0, "triplePlays": 0}, "team": {"id": 112, "name": "Chicago White Stockings", "link": "/api/v1/teams/112"}, "player": {"id": 110284, "fullName": "Cap Anson", "link": "/api/v1/people/110284"}, "league": {"id": 104, "name": "National League", "link": "/api/v1/league/104"}, "sport": {"id": 1, "link": "/api/v1/sports/1", "abbreviation": "MLB"}, "gameType": "R", "position": {"code": "1", "name": "Pitcher", "type": "Pitcher", "abbreviation": "P"}}, {"season": "1883", "stat": {"gamesPlayed": 1, "assists": 0, "putOuts": 2, "errors": 2, "chances": 4, "fielding": ".500", "position": {"code": "2", "name": "Catcher", "type": "Catcher", "abbreviation": "C"}, "rangeFactorPerGame": "2.00", "games": 1, "passedBall": 1, "doublePlays": 0, "triplePlays": 0}, "team": {"id": 112, "name": "Chicago White Stockings", "link": "/api/v1/teams/112"}, "player": {"id": 110284, "fullName": "Cap Anson", "link": "/api/v1/people/110284"}, "league": {"id": 104, "name": "National League", "link": "/api/v1/league/104"}, "sport": {"id": 1, "link": "/api/v1/sports/1", "abbreviation": "MLB"}, "gameType": "R", "position": {"code": "2", "name": "Catcher", "type": "Catcher", "abbreviation": "C"}}, {"season": "1883", "stat": {"gamesPlayed": 98, "assists": 41, "putOuts": 1031, "errors": 40, "chances": 1112, "fielding": ".964", "position": {"code": "3", "name": "First Base", "type": "Infielder", "abbreviation": "1B"}, "rangeFactorPerGame": "10.94", "games": 98, "doublePlays": 59, "triplePlays": 0}, "team": {"id": 112, "name": "Chicago White Stockings", "link": "/api/v1/teams/112"}, "player": {"id": 110284, "fullName": "Cap Anson", "link": "/api/v1/people/110284"}, "league": {"id": 104, "name": "National League", "link": "/api/v1/league/104"}, "sport": {"id": 1, "link": "/api/v1/sports/1", "abbreviation": "MLB"}, "gameType": "R", "position": {"code": "3", "name": "First Base", "type": "Infielder", "abbreviation": "1B"}}, {"season": "1884", "stat": {"gamesPlayed": 1, "gamesStarted": 0, "assists": 1, "putOuts": 0, "errors": 0, "chances": 1, "fielding": "1.000", "position": {"code": "1", "name": "Pitcher", "type": "Pitcher", "abbreviation": "P"}, "rangeFactorPerGame": "1.00", "rangeFactorPer9Inn": "9.00", "innings": "1.0", "games": 1, "doublePlays": 0, "triplePlays": 0}, "team": {"id": 112, "name": "Chicago White Stockings", "link": "/api/v1/teams/112"}, "player": {"id": 110284, "fullName": "Cap Anson", "link": "/api/v1/people/110284"}, "league": {"id": 104, "name": "National League", "link": "/api/v1/league/104"}, "sport": {"id": 1, "link": "/api/v1/sports/1", "abbreviation": "MLB"}, "gameType": "R", "position": {"code": "1", "name": "Pitcher", "type": "Pitcher", "abbreviation": "P"}}, {"season": "1884", "stat": {"gamesPlayed": 3, "assists": 4, "putOuts": 4, "errors": 3, "chances": 11, "fielding": ".727", "position": {"code": "2", "name": "Catcher", "type": "Catcher", "abbreviation": "C"}, "rangeFactorPerGame": "2.67", "games": 3, "passedBall": 2, "doublePlays": 0, "triplePlays": 0}, "team": {"id": 112, "name": "Chicago White Stockings", "link": "/api/v1/teams/112"}, "player": {"id": 110284, "fullName": "Cap Anson", "link": "/api/v1/people/110284"}, "league": {"id": 104, "name": "National League", "link": "/api/v1/league/104"}, "sport": {"id": 1, "link": "/api/v1/sports/1", "abbreviation": "MLB"}, "gameType": "R", "position": {"code": "2", "name": "Catcher", "type": "Catcher", "abbreviation": "C"}}, {"season": "1884", "stat": {"gamesPlayed": 112, "assists": 40, "putOuts": 1211, "errors": 58, "chances": 1309, "fielding": ".956", "position": {"code": "3", "name": "First Base", "type": "Infielder", "abbreviation": "1B"}, "rangeFactorPerGame": "11.17", "games": 112, "doublePlays": 86, "triplePlays": 0}, "team": {"id": 112, "name": "Chicago White Stockings", "link": "/api/v1/teams/112"}, "player": {"id": 110284, "fullName": "Cap Anson", "link": "/api/v1/people/110284"}, "league": {"id": 104, "name": "National League", "link": "/api/v1/league/104"}, "sport": {"id": 1, "link": "/api/v1/sports/1", "abbreviation": "MLB"}, "gameType": "R", "position": {"code": "3", "name": "First Base", "type": "Infielder", "abbreviation": "1B"}}, {"season": "1884", "stat": {"gamesPlayed": 1, "assists": 3, "putOuts": 1, "errors": 1, "chances": 5, "fielding": ".800", "position": {"code": "6", "name": "Shortstop", "type": "Infielder", "abbreviation": "SS"}, "rangeFactorPerGame": "4.00", "games": 1, "doublePlays": 0, "triplePlays": 0}, "team": {"id": 112, "name": "Chicago White Stockings", "link": "/api/v1/teams/112"}, "player": {"id": 110284, "fullName": "Cap Anson", "link": "/api/v1/people/110284"}, "league": {"id": 104, "name": "National League", "link": "/api/v1/league/104"}, "sport": {"id": 1, "link": "/api/v1/sports/1", "abbreviation": "MLB"}, "gameType": "R", "position": {"code": "6", "name": "Shortstop", "type": "Infielder", "abbreviation": "SS"}}, {"season": "1885", "stat": {"gamesPlayed": 1, "assists": 0, "putOuts": 2, "errors": 0, "chances": 2, "fielding": "1.000", "position": {"code": "2", "name": "Catcher", "type": "Catcher", "abbreviation": "C"}, "rangeFactorPerGame": "2.00", "games": 1, "passedBall": 2, "doublePlays": 0, "triplePlays": 0}, "team": {"id": 112, "name": "Chicago White Stockings", "link": "/api/v1/teams/112"}, "player": {"id": 110284, "fullName": "Cap Anson", "link": "/api/v1/people/110284"}, "league": {"id": 104, "name": "National League", "link": "/api/v1/league/104"}, "sport": {"id": 1, "link": "/api/v1/sports/1", "abbreviation": "MLB"}, "gameType": "R", "position": {"code": "2", "name": "Catcher", "type": "Catcher", "abbreviation": "C"}}, {"season": "1885", "stat": {"gamesPlayed": 112, "assists": 39, "putOuts": 1253, "errors": 57, "chances": 1349, "fielding": ".958", "position": {"code": "3", "name": "First Base", "type": "Infielder", "abbreviation": "1B"}, "rangeFactorPerGame": "11.54", "games": 112, "doublePlays": 62, "triplePlays": 0}, "team": {"id": 112, "name": "Chicago White Stockings", "link": "/api/v1/teams/112"}, "player": {"id": 110284, "fullName": "Cap Anson", "link": "/api/v1/people/110284"}, "league": {"id": 104, "name": "National League", "link": "/api/v1/league/104"}, "sport": {"id": 1, "link": "/api/v1/sports/1", "abbreviation": "MLB"}, "gameType": "R", "position": {"code": "3", "name": "First Base", "type": "Infielder", "abbreviation": "1B"}}, {"season": "1886", "stat": {"gamesPlayed": 12, "assists": 18, "putOuts": 32, "errors": 5, "chances": 55, "fielding": ".909", "position": {"code": "2", "name": "Catcher", "type": "Catcher", "abbreviation": "C"}, "rangeFactorPerGame": "4.17", "games": 12, "passedBall": 9, "doublePlays": 1, "triplePlays": 0}, "team": {"id": 112, "name": "Chicago White Stockings", "link": "/api/v1/teams/112"}, "player": {"id": 110284, "fullName": "Cap Anson", "link": "/api/v1/people/110284"}, "league": {"id": 104, "name": "National League", "link": "/api/v1/league/104"}, "sport": {"id": 1, "link": "/api/v1/sports/1", "abbreviation": "MLB"}, "gameType": "R", "position": {"code": "2", "name": "Catcher", "type": "Catcher", "abbreviation": "C"}}, {"season": "1886", "stat": {"gamesPlayed": 125, "assists": 66, "putOuts": 1188, "errors": 48, "chances": 1302, "fielding": ".963", "position": {"code": "3", "name": "First Base", "type": "Infielder", "abbreviation": "1B"}, "rangeFactorPerGame": "10.03", "games": 125, "doublePlays": 69, "triplePlays": 0}, "team": {"id": 112, "name": "Chicago White Stockings", "link": "/api/v1/teams/112"}, "player": {"id": 110284, "fullName": "Cap Anson", "link": "/api/v1/people/110284"}, "league": {"id": 104, "name": "National League", "link": "/api/v1/league/104"}, "sport": {"id": 1, "link": "/api/v1/sports/1", "abbreviation": "MLB"}, "gameType": "R", "position": {"code": "3", "name": "First Base", "type": "Infielder", "abbreviation": "1B"}}, {"season": "1887", "stat": {"gamesPlayed": 1, "assists": 0, "putOuts": 1, "errors": 1, "chances": 2, "fielding": ".500", "position": {"code": "2", "name": "Catcher", "type": "Catcher", "abbreviation": "C"}, "rangeFactorPerGame": "1.00", "games": 1, "passedBall": 1, "doublePlays": 0, "triplePlays": 0}, "team": {"id": 112, "name": "Chicago White Stockings", "link": "/api/v1/teams/112"}, "player": {"id": 110284, "fullName": "Cap Anson", "link": "/api/v1/people/110284"}, "league": {"id": 104, "name": "National League", "link": "/api/v1/league/104"}, "sport": {"id": 1, "link": "/api/v1/sports/1", "abbreviation": "MLB"}, "gameType": "R", "position": {"code": "2", "name": "Catcher", "type": "Catcher", "abbreviation": "C"}}, {"season": "1887", "stat": {"gamesPlayed": 122, "assists": 70, "putOuts": 1232, "errors": 36, "chances": 1338, "fielding": ".973", "position": {"code": "3", "name": "First Base", "type": "Infielder", "abbreviation": "1B"}, "rangeFactorPerGame": "10.67", "games": 122, "doublePlays": 75, "triplePlays": 0}, "team": {"id": 112, "name": "Chicago White Stockings", "link": "/api/v1/teams/112"}, "player": {"id": 110284, "fullName": "Cap Anson", "link": "/api/v1/people/110284"}, "league": {"id": 104, "name": "National League", "link": "/api/v1/league/104"}, "sport": {"id": 1, "link": "/api/v1/sports/1", "abbreviation": "MLB"}, "gameType": "R", "position": {"code": "3", "name": "First Base", "type": "Infielder", "abbreviation": "1B"}}, {"season": "1888", "stat": {"gamesPlayed": 134, "assists": 65, "putOuts": 1314, "errors": 20, "chances": 1399, "fielding": ".986", "position": {"code": "3", "name": "First Base", "type": "Infielder", "abbreviation": "1B"}, "rangeFactorPerGame": "10.29", "games": 134, "doublePlays": 85, "triplePlays": 1}, "team": {"id": 112, "name": "Chicago White Stockings", "link": "/api/v1/teams/112"}, "player": {"id": 110284, "fullName": "Cap Anson", "link": "/api/v1/people/110284"}, "league": {"id": 104, "name": "National League", "link": "/api/v1/league/104"}, "sport": {"id": 1, "link": "/api/v1/sports/1", "abbreviation": "MLB"}, "gameType": "R", "position": {"code": "3", "name": "First Base", "type": "Infielder", "abbreviation": "1B"}}, {"season": "1889", "stat": {"gamesPlayed": 134, "assists": 79, "putOuts": 1409, "errors": 27, "chances": 1515, "fielding": ".982", "position": {"code": "3", "name": "First Base", "type": "Infielder", "abbreviation": "1B"}, "rangeFactorPerGame": "11.10", "games": 134, "doublePlays": 73, "triplePlays": 0}, "team": {"id": 112, "name": "Chicago White Stockings", "link": "/api/v1/teams/112"}, "player": {"id": 110284, "fullName": "Cap Anson", "link": "/api/v1/people/110284"}, "league": {"id": 104, "name": "National League", "link": "/api/v1/league/104"}, "sport": {"id": 1, "link": "/api/v1/sports/1", "abbreviation": "MLB"}, "gameType": "R", "position": {"code": "3", "name": "First Base", "type": "Infielder", "abbreviation": "1B"}}, {"season": "1890", "stat": {"gamesPlayed": 3, "assists": 2, "putOuts": 9, "errors": 0, "chances": 11, "fielding": "1.000", "position": {"code": "2", "name": "Catcher", "type": "Catcher", "abbreviation": "C"}, "rangeFactorPerGame": "3.67", "games": 3, "passedBall": 4, "doublePlays": 0, "triplePlays": 0}, "team": {"id": 112, "name": "Chicago Colts", "link": "/api/v1/teams/112"}, "player": {"id": 110284, "fullName": "Cap Anson", "link": "/api/v1/people/110284"}, "league": {"id": 104, "name": "National League", "link": "/api/v1/league/104"}, "sport": {"id": 1, "link": "/api/v1/sports/1", "abbreviation": "MLB"}, "gameType": "R", "position": {"code": "2", "name": "Catcher", "type": "Catcher", "abbreviation": "C"}}, {"season": "1890", "stat": {"gamesPlayed": 135, "assists": 49, "putOuts": 1345, "errors": 31, "chances": 1425, "fielding": ".978", "position": {"code": "3", "name": "First Base", "type": "Infielder", "abbreviation": "1B"}, "rangeFactorPerGame": "10.33", "games": 135, "doublePlays": 61, "triplePlays": 1}, "team": {"id": 112, "name": "Chicago Colts", "link": "/api/v1/teams/112"}, "player": {"id": 110284, "fullName": "Cap Anson", "link": "/api/v1/people/110284"}, "league": {"id": 104, "name": "National League", "link": "/api/v1/league/104"}, "sport": {"id": 1, "link": "/api/v1/sports/1", "abbreviation": "MLB"}, "gameType": "R", "position": {"code": "3", "name": "First Base", "type": "Infielder", "abbreviation": "1B"}}, {"season": "1890", "stat": {"gamesPlayed": 2, "assists": 5, "putOuts": 7, "errors": 1, "chances": 13, "fielding": ".923", "position": {"code": "4", "name": "Second Base", "type": "Infielder", "abbreviation": "2B"}, "rangeFactorPerGame": "6.00", "games": 2, "doublePlays": 0, "triplePlays": 0}, "team": {"id": 112, "name": "Chicago Colts", "link": "/api/v1/teams/112"}, "player": {"id": 110284, "fullName": "Cap Anson", "link": "/api/v1/people/110284"}, "league": {"id": 104, "name": "National League", "link": "/api/v1/league/104"}, "sport": {"id": 1, "link": "/api/v1/sports/1", "abbreviation": "MLB"}, "gameType": "R", "position": {"code": "4", "name": "Second Base", "type": "Infielder", "abbreviation": "2B"}}, {"season": "1891", "stat": {"gamesPlayed": 2, "assists": 1, "putOuts": 2, "errors": 0, "chances": 3, "fielding": "1.000", "position": {"code": "2", "name": "Catcher", "type": "Catcher", "abbreviation": "C"}, "rangeFactorPerGame": "1.50", "games": 2, "passedBall": 0, "doublePlays": 0, "triplePlays": 0}, "team": {"id": 112, "name": "Chicago Colts", "link": "/api/v1/teams/112"}, "player": {"id": 110284, "fullName": "Cap Anson", "link": "/api/v1/people/110284"}, "league": {"id": 104, "name": "National League", "link": "/api/v1/league/104"}, "sport": {"id": 1, "link": "/api/v1/sports/1", "abbreviation": "MLB"}, "gameType": "R", "position": {"code": "2", "name": "Catcher", "type": "Catcher", "abbreviation": "C"}}, {"season": "1891", "stat": {"gamesPlayed": 136, "assists": 79, "putOuts": 1407, "errors": 29, "chances": 1515, "fielding": ".981", "position": {"code": "3", "name": "First Base", "type": "Infielder", "abbreviation": "1B"}, "rangeFactorPerGame": "10.93", "games": 136, "doublePlays": 86, "triplePlays": 1}, "team": {"id": 112, "name": "Chicago Colts", "link": "/api/v1/teams/112"}, "player": {"id": 110284, "fullName": "Cap Anson", "link": "/api/v1/people/110284"}, "league": {"id": 104, "name": "National League", "link": "/api/v1/league/104"}, "sport": {"id": 1, "link": "/api/v1/sports/1", "abbreviation": "MLB"}, "gameType": "R", "position": {"code": "3", "name": "First Base", "type": "Infielder", "abbreviation": "1B"}}, {"season": "1892", "stat": {"gamesPlayed": 146, "assists": 67, "putOuts": 1491, "errors": 44, "chances": 1602, "fielding": ".973", "position": {"code": "3", "name": "First Base", "type": "Infielder", "abbreviation": "1B"}, "rangeFactorPerGame": "10.67", "games": 146, "doublePlays": 62, "triplePlays": 0}, "team": {"id": 112, "name": "Chicago Colts", "link": "/api/v1/teams/112"}, "player": {"id": 110284, "fullName": "Cap Anson", "link": "/api/v1/people/110284"}, "league": {"id": 104, "name": "National League", "link": "/api/v1/league/104"}, "sport": {"id": 1, "link": "/api/v1/sports/1", "abbreviation": "MLB"}, "gameType": "R", "position": {"code": "3", "name": "First Base", "type": "Infielder", "abbreviation": "1B"}}, {"season": "1893", "stat": {"gamesPlayed": 101, "assists": 44, "putOuts": 997, "errors": 20, "chances": 1061, "fielding": ".981", "position": {"code": "3", "name": "First Base", "type": "Infielder", "abbreviation": "1B"}, "rangeFactorPerGame": "10.31", "games": 101, "doublePlays": 59, "triplePlays": 0}, "team": {"id": 112, "name": "Chicago Colts", "link": "/api/v1/teams/112"}, "player": {"id": 110284, "fullName": "Cap Anson", "link": "/api/v1/people/110284"}, "league": {"id": 104, "name": "National League", "link": "/api/v1/league/104"}, "sport": {"id": 1, "link": "/api/v1/sports/1", "abbreviation": "MLB"}, "gameType": "R", "position": {"code": "3", "name": "First Base", "type": "Infielder", "abbreviation": "1B"}}, {"season": "1894", "stat": {"gamesPlayed": 82, "assists": 47, "putOuts": 739, "errors": 8, "chances": 794, "fielding": ".990", "position": {"code": "3", "name": "First Base", "type": "Infielder", "abbreviation": "1B"}, "rangeFactorPerGame": "9.59", "games": 82, "doublePlays": 52, "triplePlays": 0}, "team": {"id": 112, "name": "Chicago Colts", "link": "/api/v1/teams/112"}, "player": {"id": 110284, "fullName": "Cap Anson", "link": "/api/v1/people/110284"}, "league": {"id": 104, "name": "National League", "link": "/api/v1/league/104"}, "sport": {"id": 1, "link": "/api/v1/sports/1", "abbreviation": "MLB"}, "gameType": "R", "position": {"code": "3", "name": "First Base", "type": "Infielder", "abbreviation": "1B"}}, {"season": "1894", "stat": {"gamesPlayed": 1, "assists": 1, "putOuts": 4, "errors": 0, "chances": 5, "fielding": "1.000", "position": {"code": "4", "name": "Second Base", "type": "Infielder", "abbreviation": "2B"}, "rangeFactorPerGame": "5.00", "games": 1, "doublePlays": 0, "triplePlays": 0}, "team": {"id": 112, "name": "Chicago Colts", "link": "/api/v1/teams/112"}, "player": {"id": 110284, "fullName": "Cap Anson", "link": "/api/v1/people/110284"}, "league": {"id": 104, "name": "National League", "link": "/api/v1/league/104"}, "sport": {"id": 1, "link": "/api/v1/sports/1", "abbreviation": "MLB"}, "gameType": "R", "position": {"code": "4", "name": "Second Base", "type": "Infielder", "abbreviation": "2B"}}, {"season": "1895", "stat": {"gamesPlayed": 122, "assists": 60, "putOuts": 1176, "errors": 19, "chances": 1255, "fielding": ".985", "position": {"code": "3", "name": "First Base", "type": "Infielder", "abbreviation": "1B"}, "rangeFactorPerGame": "10.13", "games": 122, "doublePlays": 82, "triplePlays": 1}, "team": {"id": 112, "name": "Chicago Colts", "link": "/api/v1/teams/112"}, "player": {"id": 110284, "fullName": "Cap Anson", "link": "/api/v1/people/110284"}, "league": {"id": 104, "name": "National League", "link": "/api/v1/league/104"}, "sport": {"id": 1, "link": "/api/v1/sports/1", "abbreviation": "MLB"}, "gameType": "R", "position": {"code": "3", "name": "First Base", "type": "Infielder", "abbreviation": "1B"}}, {"season": "1896", "stat": {"gamesPlayed": 10, "assists": 8, "putOuts": 21, "errors": 4, "chances": 33, "fielding": ".879", "position": {"code": "2", "name": "Catcher", "type": "Catcher", "abbreviation": "C"}, "rangeFactorPerGame": "2.90", "games": 10, "passedBall": 6, "doublePlays": 0, "triplePlays": 0}, "team": {"id": 112, "name": "Chicago Colts", "link": "/api/v1/teams/112"}, "player": {"id": 110284, "fullName": "Cap Anson", "link": "/api/v1/people/110284"}, "league": {"id": 104, "name": "National League", "link": "/api/v1/league/104"}, "sport": {"id": 1, "link": "/api/v1/sports/1", "abbreviation": "MLB"}, "gameType": "R", "position": {"code": "2", "name": "Catcher", "type": "Catcher", "abbreviation": "C"}}, {"season": "1896", "stat": {"gamesPlayed": 98, "assists": 54, "putOuts": 880, "errors": 16, "chances": 950, "fielding": ".983", "position": {"code": "3", "name": "First Base", "type": "Infielder", "abbreviation": "1B"}, "rangeFactorPerGame": "9.53", "games": 98, "doublePlays": 67, "triplePlays": 0}, "team": {"id": 112, "name": "Chicago Colts", "link": "/api/v1/teams/112"}, "player": {"id": 110284, "fullName": "Cap Anson", "link": "/api/v1/people/110284"}, "league": {"id": 104, "name": "National League", "link": "/api/v1/league/104"}, "sport": {"id": 1, "link": "/api/v1/sports/1", "abbreviation": "MLB"}, "gameType": "R", "position": {"code": "3", "name": "First Base", "type": "Infielder", "abbreviation": "1B"}}, {"season": "1897", "stat": {"gamesPlayed": 11, "assists": 13, "putOuts": 36, "errors": 2, "chances": 51, "fielding": ".961", "position": {"code": "2", "name": "Catcher", "type": "Catcher", "abbreviation": "C"}, "rangeFactorPerGame": "4.45", "games": 11, "passedBall": 6, "doublePlays": 2, "triplePlays": 0}, "team": {"id": 112, "name": "Chicago Colts", "link": "/api/v1/teams/112"}, "player": {"id": 110284, "fullName": "Cap Anson", "link": "/api/v1/people/110284"}, "league": {"id": 104, "name": "National League", "link": "/api/v1/league/104"}, "sport": {"id": 1, "link": "/api/v1/sports/1", "abbreviation": "MLB"}, "gameType": "R", "position": {"code": "2", "name": "Catcher", "type": "Catcher", "abbreviation": "C"}}, {"season": "1897", "stat": {"gamesPlayed": 103, "assists": 62, "putOuts": 933, "errors": 25, "chances": 1020, "fielding": ".975", "position": {"code": "3", "name": "First Base", "type": "Infielder", "abbreviation": "1B"}, "rangeFactorPerGame": "9.66", "games": 103, "doublePlays": 67, "triplePlays": 0}, "team": {"id": 112, "name": "Chicago Colts", "link": "/api/v1/teams/112"}, "player": {"id": 110284, "fullName": "Cap Anson", "link": "/api/v1/people/110284"}, "league": {"id": 104, "name": "National League", "link": "/api/v1/league/104"}, "sport": {"id": 1, "link": "/api/v1/sports/1", "abbreviation": "MLB"}, "gameType": "R", "position": {"code": "3", "name": "First Base", "type": "Infielder", "abbreviation": "1B"}}]}, {"type": {"displayName": "yearByYear"}, "group": {"displayName": "hitting"}, "exemptions": [], "splits": [{"season": "1876", "stat": {"gamesPlayed": 66, "runs": 63, "doubles": 9, "triples": 7, "homeRuns": 2, "strikeOuts": 8, "baseOnBalls": 12, "hits": 110, "avg": ".356", "atBats": 309, "slg": ".450", "plateAppearances": 321, "totalBases": 139, "rbi": 59, "babip": ".361", "atBatsPerHomeRun": "154.50"}, "team": {"id": 112, "name": "Chicago White Stockings", "link": "/api/v1/teams/112"}, "player": {"id": 110284, "fullName": "Cap Anson", "link": "/api/v1/people/110284"}, "league": {"id": 104, "name": "National League", "link": "/api/v1/league/104"}, "sport": {"id": 1, "link": "/api/v1/sports/1", "abbreviation": "MLB"}, "gameType": "R"}, {"season": "1877", "stat": {"gamesPlayed": 59, "runs": 52, "doubles": 19, "triples": 1, "homeRuns": 0, "strikeOuts": 3, "baseOnBalls": 9, "hits": 86, "avg": ".337", "atBats": 255, "slg": ".420", "plateAppearances": 264, "totalBases": 107, "rbi": 32, "babip": ".341", "atBatsPerHomeRun": "-.--"}, "team": {"id": 112, "name": "Chicago White Stockings", "link": "/api/v1/teams/112"}, "player": {"id": 110284, "fullName": "Cap Anson", "link": "/api/v1/people/110284"}, "league": {"id": 104, "name": "National League", "link": "/api/v1/league/104"}, "sport": {"id": 1, "link": "/api/v1/sports/1", "abbreviation": "MLB"}, "gameType": "R"}, {"season": "1878", "stat": {"gamesPlayed": 60, "runs": 55, "doubles": 12, "triples": 2, "homeRuns": 0, "strikeOuts": 1, "baseOnBalls": 13, "hits": 89, "avg": ".341", "atBats": 261, "slg": ".402", "plateAppearances": 274, "totalBases": 105, "rbi": 40, "babip": ".342", "atBatsPerHomeRun": "-.--"}, "team": {"id": 112, "name": "Chicago White Stockings", "link": "/api/v1/teams/112"}, "player": {"id": 110284, "fullName": "Cap Anson", "link": "/api/v1/people/110284"}, "league": {"id": 104, "name": "National League", "link": "/api/v1/league/104"}, "sport": {"id": 1, "link": "/api/v1/sports/1", "abbreviation": "MLB"}, "gameType": "R"}, {"season": "1879", "stat": {"gamesPlayed": 51, "runs": 40, "doubles": 20, "triples": 1, "homeRuns": 0, "strikeOuts": 2, "baseOnBalls": 2, "hits": 72, "avg": ".317", "atBats": 227, "slg": ".414", "plateAppearances": 229, "totalBases": 94, "rbi": 34, "babip": ".320", "atBatsPerHomeRun": "-.--"}, "team": {"id": 112, "name": "Chicago White Stockings", "link": "/api/v1/teams/112"}, "player": {"id": 110284, "fullName": "Cap Anson", "link": "/api/v1/people/110284"}, "league": {"id": 104, "name": "National League", "link": "/api/v1/league/104"}, "sport": {"id": 1, "link": "/api/v1/sports/1", "abbreviation": "MLB"}, "gameType": "R"}, {"season": "1880", "stat": {"gamesPlayed": 86, "runs": 54, "doubles": 24, "triples": 1, "homeRuns": 1, "strikeOuts": 12, "baseOnBalls": 14, "hits": 120, "avg": ".337", "atBats": 356, "slg": ".419", "plateAppearances": 370, "totalBases": 149, "rbi": 74, "babip": ".347", "atBatsPerHomeRun": "356.00"}, "team": {"id": 112, "name": "Chicago White Stockings", "link": "/api/v1/teams/112"}, "player": {"id": 110284, "fullName": "Cap Anson", "link": "/api/v1/people/110284"}, "league": {"id": 104, "name": "National League", "link": "/api/v1/league/104"}, "sport": {"id": 1, "link": "/api/v1/sports/1", "abbreviation": "MLB"}, "gameType": "R"}, {"season": "1881", "stat": {"gamesPlayed": 84, "runs": 67, "doubles": 21, "triples": 7, "homeRuns": 1, "strikeOuts": 4, "baseOnBalls": 26, "hits": 137, "avg": ".399", "atBats": 343, "slg": ".510", "plateAppearances": 369, "totalBases": 175, "rbi": 82, "babip": ".402", "atBatsPerHomeRun": "343.00"}, "team": {"id": 112, "name": "Chicago White Stockings", "link": "/api/v1/teams/112"}, "player": {"id": 110284, "fullName": "Cap Anson", "link": "/api/v1/people/110284"}, "league": {"id": 104, "name": "National League", "link": "/api/v1/league/104"}, "sport": {"id": 1, "link": "/api/v1/sports/1", "abbreviation": "MLB"}, "gameType": "R"}, {"season": "1882", "stat": {"gamesPlayed": 82, "runs": 69, "doubles": 29, "triples": 8, "homeRuns": 1, "strikeOuts": 7, "baseOnBalls": 20, "hits": 126, "avg": ".362", "atBats": 348, "slg": ".500", "plateAppearances": 368, "totalBases": 174, "rbi": 83, "babip": ".368", "atBatsPerHomeRun": "348.00"}, "team": {"id": 112, "name": "Chicago White Stockings", "link": "/api/v1/teams/112"}, "player": {"id": 110284, "fullName": "Cap Anson", "link": "/api/v1/people/110284"}, "league": {"id": 104, "name": "National League", "link": "/api/v1/league/104"}, "sport": {"id": 1, "link": "/api/v1/sports/1", "abbreviation": "MLB"}, "gameType": "R"}, {"season": "1883", "stat": {"gamesPlayed": 98, "runs": 70, "doubles": 36, "triples": 5, "homeRuns": 0, "strikeOuts": 9, "baseOnBalls": 18, "hits": 127, "avg": ".308", "atBats": 413, "slg": ".419", "plateAppearances": 431, "totalBases": 173, "rbi": 68, "babip": ".314", "atBatsPerHomeRun": "-.--"}, "team": {"id": 112, "name": "Chicago White Stockings", "link": "/api/v1/teams/112"}, "player": {"id": 110284, "fullName": "Cap Anson", "link": "/api/v1/people/110284"}, "league": {"id": 104, "name": "National League", "link": "/api/v1/league/104"}, "sport": {"id": 1, "link": "/api/v1/sports/1", "abbreviation": "MLB"}, "gameType": "R"}, {"season": "1884", "stat": {"gamesPlayed": 112, "runs": 108, "doubles": 30, "triples": 3, "homeRuns": 21, "strikeOuts": 13, "baseOnBalls": 29, "hits": 159, "avg": ".335", "atBats": 475, "slg": ".543", "plateAppearances": 504, "totalBases": 258, "rbi": 102, "babip": ".313", "atBatsPerHomeRun": "22.62"}, "team": {"id": 112, "name": "Chicago White Stockings", "link": "/api/v1/teams/112"}, "player": {"id": 110284, "fullName": "Cap Anson", "link": "/api/v1/people/110284"}, "league": {"id": 104, "name": "National League", "link": "/api/v1/league/104"}, "sport": {"id": 1, "link": "/api/v1/sports/1", "abbreviation": "MLB"}, "gameType": "R"}, {"season": "1885", "stat": {"gamesPlayed": 112, "runs": 100, "doubles": 35, "triples": 7, "homeRuns": 7, "strikeOuts": 13, "baseOnBalls": 34, "hits": 144, "avg": ".310", "atBats": 464, "slg": ".461", "plateAppearances": 498, "totalBases": 214, "rbi": 108, "babip": ".309", "atBatsPerHomeRun": "66.29"}, "team": {"id": 112, "name": "Chicago White Stockings", "link": "/api/v1/teams/112"}, "player": {"id": 110284, "fullName": "Cap Anson", "link": "/api/v1/people/110284"}, "league": {"id": 104, "name": "National League", "link": "/api/v1/league/104"}, "sport": {"id": 1, "link": "/api/v1/sports/1", "abbreviation": "MLB"}, "gameType": "R"}, {"season": "1886", "stat": {"gamesPlayed": 125, "runs": 117, "doubles": 35, "triples": 11, "homeRuns": 10, "strikeOuts": 19, "baseOnBalls": 55, "hits": 187, "avg": ".371", "atBats": 504, "slg": ".544", "stolenBases": 29, "plateAppearances": 559, "totalBases": 274, "rbi": 147, "babip": ".373", "atBatsPerHomeRun": "50.40"}, "team": {"id": 112, "name": "Chicago White Stockings", "link": "/api/v1/teams/112"}, "player": {"id": 110284, "fullName": "Cap Anson", "link": "/api/v1/people/110284"}, "league": {"id": 104, "name": "National League", "link": "/api/v1/league/104"}, "sport": {"id": 1, "link": "/api/v1/sports/1", "abbreviation": "MLB"}, "gameType": "R"}, {"season": "1887", "stat": {"gamesPlayed": 122, "runs": 107, "doubles": 33, "triples": 13, "homeRuns": 7, "strikeOuts": 18, "baseOnBalls": 60, "hits": 164, "hitByPitch": 1, "avg": ".347", "atBats": 472, "obp": ".422", "slg": ".517", "ops": ".939", "stolenBases": 27, "plateAppearances": 533, "totalBases": 244, "rbi": 102, "babip": ".351", "atBatsPerHomeRun": "67.43"}, "team": {"id": 112, "name": "Chicago White Stockings", "link": "/api/v1/teams/112"}, "player": {"id": 110284, "fullName": "Cap Anson", "link": "/api/v1/people/110284"}, "league": {"id": 104, "name": "National League", "link": "/api/v1/league/104"}, "sport": {"id": 1, "link": "/api/v1/sports/1", "abbreviation": "MLB"}, "gameType": "R"}, {"season": "1888", "stat": {"gamesPlayed": 134, "runs": 101, "doubles": 20, "triples": 12, "homeRuns": 12, "strikeOuts": 24, "baseOnBalls": 47, "hits": 177, "hitByPitch": 1, "avg": ".344", "atBats": 515, "obp": ".400", "slg": ".499", "ops": ".899", "stolenBases": 28, "plateAppearances": 563, "totalBases": 257, "rbi": 84, "babip": ".344", "atBatsPerHomeRun": "42.92"}, "team": {"id": 112, "name": "Chicago White Stockings", "link": "/api/v1/teams/112"}, "player": {"id": 110284, "fullName": "Cap Anson", "link": "/api/v1/people/110284"}, "league": {"id": 104, "name": "National League", "link": "/api/v1/league/104"}, "sport": {"id": 1, "link": "/api/v1/sports/1", "abbreviation": "MLB"}, "gameType": "R"}, {"season": "1889", "stat": {"gamesPlayed": 134, "runs": 100, "doubles": 32, "triples": 7, "homeRuns": 7, "strikeOuts": 19, "baseOnBalls": 86, "hits": 177, "hitByPitch": 5, "avg": ".342", "atBats": 518, "obp": ".440", "slg": ".440", "ops": ".880", "stolenBases": 27, "plateAppearances": 609, "totalBases": 228, "rbi": 117, "babip": ".346", "atBatsPerHomeRun": "74.00"}, "team": {"id": 112, "name": "Chicago White Stockings", "link": "/api/v1/teams/112"}, "player": {"id": 110284, "fullName": "Cap Anson", "link": "/api/v1/people/110284"}, "league": {"id": 104, "name": "National League", "link": "/api/v1/league/104"}, "sport": {"id": 1, "link": "/api/v1/sports/1", "abbreviation": "MLB"}, "gameType": "R"}, {"season": "1890", "stat": {"gamesPlayed": 139, "runs": 95, "doubles": 14, "triples": 5, "homeRuns": 7, "strikeOuts": 23, "baseOnBalls": 113, "hits": 157, "hitByPitch": 6, "avg": ".312", "atBats": 504, "obp": ".443", "slg": ".401", "ops": ".844", "stolenBases": 29, "plateAppearances": 623, "totalBases": 202, "rbi": 107, "babip": ".316", "atBatsPerHomeRun": "72.00"}, "team": {"id": 112, "name": "Chicago Colts", "link": "/api/v1/teams/112"}, "player": {"id": 110284, "fullName": "Cap Anson", "link": "/api/v1/people/110284"}, "league": {"id": 104, "name": "National League", "link": "/api/v1/league/104"}, "sport": {"id": 1, "link": "/api/v1/sports/1", "abbreviation": "MLB"}, "gameType": "R"}, {"season": "1891", "stat": {"gamesPlayed": 136, "runs": 81, "doubles": 24, "triples": 8, "homeRuns": 8, "strikeOuts": 29, "baseOnBalls": 75, "hits": 157, "hitByPitch": 1, "avg": ".291", "atBats": 540, "obp": ".378", "slg": ".409", "ops": ".787", "stolenBases": 17, "plateAppearances": 616, "totalBases": 221, "rbi": 120, "babip": ".296", "atBatsPerHomeRun": "67.50"}, "team": {"id": 112, "name": "Chicago Colts", "link": "/api/v1/teams/112"}, "player": {"id": 110284, "fullName": "Cap Anson", "link": "/api/v1/people/110284"}, "league": {"id": 104, "name": "National League", "link": "/api/v1/league/104"}, "sport": {"id": 1, "link": "/api/v1/sports/1", "abbreviation": "MLB"}, "gameType": "R"}, {"season": "1892", "stat": {"gamesPlayed": 146, "runs": 62, "doubles": 25, "triples": 9, "homeRuns": 1, "strikeOuts": 30, "baseOnBalls": 67, "hits": 152, "hitByPitch": 4, "avg": ".272", "atBats": 559, "obp": ".354", "slg": ".354", "ops": ".708", "stolenBases": 13, "plateAppearances": 630, "totalBases": 198, "rbi": 74, "babip": ".286", "atBatsPerHomeRun": "559.00"}, "team": {"id": 112, "name": "Chicago Colts", "link": "/api/v1/teams/112"}, "player": {"id": 110284, "fullName": "Cap Anson", "link": "/api/v1/people/110284"}, "league": {"id": 104, "name": "National League", "link": "/api/v1/league/104"}, "sport": {"id": 1, "link": "/api/v1/sports/1", "abbreviation": "MLB"}, "gameType": "R"}, {"season": "1893", "stat": {"gamesPlayed": 103, "runs": 70, "doubles": 24, "triples": 2, "homeRuns": 0, "strikeOuts": 12, "baseOnBalls": 68, "hits": 125, "hitByPitch": 1, "avg": ".314", "atBats": 398, "obp": ".415", "slg": ".384", "ops": ".799", "stolenBases": 13, "plateAppearances": 467, "totalBases": 153, "rbi": 91, "babip": ".324", "atBatsPerHomeRun": "-.--"}, "team": {"id": 112, "name": "Chicago Colts", "link": "/api/v1/teams/112"}, "player": {"id": 110284, "fullName": "Cap Anson", "link": "/api/v1/people/110284"}, "league": {"id": 104, "name": "National League", "link": "/api/v1/league/104"}, "sport": {"id": 1, "link": "/api/v1/sports/1", "abbreviation": "MLB"}, "gameType": "R"}, {"season": "1894", "stat": {"gamesPlayed": 83, "runs": 82, "doubles": 28, "triples": 4, "homeRuns": 5, "strikeOuts": 15, "baseOnBalls": 40, "hits": 132, "hitByPitch": 3, "avg": ".388", "atBats": 340, "obp": ".457", "slg": ".538", "ops": ".995", "stolenBases": 17, "plateAppearances": 390, "totalBases": 183, "rbi": 99, "sacBunts": 7, "babip": ".397", "atBatsPerHomeRun": "68.00"}, "team": {"id": 112, "name": "Chicago Colts", "link": "/api/v1/teams/112"}, "player": {"id": 110284, "fullName": "Cap Anson", "link": "/api/v1/people/110284"}, "league": {"id": 104, "name": "National League", "link": "/api/v1/league/104"}, "sport": {"id": 1, "link": "/api/v1/sports/1", "abbreviation": "MLB"}, "gameType": "R"}, {"season": "1895", "stat": {"gamesPlayed": 122, "runs": 87, "doubles": 23, "triples": 6, "homeRuns": 2, "strikeOuts": 23, "baseOnBalls": 55, "hits": 159, "hitByPitch": 3, "avg": ".335", "atBats": 474, "obp": ".408", "slg": ".422", "ops": ".830", "stolenBases": 12, "plateAppearances": 545, "totalBases": 200, "rbi": 91, "sacBunts": 13, "babip": ".350", "atBatsPerHomeRun": "237.00"}, "team": {"id": 112, "name": "Chicago Colts", "link": "/api/v1/teams/112"}, "player": {"id": 110284, "fullName": "Cap Anson", "link": "/api/v1/people/110284"}, "league": {"id": 104, "name": "National League", "link": "/api/v1/league/104"}, "sport": {"id": 1, "link": "/api/v1/sports/1", "abbreviation": "MLB"}, "gameType": "R"}, {"season": "1896", "stat": {"gamesPlayed": 108, "runs": 72, "doubles": 18, "triples": 2, "homeRuns": 2, "strikeOuts": 10, "baseOnBalls": 49, "hits": 133, "hitByPitch": 3, "avg": ".331", "atBats": 402, "obp": ".407", "slg": ".400", "ops": ".807", "stolenBases": 24, "plateAppearances": 459, "totalBases": 161, "rbi": 90, "sacBunts": 5, "babip": ".336", "atBatsPerHomeRun": "201.00"}, "team": {"id": 112, "name": "Chicago Colts", "link": "/api/v1/teams/112"}, "player": {"id": 110284, "fullName": "Cap Anson", "link": "/api/v1/people/110284"}, "league": {"id": 104, "name": "National League", "link": "/api/v1/league/104"}, "sport": {"id": 1, "link": "/api/v1/sports/1", "abbreviation": "MLB"}, "gameType": "R"}, {"season": "1897", "stat": {"gamesPlayed": 114, "runs": 67, "doubles": 17, "triples": 3, "homeRuns": 3, "baseOnBalls": 60, "hits": 121, "hitByPitch": 4, "avg": ".285", "atBats": 424, "obp": ".379", "slg": ".361", "ops": ".740", "stolenBases": 11, "plateAppearances": 497, "totalBases": 153, "rbi": 75, "sacBunts": 9, "atBatsPerHomeRun": "141.33"}, "team": {"id": 112, "name": "Chicago Colts", "link": "/api/v1/teams/112"}, "player": {"id": 110284, "fullName": "Cap Anson", "link": "/api/v1/people/110284"}, "league": {"id": 104, "name": "National League", "link": "/api/v1/league/104"}, "sport": {"id": 1, "link": "/api/v1/sports/1", "abbreviation": "MLB"}, "gameType": "R"}]}, {"type": {"displayName": "yearByYear"}, "group": {"displayName": "pitching"}, "exemptions": [], "splits": [{"season": "1883", "stat": {"gamesPlayed": 2, "gamesStarted": 0, "runs": 1, "homeRuns": 0, "strikeOuts": 0, "baseOnBalls": 1, "hits": 1, "era": "0.00", "inningsPitched": "3.0", "wins": 0, "losses": 0, "saves": 1, "earnedRuns": 0, "whip": "0.67", "battersFaced": 1, "outs": 9, "gamesPitched": 2, "completeGames": 0, "shutouts": 0, "balks": 0, "wildPitches": 0, "winPercentage": ".---", "gamesFinished": 2, "strikeoutWalkRatio": "0.00", "strikeoutsPer9Inn": "0.00", "walksPer9Inn": "3.00", "hitsPer9Inn": "3.00", "runsScoredPer9": "3.00", "homeRunsPer9": "0.00"}, "team": {"id": 112, "name": "Chicago White Stockings", "link": "/api/v1/teams/112"}, "player": {"id": 110284, "fullName": "Cap Anson", "link": "/api/v1/people/110284"}, "league": {"id": 104, "name": "National League", "link": "/api/v1/league/104"}, "sport": {"id": 1, "link": "/api/v1/sports/1", "abbreviation": "MLB"}, "gameType": "R"}, {"season": "1884", "stat": {"gamesPlayed": 1, "gamesStarted": 0, "runs": 4, "homeRuns": 2, "strikeOuts": 1, "baseOnBalls": 1, "hits": 3, "era": "18.00", "inningsPitched": "1.0", "wins": 0, "losses": 1, "saves": 0, "earnedRuns": 2, "whip": "4.00", "battersFaced": 1, "outs": 3, "gamesPitched": 1, "completeGames": 0, "shutouts": 0, "balks": 0, "wildPitches": 0, "winPercentage": ".000", "gamesFinished": 1, "strikeoutWalkRatio": "1.00", "strikeoutsPer9Inn": "9.00", "walksPer9Inn": "9.00", "hitsPer9Inn": "27.00", "runsScoredPer9": "36.00", "homeRunsPer9": "18.00"}, "team": {"id": 112, "name": "Chicago White Stockings", "link": "/api/v1/teams/112"}, "player": {"id": 110284, "fullName": "Cap Anson", "link": "/api/v1/people/110284"}, "league": {"id": 104, "name": "National League", "link": "/api/v1/league/104"}, "sport": {"id": 1, "link": "/api/v1/sports/1", "abbreviation": "MLB"}, "gameType": "R"}]}], "mlbDebutDate": "1871-05-06", "batSide": {"code": "R", "description": "Right"}, "pitchHand": {"code": "R", "description": "Right"}, "nameFirstLast": "Cap Anson", "nameSlug": "cap-anson-110284", "firstLastName": "Cap Anson", "lastFirstName": "Anson, Cap", "lastInitName": "Anson, C", "initLastName": "C Anson", "fullFMLName": "Adrian Constantine Anson", "fullLFMName": "Anson, Adrian Constantine", "strikeZoneTop": 3.371, "strikeZoneBottom": 1.535}