{"id": 110138, "fullName": "Brian Allard", "link": "/api/v1/people/110138", "firstName": "Brian", "lastName": "Allard", "primaryNumber": "31", "birthDate": "1958-01-03", "currentAge": 65, "birthCity": "Spring Valley", "birthStateProvince": "IL", "birthCountry": "USA", "height": "6' 1\"", "weight": 175, "active": false, "primaryPosition": {"code": "1", "name": "Pitcher", "type": "Pitcher", "abbreviation": "P"}, "useName": "Brian", "useLastName": "Allard", "middleName": "Marshall", "boxscoreName": "Allard", "gender": "M", "isPlayer": true, "isVerified": true, "draftYear": 1976, "lastPlayedDate": "1981-06-10", "stats": [{"type": {"displayName": "career"}, "group": {"displayName": "pitching"}, "exemptions": [], "splits": [{"stat": {"gamesPlayed": 19, "gamesStarted": 13, "groundOuts": 44, "airOuts": 25, "runs": 52, "doubles": 25, "triples": 2, "homeRuns": 9, "strikeOuts": 44, "baseOnBalls": 31, "intentionalWalks": 3, "hits": 97, "hitByPitch": 1, "avg": ".267", "atBats": 363, "obp": ".325", "slg": ".421", "ops": ".746", "caughtStealing": 3, "stolenBases": 6, "stolenBasePercentage": ".667", "groundIntoDoublePlay": 16, "numberOfPitches": 580, "era": "4.23", "inningsPitched": "95.2", "wins": 4, "losses": 6, "saves": 0, "saveOpportunities": 0, "holds": 0, "blownSaves": 0, "earnedRuns": 45, "whip": "1.34", "battersFaced": 399, "outs": 287, "gamesPitched": 19, "completeGames": 3, "shutouts": 0, "strikes": 455, "strikePercentage": ".780", "hitBatsmen": 1, "balks": 0, "wildPitches": 1, "pickoffs": 1, "totalBases": 153, "groundOutsToAirouts": "1.76", "winPercentage": ".400", "pitchesPerInning": "6.06", "gamesFinished": 3, "strikeoutWalkRatio": "1.42", "strikeoutsPer9Inn": "4.14", "walksPer9Inn": "2.92", "hitsPer9Inn": "9.13", "runsScoredPer9": "4.89", "homeRunsPer9": "0.85", "inheritedRunners": 5, "inheritedRunnersScored": 2, "catchersInterference": 0, "sacBunts": 2, "sacFlies": 2}, "player": {"id": 110138, "fullName": "Brian Allard", "link": "/api/v1/people/110138"}, "sport": {"id": 1, "link": "/api/v1/sports/1", "abbreviation": "MLB"}, "gameType": "R", "numTeams": 2}]}, {"type": {"displayName": "career"}, "group": {"displayName": "fielding"}, "exemptions": [], "splits": [{"stat": {"gamesPlayed": 19, "gamesStarted": 13, "assists": 12, "putOuts": 6, "errors": 2, "chances": 20, "fielding": ".900", "position": {"code": "1", "name": "Pitcher", "type": "Pitcher", "abbreviation": "P"}, "rangeFactorPerGame": "0.95", "rangeFactorPer9Inn": "1.71", "innings": "95.2", "games": 19, "doublePlays": 1, "triplePlays": 0, "throwingErrors": 0}, "player": {"id": 110138, "fullName": "Brian Allard", "link": "/api/v1/people/110138"}, "sport": {"id": 1, "link": "/api/v1/sports/1", "abbreviation": "MLB"}, "gameType": "R", "numTeams": 2, "position": {"code": "1", "name": "Pitcher", "type": "Pitcher", "abbreviation": "P"}}]}, {"type": {"displayName": "yearByYear"}, "group": {"displayName": "pitching"}, "exemptions": [], "splits": [{"season": "1979", "stat": {"gamesPlayed": 7, "gamesStarted": 4, "groundOuts": 12, "airOuts": 9, "runs": 17, "doubles": 9, "triples": 0, "homeRuns": 4, "strikeOuts": 14, "baseOnBalls": 13, "intentionalWalks": 2, "hits": 36, "hitByPitch": 0, "avg": ".283", "atBats": 127, "obp": ".348", "slg": ".449", "ops": ".797", "caughtStealing": 2, "stolenBases": 3, "stolenBasePercentage": ".600", "groundIntoDoublePlay": 6, "numberOfPitches": 208, "era": "4.32", "inningsPitched": "33.1", "wins": 1, "losses": 3, "saves": 0, "saveOpportunities": 0, "holds": 0, "blownSaves": 0, "earnedRuns": 16, "whip": "1.47", "battersFaced": 141, "outs": 100, "gamesPitched": 7, "completeGames": 2, "shutouts": 0, "strikes": 156, "strikePercentage": ".750", "hitBatsmen": 0, "balks": 0, "wildPitches": 0, "pickoffs": 0, "totalBases": 57, "groundOutsToAirouts": "1.33", "winPercentage": ".250", "pitchesPerInning": "6.24", "gamesFinished": 1, "strikeoutWalkRatio": "1.08", "strikeoutsPer9Inn": "3.78", "walksPer9Inn": "3.51", "hitsPer9Inn": "9.72", "runsScoredPer9": "4.59", "homeRunsPer9": "1.08", "inheritedRunners": 4, "inheritedRunnersScored": 2, "catchersInterference": 0, "sacBunts": 0, "sacFlies": 1}, "team": {"id": 140, "name": "Texas Rangers", "link": "/api/v1/teams/140"}, "player": {"id": 110138, "fullName": "Brian Allard", "link": "/api/v1/people/110138"}, "league": {"id": 103, "name": "American League", "link": "/api/v1/league/103"}, "sport": {"id": 1, "link": "/api/v1/sports/1", "abbreviation": "MLB"}, "gameType": "R"}, {"season": "1980", "stat": {"gamesPlayed": 5, "gamesStarted": 2, "groundOuts": 7, "airOuts": 7, "runs": 13, "doubles": 3, "triples": 1, "homeRuns": 0, "strikeOuts": 10, "baseOnBalls": 10, "intentionalWalks": 1, "hits": 13, "hitByPitch": 1, "avg": ".236", "atBats": 55, "obp": ".358", "slg": ".327", "ops": ".685", "caughtStealing": 0, "stolenBases": 1, "stolenBasePercentage": "1.000", "groundIntoDoublePlay": 1, "numberOfPitches": 117, "era": "5.65", "inningsPitched": "14.1", "wins": 0, "losses": 1, "saves": 0, "saveOpportunities": 0, "holds": 0, "blownSaves": 0, "earnedRuns": 9, "whip": "1.60", "battersFaced": 67, "outs": 43, "gamesPitched": 5, "completeGames": 0, "shutouts": 0, "strikes": 76, "strikePercentage": ".650", "hitBatsmen": 1, "balks": 0, "wildPitches": 1, "pickoffs": 0, "totalBases": 18, "groundOutsToAirouts": "1.00", "winPercentage": ".000", "pitchesPerInning": "8.16", "gamesFinished": 2, "strikeoutWalkRatio": "1.00", "strikeoutsPer9Inn": "6.28", "walksPer9Inn": "6.28", "hitsPer9Inn": "8.16", "runsScoredPer9": "8.16", "homeRunsPer9": "0.00", "inheritedRunners": 1, "inheritedRunnersScored": 0, "catchersInterference": 0, "sacBunts": 0, "sacFlies": 1}, "team": {"id": 140, "name": "Texas Rangers", "link": "/api/v1/teams/140"}, "player": {"id": 110138, "fullName": "Brian Allard", "link": "/api/v1/people/110138"}, "league": {"id": 103, "name": "American League", "link": "/api/v1/league/103"}, "sport": {"id": 1, "link": "/api/v1/sports/1", "abbreviation": "MLB"}, "gameType": "R"}, {"season": "1981", "stat": {"gamesPlayed": 7, "gamesStarted": 7, "groundOuts": 25, "airOuts": 9, "runs": 22, "doubles": 13, "triples": 1, "homeRuns": 5, "strikeOuts": 20, "baseOnBalls": 8, "intentionalWalks": 0, "hits": 48, "hitByPitch": 0, "avg": ".265", "atBats": 181, "obp": ".296", "slg": ".431", "ops": ".727", "caughtStealing": 1, "stolenBases": 2, "stolenBasePercentage": ".667", "groundIntoDoublePlay": 9, "numberOfPitches": 255, "era": "3.75", "inningsPitched": "48.0", "wins": 3, "losses": 2, "saves": 0, "saveOpportunities": 0, "holds": 0, "blownSaves": 0, "earnedRuns": 20, "whip": "1.17", "battersFaced": 191, "outs": 144, "gamesPitched": 7, "completeGames": 1, "shutouts": 0, "strikes": 223, "strikePercentage": ".870", "hitBatsmen": 0, "balks": 0, "wildPitches": 0, "pickoffs": 1, "totalBases": 78, "groundOutsToAirouts": "2.78", "winPercentage": ".600", "pitchesPerInning": "5.31", "gamesFinished": 0, "strikeoutWalkRatio": "2.50", "strikeoutsPer9Inn": "3.75", "walksPer9Inn": "1.50", "hitsPer9Inn": "9.00", "runsScoredPer9": "4.13", "homeRunsPer9": "0.94", "inheritedRunners": 0, "inheritedRunnersScored": 0, "catchersInterference": 0, "sacBunts": 2, "sacFlies": 0}, "team": {"id": 136, "name": "Seattle Mariners", "link": "/api/v1/teams/136"}, "player": {"id": 110138, "fullName": "Brian Allard", "link": "/api/v1/people/110138"}, "league": {"id": 103, "name": "American League", "link": "/api/v1/league/103"}, "sport": {"id": 1, "link": "/api/v1/sports/1", "abbreviation": "MLB"}, "gameType": "R"}]}, {"type": {"displayName": "yearByYear"}, "group": {"displayName": "fielding"}, "exemptions": [], "splits": [{"season": "1979", "stat": {"gamesPlayed": 7, "gamesStarted": 4, "assists": 5, "putOuts": 3, "errors": 0, "chances": 8, "fielding": "1.000", "position": {"code": "1", "name": "Pitcher", "type": "Pitcher", "abbreviation": "P"}, "rangeFactorPerGame": "1.14", "rangeFactorPer9Inn": "2.18", "innings": "33.1", "games": 7, "doublePlays": 0, "triplePlays": 0, "throwingErrors": 0}, "team": {"id": 140, "name": "Texas Rangers", "link": "/api/v1/teams/140"}, "player": {"id": 110138, "fullName": "Brian Allard", "link": "/api/v1/people/110138"}, "league": {"id": 103, "name": "American League", "link": "/api/v1/league/103"}, "sport": {"id": 1, "link": "/api/v1/sports/1", "abbreviation": "MLB"}, "gameType": "R", "position": {"code": "1", "name": "Pitcher", "type": "Pitcher", "abbreviation": "P"}}, {"season": "1980", "stat": {"gamesPlayed": 5, "gamesStarted": 2, "assists": 1, "putOuts": 0, "errors": 1, "chances": 2, "fielding": ".500", "position": {"code": "1", "name": "Pitcher", "type": "Pitcher", "abbreviation": "P"}, "rangeFactorPerGame": "0.20", "rangeFactorPer9Inn": "0.64", "innings": "14.1", "games": 5, "doublePlays": 0, "triplePlays": 0, "throwingErrors": 0}, "team": {"id": 140, "name": "Texas Rangers", "link": "/api/v1/teams/140"}, "player": {"id": 110138, "fullName": "Brian Allard", "link": "/api/v1/people/110138"}, "league": {"id": 103, "name": "American League", "link": "/api/v1/league/103"}, "sport": {"id": 1, "link": "/api/v1/sports/1", "abbreviation": "MLB"}, "gameType": "R", "position": {"code": "1", "name": "Pitcher", "type": "Pitcher", "abbreviation": "P"}}, {"season": "1981", "stat": {"gamesPlayed": 7, "gamesStarted": 7, "assists": 6, "putOuts": 3, "errors": 1, "chances": 10, "fielding": ".900", "position": {"code": "1", "name": "Pitcher", "type": "Pitcher", "abbreviation": "P"}, "rangeFactorPerGame": "1.29", "rangeFactorPer9Inn": "1.69", "innings": "48.0", "games": 7, "doublePlays": 1, "triplePlays": 0, "throwingErrors": 0}, "team": {"id": 136, "name": "Seattle Mariners", "link": "/api/v1/teams/136"}, "player": {"id": 110138, "fullName": "Brian Allard", "link": "/api/v1/people/110138"}, "league": {"id": 103, "name": "American League", "link": "/api/v1/league/103"}, "sport": {"id": 1, "link": "/api/v1/sports/1", "abbreviation": "MLB"}, "gameType": "R", "position": {"code": "1", "name": "Pitcher", "type": "Pitcher", "abbreviation": "P"}}]}], "mlbDebutDate": "1979-08-08", "batSide": {"code": "R", "description": "Right"}, "pitchHand": {"code": "R", "description": "Right"}, "nameFirstLast": "Brian Allard", "nameSlug": "brian-allard-110138", "firstLastName": "Brian Allard", "lastFirstName": "Allard, Brian", "lastInitName": "Allard, B", "initLastName": "B Allard", "fullFMLName": "Brian Marshall Allard", "fullLFMName": "Allard, Brian Marshall", "strikeZoneTop": 3.411, "strikeZoneBottom": 1.565}