{"id": 110136, "fullName": "Luis Alicea", "link": "/api/v1/people/110136", "firstName": "Luis", "lastName": "Alicea", "primaryNumber": "10", "birthDate": "1965-07-29", "currentAge": 58, "birthCity": "Santurce", "birthCountry": "Puerto Rico", "height": "5' 9\"", "weight": 177, "active": false, "primaryPosition": {"code": "4", "name": "Second Base", "type": "Infielder", "abbreviation": "2B"}, "useName": "Luis", "useLastName": "Alicea", "middleName": "Rene", "boxscoreName": "Alicea", "gender": "M", "nameMatrilineal": "De Jesus", "isPlayer": true, "isVerified": true, "draftYear": 1986, "lastPlayedDate": "2002-09-25", "stats": [{"type": {"displayName": "career"}, "group": {"displayName": "hitting"}, "exemptions": [], "splits": [{"stat": {"gamesPlayed": 1341, "groundOuts": 1040, "airOuts": 1293, "runs": 551, "doubles": 189, "triples": 53, "homeRuns": 47, "strikeOuts": 624, "baseOnBalls": 500, "intentionalWalks": 25, "hits": 1031, "hitByPitch": 48, "avg": ".260", "atBats": 3971, "obp": ".346", "slg": ".369", "ops": ".715", "caughtStealing": 50, "stolenBases": 81, "stolenBasePercentage": ".618", "groundIntoDoublePlay": 74, "numberOfPitches": 16718, "plateAppearances": 4614, "totalBases": 1467, "rbi": 422, "leftOnBase": 1624, "sacBunts": 49, "sacFlies": 45, "babip": ".294", "groundOutsToAirouts": "0.80", "catchersInterference": 0, "atBatsPerHomeRun": "84.49"}, "player": {"id": 110136, "fullName": "Luis Alicea", "link": "/api/v1/people/110136"}, "sport": {"id": 1, "link": "/api/v1/sports/1", "abbreviation": "MLB"}, "gameType": "R", "numTeams": 5}]}, {"type": {"displayName": "career"}, "group": {"displayName": "fielding"}, "exemptions": [], "splits": [{"stat": {"gamesPlayed": 997, "gamesStarted": 893, "assists": 2704, "putOuts": 1938, "errors": 122, "chances": 4764, "fielding": ".974", "position": {"code": "4", "name": "Second Base", "type": "Infielder", "abbreviation": "2B"}, "rangeFactorPerGame": "4.66", "rangeFactorPer9Inn": "5.22", "innings": "8010.0", "games": 997, "doublePlays": 621, "triplePlays": 0, "throwingErrors": 43}, "player": {"id": 110136, "fullName": "Luis Alicea", "link": "/api/v1/people/110136"}, "sport": {"id": 1, "link": "/api/v1/sports/1", "abbreviation": "MLB"}, "gameType": "R", "numTeams": 5, "position": {"code": "4", "name": "Second Base", "type": "Infielder", "abbreviation": "2B"}}, {"stat": {"gamesPlayed": 109, "gamesStarted": 70, "assists": 133, "putOuts": 53, "errors": 18, "chances": 204, "fielding": ".912", "position": {"code": "5", "name": "Third Base", "type": "Infielder", "abbreviation": "3B"}, "rangeFactorPerGame": "1.71", "rangeFactorPer9Inn": "2.47", "innings": "678.1", "games": 109, "doublePlays": 10, "triplePlays": 0, "throwingErrors": 6}, "player": {"id": 110136, "fullName": "Luis Alicea", "link": "/api/v1/people/110136"}, "sport": {"id": 1, "link": "/api/v1/sports/1", "abbreviation": "MLB"}, "gameType": "R", "numTeams": 4, "position": {"code": "5", "name": "Third Base", "type": "Infielder", "abbreviation": "3B"}}, {"stat": {"gamesPlayed": 46, "gamesStarted": 46, "assists": 0, "putOuts": 0, "errors": 0, "chances": 0, "fielding": ".000", "position": {"code": "10", "name": "Designated Hitter", "type": "Hitter", "abbreviation": "DH"}, "rangeFactorPerGame": "0.00", "rangeFactorPer9Inn": "-.--", "innings": "0.0", "games": 46, "doublePlays": 0, "triplePlays": 0, "throwingErrors": 0}, "player": {"id": 110136, "fullName": "Luis Alicea", "link": "/api/v1/people/110136"}, "sport": {"id": 1, "link": "/api/v1/sports/1", "abbreviation": "MLB"}, "gameType": "R", "numTeams": 3, "position": {"code": "10", "name": "Designated Hitter", "type": "Hitter", "abbreviation": "DH"}}, {"stat": {"gamesPlayed": 2, "gamesStarted": 0, "assists": 0, "putOuts": 8, "errors": 0, "chances": 8, "fielding": "1.000", "position": {"code": "3", "name": "First Base", "type": "Infielder", "abbreviation": "1B"}, "rangeFactorPerGame": "4.00", "rangeFactorPer9Inn": "14.40", "innings": "5.0", "games": 2, "doublePlays": 0, "triplePlays": 0, "throwingErrors": 0}, "team": {"id": 118, "name": "Kansas City Royals", "link": "/api/v1/teams/118"}, "player": {"id": 110136, "fullName": "Luis Alicea", "link": "/api/v1/people/110136"}, "league": {"id": 103, "name": "American League", "link": "/api/v1/league/103"}, "sport": {"id": 1, "link": "/api/v1/sports/1", "abbreviation": "MLB"}, "gameType": "R", "position": {"code": "3", "name": "First Base", "type": "Infielder", "abbreviation": "1B"}}, {"stat": {"gamesPlayed": 8, "gamesStarted": 3, "assists": 10, "putOuts": 8, "errors": 3, "chances": 21, "fielding": ".857", "position": {"code": "6", "name": "Shortstop", "type": "Infielder", "abbreviation": "SS"}, "rangeFactorPerGame": "2.25", "rangeFactorPer9Inn": "4.76", "innings": "34.1", "games": 8, "doublePlays": 3, "triplePlays": 0, "throwingErrors": 1}, "player": {"id": 110136, "fullName": "Luis Alicea", "link": "/api/v1/people/110136"}, "sport": {"id": 1, "link": "/api/v1/sports/1", "abbreviation": "MLB"}, "gameType": "R", "numTeams": 3, "position": {"code": "6", "name": "Shortstop", "type": "Infielder", "abbreviation": "SS"}}, {"stat": {"gamesPlayed": 10, "gamesStarted": 4, "assists": 1, "putOuts": 12, "errors": 0, "chances": 13, "fielding": "1.000", "position": {"code": "7", "name": "Outfielder", "type": "Outfielder", "abbreviation": "LF"}, "rangeFactorPerGame": "1.30", "rangeFactorPer9Inn": "2.25", "innings": "52.2", "games": 10, "doublePlays": 0, "triplePlays": 0, "throwingErrors": 0}, "player": {"id": 110136, "fullName": "Luis Alicea", "link": "/api/v1/people/110136"}, "sport": {"id": 1, "link": "/api/v1/sports/1", "abbreviation": "MLB"}, "gameType": "R", "numTeams": 3, "position": {"code": "7", "name": "Outfielder", "type": "Outfielder", "abbreviation": "LF"}}, {"stat": {"gamesPlayed": 1, "gamesStarted": 0, "assists": 0, "putOuts": 0, "errors": 0, "chances": 0, "fielding": ".000", "position": {"code": "9", "name": "Outfielder", "type": "Outfielder", "abbreviation": "RF"}, "rangeFactorPerGame": "0.00", "rangeFactorPer9Inn": "0.00", "innings": "0.1", "games": 1, "doublePlays": 0, "triplePlays": 0, "throwingErrors": 0}, "team": {"id": 118, "name": "Kansas City Royals", "link": "/api/v1/teams/118"}, "player": {"id": 110136, "fullName": "Luis Alicea", "link": "/api/v1/people/110136"}, "league": {"id": 103, "name": "American League", "link": "/api/v1/league/103"}, "sport": {"id": 1, "link": "/api/v1/sports/1", "abbreviation": "MLB"}, "gameType": "R", "position": {"code": "9", "name": "Outfielder", "type": "Outfielder", "abbreviation": "RF"}}]}, {"type": {"displayName": "yearByYear"}, "group": {"displayName": "hitting"}, "exemptions": [], "splits": [{"season": "1988", "stat": {"gamesPlayed": 93, "groundOuts": 67, "airOuts": 73, "runs": 20, "doubles": 10, "triples": 4, "homeRuns": 1, "strikeOuts": 32, "baseOnBalls": 25, "intentionalWalks": 4, "hits": 63, "hitByPitch": 2, "avg": ".212", "atBats": 297, "obp": ".276", "slg": ".283", "ops": ".559", "caughtStealing": 1, "stolenBases": 1, "stolenBasePercentage": ".500", "groundIntoDoublePlay": 12, "numberOfPitches": 1127, "plateAppearances": 330, "totalBases": 84, "rbi": 24, "leftOnBase": 164, "sacBunts": 4, "sacFlies": 2, "babip": ".233", "groundOutsToAirouts": "0.92", "catchersInterference": 0, "atBatsPerHomeRun": "297.00"}, "team": {"id": 138, "name": "St. Louis Cardinals", "link": "/api/v1/teams/138"}, "player": {"id": 110136, "fullName": "Luis Alicea", "link": "/api/v1/people/110136"}, "league": {"id": 104, "name": "National League", "link": "/api/v1/league/104"}, "sport": {"id": 1, "link": "/api/v1/sports/1", "abbreviation": "MLB"}, "gameType": "R"}, {"season": "1991", "stat": {"gamesPlayed": 56, "groundOuts": 10, "airOuts": 26, "runs": 5, "doubles": 3, "triples": 0, "homeRuns": 0, "strikeOuts": 19, "baseOnBalls": 8, "intentionalWalks": 0, "hits": 13, "hitByPitch": 0, "avg": ".191", "atBats": 68, "obp": ".276", "slg": ".235", "ops": ".511", "caughtStealing": 1, "stolenBases": 0, "stolenBasePercentage": ".000", "groundIntoDoublePlay": 0, "numberOfPitches": 296, "plateAppearances": 76, "totalBases": 16, "rbi": 0, "leftOnBase": 20, "sacBunts": 0, "sacFlies": 0, "babip": ".265", "groundOutsToAirouts": "0.38", "catchersInterference": 0, "atBatsPerHomeRun": "-.--"}, "team": {"id": 138, "name": "St. Louis Cardinals", "link": "/api/v1/teams/138"}, "player": {"id": 110136, "fullName": "Luis Alicea", "link": "/api/v1/people/110136"}, "league": {"id": 104, "name": "National League", "link": "/api/v1/league/104"}, "sport": {"id": 1, "link": "/api/v1/sports/1", "abbreviation": "MLB"}, "gameType": "R"}, {"season": "1992", "stat": {"gamesPlayed": 85, "groundOuts": 74, "airOuts": 92, "runs": 26, "doubles": 9, "triples": 11, "homeRuns": 2, "strikeOuts": 40, "baseOnBalls": 27, "intentionalWalks": 1, "hits": 65, "hitByPitch": 4, "avg": ".245", "atBats": 265, "obp": ".320", "slg": ".385", "ops": ".705", "caughtStealing": 5, "stolenBases": 2, "stolenBasePercentage": ".286", "groundIntoDoublePlay": 5, "numberOfPitches": 1091, "plateAppearances": 302, "totalBases": 102, "rbi": 32, "leftOnBase": 109, "sacBunts": 2, "sacFlies": 4, "babip": ".278", "groundOutsToAirouts": "0.80", "catchersInterference": 0, "atBatsPerHomeRun": "132.50"}, "team": {"id": 138, "name": "St. Louis Cardinals", "link": "/api/v1/teams/138"}, "player": {"id": 110136, "fullName": "Luis Alicea", "link": "/api/v1/people/110136"}, "league": {"id": 104, "name": "National League", "link": "/api/v1/league/104"}, "sport": {"id": 1, "link": "/api/v1/sports/1", "abbreviation": "MLB"}, "gameType": "R"}, {"season": "1993", "stat": {"gamesPlayed": 115, "groundOuts": 91, "airOuts": 123, "runs": 50, "doubles": 19, "triples": 3, "homeRuns": 3, "strikeOuts": 54, "baseOnBalls": 47, "intentionalWalks": 2, "hits": 101, "hitByPitch": 4, "avg": ".279", "atBats": 362, "obp": ".362", "slg": ".373", "ops": ".735", "caughtStealing": 1, "stolenBases": 11, "stolenBasePercentage": ".917", "groundIntoDoublePlay": 9, "numberOfPitches": 1536, "plateAppearances": 421, "totalBases": 135, "rbi": 46, "leftOnBase": 128, "sacBunts": 1, "sacFlies": 7, "babip": ".314", "groundOutsToAirouts": "0.74", "catchersInterference": 0, "atBatsPerHomeRun": "120.67"}, "team": {"id": 138, "name": "St. Louis Cardinals", "link": "/api/v1/teams/138"}, "player": {"id": 110136, "fullName": "Luis Alicea", "link": "/api/v1/people/110136"}, "league": {"id": 104, "name": "National League", "link": "/api/v1/league/104"}, "sport": {"id": 1, "link": "/api/v1/sports/1", "abbreviation": "MLB"}, "gameType": "R"}, {"season": "1994", "stat": {"gamesPlayed": 88, "groundOuts": 53, "airOuts": 61, "runs": 32, "doubles": 12, "triples": 5, "homeRuns": 5, "strikeOuts": 38, "baseOnBalls": 30, "intentionalWalks": 4, "hits": 57, "hitByPitch": 3, "avg": ".278", "atBats": 205, "obp": ".373", "slg": ".459", "ops": ".832", "caughtStealing": 5, "stolenBases": 4, "stolenBasePercentage": ".444", "groundIntoDoublePlay": 1, "numberOfPitches": 862, "plateAppearances": 242, "totalBases": 94, "rbi": 29, "leftOnBase": 83, "sacBunts": 1, "sacFlies": 3, "babip": ".315", "groundOutsToAirouts": "0.87", "catchersInterference": 0, "atBatsPerHomeRun": "41.00"}, "team": {"id": 138, "name": "St. Louis Cardinals", "link": "/api/v1/teams/138"}, "player": {"id": 110136, "fullName": "Luis Alicea", "link": "/api/v1/people/110136"}, "league": {"id": 104, "name": "National League", "link": "/api/v1/league/104"}, "sport": {"id": 1, "link": "/api/v1/sports/1", "abbreviation": "MLB"}, "gameType": "R"}, {"season": "1995", "stat": {"gamesPlayed": 132, "groundOuts": 124, "airOuts": 143, "runs": 64, "doubles": 20, "triples": 3, "homeRuns": 6, "strikeOuts": 61, "baseOnBalls": 63, "intentionalWalks": 0, "hits": 113, "hitByPitch": 7, "avg": ".270", "atBats": 419, "obp": ".367", "slg": ".375", "ops": ".742", "caughtStealing": 10, "stolenBases": 13, "stolenBasePercentage": ".565", "groundIntoDoublePlay": 10, "numberOfPitches": 1932, "plateAppearances": 511, "totalBases": 157, "rbi": 44, "leftOnBase": 185, "sacBunts": 13, "sacFlies": 9, "babip": ".296", "groundOutsToAirouts": "0.87", "catchersInterference": 0, "atBatsPerHomeRun": "69.83"}, "team": {"id": 111, "name": "Boston Red Sox", "link": "/api/v1/teams/111"}, "player": {"id": 110136, "fullName": "Luis Alicea", "link": "/api/v1/people/110136"}, "league": {"id": 103, "name": "American League", "link": "/api/v1/league/103"}, "sport": {"id": 1, "link": "/api/v1/sports/1", "abbreviation": "MLB"}, "gameType": "R"}, {"season": "1996", "stat": {"gamesPlayed": 129, "groundOuts": 86, "airOuts": 124, "runs": 54, "doubles": 26, "triples": 3, "homeRuns": 5, "strikeOuts": 78, "baseOnBalls": 52, "intentionalWalks": 9, "hits": 98, "hitByPitch": 5, "avg": ".258", "atBats": 380, "obp": ".350", "slg": ".382", "ops": ".732", "caughtStealing": 3, "stolenBases": 11, "stolenBasePercentage": ".786", "groundIntoDoublePlay": 4, "numberOfPitches": 1475, "plateAppearances": 447, "totalBases": 145, "rbi": 42, "leftOnBase": 158, "sacBunts": 4, "sacFlies": 6, "babip": ".307", "groundOutsToAirouts": "0.69", "catchersInterference": 0, "atBatsPerHomeRun": "76.00"}, "team": {"id": 138, "name": "St. Louis Cardinals", "link": "/api/v1/teams/138"}, "player": {"id": 110136, "fullName": "Luis Alicea", "link": "/api/v1/people/110136"}, "league": {"id": 104, "name": "National League", "link": "/api/v1/league/104"}, "sport": {"id": 1, "link": "/api/v1/sports/1", "abbreviation": "MLB"}, "gameType": "R"}, {"season": "1997", "stat": {"gamesPlayed": 128, "groundOuts": 86, "airOuts": 145, "runs": 59, "doubles": 16, "triples": 7, "homeRuns": 5, "strikeOuts": 65, "baseOnBalls": 69, "intentionalWalks": 3, "hits": 98, "hitByPitch": 8, "avg": ".253", "atBats": 388, "obp": ".375", "slg": ".369", "ops": ".744", "caughtStealing": 8, "stolenBases": 22, "stolenBasePercentage": ".733", "groundIntoDoublePlay": 4, "numberOfPitches": 1621, "plateAppearances": 471, "totalBases": 143, "rbi": 37, "leftOnBase": 152, "sacBunts": 4, "sacFlies": 2, "babip": ".291", "groundOutsToAirouts": "0.59", "catchersInterference": 0, "atBatsPerHomeRun": "77.60"}, "team": {"id": 108, "name": "Anaheim Angels", "link": "/api/v1/teams/108"}, "player": {"id": 110136, "fullName": "Luis Alicea", "link": "/api/v1/people/110136"}, "league": {"id": 103, "name": "American League", "link": "/api/v1/league/103"}, "sport": {"id": 1, "link": "/api/v1/sports/1", "abbreviation": "MLB"}, "gameType": "R"}, {"season": "1998", "stat": {"gamesPlayed": 101, "groundOuts": 76, "airOuts": 79, "runs": 51, "doubles": 15, "triples": 3, "homeRuns": 6, "strikeOuts": 40, "baseOnBalls": 37, "intentionalWalks": 0, "hits": 71, "hitByPitch": 5, "avg": ".274", "atBats": 259, "obp": ".372", "slg": ".425", "ops": ".797", "caughtStealing": 3, "stolenBases": 4, "stolenBasePercentage": ".571", "groundIntoDoublePlay": 1, "numberOfPitches": 1181, "plateAppearances": 308, "totalBases": 110, "rbi": 33, "leftOnBase": 92, "sacBunts": 4, "sacFlies": 3, "babip": ".301", "groundOutsToAirouts": "0.96", "catchersInterference": 0, "atBatsPerHomeRun": "43.17"}, "team": {"id": 140, "name": "Texas Rangers", "link": "/api/v1/teams/140"}, "player": {"id": 110136, "fullName": "Luis Alicea", "link": "/api/v1/people/110136"}, "league": {"id": 103, "name": "American League", "link": "/api/v1/league/103"}, "sport": {"id": 1, "link": "/api/v1/sports/1", "abbreviation": "MLB"}, "gameType": "R"}, {"season": "1999", "stat": {"gamesPlayed": 68, "groundOuts": 54, "airOuts": 49, "runs": 33, "doubles": 10, "triples": 0, "homeRuns": 3, "strikeOuts": 32, "baseOnBalls": 28, "intentionalWalks": 0, "hits": 33, "hitByPitch": 0, "avg": ".201", "atBats": 164, "obp": ".316", "slg": ".317", "ops": ".633", "caughtStealing": 1, "stolenBases": 2, "stolenBasePercentage": ".667", "groundIntoDoublePlay": 4, "numberOfPitches": 724, "plateAppearances": 196, "totalBases": 52, "rbi": 17, "leftOnBase": 94, "sacBunts": 3, "sacFlies": 1, "babip": ".231", "groundOutsToAirouts": "1.10", "catchersInterference": 0, "atBatsPerHomeRun": "54.67"}, "team": {"id": 140, "name": "Texas Rangers", "link": "/api/v1/teams/140"}, "player": {"id": 110136, "fullName": "Luis Alicea", "link": "/api/v1/people/110136"}, "league": {"id": 103, "name": "American League", "link": "/api/v1/league/103"}, "sport": {"id": 1, "link": "/api/v1/sports/1", "abbreviation": "MLB"}, "gameType": "R"}, {"season": "2000", "stat": {"gamesPlayed": 139, "groundOuts": 129, "airOuts": 190, "runs": 85, "doubles": 25, "triples": 8, "homeRuns": 6, "strikeOuts": 75, "baseOnBalls": 59, "intentionalWalks": 1, "hits": 159, "hitByPitch": 5, "avg": ".294", "atBats": 540, "obp": ".365", "slg": ".404", "ops": ".769", "caughtStealing": 3, "stolenBases": 1, "stolenBasePercentage": ".250", "groundIntoDoublePlay": 13, "numberOfPitches": 2337, "plateAppearances": 619, "totalBases": 218, "rbi": 63, "leftOnBase": 197, "sacBunts": 7, "sacFlies": 7, "babip": ".328", "groundOutsToAirouts": "0.68", "catchersInterference": 0, "atBatsPerHomeRun": "90.00"}, "team": {"id": 140, "name": "Texas Rangers", "link": "/api/v1/teams/140"}, "player": {"id": 110136, "fullName": "Luis Alicea", "link": "/api/v1/people/110136"}, "league": {"id": 103, "name": "American League", "link": "/api/v1/league/103"}, "sport": {"id": 1, "link": "/api/v1/sports/1", "abbreviation": "MLB"}, "gameType": "R"}, {"season": "2001", "stat": {"gamesPlayed": 113, "groundOuts": 107, "airOuts": 120, "runs": 44, "doubles": 16, "triples": 4, "homeRuns": 4, "strikeOuts": 56, "baseOnBalls": 23, "intentionalWalks": 0, "hits": 106, "hitByPitch": 4, "avg": ".274", "atBats": 387, "obp": ".320", "slg": ".367", "ops": ".687", "caughtStealing": 6, "stolenBases": 8, "stolenBasePercentage": ".571", "groundIntoDoublePlay": 6, "numberOfPitches": 1502, "plateAppearances": 418, "totalBases": 142, "rbi": 32, "leftOnBase": 152, "sacBunts": 3, "sacFlies": 1, "babip": ".311", "groundOutsToAirouts": "0.89", "catchersInterference": 0, "atBatsPerHomeRun": "96.75"}, "team": {"id": 118, "name": "Kansas City Royals", "link": "/api/v1/teams/118"}, "player": {"id": 110136, "fullName": "Luis Alicea", "link": "/api/v1/people/110136"}, "league": {"id": 103, "name": "American League", "link": "/api/v1/league/103"}, "sport": {"id": 1, "link": "/api/v1/sports/1", "abbreviation": "MLB"}, "gameType": "R"}, {"season": "2002", "stat": {"gamesPlayed": 94, "groundOuts": 83, "airOuts": 68, "runs": 28, "doubles": 8, "triples": 2, "homeRuns": 1, "strikeOuts": 34, "baseOnBalls": 32, "intentionalWalks": 1, "hits": 54, "hitByPitch": 1, "avg": ".228", "atBats": 237, "obp": ".322", "slg": ".291", "ops": ".613", "caughtStealing": 3, "stolenBases": 2, "stolenBasePercentage": ".400", "groundIntoDoublePlay": 5, "numberOfPitches": 1034, "plateAppearances": 273, "totalBases": 69, "rbi": 23, "leftOnBase": 90, "sacBunts": 3, "sacFlies": 0, "babip": ".262", "groundOutsToAirouts": "1.22", "catchersInterference": 0, "atBatsPerHomeRun": "237.00"}, "team": {"id": 118, "name": "Kansas City Royals", "link": "/api/v1/teams/118"}, "player": {"id": 110136, "fullName": "Luis Alicea", "link": "/api/v1/people/110136"}, "league": {"id": 103, "name": "American League", "link": "/api/v1/league/103"}, "sport": {"id": 1, "link": "/api/v1/sports/1", "abbreviation": "MLB"}, "gameType": "R"}]}, {"type": {"displayName": "yearByYear"}, "group": {"displayName": "fielding"}, "exemptions": [], "splits": [{"season": "1988", "stat": {"gamesPlayed": 91, "gamesStarted": 77, "assists": 237, "putOuts": 206, "errors": 14, "chances": 457, "fielding": ".969", "position": {"code": "4", "name": "Second Base", "type": "Infielder", "abbreviation": "2B"}, "rangeFactorPerGame": "4.87", "rangeFactorPer9Inn": "5.42", "innings": "736.2", "games": 91, "doublePlays": 51, "triplePlays": 0, "throwingErrors": 3}, "team": {"id": 138, "name": "St. Louis Cardinals", "link": "/api/v1/teams/138"}, "player": {"id": 110136, "fullName": "Luis Alicea", "link": "/api/v1/people/110136"}, "league": {"id": 104, "name": "National League", "link": "/api/v1/league/104"}, "sport": {"id": 1, "link": "/api/v1/sports/1", "abbreviation": "MLB"}, "gameType": "R", "position": {"code": "4", "name": "Second Base", "type": "Infielder", "abbreviation": "2B"}}, {"season": "1991", "stat": {"gamesPlayed": 11, "gamesStarted": 6, "assists": 22, "putOuts": 17, "errors": 0, "chances": 39, "fielding": "1.000", "position": {"code": "4", "name": "Second Base", "type": "Infielder", "abbreviation": "2B"}, "rangeFactorPerGame": "3.55", "rangeFactorPer9Inn": "5.75", "innings": "61.1", "games": 11, "doublePlays": 3, "triplePlays": 0, "throwingErrors": 0}, "team": {"id": 138, "name": "St. Louis Cardinals", "link": "/api/v1/teams/138"}, "player": {"id": 110136, "fullName": "Luis Alicea", "link": "/api/v1/people/110136"}, "league": {"id": 104, "name": "National League", "link": "/api/v1/league/104"}, "sport": {"id": 1, "link": "/api/v1/sports/1", "abbreviation": "MLB"}, "gameType": "R", "position": {"code": "4", "name": "Second Base", "type": "Infielder", "abbreviation": "2B"}}, {"season": "1991", "stat": {"gamesPlayed": 2, "gamesStarted": 0, "assists": 0, "putOuts": 1, "errors": 0, "chances": 1, "fielding": "1.000", "position": {"code": "5", "name": "Third Base", "type": "Infielder", "abbreviation": "3B"}, "rangeFactorPerGame": "0.50", "rangeFactorPer9Inn": "3.00", "innings": "3.0", "games": 2, "doublePlays": 0, "triplePlays": 0, "throwingErrors": 0}, "team": {"id": 138, "name": "St. Louis Cardinals", "link": "/api/v1/teams/138"}, "player": {"id": 110136, "fullName": "Luis Alicea", "link": "/api/v1/people/110136"}, "league": {"id": 104, "name": "National League", "link": "/api/v1/league/104"}, "sport": {"id": 1, "link": "/api/v1/sports/1", "abbreviation": "MLB"}, "gameType": "R", "position": {"code": "5", "name": "Third Base", "type": "Infielder", "abbreviation": "3B"}}, {"season": "1991", "stat": {"gamesPlayed": 1, "gamesStarted": 0, "assists": 1, "putOuts": 1, "errors": 0, "chances": 2, "fielding": "1.000", "position": {"code": "6", "name": "Shortstop", "type": "Infielder", "abbreviation": "SS"}, "rangeFactorPerGame": "2.00", "rangeFactorPer9Inn": "18.00", "innings": "1.0", "games": 1, "doublePlays": 1, "triplePlays": 0, "throwingErrors": 0}, "team": {"id": 138, "name": "St. Louis Cardinals", "link": "/api/v1/teams/138"}, "player": {"id": 110136, "fullName": "Luis Alicea", "link": "/api/v1/people/110136"}, "league": {"id": 104, "name": "National League", "link": "/api/v1/league/104"}, "sport": {"id": 1, "link": "/api/v1/sports/1", "abbreviation": "MLB"}, "gameType": "R", "position": {"code": "6", "name": "Shortstop", "type": "Infielder", "abbreviation": "SS"}}, {"season": "1992", "stat": {"gamesPlayed": 75, "gamesStarted": 71, "assists": 227, "putOuts": 130, "errors": 4, "chances": 361, "fielding": ".989", "position": {"code": "4", "name": "Second Base", "type": "Infielder", "abbreviation": "2B"}, "rangeFactorPerGame": "4.76", "rangeFactorPer9Inn": "5.06", "innings": "635.2", "games": 75, "doublePlays": 36, "triplePlays": 0, "throwingErrors": 2}, "team": {"id": 138, "name": "St. Louis Cardinals", "link": "/api/v1/teams/138"}, "player": {"id": 110136, "fullName": "Luis Alicea", "link": "/api/v1/people/110136"}, "league": {"id": 104, "name": "National League", "link": "/api/v1/league/104"}, "sport": {"id": 1, "link": "/api/v1/sports/1", "abbreviation": "MLB"}, "gameType": "R", "position": {"code": "4", "name": "Second Base", "type": "Infielder", "abbreviation": "2B"}}, {"season": "1992", "stat": {"gamesPlayed": 4, "gamesStarted": 3, "assists": 6, "putOuts": 6, "errors": 3, "chances": 15, "fielding": ".800", "position": {"code": "6", "name": "Shortstop", "type": "Infielder", "abbreviation": "SS"}, "rangeFactorPerGame": "3.00", "rangeFactorPer9Inn": "4.00", "innings": "27.0", "games": 4, "doublePlays": 2, "triplePlays": 0, "throwingErrors": 1}, "team": {"id": 138, "name": "St. Louis Cardinals", "link": "/api/v1/teams/138"}, "player": {"id": 110136, "fullName": "Luis Alicea", "link": "/api/v1/people/110136"}, "league": {"id": 104, "name": "National League", "link": "/api/v1/league/104"}, "sport": {"id": 1, "link": "/api/v1/sports/1", "abbreviation": "MLB"}, "gameType": "R", "position": {"code": "6", "name": "Shortstop", "type": "Infielder", "abbreviation": "SS"}}, {"season": "1993", "stat": {"gamesPlayed": 96, "gamesStarted": 87, "assists": 280, "putOuts": 197, "errors": 11, "chances": 488, "fielding": ".977", "position": {"code": "4", "name": "Second Base", "type": "Infielder", "abbreviation": "2B"}, "rangeFactorPerGame": "4.97", "rangeFactorPer9Inn": "5.52", "innings": "778.2", "games": 96, "doublePlays": 62, "triplePlays": 0, "throwingErrors": 6}, "team": {"id": 138, "name": "St. Louis Cardinals", "link": "/api/v1/teams/138"}, "player": {"id": 110136, "fullName": "Luis Alicea", "link": "/api/v1/people/110136"}, "league": {"id": 104, "name": "National League", "link": "/api/v1/league/104"}, "sport": {"id": 1, "link": "/api/v1/sports/1", "abbreviation": "MLB"}, "gameType": "R", "position": {"code": "4", "name": "Second Base", "type": "Infielder", "abbreviation": "2B"}}, {"season": "1993", "stat": {"gamesPlayed": 1, "gamesStarted": 0, "assists": 0, "putOuts": 0, "errors": 0, "chances": 0, "fielding": ".000", "position": {"code": "5", "name": "Third Base", "type": "Infielder", "abbreviation": "3B"}, "rangeFactorPerGame": "0.00", "rangeFactorPer9Inn": "0.00", "innings": "3.0", "games": 1, "doublePlays": 0, "triplePlays": 0, "throwingErrors": 0}, "team": {"id": 138, "name": "St. Louis Cardinals", "link": "/api/v1/teams/138"}, "player": {"id": 110136, "fullName": "Luis Alicea", "link": "/api/v1/people/110136"}, "league": {"id": 104, "name": "National League", "link": "/api/v1/league/104"}, "sport": {"id": 1, "link": "/api/v1/sports/1", "abbreviation": "MLB"}, "gameType": "R", "position": {"code": "5", "name": "Third Base", "type": "Infielder", "abbreviation": "3B"}}, {"season": "1993", "stat": {"gamesPlayed": 4, "gamesStarted": 3, "assists": 1, "putOuts": 8, "errors": 0, "chances": 9, "fielding": "1.000", "position": {"code": "7", "name": "Outfielder", "type": "Outfielder", "abbreviation": "LF"}, "rangeFactorPerGame": "2.25", "rangeFactorPer9Inn": "2.79", "innings": "29.0", "games": 4, "doublePlays": 0, "triplePlays": 0, "throwingErrors": 0}, "team": {"id": 138, "name": "St. Louis Cardinals", "link": "/api/v1/teams/138"}, "player": {"id": 110136, "fullName": "Luis Alicea", "link": "/api/v1/people/110136"}, "league": {"id": 104, "name": "National League", "link": "/api/v1/league/104"}, "sport": {"id": 1, "link": "/api/v1/sports/1", "abbreviation": "MLB"}, "gameType": "R", "position": {"code": "7", "name": "Outfielder", "type": "Outfielder", "abbreviation": "LF"}}, {"season": "1994", "stat": {"gamesPlayed": 53, "gamesStarted": 48, "assists": 148, "putOuts": 127, "errors": 4, "chances": 279, "fielding": ".986", "position": {"code": "4", "name": "Second Base", "type": "Infielder", "abbreviation": "2B"}, "rangeFactorPerGame": "5.19", "rangeFactorPer9Inn": "6.01", "innings": "412.1", "games": 53, "doublePlays": 38, "triplePlays": 0, "throwingErrors": 0}, "team": {"id": 138, "name": "St. Louis Cardinals", "link": "/api/v1/teams/138"}, "player": {"id": 110136, "fullName": "Luis Alicea", "link": "/api/v1/people/110136"}, "league": {"id": 104, "name": "National League", "link": "/api/v1/league/104"}, "sport": {"id": 1, "link": "/api/v1/sports/1", "abbreviation": "MLB"}, "gameType": "R", "position": {"code": "4", "name": "Second Base", "type": "Infielder", "abbreviation": "2B"}}, {"season": "1994", "stat": {"gamesPlayed": 2, "gamesStarted": 0, "assists": 0, "putOuts": 2, "errors": 0, "chances": 2, "fielding": "1.000", "position": {"code": "7", "name": "Outfielder", "type": "Outfielder", "abbreviation": "LF"}, "rangeFactorPerGame": "1.00", "rangeFactorPer9Inn": "1.29", "innings": "14.0", "games": 2, "doublePlays": 0, "triplePlays": 0, "throwingErrors": 0}, "team": {"id": 138, "name": "St. Louis Cardinals", "link": "/api/v1/teams/138"}, "player": {"id": 110136, "fullName": "Luis Alicea", "link": "/api/v1/people/110136"}, "league": {"id": 104, "name": "National League", "link": "/api/v1/league/104"}, "sport": {"id": 1, "link": "/api/v1/sports/1", "abbreviation": "MLB"}, "gameType": "R", "position": {"code": "7", "name": "Outfielder", "type": "Outfielder", "abbreviation": "LF"}}, {"season": "1995", "stat": {"gamesPlayed": 132, "gamesStarted": 130, "assists": 430, "putOuts": 255, "errors": 17, "chances": 702, "fielding": ".976", "position": {"code": "4", "name": "Second Base", "type": "Infielder", "abbreviation": "2B"}, "rangeFactorPerGame": "5.19", "rangeFactorPer9Inn": "5.36", "innings": "1150.2", "games": 132, "doublePlays": 104, "triplePlays": 0, "throwingErrors": 6}, "team": {"id": 111, "name": "Boston Red Sox", "link": "/api/v1/teams/111"}, "player": {"id": 110136, "fullName": "Luis Alicea", "link": "/api/v1/people/110136"}, "league": {"id": 103, "name": "American League", "link": "/api/v1/league/103"}, "sport": {"id": 1, "link": "/api/v1/sports/1", "abbreviation": "MLB"}, "gameType": "R", "position": {"code": "4", "name": "Second Base", "type": "Infielder", "abbreviation": "2B"}}, {"season": "1996", "stat": {"gamesPlayed": 125, "gamesStarted": 104, "assists": 287, "putOuts": 241, "errors": 24, "chances": 552, "fielding": ".957", "position": {"code": "4", "name": "Second Base", "type": "Infielder", "abbreviation": "2B"}, "rangeFactorPerGame": "4.22", "rangeFactorPer9Inn": "4.98", "innings": "954.0", "games": 125, "doublePlays": 70, "triplePlays": 0, "throwingErrors": 7}, "team": {"id": 138, "name": "St. Louis Cardinals", "link": "/api/v1/teams/138"}, "player": {"id": 110136, "fullName": "Luis Alicea", "link": "/api/v1/people/110136"}, "league": {"id": 104, "name": "National League", "link": "/api/v1/league/104"}, "sport": {"id": 1, "link": "/api/v1/sports/1", "abbreviation": "MLB"}, "gameType": "R", "position": {"code": "4", "name": "Second Base", "type": "Infielder", "abbreviation": "2B"}}, {"season": "1997", "stat": {"gamesPlayed": 105, "gamesStarted": 100, "assists": 268, "putOuts": 217, "errors": 11, "chances": 496, "fielding": ".978", "position": {"code": "4", "name": "Second Base", "type": "Infielder", "abbreviation": "2B"}, "rangeFactorPerGame": "4.62", "rangeFactorPer9Inn": "4.90", "innings": "890.0", "games": 105, "doublePlays": 58, "triplePlays": 0, "throwingErrors": 5}, "team": {"id": 108, "name": "Anaheim Angels", "link": "/api/v1/teams/108"}, "player": {"id": 110136, "fullName": "Luis Alicea", "link": "/api/v1/people/110136"}, "league": {"id": 103, "name": "American League", "link": "/api/v1/league/103"}, "sport": {"id": 1, "link": "/api/v1/sports/1", "abbreviation": "MLB"}, "gameType": "R", "position": {"code": "4", "name": "Second Base", "type": "Infielder", "abbreviation": "2B"}}, {"season": "1997", "stat": {"gamesPlayed": 12, "gamesStarted": 8, "assists": 19, "putOuts": 4, "errors": 1, "chances": 24, "fielding": ".958", "position": {"code": "5", "name": "Third Base", "type": "Infielder", "abbreviation": "3B"}, "rangeFactorPerGame": "1.92", "rangeFactorPer9Inn": "2.44", "innings": "85.0", "games": 12, "doublePlays": 1, "triplePlays": 0, "throwingErrors": 0}, "team": {"id": 108, "name": "Anaheim Angels", "link": "/api/v1/teams/108"}, "player": {"id": 110136, "fullName": "Luis Alicea", "link": "/api/v1/people/110136"}, "league": {"id": 103, "name": "American League", "link": "/api/v1/league/103"}, "sport": {"id": 1, "link": "/api/v1/sports/1", "abbreviation": "MLB"}, "gameType": "R", "position": {"code": "5", "name": "Third Base", "type": "Infielder", "abbreviation": "3B"}}, {"season": "1997", "stat": {"gamesPlayed": 1, "gamesStarted": 1, "assists": 0, "putOuts": 0, "errors": 0, "chances": 0, "fielding": ".000", "position": {"code": "10", "name": "Designated Hitter", "type": "Hitter", "abbreviation": "DH"}, "rangeFactorPerGame": "0.00", "rangeFactorPer9Inn": "-.--", "innings": "0.0", "games": 1, "doublePlays": 0, "triplePlays": 0, "throwingErrors": 0}, "team": {"id": 108, "name": "Anaheim Angels", "link": "/api/v1/teams/108"}, "player": {"id": 110136, "fullName": "Luis Alicea", "link": "/api/v1/people/110136"}, "league": {"id": 103, "name": "American League", "link": "/api/v1/league/103"}, "sport": {"id": 1, "link": "/api/v1/sports/1", "abbreviation": "MLB"}, "gameType": "R", "position": {"code": "10", "name": "Designated Hitter", "type": "Hitter", "abbreviation": "DH"}}, {"season": "1998", "stat": {"gamesPlayed": 45, "gamesStarted": 37, "assists": 114, "putOuts": 83, "errors": 6, "chances": 203, "fielding": ".970", "position": {"code": "4", "name": "Second Base", "type": "Infielder", "abbreviation": "2B"}, "rangeFactorPerGame": "4.38", "rangeFactorPer9Inn": "5.18", "innings": "342.0", "games": 45, "doublePlays": 27, "triplePlays": 0, "throwingErrors": 1}, "team": {"id": 140, "name": "Texas Rangers", "link": "/api/v1/teams/140"}, "player": {"id": 110136, "fullName": "Luis Alicea", "link": "/api/v1/people/110136"}, "league": {"id": 103, "name": "American League", "link": "/api/v1/league/103"}, "sport": {"id": 1, "link": "/api/v1/sports/1", "abbreviation": "MLB"}, "gameType": "R", "position": {"code": "4", "name": "Second Base", "type": "Infielder", "abbreviation": "2B"}}, {"season": "1998", "stat": {"gamesPlayed": 26, "gamesStarted": 16, "assists": 31, "putOuts": 17, "errors": 3, "chances": 51, "fielding": ".941", "position": {"code": "5", "name": "Third Base", "type": "Infielder", "abbreviation": "3B"}, "rangeFactorPerGame": "1.85", "rangeFactorPer9Inn": "2.75", "innings": "157.1", "games": 26, "doublePlays": 1, "triplePlays": 0, "throwingErrors": 0}, "team": {"id": 140, "name": "Texas Rangers", "link": "/api/v1/teams/140"}, "player": {"id": 110136, "fullName": "Luis Alicea", "link": "/api/v1/people/110136"}, "league": {"id": 103, "name": "American League", "link": "/api/v1/league/103"}, "sport": {"id": 1, "link": "/api/v1/sports/1", "abbreviation": "MLB"}, "gameType": "R", "position": {"code": "5", "name": "Third Base", "type": "Infielder", "abbreviation": "3B"}}, {"season": "1998", "stat": {"gamesPlayed": 2, "gamesStarted": 1, "assists": 0, "putOuts": 2, "errors": 0, "chances": 2, "fielding": "1.000", "position": {"code": "7", "name": "Outfielder", "type": "Outfielder", "abbreviation": "LF"}, "rangeFactorPerGame": "1.00", "rangeFactorPer9Inn": "3.00", "innings": "6.0", "games": 2, "doublePlays": 0, "triplePlays": 0, "throwingErrors": 0}, "team": {"id": 140, "name": "Texas Rangers", "link": "/api/v1/teams/140"}, "player": {"id": 110136, "fullName": "Luis Alicea", "link": "/api/v1/people/110136"}, "league": {"id": 103, "name": "American League", "link": "/api/v1/league/103"}, "sport": {"id": 1, "link": "/api/v1/sports/1", "abbreviation": "MLB"}, "gameType": "R", "position": {"code": "7", "name": "Outfielder", "type": "Outfielder", "abbreviation": "LF"}}, {"season": "1998", "stat": {"gamesPlayed": 7, "gamesStarted": 7, "assists": 0, "putOuts": 0, "errors": 0, "chances": 0, "fielding": ".000", "position": {"code": "10", "name": "Designated Hitter", "type": "Hitter", "abbreviation": "DH"}, "rangeFactorPerGame": "0.00", "rangeFactorPer9Inn": "-.--", "innings": "0.0", "games": 7, "doublePlays": 0, "triplePlays": 0, "throwingErrors": 0}, "team": {"id": 140, "name": "Texas Rangers", "link": "/api/v1/teams/140"}, "player": {"id": 110136, "fullName": "Luis Alicea", "link": "/api/v1/people/110136"}, "league": {"id": 103, "name": "American League", "link": "/api/v1/league/103"}, "sport": {"id": 1, "link": "/api/v1/sports/1", "abbreviation": "MLB"}, "gameType": "R", "position": {"code": "10", "name": "Designated Hitter", "type": "Hitter", "abbreviation": "DH"}}, {"season": "1999", "stat": {"gamesPlayed": 37, "gamesStarted": 30, "assists": 87, "putOuts": 60, "errors": 3, "chances": 150, "fielding": ".980", "position": {"code": "4", "name": "Second Base", "type": "Infielder", "abbreviation": "2B"}, "rangeFactorPerGame": "3.97", "rangeFactorPer9Inn": "4.79", "innings": "276.2", "games": 37, "doublePlays": 19, "triplePlays": 0, "throwingErrors": 0}, "team": {"id": 140, "name": "Texas Rangers", "link": "/api/v1/teams/140"}, "player": {"id": 110136, "fullName": "Luis Alicea", "link": "/api/v1/people/110136"}, "league": {"id": 103, "name": "American League", "link": "/api/v1/league/103"}, "sport": {"id": 1, "link": "/api/v1/sports/1", "abbreviation": "MLB"}, "gameType": "R", "position": {"code": "4", "name": "Second Base", "type": "Infielder", "abbreviation": "2B"}}, {"season": "1999", "stat": {"gamesPlayed": 10, "gamesStarted": 6, "assists": 13, "putOuts": 6, "errors": 2, "chances": 21, "fielding": ".905", "position": {"code": "5", "name": "Third Base", "type": "Infielder", "abbreviation": "3B"}, "rangeFactorPerGame": "1.90", "rangeFactorPer9Inn": "3.00", "innings": "57.0", "games": 10, "doublePlays": 3, "triplePlays": 0, "throwingErrors": 0}, "team": {"id": 140, "name": "Texas Rangers", "link": "/api/v1/teams/140"}, "player": {"id": 110136, "fullName": "Luis Alicea", "link": "/api/v1/people/110136"}, "league": {"id": 103, "name": "American League", "link": "/api/v1/league/103"}, "sport": {"id": 1, "link": "/api/v1/sports/1", "abbreviation": "MLB"}, "gameType": "R", "position": {"code": "5", "name": "Third Base", "type": "Infielder", "abbreviation": "3B"}}, {"season": "1999", "stat": {"gamesPlayed": 1, "gamesStarted": 0, "assists": 0, "putOuts": 0, "errors": 0, "chances": 0, "fielding": ".000", "position": {"code": "7", "name": "Outfielder", "type": "Outfielder", "abbreviation": "LF"}, "rangeFactorPerGame": "0.00", "rangeFactorPer9Inn": "0.00", "innings": "1.0", "games": 1, "doublePlays": 0, "triplePlays": 0, "throwingErrors": 0}, "team": {"id": 140, "name": "Texas Rangers", "link": "/api/v1/teams/140"}, "player": {"id": 110136, "fullName": "Luis Alicea", "link": "/api/v1/people/110136"}, "league": {"id": 103, "name": "American League", "link": "/api/v1/league/103"}, "sport": {"id": 1, "link": "/api/v1/sports/1", "abbreviation": "MLB"}, "gameType": "R", "position": {"code": "7", "name": "Outfielder", "type": "Outfielder", "abbreviation": "LF"}}, {"season": "1999", "stat": {"gamesPlayed": 1, "gamesStarted": 1, "assists": 0, "putOuts": 0, "errors": 0, "chances": 0, "fielding": ".000", "position": {"code": "10", "name": "Designated Hitter", "type": "Hitter", "abbreviation": "DH"}, "rangeFactorPerGame": "0.00", "rangeFactorPer9Inn": "-.--", "innings": "0.0", "games": 1, "doublePlays": 0, "triplePlays": 0, "throwingErrors": 0}, "team": {"id": 140, "name": "Texas Rangers", "link": "/api/v1/teams/140"}, "player": {"id": 110136, "fullName": "Luis Alicea", "link": "/api/v1/people/110136"}, "league": {"id": 103, "name": "American League", "link": "/api/v1/league/103"}, "sport": {"id": 1, "link": "/api/v1/sports/1", "abbreviation": "MLB"}, "gameType": "R", "position": {"code": "10", "name": "Designated Hitter", "type": "Hitter", "abbreviation": "DH"}}, {"season": "2000", "stat": {"gamesPlayed": 128, "gamesStarted": 122, "assists": 321, "putOuts": 243, "errors": 13, "chances": 577, "fielding": ".977", "position": {"code": "4", "name": "Second Base", "type": "Infielder", "abbreviation": "2B"}, "rangeFactorPerGame": "4.41", "rangeFactorPer9Inn": "4.84", "innings": "1049.2", "games": 128, "doublePlays": 85, "triplePlays": 0, "throwingErrors": 7}, "team": {"id": 140, "name": "Texas Rangers", "link": "/api/v1/teams/140"}, "player": {"id": 110136, "fullName": "Luis Alicea", "link": "/api/v1/people/110136"}, "league": {"id": 103, "name": "American League", "link": "/api/v1/league/103"}, "sport": {"id": 1, "link": "/api/v1/sports/1", "abbreviation": "MLB"}, "gameType": "R", "position": {"code": "4", "name": "Second Base", "type": "Infielder", "abbreviation": "2B"}}, {"season": "2000", "stat": {"gamesPlayed": 8, "gamesStarted": 5, "assists": 7, "putOuts": 5, "errors": 5, "chances": 17, "fielding": ".706", "position": {"code": "5", "name": "Third Base", "type": "Infielder", "abbreviation": "3B"}, "rangeFactorPerGame": "1.50", "rangeFactorPer9Inn": "2.57", "innings": "42.1", "games": 8, "doublePlays": 1, "triplePlays": 0, "throwingErrors": 2}, "team": {"id": 140, "name": "Texas Rangers", "link": "/api/v1/teams/140"}, "player": {"id": 110136, "fullName": "Luis Alicea", "link": "/api/v1/people/110136"}, "league": {"id": 103, "name": "American League", "link": "/api/v1/league/103"}, "sport": {"id": 1, "link": "/api/v1/sports/1", "abbreviation": "MLB"}, "gameType": "R", "position": {"code": "5", "name": "Third Base", "type": "Infielder", "abbreviation": "3B"}}, {"season": "2000", "stat": {"gamesPlayed": 2, "gamesStarted": 0, "assists": 3, "putOuts": 1, "errors": 0, "chances": 4, "fielding": "1.000", "position": {"code": "6", "name": "Shortstop", "type": "Infielder", "abbreviation": "SS"}, "rangeFactorPerGame": "2.00", "rangeFactorPer9Inn": "6.00", "innings": "6.0", "games": 2, "doublePlays": 0, "triplePlays": 0, "throwingErrors": 0}, "team": {"id": 140, "name": "Texas Rangers", "link": "/api/v1/teams/140"}, "player": {"id": 110136, "fullName": "Luis Alicea", "link": "/api/v1/people/110136"}, "league": {"id": 103, "name": "American League", "link": "/api/v1/league/103"}, "sport": {"id": 1, "link": "/api/v1/sports/1", "abbreviation": "MLB"}, "gameType": "R", "position": {"code": "6", "name": "Shortstop", "type": "Infielder", "abbreviation": "SS"}}, {"season": "2000", "stat": {"gamesPlayed": 5, "gamesStarted": 5, "assists": 0, "putOuts": 0, "errors": 0, "chances": 0, "fielding": ".000", "position": {"code": "10", "name": "Designated Hitter", "type": "Hitter", "abbreviation": "DH"}, "rangeFactorPerGame": "0.00", "rangeFactorPer9Inn": "-.--", "innings": "0.0", "games": 5, "doublePlays": 0, "triplePlays": 0, "throwingErrors": 0}, "team": {"id": 140, "name": "Texas Rangers", "link": "/api/v1/teams/140"}, "player": {"id": 110136, "fullName": "Luis Alicea", "link": "/api/v1/people/110136"}, "league": {"id": 103, "name": "American League", "link": "/api/v1/league/103"}, "sport": {"id": 1, "link": "/api/v1/sports/1", "abbreviation": "MLB"}, "gameType": "R", "position": {"code": "10", "name": "Designated Hitter", "type": "Hitter", "abbreviation": "DH"}}, {"season": "2001", "stat": {"gamesPlayed": 67, "gamesStarted": 58, "assists": 194, "putOuts": 105, "errors": 13, "chances": 312, "fielding": ".958", "position": {"code": "4", "name": "Second Base", "type": "Infielder", "abbreviation": "2B"}, "rangeFactorPerGame": "4.46", "rangeFactorPer9Inn": "5.18", "innings": "520.1", "games": 67, "doublePlays": 47, "triplePlays": 0, "throwingErrors": 5}, "team": {"id": 118, "name": "Kansas City Royals", "link": "/api/v1/teams/118"}, "player": {"id": 110136, "fullName": "Luis Alicea", "link": "/api/v1/people/110136"}, "league": {"id": 103, "name": "American League", "link": "/api/v1/league/103"}, "sport": {"id": 1, "link": "/api/v1/sports/1", "abbreviation": "MLB"}, "gameType": "R", "position": {"code": "4", "name": "Second Base", "type": "Infielder", "abbreviation": "2B"}}, {"season": "2001", "stat": {"gamesPlayed": 18, "gamesStarted": 15, "assists": 24, "putOuts": 12, "errors": 1, "chances": 37, "fielding": ".973", "position": {"code": "5", "name": "Third Base", "type": "Infielder", "abbreviation": "3B"}, "rangeFactorPerGame": "2.00", "rangeFactorPer9Inn": "2.35", "innings": "138.0", "games": 18, "doublePlays": 3, "triplePlays": 0, "throwingErrors": 1}, "team": {"id": 118, "name": "Kansas City Royals", "link": "/api/v1/teams/118"}, "player": {"id": 110136, "fullName": "Luis Alicea", "link": "/api/v1/people/110136"}, "league": {"id": 103, "name": "American League", "link": "/api/v1/league/103"}, "sport": {"id": 1, "link": "/api/v1/sports/1", "abbreviation": "MLB"}, "gameType": "R", "position": {"code": "5", "name": "Third Base", "type": "Infielder", "abbreviation": "3B"}}, {"season": "2001", "stat": {"gamesPlayed": 18, "gamesStarted": 18, "assists": 0, "putOuts": 0, "errors": 0, "chances": 0, "fielding": ".000", "position": {"code": "10", "name": "Designated Hitter", "type": "Hitter", "abbreviation": "DH"}, "rangeFactorPerGame": "0.00", "rangeFactorPer9Inn": "-.--", "innings": "0.0", "games": 18, "doublePlays": 0, "triplePlays": 0, "throwingErrors": 0}, "team": {"id": 118, "name": "Kansas City Royals", "link": "/api/v1/teams/118"}, "player": {"id": 110136, "fullName": "Luis Alicea", "link": "/api/v1/people/110136"}, "league": {"id": 103, "name": "American League", "link": "/api/v1/league/103"}, "sport": {"id": 1, "link": "/api/v1/sports/1", "abbreviation": "MLB"}, "gameType": "R", "position": {"code": "10", "name": "Designated Hitter", "type": "Hitter", "abbreviation": "DH"}}, {"season": "2002", "stat": {"gamesPlayed": 2, "gamesStarted": 0, "assists": 0, "putOuts": 8, "errors": 0, "chances": 8, "fielding": "1.000", "position": {"code": "3", "name": "First Base", "type": "Infielder", "abbreviation": "1B"}, "rangeFactorPerGame": "4.00", "rangeFactorPer9Inn": "14.40", "innings": "5.0", "games": 2, "doublePlays": 0, "triplePlays": 0, "throwingErrors": 0}, "team": {"id": 118, "name": "Kansas City Royals", "link": "/api/v1/teams/118"}, "player": {"id": 110136, "fullName": "Luis Alicea", "link": "/api/v1/people/110136"}, "league": {"id": 103, "name": "American League", "link": "/api/v1/league/103"}, "sport": {"id": 1, "link": "/api/v1/sports/1", "abbreviation": "MLB"}, "gameType": "R", "position": {"code": "3", "name": "First Base", "type": "Infielder", "abbreviation": "1B"}}, {"season": "2002", "stat": {"gamesPlayed": 32, "gamesStarted": 23, "assists": 89, "putOuts": 57, "errors": 2, "chances": 148, "fielding": ".986", "position": {"code": "4", "name": "Second Base", "type": "Infielder", "abbreviation": "2B"}, "rangeFactorPerGame": "4.56", "rangeFactorPer9Inn": "6.50", "innings": "202.0", "games": 32, "doublePlays": 21, "triplePlays": 0, "throwingErrors": 1}, "team": {"id": 118, "name": "Kansas City Royals", "link": "/api/v1/teams/118"}, "player": {"id": 110136, "fullName": "Luis Alicea", "link": "/api/v1/people/110136"}, "league": {"id": 103, "name": "American League", "link": "/api/v1/league/103"}, "sport": {"id": 1, "link": "/api/v1/sports/1", "abbreviation": "MLB"}, "gameType": "R", "position": {"code": "4", "name": "Second Base", "type": "Infielder", "abbreviation": "2B"}}, {"season": "2002", "stat": {"gamesPlayed": 32, "gamesStarted": 20, "assists": 39, "putOuts": 8, "errors": 6, "chances": 53, "fielding": ".887", "position": {"code": "5", "name": "Third Base", "type": "Infielder", "abbreviation": "3B"}, "rangeFactorPerGame": "1.47", "rangeFactorPer9Inn": "2.20", "innings": "192.2", "games": 32, "doublePlays": 1, "triplePlays": 0, "throwingErrors": 3}, "team": {"id": 118, "name": "Kansas City Royals", "link": "/api/v1/teams/118"}, "player": {"id": 110136, "fullName": "Luis Alicea", "link": "/api/v1/people/110136"}, "league": {"id": 103, "name": "American League", "link": "/api/v1/league/103"}, "sport": {"id": 1, "link": "/api/v1/sports/1", "abbreviation": "MLB"}, "gameType": "R", "position": {"code": "5", "name": "Third Base", "type": "Infielder", "abbreviation": "3B"}}, {"season": "2002", "stat": {"gamesPlayed": 1, "gamesStarted": 0, "assists": 0, "putOuts": 0, "errors": 0, "chances": 0, "fielding": ".000", "position": {"code": "6", "name": "Shortstop", "type": "Infielder", "abbreviation": "SS"}, "rangeFactorPerGame": "0.00", "rangeFactorPer9Inn": "0.00", "innings": "0.1", "games": 1, "doublePlays": 0, "triplePlays": 0, "throwingErrors": 0}, "team": {"id": 118, "name": "Kansas City Royals", "link": "/api/v1/teams/118"}, "player": {"id": 110136, "fullName": "Luis Alicea", "link": "/api/v1/people/110136"}, "league": {"id": 103, "name": "American League", "link": "/api/v1/league/103"}, "sport": {"id": 1, "link": "/api/v1/sports/1", "abbreviation": "MLB"}, "gameType": "R", "position": {"code": "6", "name": "Shortstop", "type": "Infielder", "abbreviation": "SS"}}, {"season": "2002", "stat": {"gamesPlayed": 1, "gamesStarted": 0, "assists": 0, "putOuts": 0, "errors": 0, "chances": 0, "fielding": ".000", "position": {"code": "7", "name": "Outfielder", "type": "Outfielder", "abbreviation": "LF"}, "rangeFactorPerGame": "0.00", "rangeFactorPer9Inn": "0.00", "innings": "2.2", "games": 1, "doublePlays": 0, "triplePlays": 0, "throwingErrors": 0}, "team": {"id": 118, "name": "Kansas City Royals", "link": "/api/v1/teams/118"}, "player": {"id": 110136, "fullName": "Luis Alicea", "link": "/api/v1/people/110136"}, "league": {"id": 103, "name": "American League", "link": "/api/v1/league/103"}, "sport": {"id": 1, "link": "/api/v1/sports/1", "abbreviation": "MLB"}, "gameType": "R", "position": {"code": "7", "name": "Outfielder", "type": "Outfielder", "abbreviation": "LF"}}, {"season": "2002", "stat": {"gamesPlayed": 1, "gamesStarted": 0, "assists": 0, "putOuts": 0, "errors": 0, "chances": 0, "fielding": ".000", "position": {"code": "9", "name": "Outfielder", "type": "Outfielder", "abbreviation": "RF"}, "rangeFactorPerGame": "0.00", "rangeFactorPer9Inn": "0.00", "innings": "0.1", "games": 1, "doublePlays": 0, "triplePlays": 0, "throwingErrors": 0}, "team": {"id": 118, "name": "Kansas City Royals", "link": "/api/v1/teams/118"}, "player": {"id": 110136, "fullName": "Luis Alicea", "link": "/api/v1/people/110136"}, "league": {"id": 103, "name": "American League", "link": "/api/v1/league/103"}, "sport": {"id": 1, "link": "/api/v1/sports/1", "abbreviation": "MLB"}, "gameType": "R", "position": {"code": "9", "name": "Outfielder", "type": "Outfielder", "abbreviation": "RF"}}, {"season": "2002", "stat": {"gamesPlayed": 14, "gamesStarted": 14, "assists": 0, "putOuts": 0, "errors": 0, "chances": 0, "fielding": ".000", "position": {"code": "10", "name": "Designated Hitter", "type": "Hitter", "abbreviation": "DH"}, "rangeFactorPerGame": "0.00", "rangeFactorPer9Inn": "-.--", "innings": "0.0", "games": 14, "doublePlays": 0, "triplePlays": 0, "throwingErrors": 0}, "team": {"id": 118, "name": "Kansas City Royals", "link": "/api/v1/teams/118"}, "player": {"id": 110136, "fullName": "Luis Alicea", "link": "/api/v1/people/110136"}, "league": {"id": 103, "name": "American League", "link": "/api/v1/league/103"}, "sport": {"id": 1, "link": "/api/v1/sports/1", "abbreviation": "MLB"}, "gameType": "R", "position": {"code": "10", "name": "Designated Hitter", "type": "Hitter", "abbreviation": "DH"}}]}], "mlbDebutDate": "1988-04-23", "batSide": {"code": "S", "description": "Switch"}, "pitchHand": {"code": "R", "description": "Right"}, "nameFirstLast": "Luis Alicea", "nameSlug": "luis-alicea-110136", "firstLastName": "Luis Alicea", "lastFirstName": "Alicea, Luis", "lastInitName": "Alicea, L", "initLastName": "L Alicea", "fullFMLName": "Luis Rene Alicea", "fullLFMName": "Alicea, Luis Rene", "strikeZoneTop": 3.285, "strikeZoneBottom": 1.487}