{"id": 110323, "fullName": "Harry Armbruster", "link": "/api/v1/people/110323", "firstName": "Harry", "lastName": "Armbruster", "birthDate": "1882-03-20", "currentAge": 71, "birthCity": "Liverpool", "birthStateProvince": "OH", "birthCountry": "USA", "height": "5' 10\"", "weight": 190, "active": false, "primaryPosition": {"code": "8", "name": "Outfielder", "type": "Outfielder", "abbreviation": "CF"}, "useName": "Harry", "useLastName": "Armbruster", "middleName": "Gregory", "boxscoreName": "Armbruster", "nickName": "Army", "gender": "M", "isPlayer": true, "isVerified": true, "deathDate": "1953-12-10", "deathCity": "Cincinnati", "deathStateProvince": "OH", "deathCountry": "USA", "lastPlayedDate": "1906-10-03", "stats": [{"type": {"displayName": "career"}, "group": {"displayName": "fielding"}, "exemptions": [], "splits": [{"stat": {"gamesPlayed": 2, "gamesStarted": 0, "assists": 0, "putOuts": 5, "errors": 0, "chances": 5, "fielding": "1.000", "position": {"code": "7", "name": "Outfielder", "type": "Outfielder", "abbreviation": "LF"}, "rangeFactorPerGame": "2.50", "games": 2, "doublePlays": 0, "triplePlays": 0}, "team": {"id": 133, "name": "Oakland Athletics", "link": "/api/v1/teams/133"}, "player": {"id": 110323, "fullName": "Harry Armbruster", "link": "/api/v1/people/110323"}, "league": {"id": 103, "name": "American League", "link": "/api/v1/league/103"}, "sport": {"id": 1, "link": "/api/v1/sports/1", "abbreviation": "MLB"}, "gameType": "R", "position": {"code": "7", "name": "Outfielder", "type": "Outfielder", "abbreviation": "LF"}}, {"stat": {"gamesPlayed": 38, "gamesStarted": 38, "assists": 5, "putOuts": 73, "errors": 0, "chances": 78, "fielding": "1.000", "position": {"code": "8", "name": "Outfielder", "type": "Outfielder", "abbreviation": "CF"}, "rangeFactorPerGame": "2.05", "rangeFactorPer9Inn": "2.13", "innings": "329.2", "games": 38, "doublePlays": 1, "triplePlays": 0}, "team": {"id": 133, "name": "Oakland Athletics", "link": "/api/v1/teams/133"}, "player": {"id": 110323, "fullName": "Harry Armbruster", "link": "/api/v1/people/110323"}, "league": {"id": 103, "name": "American League", "link": "/api/v1/league/103"}, "sport": {"id": 1, "link": "/api/v1/sports/1", "abbreviation": "MLB"}, "gameType": "R", "position": {"code": "8", "name": "Outfielder", "type": "Outfielder", "abbreviation": "CF"}}, {"stat": {"gamesPlayed": 34, "gamesStarted": 31, "assists": 4, "putOuts": 45, "errors": 3, "chances": 52, "fielding": ".942", "position": {"code": "9", "name": "Outfielder", "type": "Outfielder", "abbreviation": "RF"}, "rangeFactorPerGame": "1.44", "rangeFactorPer9Inn": "1.67", "innings": "264.2", "games": 34, "doublePlays": 1, "triplePlays": 0}, "team": {"id": 133, "name": "Oakland Athletics", "link": "/api/v1/teams/133"}, "player": {"id": 110323, "fullName": "Harry Armbruster", "link": "/api/v1/people/110323"}, "league": {"id": 103, "name": "American League", "link": "/api/v1/league/103"}, "sport": {"id": 1, "link": "/api/v1/sports/1", "abbreviation": "MLB"}, "gameType": "R", "position": {"code": "9", "name": "Outfielder", "type": "Outfielder", "abbreviation": "RF"}}]}, {"type": {"displayName": "career"}, "group": {"displayName": "hitting"}, "exemptions": [], "splits": [{"stat": {"gamesPlayed": 93, "runs": 40, "doubles": 6, "triples": 3, "homeRuns": 2, "baseOnBalls": 43, "hits": 63, "hitByPitch": 4, "avg": ".238", "atBats": 265, "obp": ".353", "slg": ".306", "ops": ".659", "stolenBases": 13, "plateAppearances": 330, "totalBases": 81, "rbi": 24, "sacBunts": 18, "atBatsPerHomeRun": "132.50"}, "team": {"id": 133, "name": "Oakland Athletics", "link": "/api/v1/teams/133"}, "player": {"id": 110323, "fullName": "Harry Armbruster", "link": "/api/v1/people/110323"}, "league": {"id": 103, "name": "American League", "link": "/api/v1/league/103"}, "sport": {"id": 1, "link": "/api/v1/sports/1", "abbreviation": "MLB"}, "gameType": "R"}]}, {"type": {"displayName": "yearByYear"}, "group": {"displayName": "fielding"}, "exemptions": [], "splits": [{"season": "1906", "stat": {"gamesPlayed": 2, "gamesStarted": 0, "assists": 0, "putOuts": 5, "errors": 0, "chances": 5, "fielding": "1.000", "position": {"code": "7", "name": "Outfielder", "type": "Outfielder", "abbreviation": "LF"}, "rangeFactorPerGame": "2.50", "games": 2, "doublePlays": 0, "triplePlays": 0}, "team": {"id": 133, "name": "Philadelphia Athletics", "link": "/api/v1/teams/133"}, "player": {"id": 110323, "fullName": "Harry Armbruster", "link": "/api/v1/people/110323"}, "league": {"id": 103, "name": "American League", "link": "/api/v1/league/103"}, "sport": {"id": 1, "link": "/api/v1/sports/1", "abbreviation": "MLB"}, "gameType": "R", "position": {"code": "7", "name": "Outfielder", "type": "Outfielder", "abbreviation": "LF"}}, {"season": "1906", "stat": {"gamesPlayed": 38, "gamesStarted": 38, "assists": 5, "putOuts": 73, "errors": 0, "chances": 78, "fielding": "1.000", "position": {"code": "8", "name": "Outfielder", "type": "Outfielder", "abbreviation": "CF"}, "rangeFactorPerGame": "2.05", "rangeFactorPer9Inn": "2.13", "innings": "329.2", "games": 38, "doublePlays": 1, "triplePlays": 0}, "team": {"id": 133, "name": "Philadelphia Athletics", "link": "/api/v1/teams/133"}, "player": {"id": 110323, "fullName": "Harry Armbruster", "link": "/api/v1/people/110323"}, "league": {"id": 103, "name": "American League", "link": "/api/v1/league/103"}, "sport": {"id": 1, "link": "/api/v1/sports/1", "abbreviation": "MLB"}, "gameType": "R", "position": {"code": "8", "name": "Outfielder", "type": "Outfielder", "abbreviation": "CF"}}, {"season": "1906", "stat": {"gamesPlayed": 34, "gamesStarted": 31, "assists": 4, "putOuts": 45, "errors": 3, "chances": 52, "fielding": ".942", "position": {"code": "9", "name": "Outfielder", "type": "Outfielder", "abbreviation": "RF"}, "rangeFactorPerGame": "1.44", "rangeFactorPer9Inn": "1.67", "innings": "264.2", "games": 34, "doublePlays": 1, "triplePlays": 0}, "team": {"id": 133, "name": "Philadelphia Athletics", "link": "/api/v1/teams/133"}, "player": {"id": 110323, "fullName": "Harry Armbruster", "link": "/api/v1/people/110323"}, "league": {"id": 103, "name": "American League", "link": "/api/v1/league/103"}, "sport": {"id": 1, "link": "/api/v1/sports/1", "abbreviation": "MLB"}, "gameType": "R", "position": {"code": "9", "name": "Outfielder", "type": "Outfielder", "abbreviation": "RF"}}]}, {"type": {"displayName": "yearByYear"}, "group": {"displayName": "hitting"}, "exemptions": [], "splits": [{"season": "1906", "stat": {"gamesPlayed": 93, "runs": 40, "doubles": 6, "triples": 3, "homeRuns": 2, "baseOnBalls": 43, "hits": 63, "hitByPitch": 4, "avg": ".238", "atBats": 265, "obp": ".353", "slg": ".306", "ops": ".659", "stolenBases": 13, "plateAppearances": 330, "totalBases": 81, "rbi": 24, "sacBunts": 18, "atBatsPerHomeRun": "132.50"}, "team": {"id": 133, "name": "Philadelphia Athletics", "link": "/api/v1/teams/133"}, "player": {"id": 110323, "fullName": "Harry Armbruster", "link": "/api/v1/people/110323"}, "league": {"id": 103, "name": "American League", "link": "/api/v1/league/103"}, "sport": {"id": 1, "link": "/api/v1/sports/1", "abbreviation": "MLB"}, "gameType": "R"}]}], "mlbDebutDate": "1906-04-30", "batSide": {"code": "L", "description": "Left"}, "pitchHand": {"code": "L", "description": "Left"}, "nameFirstLast": "Harry Armbruster", "nameSlug": "harry-armbruster-110323", "firstLastName": "Harry Armbruster", "lastFirstName": "Armbruster, Harry", "lastInitName": "Armbruster, H", "initLastName": "H Armbruster", "fullFMLName": "Harry Gregory Armbruster", "fullLFMName": "Armbruster, Harry Gregory", "strikeZoneTop": 3.301, "strikeZoneBottom": 1.504}