{"id": 110384, "fullName": "Joe Ausanio", "link": "/api/v1/people/110384", "firstName": "Joseph", "lastName": "Ausanio", "primaryNumber": "54", "birthDate": "1965-12-09", "currentAge": 57, "birthCity": "Kingston", "birthStateProvince": "NY", "birthCountry": "USA", "height": "6' 1\"", "weight": 205, "active": false, "primaryPosition": {"code": "1", "name": "Pitcher", "type": "Pitcher", "abbreviation": "P"}, "useName": "Joe", "useLastName": "Ausanio", "middleName": "John", "boxscoreName": "Ausanio", "gender": "M", "isPlayer": true, "isVerified": true, "draftYear": 1988, "lastPlayedDate": "1995-09-15", "stats": [{"type": {"displayName": "career"}, "group": {"displayName": "pitching"}, "exemptions": [], "splits": [{"stat": {"gamesPlayed": 41, "gamesStarted": 0, "groundOuts": 39, "airOuts": 65, "runs": 33, "doubles": 7, "triples": 1, "homeRuns": 12, "strikeOuts": 51, "baseOnBalls": 29, "intentionalWalks": 0, "hits": 58, "hitByPitch": 0, "avg": ".276", "atBats": 210, "obp": ".361", "slg": ".490", "ops": ".851", "caughtStealing": 0, "stolenBases": 4, "stolenBasePercentage": "1.000", "groundIntoDoublePlay": 4, "numberOfPitches": 956, "era": "5.57", "inningsPitched": "53.1", "wins": 4, "losses": 1, "saves": 1, "saveOpportunities": 1, "holds": 0, "blownSaves": 0, "earnedRuns": 33, "whip": "1.63", "battersFaced": 242, "outs": 160, "gamesPitched": 41, "completeGames": 0, "shutouts": 0, "strikes": 582, "strikePercentage": ".610", "hitBatsmen": 0, "balks": 0, "wildPitches": 3, "pickoffs": 0, "totalBases": 103, "groundOutsToAirouts": "0.60", "winPercentage": ".800", "pitchesPerInning": "17.93", "gamesFinished": 15, "strikeoutWalkRatio": "1.76", "strikeoutsPer9Inn": "8.61", "walksPer9Inn": "4.89", "hitsPer9Inn": "9.79", "runsScoredPer9": "5.57", "homeRunsPer9": "2.02", "inheritedRunners": 22, "inheritedRunnersScored": 7, "catchersInterference": 0, "sacBunts": 1, "sacFlies": 2}, "team": {"id": 147, "name": "New York Yankees", "link": "/api/v1/teams/147"}, "player": {"id": 110384, "fullName": "Joe Ausanio", "link": "/api/v1/people/110384"}, "league": {"id": 103, "name": "American League", "link": "/api/v1/league/103"}, "sport": {"id": 1, "link": "/api/v1/sports/1", "abbreviation": "MLB"}, "gameType": "R"}]}, {"type": {"displayName": "career"}, "group": {"displayName": "fielding"}, "exemptions": [], "splits": [{"stat": {"gamesPlayed": 41, "gamesStarted": 0, "assists": 4, "putOuts": 5, "errors": 0, "chances": 9, "fielding": "1.000", "position": {"code": "1", "name": "Pitcher", "type": "Pitcher", "abbreviation": "P"}, "rangeFactorPerGame": "0.22", "rangeFactorPer9Inn": "1.53", "innings": "53.1", "games": 41, "doublePlays": 0, "triplePlays": 0, "throwingErrors": 0}, "team": {"id": 147, "name": "New York Yankees", "link": "/api/v1/teams/147"}, "player": {"id": 110384, "fullName": "Joe Ausanio", "link": "/api/v1/people/110384"}, "league": {"id": 103, "name": "American League", "link": "/api/v1/league/103"}, "sport": {"id": 1, "link": "/api/v1/sports/1", "abbreviation": "MLB"}, "gameType": "R", "position": {"code": "1", "name": "Pitcher", "type": "Pitcher", "abbreviation": "P"}}]}, {"type": {"displayName": "yearByYear"}, "group": {"displayName": "pitching"}, "exemptions": [], "splits": [{"season": "1994", "stat": {"gamesPlayed": 13, "gamesStarted": 0, "groundOuts": 12, "airOuts": 20, "runs": 9, "doubles": 1, "triples": 0, "homeRuns": 3, "strikeOuts": 15, "baseOnBalls": 6, "intentionalWalks": 0, "hits": 16, "hitByPitch": 0, "avg": ".254", "atBats": 63, "obp": ".319", "slg": ".413", "ops": ".732", "caughtStealing": 0, "stolenBases": 2, "stolenBasePercentage": "1.000", "groundIntoDoublePlay": 0, "numberOfPitches": 269, "era": "5.17", "inningsPitched": "15.2", "wins": 2, "losses": 1, "saves": 0, "saveOpportunities": 0, "holds": 0, "blownSaves": 0, "earnedRuns": 9, "whip": "1.40", "battersFaced": 69, "outs": 47, "gamesPitched": 13, "completeGames": 0, "shutouts": 0, "strikes": 171, "strikePercentage": ".640", "hitBatsmen": 0, "balks": 0, "wildPitches": 0, "pickoffs": 0, "totalBases": 26, "groundOutsToAirouts": "0.60", "winPercentage": ".667", "pitchesPerInning": "17.17", "gamesFinished": 5, "strikeoutWalkRatio": "2.50", "strikeoutsPer9Inn": "8.62", "walksPer9Inn": "3.45", "hitsPer9Inn": "9.19", "runsScoredPer9": "5.17", "homeRunsPer9": "1.72", "inheritedRunners": 2, "inheritedRunnersScored": 0, "catchersInterference": 0, "sacBunts": 0, "sacFlies": 0}, "team": {"id": 147, "name": "New York Yankees", "link": "/api/v1/teams/147"}, "player": {"id": 110384, "fullName": "Joe Ausanio", "link": "/api/v1/people/110384"}, "league": {"id": 103, "name": "American League", "link": "/api/v1/league/103"}, "sport": {"id": 1, "link": "/api/v1/sports/1", "abbreviation": "MLB"}, "gameType": "R"}, {"season": "1995", "stat": {"gamesPlayed": 28, "gamesStarted": 0, "groundOuts": 27, "airOuts": 45, "runs": 24, "doubles": 6, "triples": 1, "homeRuns": 9, "strikeOuts": 36, "baseOnBalls": 23, "intentionalWalks": 0, "hits": 42, "hitByPitch": 0, "avg": ".286", "atBats": 147, "obp": ".378", "slg": ".524", "ops": ".902", "caughtStealing": 0, "stolenBases": 2, "stolenBasePercentage": "1.000", "groundIntoDoublePlay": 4, "numberOfPitches": 687, "era": "5.73", "inningsPitched": "37.2", "wins": 2, "losses": 0, "saves": 1, "saveOpportunities": 1, "holds": 0, "blownSaves": 0, "earnedRuns": 24, "whip": "1.73", "battersFaced": 173, "outs": 113, "gamesPitched": 28, "completeGames": 0, "shutouts": 0, "strikes": 411, "strikePercentage": ".600", "hitBatsmen": 0, "balks": 0, "wildPitches": 3, "pickoffs": 0, "totalBases": 77, "groundOutsToAirouts": "0.60", "winPercentage": "1.000", "pitchesPerInning": "18.24", "gamesFinished": 10, "strikeoutWalkRatio": "1.57", "strikeoutsPer9Inn": "8.60", "walksPer9Inn": "5.50", "hitsPer9Inn": "10.04", "runsScoredPer9": "5.73", "homeRunsPer9": "2.15", "inheritedRunners": 20, "inheritedRunnersScored": 7, "catchersInterference": 0, "sacBunts": 1, "sacFlies": 2}, "team": {"id": 147, "name": "New York Yankees", "link": "/api/v1/teams/147"}, "player": {"id": 110384, "fullName": "Joe Ausanio", "link": "/api/v1/people/110384"}, "league": {"id": 103, "name": "American League", "link": "/api/v1/league/103"}, "sport": {"id": 1, "link": "/api/v1/sports/1", "abbreviation": "MLB"}, "gameType": "R"}]}, {"type": {"displayName": "yearByYear"}, "group": {"displayName": "fielding"}, "exemptions": [], "splits": [{"season": "1994", "stat": {"gamesPlayed": 13, "gamesStarted": 0, "assists": 2, "putOuts": 1, "errors": 0, "chances": 3, "fielding": "1.000", "position": {"code": "1", "name": "Pitcher", "type": "Pitcher", "abbreviation": "P"}, "rangeFactorPerGame": "0.23", "rangeFactorPer9Inn": "1.80", "innings": "15.2", "games": 13, "doublePlays": 0, "triplePlays": 0, "throwingErrors": 0}, "team": {"id": 147, "name": "New York Yankees", "link": "/api/v1/teams/147"}, "player": {"id": 110384, "fullName": "Joe Ausanio", "link": "/api/v1/people/110384"}, "league": {"id": 103, "name": "American League", "link": "/api/v1/league/103"}, "sport": {"id": 1, "link": "/api/v1/sports/1", "abbreviation": "MLB"}, "gameType": "R", "position": {"code": "1", "name": "Pitcher", "type": "Pitcher", "abbreviation": "P"}}, {"season": "1995", "stat": {"gamesPlayed": 28, "gamesStarted": 0, "assists": 2, "putOuts": 4, "errors": 0, "chances": 6, "fielding": "1.000", "position": {"code": "1", "name": "Pitcher", "type": "Pitcher", "abbreviation": "P"}, "rangeFactorPerGame": "0.21", "rangeFactorPer9Inn": "1.46", "innings": "37.2", "games": 28, "doublePlays": 0, "triplePlays": 0, "throwingErrors": 0}, "team": {"id": 147, "name": "New York Yankees", "link": "/api/v1/teams/147"}, "player": {"id": 110384, "fullName": "Joe Ausanio", "link": "/api/v1/people/110384"}, "league": {"id": 103, "name": "American League", "link": "/api/v1/league/103"}, "sport": {"id": 1, "link": "/api/v1/sports/1", "abbreviation": "MLB"}, "gameType": "R", "position": {"code": "1", "name": "Pitcher", "type": "Pitcher", "abbreviation": "P"}}]}], "mlbDebutDate": "1994-07-14", "batSide": {"code": "R", "description": "Right"}, "pitchHand": {"code": "R", "description": "Right"}, "nameFirstLast": "Joe Ausanio", "nameSlug": "joe-ausanio-110384", "firstLastName": "Joe Ausanio", "lastFirstName": "Ausanio, Joe", "lastInitName": "Ausanio, J", "initLastName": "J Ausanio", "fullFMLName": "Joseph John Ausanio", "fullLFMName": "Ausanio, Joseph John", "strikeZoneTop": 3.411, "strikeZoneBottom": 1.565}