{"id": 110099, "fullName": "John Ake", "link": "/api/v1/people/110099", "firstName": "John", "lastName": "Ake", "birthDate": "1861-08-29", "currentAge": 25, "birthCity": "Altoona", "birthStateProvince": "PA", "birthCountry": "USA", "height": "6' 1\"", "weight": 180, "active": false, "primaryPosition": {"code": "5", "name": "Third Base", "type": "Infielder", "abbreviation": "3B"}, "useName": "John", "useLastName": "Ake", "middleName": "Leckie", "boxscoreName": "Ake", "gender": "M", "isPlayer": true, "isVerified": true, "deathDate": "1887-05-11", "deathCity": "La Crosse", "deathStateProvince": "WI", "deathCountry": "USA", "stats": [{"type": {"displayName": "career"}, "group": {"displayName": "hitting"}, "exemptions": [], "splits": [{"stat": {"gamesPlayed": 13, "runs": 1, "doubles": 0, "triples": 1, "homeRuns": 0, "baseOnBalls": 0, "hits": 10, "hitByPitch": 1, "avg": ".192", "atBats": 52, "obp": ".208", "slg": ".231", "ops": ".439", "plateAppearances": 53, "totalBases": 12, "rbi": 2, "atBatsPerHomeRun": "-.--"}, "team": {"id": 163, "link": "/api/v1/teams/163"}, "player": {"id": 110099, "fullName": "John Ake", "link": "/api/v1/people/110099"}, "league": {"id": 100, "link": "/api/v1/league/100"}, "sport": {"id": 1, "link": "/api/v1/sports/1", "abbreviation": "MLB"}, "gameType": "R"}]}, {"type": {"displayName": "career"}, "group": {"displayName": "fielding"}, "exemptions": [], "splits": [{"stat": {"gamesPlayed": 9, "assists": 15, "putOuts": 6, "errors": 10, "chances": 31, "fielding": ".677", "position": {"code": "5", "name": "Third Base", "type": "Infielder", "abbreviation": "3B"}, "rangeFactorPerGame": "2.33", "games": 9, "doublePlays": 2, "triplePlays": 0}, "team": {"id": 163, "link": "/api/v1/teams/163"}, "player": {"id": 110099, "fullName": "John Ake", "link": "/api/v1/people/110099"}, "league": {"id": 100, "link": "/api/v1/league/100"}, "sport": {"id": 1, "link": "/api/v1/sports/1", "abbreviation": "MLB"}, "gameType": "R", "position": {"code": "5", "name": "Third Base", "type": "Infielder", "abbreviation": "3B"}}, {"stat": {"gamesPlayed": 1, "assists": 0, "putOuts": 0, "errors": 0, "chances": 0, "fielding": ".000", "position": {"code": "6", "name": "Shortstop", "type": "Infielder", "abbreviation": "SS"}, "rangeFactorPerGame": "0.00", "games": 1, "doublePlays": 0, "triplePlays": 0}, "team": {"id": 163, "link": "/api/v1/teams/163"}, "player": {"id": 110099, "fullName": "John Ake", "link": "/api/v1/people/110099"}, "league": {"id": 100, "link": "/api/v1/league/100"}, "sport": {"id": 1, "link": "/api/v1/sports/1", "abbreviation": "MLB"}, "gameType": "R", "position": {"code": "6", "name": "Shortstop", "type": "Infielder", "abbreviation": "SS"}}]}, {"type": {"displayName": "yearByYear"}, "group": {"displayName": "hitting"}, "exemptions": [], "splits": [{"season": "1884", "stat": {"gamesPlayed": 13, "runs": 1, "doubles": 0, "triples": 1, "homeRuns": 0, "baseOnBalls": 0, "hits": 10, "hitByPitch": 1, "avg": ".192", "atBats": 52, "obp": ".208", "slg": ".231", "ops": ".439", "plateAppearances": 53, "totalBases": 12, "rbi": 2, "atBatsPerHomeRun": "-.--"}, "team": {"id": 163, "name": "Baltimore Orioles", "link": "/api/v1/teams/163"}, "player": {"id": 110099, "fullName": "John Ake", "link": "/api/v1/people/110099"}, "league": {"id": 100, "name": "American Association", "link": "/api/v1/league/100"}, "sport": {"id": 1, "link": "/api/v1/sports/1", "abbreviation": "MLB"}, "gameType": "R"}]}, {"type": {"displayName": "yearByYear"}, "group": {"displayName": "fielding"}, "exemptions": [], "splits": [{"season": "1884", "stat": {"gamesPlayed": 9, "assists": 15, "putOuts": 6, "errors": 10, "chances": 31, "fielding": ".677", "position": {"code": "5", "name": "Third Base", "type": "Infielder", "abbreviation": "3B"}, "rangeFactorPerGame": "2.33", "games": 9, "doublePlays": 2, "triplePlays": 0}, "team": {"id": 163, "name": "Baltimore Orioles", "link": "/api/v1/teams/163"}, "player": {"id": 110099, "fullName": "John Ake", "link": "/api/v1/people/110099"}, "league": {"id": 100, "name": "American Association", "link": "/api/v1/league/100"}, "sport": {"id": 1, "link": "/api/v1/sports/1", "abbreviation": "MLB"}, "gameType": "R", "position": {"code": "5", "name": "Third Base", "type": "Infielder", "abbreviation": "3B"}}, {"season": "1884", "stat": {"gamesPlayed": 1, "assists": 0, "putOuts": 0, "errors": 0, "chances": 0, "fielding": ".000", "position": {"code": "6", "name": "Shortstop", "type": "Infielder", "abbreviation": "SS"}, "rangeFactorPerGame": "0.00", "games": 1, "doublePlays": 0, "triplePlays": 0}, "team": {"id": 163, "name": "Baltimore Orioles", "link": "/api/v1/teams/163"}, "player": {"id": 110099, "fullName": "John Ake", "link": "/api/v1/people/110099"}, "league": {"id": 100, "name": "American Association", "link": "/api/v1/league/100"}, "sport": {"id": 1, "link": "/api/v1/sports/1", "abbreviation": "MLB"}, "gameType": "R", "position": {"code": "6", "name": "Shortstop", "type": "Infielder", "abbreviation": "SS"}}]}], "mlbDebutDate": "1884-05-12", "batSide": {"code": "R", "description": "Right"}, "pitchHand": {"code": "R", "description": "Right"}, "nameFirstLast": "John Ake", "nameSlug": "john-ake-110099", "firstLastName": "John Ake", "lastFirstName": "Ake, John", "lastInitName": "Ake, J", "initLastName": "J Ake", "fullFMLName": "John Leckie Ake", "fullLFMName": "Ake, John Leckie", "strikeZoneTop": 3.411, "strikeZoneBottom": 1.565}