{"id": 110015, "fullName": "Paul Abbott", "link": "/api/v1/people/110015", "firstName": "Paul", "lastName": "Abbott", "primaryNumber": "48", "birthDate": "1967-09-15", "currentAge": 55, "birthCity": "Van Nuys", "birthStateProvince": "CA", "birthCountry": "USA", "height": "6' 2\"", "weight": 205, "active": false, "primaryPosition": {"code": "1", "name": "Pitcher", "type": "Pitcher", "abbreviation": "P"}, "useName": "Paul", "useLastName": "Abbott", "middleName": "David", "boxscoreName": "Abbott", "gender": "M", "isPlayer": true, "isVerified": true, "draftYear": 1985, "lastPlayedDate": "2004-08-07", "stats": [{"type": {"displayName": "career"}, "group": {"displayName": "fielding"}, "exemptions": [], "splits": [{"stat": {"gamesPlayed": 162, "gamesStarted": 112, "assists": 78, "putOuts": 61, "errors": 6, "chances": 145, "fielding": ".959", "position": {"code": "1", "name": "Pitcher", "type": "Pitcher", "abbreviation": "P"}, "rangeFactorPerGame": "0.86", "rangeFactorPer9Inn": "1.74", "innings": "720.2", "games": 162, "doublePlays": 8, "triplePlays": 0, "throwingErrors": 2}, "player": {"id": 110015, "fullName": "Paul Abbott", "link": "/api/v1/people/110015"}, "sport": {"id": 1, "link": "/api/v1/sports/1", "abbreviation": "MLB"}, "gameType": "R", "numTeams": 6, "position": {"code": "1", "name": "Pitcher", "type": "Pitcher", "abbreviation": "P"}}]}, {"type": {"displayName": "career"}, "group": {"displayName": "hitting"}, "exemptions": [], "splits": [{"stat": {"gamesPlayed": 137, "groundOuts": 14, "airOuts": 0, "runs": 2, "doubles": 1, "triples": 0, "homeRuns": 0, "strikeOuts": 6, "baseOnBalls": 0, "intentionalWalks": 0, "hits": 5, "hitByPitch": 0, "avg": ".250", "atBats": 20, "obp": ".250", "slg": ".300", "ops": ".550", "caughtStealing": 0, "stolenBases": 0, "stolenBasePercentage": ".---", "groundIntoDoublePlay": 0, "numberOfPitches": 93, "plateAppearances": 25, "totalBases": 6, "rbi": 2, "leftOnBase": 9, "sacBunts": 5, "sacFlies": 0, "babip": ".357", "groundOutsToAirouts": "14.00", "catchersInterference": 0, "atBatsPerHomeRun": "-.--"}, "player": {"id": 110015, "fullName": "Paul Abbott", "link": "/api/v1/people/110015"}, "sport": {"id": 1, "link": "/api/v1/sports/1", "abbreviation": "MLB"}, "gameType": "R", "numTeams": 3}]}, {"type": {"displayName": "career"}, "group": {"displayName": "pitching"}, "exemptions": [], "splits": [{"stat": {"gamesPlayed": 162, "gamesStarted": 112, "groundOuts": 710, "airOuts": 885, "runs": 421, "doubles": 145, "triples": 11, "homeRuns": 101, "strikeOuts": 496, "baseOnBalls": 393, "intentionalWalks": 17, "hits": 682, "hitByPitch": 21, "avg": ".250", "atBats": 2732, "obp": ".346", "slg": ".422", "ops": ".768", "caughtStealing": 21, "stolenBases": 60, "stolenBasePercentage": ".741", "groundIntoDoublePlay": 51, "numberOfPitches": 12141, "era": "4.92", "inningsPitched": "720.2", "wins": 43, "losses": 37, "saves": 0, "saveOpportunities": 2, "holds": 7, "blownSaves": 2, "earnedRuns": 394, "whip": "1.49", "battersFaced": 3187, "outs": 2162, "gamesPitched": 162, "completeGames": 1, "shutouts": 0, "strikes": 7217, "strikePercentage": ".590", "hitBatsmen": 21, "balks": 0, "wildPitches": 37, "pickoffs": 3, "totalBases": 1152, "groundOutsToAirouts": "0.80", "winPercentage": ".538", "pitchesPerInning": "16.85", "gamesFinished": 17, "strikeoutWalkRatio": "1.26", "strikeoutsPer9Inn": "6.19", "walksPer9Inn": "4.91", "hitsPer9Inn": "8.52", "runsScoredPer9": "5.26", "homeRunsPer9": "1.26", "inheritedRunners": 43, "inheritedRunnersScored": 17, "catchersInterference": 0, "sacBunts": 19, "sacFlies": 22}, "player": {"id": 110015, "fullName": "Paul Abbott", "link": "/api/v1/people/110015"}, "sport": {"id": 1, "link": "/api/v1/sports/1", "abbreviation": "MLB"}, "gameType": "R", "numTeams": 6}]}, {"type": {"displayName": "yearByYear"}, "group": {"displayName": "fielding"}, "exemptions": [], "splits": [{"season": "1990", "stat": {"gamesPlayed": 7, "gamesStarted": 7, "assists": 3, "putOuts": 1, "errors": 1, "chances": 5, "fielding": ".800", "position": {"code": "1", "name": "Pitcher", "type": "Pitcher", "abbreviation": "P"}, "rangeFactorPerGame": "0.57", "rangeFactorPer9Inn": "1.06", "innings": "34.2", "games": 7, "doublePlays": 1, "triplePlays": 0, "throwingErrors": 0}, "team": {"id": 142, "name": "Minnesota Twins", "link": "/api/v1/teams/142"}, "player": {"id": 110015, "fullName": "Paul Abbott", "link": "/api/v1/people/110015"}, "league": {"id": 103, "name": "American League", "link": "/api/v1/league/103"}, "sport": {"id": 1, "link": "/api/v1/sports/1", "abbreviation": "MLB"}, "gameType": "R", "position": {"code": "1", "name": "Pitcher", "type": "Pitcher", "abbreviation": "P"}}, {"season": "1991", "stat": {"gamesPlayed": 15, "gamesStarted": 3, "assists": 4, "putOuts": 3, "errors": 0, "chances": 7, "fielding": "1.000", "position": {"code": "1", "name": "Pitcher", "type": "Pitcher", "abbreviation": "P"}, "rangeFactorPerGame": "0.47", "rangeFactorPer9Inn": "1.34", "innings": "47.1", "games": 15, "doublePlays": 0, "triplePlays": 0, "throwingErrors": 0}, "team": {"id": 142, "name": "Minnesota Twins", "link": "/api/v1/teams/142"}, "player": {"id": 110015, "fullName": "Paul Abbott", "link": "/api/v1/people/110015"}, "league": {"id": 103, "name": "American League", "link": "/api/v1/league/103"}, "sport": {"id": 1, "link": "/api/v1/sports/1", "abbreviation": "MLB"}, "gameType": "R", "position": {"code": "1", "name": "Pitcher", "type": "Pitcher", "abbreviation": "P"}}, {"season": "1992", "stat": {"gamesPlayed": 6, "gamesStarted": 0, "assists": 3, "putOuts": 2, "errors": 0, "chances": 5, "fielding": "1.000", "position": {"code": "1", "name": "Pitcher", "type": "Pitcher", "abbreviation": "P"}, "rangeFactorPerGame": "0.83", "rangeFactorPer9Inn": "4.09", "innings": "11.0", "games": 6, "doublePlays": 0, "triplePlays": 0, "throwingErrors": 0}, "team": {"id": 142, "name": "Minnesota Twins", "link": "/api/v1/teams/142"}, "player": {"id": 110015, "fullName": "Paul Abbott", "link": "/api/v1/people/110015"}, "league": {"id": 103, "name": "American League", "link": "/api/v1/league/103"}, "sport": {"id": 1, "link": "/api/v1/sports/1", "abbreviation": "MLB"}, "gameType": "R", "position": {"code": "1", "name": "Pitcher", "type": "Pitcher", "abbreviation": "P"}}, {"season": "1993", "stat": {"gamesPlayed": 5, "gamesStarted": 5, "assists": 3, "putOuts": 2, "errors": 1, "chances": 6, "fielding": ".833", "position": {"code": "1", "name": "Pitcher", "type": "Pitcher", "abbreviation": "P"}, "rangeFactorPerGame": "1.00", "rangeFactorPer9Inn": "2.50", "innings": "18.1", "games": 5, "doublePlays": 0, "triplePlays": 0, "throwingErrors": 0}, "team": {"id": 114, "name": "Cleveland Indians", "link": "/api/v1/teams/114"}, "player": {"id": 110015, "fullName": "Paul Abbott", "link": "/api/v1/people/110015"}, "league": {"id": 103, "name": "American League", "link": "/api/v1/league/103"}, "sport": {"id": 1, "link": "/api/v1/sports/1", "abbreviation": "MLB"}, "gameType": "R", "position": {"code": "1", "name": "Pitcher", "type": "Pitcher", "abbreviation": "P"}}, {"season": "1998", "stat": {"gamesPlayed": 4, "gamesStarted": 4, "assists": 5, "putOuts": 3, "errors": 0, "chances": 8, "fielding": "1.000", "position": {"code": "1", "name": "Pitcher", "type": "Pitcher", "abbreviation": "P"}, "rangeFactorPerGame": "2.00", "rangeFactorPer9Inn": "3.00", "innings": "24.2", "games": 4, "doublePlays": 0, "triplePlays": 0, "throwingErrors": 0}, "team": {"id": 136, "name": "Seattle Mariners", "link": "/api/v1/teams/136"}, "player": {"id": 110015, "fullName": "Paul Abbott", "link": "/api/v1/people/110015"}, "league": {"id": 103, "name": "American League", "link": "/api/v1/league/103"}, "sport": {"id": 1, "link": "/api/v1/sports/1", "abbreviation": "MLB"}, "gameType": "R", "position": {"code": "1", "name": "Pitcher", "type": "Pitcher", "abbreviation": "P"}}, {"season": "1999", "stat": {"gamesPlayed": 25, "gamesStarted": 7, "assists": 8, "putOuts": 7, "errors": 0, "chances": 15, "fielding": "1.000", "position": {"code": "1", "name": "Pitcher", "type": "Pitcher", "abbreviation": "P"}, "rangeFactorPerGame": "0.60", "rangeFactorPer9Inn": "1.88", "innings": "72.2", "games": 25, "doublePlays": 1, "triplePlays": 0, "throwingErrors": 0}, "team": {"id": 136, "name": "Seattle Mariners", "link": "/api/v1/teams/136"}, "player": {"id": 110015, "fullName": "Paul Abbott", "link": "/api/v1/people/110015"}, "league": {"id": 103, "name": "American League", "link": "/api/v1/league/103"}, "sport": {"id": 1, "link": "/api/v1/sports/1", "abbreviation": "MLB"}, "gameType": "R", "position": {"code": "1", "name": "Pitcher", "type": "Pitcher", "abbreviation": "P"}}, {"season": "2000", "stat": {"gamesPlayed": 35, "gamesStarted": 27, "assists": 18, "putOuts": 11, "errors": 1, "chances": 30, "fielding": ".967", "position": {"code": "1", "name": "Pitcher", "type": "Pitcher", "abbreviation": "P"}, "rangeFactorPerGame": "0.83", "rangeFactorPer9Inn": "1.46", "innings": "179.0", "games": 35, "doublePlays": 3, "triplePlays": 0, "throwingErrors": 1}, "team": {"id": 136, "name": "Seattle Mariners", "link": "/api/v1/teams/136"}, "player": {"id": 110015, "fullName": "Paul Abbott", "link": "/api/v1/people/110015"}, "league": {"id": 103, "name": "American League", "link": "/api/v1/league/103"}, "sport": {"id": 1, "link": "/api/v1/sports/1", "abbreviation": "MLB"}, "gameType": "R", "position": {"code": "1", "name": "Pitcher", "type": "Pitcher", "abbreviation": "P"}}, {"season": "2001", "stat": {"gamesPlayed": 28, "gamesStarted": 27, "assists": 13, "putOuts": 16, "errors": 0, "chances": 29, "fielding": "1.000", "position": {"code": "1", "name": "Pitcher", "type": "Pitcher", "abbreviation": "P"}, "rangeFactorPerGame": "1.04", "rangeFactorPer9Inn": "1.60", "innings": "163.0", "games": 28, "doublePlays": 3, "triplePlays": 0, "throwingErrors": 0}, "team": {"id": 136, "name": "Seattle Mariners", "link": "/api/v1/teams/136"}, "player": {"id": 110015, "fullName": "Paul Abbott", "link": "/api/v1/people/110015"}, "league": {"id": 103, "name": "American League", "link": "/api/v1/league/103"}, "sport": {"id": 1, "link": "/api/v1/sports/1", "abbreviation": "MLB"}, "gameType": "R", "position": {"code": "1", "name": "Pitcher", "type": "Pitcher", "abbreviation": "P"}}, {"season": "2002", "stat": {"gamesPlayed": 7, "gamesStarted": 5, "assists": 6, "putOuts": 2, "errors": 0, "chances": 8, "fielding": "1.000", "position": {"code": "1", "name": "Pitcher", "type": "Pitcher", "abbreviation": "P"}, "rangeFactorPerGame": "1.14", "rangeFactorPer9Inn": "2.77", "innings": "26.1", "games": 7, "doublePlays": 0, "triplePlays": 0, "throwingErrors": 0}, "team": {"id": 136, "name": "Seattle Mariners", "link": "/api/v1/teams/136"}, "player": {"id": 110015, "fullName": "Paul Abbott", "link": "/api/v1/people/110015"}, "league": {"id": 103, "name": "American League", "link": "/api/v1/league/103"}, "sport": {"id": 1, "link": "/api/v1/sports/1", "abbreviation": "MLB"}, "gameType": "R", "position": {"code": "1", "name": "Pitcher", "type": "Pitcher", "abbreviation": "P"}}, {"season": "2003", "stat": {"gamesPlayed": 10, "gamesStarted": 8, "assists": 6, "putOuts": 8, "errors": 1, "chances": 15, "fielding": ".933", "position": {"code": "1", "name": "Pitcher", "type": "Pitcher", "abbreviation": "P"}, "rangeFactorPerGame": "1.40", "rangeFactorPer9Inn": "2.68", "innings": "47.2", "games": 10, "doublePlays": 0, "triplePlays": 0, "throwingErrors": 0}, "team": {"id": 118, "name": "Kansas City Royals", "link": "/api/v1/teams/118"}, "player": {"id": 110015, "fullName": "Paul Abbott", "link": "/api/v1/people/110015"}, "league": {"id": 103, "name": "American League", "link": "/api/v1/league/103"}, "sport": {"id": 1, "link": "/api/v1/sports/1", "abbreviation": "MLB"}, "gameType": "R", "position": {"code": "1", "name": "Pitcher", "type": "Pitcher", "abbreviation": "P"}}, {"season": "2004", "stat": {"gamesPlayed": 10, "gamesStarted": 9, "assists": 7, "putOuts": 3, "errors": 2, "chances": 12, "fielding": ".833", "position": {"code": "1", "name": "Pitcher", "type": "Pitcher", "abbreviation": "P"}, "rangeFactorPerGame": "1.00", "rangeFactorPer9Inn": "1.91", "innings": "47.0", "games": 10, "doublePlays": 0, "triplePlays": 0, "throwingErrors": 1}, "team": {"id": 139, "name": "Tampa Bay Devil Rays", "link": "/api/v1/teams/139"}, "player": {"id": 110015, "fullName": "Paul Abbott", "link": "/api/v1/people/110015"}, "league": {"id": 103, "name": "American League", "link": "/api/v1/league/103"}, "sport": {"id": 1, "link": "/api/v1/sports/1", "abbreviation": "MLB"}, "gameType": "R", "position": {"code": "1", "name": "Pitcher", "type": "Pitcher", "abbreviation": "P"}}, {"season": "2004", "stat": {"gamesPlayed": 10, "gamesStarted": 10, "assists": 2, "putOuts": 3, "errors": 0, "chances": 5, "fielding": "1.000", "position": {"code": "1", "name": "Pitcher", "type": "Pitcher", "abbreviation": "P"}, "rangeFactorPerGame": "0.50", "rangeFactorPer9Inn": "0.92", "innings": "49.0", "games": 10, "doublePlays": 0, "triplePlays": 0, "throwingErrors": 0}, "team": {"id": 143, "name": "Philadelphia Phillies", "link": "/api/v1/teams/143"}, "player": {"id": 110015, "fullName": "Paul Abbott", "link": "/api/v1/people/110015"}, "league": {"id": 104, "name": "National League", "link": "/api/v1/league/104"}, "sport": {"id": 1, "link": "/api/v1/sports/1", "abbreviation": "MLB"}, "gameType": "R", "position": {"code": "1", "name": "Pitcher", "type": "Pitcher", "abbreviation": "P"}}, {"season": "2004", "stat": {"gamesPlayed": 20, "gamesStarted": 19, "assists": 9, "putOuts": 6, "errors": 2, "chances": 17, "fielding": ".882", "position": {"code": "1", "name": "Pitcher", "type": "Pitcher", "abbreviation": "P"}, "rangeFactorPerGame": "0.75", "rangeFactorPer9Inn": "1.41", "innings": "96.0", "games": 20, "doublePlays": 0, "triplePlays": 0, "throwingErrors": 1}, "player": {"id": 110015, "fullName": "Paul Abbott", "link": "/api/v1/people/110015"}, "sport": {"id": 1, "link": "/api/v1/sports/1", "abbreviation": "MLB"}, "gameType": "R", "numTeams": 2, "position": {"code": "1", "name": "Pitcher", "type": "Pitcher", "abbreviation": "P"}}]}, {"type": {"displayName": "yearByYear"}, "group": {"displayName": "hitting"}, "exemptions": [], "splits": [{"season": "1991", "stat": {"gamesPlayed": 15, "groundOuts": 0, "airOuts": 0, "runs": 0, "doubles": 0, "triples": 0, "homeRuns": 0, "strikeOuts": 0, "baseOnBalls": 0, "intentionalWalks": 0, "hits": 0, "hitByPitch": 0, "avg": ".000", "atBats": 0, "obp": ".000", "slg": ".000", "ops": ".000", "caughtStealing": 0, "stolenBases": 0, "stolenBasePercentage": ".---", "groundIntoDoublePlay": 0, "numberOfPitches": 0, "plateAppearances": 0, "totalBases": 0, "rbi": 0, "leftOnBase": 0, "sacBunts": 0, "sacFlies": 0, "babip": ".---", "groundOutsToAirouts": "-.--", "catchersInterference": 0, "atBatsPerHomeRun": "-.--"}, "team": {"id": 142, "name": "Minnesota Twins", "link": "/api/v1/teams/142"}, "player": {"id": 110015, "fullName": "Paul Abbott", "link": "/api/v1/people/110015"}, "league": {"id": 103, "name": "American League", "link": "/api/v1/league/103"}, "sport": {"id": 1, "link": "/api/v1/sports/1", "abbreviation": "MLB"}, "gameType": "R"}, {"season": "1999", "stat": {"gamesPlayed": 25, "groundOuts": 0, "airOuts": 0, "runs": 0, "doubles": 0, "triples": 0, "homeRuns": 0, "strikeOuts": 0, "baseOnBalls": 0, "intentionalWalks": 0, "hits": 0, "hitByPitch": 0, "avg": ".000", "atBats": 0, "obp": ".000", "slg": ".000", "ops": ".000", "caughtStealing": 0, "stolenBases": 0, "stolenBasePercentage": ".---", "groundIntoDoublePlay": 0, "numberOfPitches": 0, "plateAppearances": 0, "totalBases": 0, "rbi": 0, "leftOnBase": 0, "sacBunts": 0, "sacFlies": 0, "babip": ".---", "groundOutsToAirouts": "-.--", "catchersInterference": 0, "atBatsPerHomeRun": "-.--"}, "team": {"id": 136, "name": "Seattle Mariners", "link": "/api/v1/teams/136"}, "player": {"id": 110015, "fullName": "Paul Abbott", "link": "/api/v1/people/110015"}, "league": {"id": 103, "name": "American League", "link": "/api/v1/league/103"}, "sport": {"id": 1, "link": "/api/v1/sports/1", "abbreviation": "MLB"}, "gameType": "R"}, {"season": "2000", "stat": {"gamesPlayed": 35, "groundOuts": 3, "airOuts": 0, "runs": 1, "doubles": 1, "triples": 0, "homeRuns": 0, "strikeOuts": 1, "baseOnBalls": 0, "intentionalWalks": 0, "hits": 2, "hitByPitch": 0, "avg": ".400", "atBats": 5, "obp": ".400", "slg": ".600", "ops": "1.000", "caughtStealing": 0, "stolenBases": 0, "stolenBasePercentage": ".---", "groundIntoDoublePlay": 0, "numberOfPitches": 26, "plateAppearances": 6, "totalBases": 3, "rbi": 0, "leftOnBase": 2, "sacBunts": 1, "sacFlies": 0, "babip": ".500", "groundOutsToAirouts": "3.00", "catchersInterference": 0, "atBatsPerHomeRun": "-.--"}, "team": {"id": 136, "name": "Seattle Mariners", "link": "/api/v1/teams/136"}, "player": {"id": 110015, "fullName": "Paul Abbott", "link": "/api/v1/people/110015"}, "league": {"id": 103, "name": "American League", "link": "/api/v1/league/103"}, "sport": {"id": 1, "link": "/api/v1/sports/1", "abbreviation": "MLB"}, "gameType": "R"}, {"season": "2001", "stat": {"gamesPlayed": 28, "groundOuts": 3, "airOuts": 0, "runs": 0, "doubles": 0, "triples": 0, "homeRuns": 0, "strikeOuts": 1, "baseOnBalls": 0, "intentionalWalks": 0, "hits": 1, "hitByPitch": 0, "avg": ".250", "atBats": 4, "obp": ".250", "slg": ".250", "ops": ".500", "caughtStealing": 0, "stolenBases": 0, "stolenBasePercentage": ".---", "groundIntoDoublePlay": 0, "numberOfPitches": 17, "plateAppearances": 5, "totalBases": 1, "rbi": 0, "leftOnBase": 2, "sacBunts": 1, "sacFlies": 0, "babip": ".333", "groundOutsToAirouts": "3.00", "catchersInterference": 0, "atBatsPerHomeRun": "-.--"}, "team": {"id": 136, "name": "Seattle Mariners", "link": "/api/v1/teams/136"}, "player": {"id": 110015, "fullName": "Paul Abbott", "link": "/api/v1/people/110015"}, "league": {"id": 103, "name": "American League", "link": "/api/v1/league/103"}, "sport": {"id": 1, "link": "/api/v1/sports/1", "abbreviation": "MLB"}, "gameType": "R"}, {"season": "2004", "stat": {"gamesPlayed": 10, "groundOuts": 8, "airOuts": 0, "runs": 1, "doubles": 0, "triples": 0, "homeRuns": 0, "strikeOuts": 4, "baseOnBalls": 0, "intentionalWalks": 0, "hits": 2, "hitByPitch": 0, "avg": ".182", "atBats": 11, "obp": ".182", "slg": ".182", "ops": ".364", "caughtStealing": 0, "stolenBases": 0, "stolenBasePercentage": ".---", "groundIntoDoublePlay": 0, "numberOfPitches": 50, "plateAppearances": 14, "totalBases": 2, "rbi": 2, "leftOnBase": 5, "sacBunts": 3, "sacFlies": 0, "babip": ".286", "groundOutsToAirouts": "8.00", "catchersInterference": 0, "atBatsPerHomeRun": "-.--"}, "team": {"id": 143, "name": "Philadelphia Phillies", "link": "/api/v1/teams/143"}, "player": {"id": 110015, "fullName": "Paul Abbott", "link": "/api/v1/people/110015"}, "league": {"id": 104, "name": "National League", "link": "/api/v1/league/104"}, "sport": {"id": 1, "link": "/api/v1/sports/1", "abbreviation": "MLB"}, "gameType": "R"}]}, {"type": {"displayName": "yearByYear"}, "group": {"displayName": "pitching"}, "exemptions": [], "splits": [{"season": "1990", "stat": {"gamesPlayed": 7, "gamesStarted": 7, "groundOuts": 35, "airOuts": 36, "runs": 24, "doubles": 9, "triples": 2, "homeRuns": 0, "strikeOuts": 25, "baseOnBalls": 28, "intentionalWalks": 0, "hits": 37, "hitByPitch": 1, "avg": ".282", "atBats": 131, "obp": ".410", "slg": ".382", "ops": ".792", "caughtStealing": 2, "stolenBases": 10, "stolenBasePercentage": ".833", "groundIntoDoublePlay": 4, "numberOfPitches": 629, "era": "5.97", "inningsPitched": "34.2", "wins": 0, "losses": 5, "saves": 0, "saveOpportunities": 0, "holds": 0, "blownSaves": 0, "earnedRuns": 23, "whip": "1.88", "battersFaced": 162, "outs": 104, "gamesPitched": 7, "completeGames": 0, "shutouts": 0, "strikes": 342, "strikePercentage": ".540", "hitBatsmen": 1, "balks": 0, "wildPitches": 1, "pickoffs": 0, "totalBases": 50, "groundOutsToAirouts": "0.97", "winPercentage": ".000", "pitchesPerInning": "18.14", "gamesFinished": 0, "strikeoutWalkRatio": "0.89", "strikeoutsPer9Inn": "6.49", "walksPer9Inn": "7.27", "hitsPer9Inn": "9.61", "runsScoredPer9": "6.23", "homeRunsPer9": "0.00", "inheritedRunners": 0, "inheritedRunnersScored": 0, "catchersInterference": 0, "sacBunts": 1, "sacFlies": 1}, "team": {"id": 142, "name": "Minnesota Twins", "link": "/api/v1/teams/142"}, "player": {"id": 110015, "fullName": "Paul Abbott", "link": "/api/v1/people/110015"}, "league": {"id": 103, "name": "American League", "link": "/api/v1/league/103"}, "sport": {"id": 1, "link": "/api/v1/sports/1", "abbreviation": "MLB"}, "gameType": "R"}, {"season": "1991", "stat": {"gamesPlayed": 15, "gamesStarted": 3, "groundOuts": 38, "airOuts": 55, "runs": 27, "doubles": 10, "triples": 1, "homeRuns": 5, "strikeOuts": 43, "baseOnBalls": 36, "intentionalWalks": 1, "hits": 38, "hitByPitch": 0, "avg": ".232", "atBats": 164, "obp": ".365", "slg": ".396", "ops": ".761", "caughtStealing": 1, "stolenBases": 6, "stolenBasePercentage": ".857", "groundIntoDoublePlay": 5, "numberOfPitches": 825, "era": "4.75", "inningsPitched": "47.1", "wins": 3, "losses": 1, "saves": 0, "saveOpportunities": 0, "holds": 0, "blownSaves": 0, "earnedRuns": 25, "whip": "1.56", "battersFaced": 210, "outs": 142, "gamesPitched": 15, "completeGames": 0, "shutouts": 0, "strikes": 467, "strikePercentage": ".570", "hitBatsmen": 0, "balks": 0, "wildPitches": 5, "pickoffs": 0, "totalBases": 65, "groundOutsToAirouts": "0.69", "winPercentage": ".750", "pitchesPerInning": "17.43", "gamesFinished": 1, "strikeoutWalkRatio": "1.19", "strikeoutsPer9Inn": "8.18", "walksPer9Inn": "6.85", "hitsPer9Inn": "7.23", "runsScoredPer9": "5.13", "homeRunsPer9": "0.95", "inheritedRunners": 11, "inheritedRunnersScored": 4, "catchersInterference": 0, "sacBunts": 7, "sacFlies": 3}, "team": {"id": 142, "name": "Minnesota Twins", "link": "/api/v1/teams/142"}, "player": {"id": 110015, "fullName": "Paul Abbott", "link": "/api/v1/people/110015"}, "league": {"id": 103, "name": "American League", "link": "/api/v1/league/103"}, "sport": {"id": 1, "link": "/api/v1/sports/1", "abbreviation": "MLB"}, "gameType": "R"}, {"season": "1992", "stat": {"gamesPlayed": 6, "gamesStarted": 0, "groundOuts": 12, "airOuts": 7, "runs": 4, "doubles": 2, "triples": 1, "homeRuns": 1, "strikeOuts": 13, "baseOnBalls": 5, "intentionalWalks": 0, "hits": 12, "hitByPitch": 1, "avg": ".279", "atBats": 43, "obp": ".360", "slg": ".442", "ops": ".802", "caughtStealing": 0, "stolenBases": 2, "stolenBasePercentage": "1.000", "groundIntoDoublePlay": 0, "numberOfPitches": 192, "era": "3.27", "inningsPitched": "11.0", "wins": 0, "losses": 0, "saves": 0, "saveOpportunities": 0, "holds": 0, "blownSaves": 0, "earnedRuns": 4, "whip": "1.55", "battersFaced": 50, "outs": 33, "gamesPitched": 6, "completeGames": 0, "shutouts": 0, "strikes": 116, "strikePercentage": ".600", "hitBatsmen": 1, "balks": 0, "wildPitches": 1, "pickoffs": 1, "totalBases": 19, "groundOutsToAirouts": "1.71", "winPercentage": ".---", "pitchesPerInning": "17.45", "gamesFinished": 5, "strikeoutWalkRatio": "2.60", "strikeoutsPer9Inn": "10.64", "walksPer9Inn": "4.09", "hitsPer9Inn": "9.82", "runsScoredPer9": "3.27", "homeRunsPer9": "0.82", "inheritedRunners": 7, "inheritedRunnersScored": 3, "catchersInterference": 0, "sacBunts": 0, "sacFlies": 1}, "team": {"id": 142, "name": "Minnesota Twins", "link": "/api/v1/teams/142"}, "player": {"id": 110015, "fullName": "Paul Abbott", "link": "/api/v1/people/110015"}, "league": {"id": 103, "name": "American League", "link": "/api/v1/league/103"}, "sport": {"id": 1, "link": "/api/v1/sports/1", "abbreviation": "MLB"}, "gameType": "R"}, {"season": "1993", "stat": {"gamesPlayed": 5, "gamesStarted": 5, "groundOuts": 25, "airOuts": 22, "runs": 15, "doubles": 5, "triples": 1, "homeRuns": 5, "strikeOuts": 7, "baseOnBalls": 11, "intentionalWalks": 1, "hits": 19, "hitByPitch": 0, "avg": ".260", "atBats": 73, "obp": ".357", "slg": ".562", "ops": ".919", "caughtStealing": 0, "stolenBases": 3, "stolenBasePercentage": "1.000", "groundIntoDoublePlay": 1, "numberOfPitches": 330, "era": "6.38", "inningsPitched": "18.1", "wins": 0, "losses": 1, "saves": 0, "saveOpportunities": 0, "holds": 0, "blownSaves": 0, "earnedRuns": 13, "whip": "1.64", "battersFaced": 84, "outs": 55, "gamesPitched": 5, "completeGames": 0, "shutouts": 0, "strikes": 181, "strikePercentage": ".550", "hitBatsmen": 0, "balks": 0, "wildPitches": 1, "pickoffs": 0, "totalBases": 41, "groundOutsToAirouts": "1.14", "winPercentage": ".000", "pitchesPerInning": "18.00", "gamesFinished": 0, "strikeoutWalkRatio": "0.64", "strikeoutsPer9Inn": "3.44", "walksPer9Inn": "5.40", "hitsPer9Inn": "9.33", "runsScoredPer9": "7.36", "homeRunsPer9": "2.45", "inheritedRunners": 0, "inheritedRunnersScored": 0, "catchersInterference": 0, "sacBunts": 0, "sacFlies": 0}, "team": {"id": 114, "name": "Cleveland Indians", "link": "/api/v1/teams/114"}, "player": {"id": 110015, "fullName": "Paul Abbott", "link": "/api/v1/people/110015"}, "league": {"id": 103, "name": "American League", "link": "/api/v1/league/103"}, "sport": {"id": 1, "link": "/api/v1/sports/1", "abbreviation": "MLB"}, "gameType": "R"}, {"season": "1998", "stat": {"gamesPlayed": 4, "gamesStarted": 4, "groundOuts": 30, "airOuts": 19, "runs": 11, "doubles": 2, "triples": 0, "homeRuns": 2, "strikeOuts": 22, "baseOnBalls": 10, "intentionalWalks": 0, "hits": 24, "hitByPitch": 0, "avg": ".255", "atBats": 94, "obp": ".324", "slg": ".340", "ops": ".664", "caughtStealing": 1, "stolenBases": 4, "stolenBasePercentage": ".800", "groundIntoDoublePlay": 3, "numberOfPitches": 384, "era": "4.01", "inningsPitched": "24.2", "wins": 3, "losses": 1, "saves": 0, "saveOpportunities": 0, "holds": 0, "blownSaves": 0, "earnedRuns": 11, "whip": "1.38", "battersFaced": 105, "outs": 74, "gamesPitched": 4, "completeGames": 0, "shutouts": 0, "strikes": 247, "strikePercentage": ".640", "hitBatsmen": 0, "balks": 0, "wildPitches": 3, "pickoffs": 1, "totalBases": 32, "groundOutsToAirouts": "1.58", "winPercentage": ".750", "pitchesPerInning": "15.57", "gamesFinished": 0, "strikeoutWalkRatio": "2.20", "strikeoutsPer9Inn": "8.03", "walksPer9Inn": "3.65", "hitsPer9Inn": "8.76", "runsScoredPer9": "4.01", "homeRunsPer9": "0.73", "inheritedRunners": 0, "inheritedRunnersScored": 0, "catchersInterference": 0, "sacBunts": 0, "sacFlies": 1}, "team": {"id": 136, "name": "Seattle Mariners", "link": "/api/v1/teams/136"}, "player": {"id": 110015, "fullName": "Paul Abbott", "link": "/api/v1/people/110015"}, "league": {"id": 103, "name": "American League", "link": "/api/v1/league/103"}, "sport": {"id": 1, "link": "/api/v1/sports/1", "abbreviation": "MLB"}, "gameType": "R"}, {"season": "1999", "stat": {"gamesPlayed": 25, "gamesStarted": 7, "groundOuts": 73, "airOuts": 75, "runs": 31, "doubles": 7, "triples": 2, "homeRuns": 9, "strikeOuts": 68, "baseOnBalls": 32, "intentionalWalks": 3, "hits": 50, "hitByPitch": 0, "avg": ".193", "atBats": 259, "obp": ".278", "slg": ".340", "ops": ".618", "caughtStealing": 1, "stolenBases": 2, "stolenBasePercentage": ".667", "groundIntoDoublePlay": 3, "numberOfPitches": 1128, "era": "3.10", "inningsPitched": "72.2", "wins": 6, "losses": 2, "saves": 0, "saveOpportunities": 2, "holds": 3, "blownSaves": 2, "earnedRuns": 25, "whip": "1.13", "battersFaced": 298, "outs": 218, "gamesPitched": 25, "completeGames": 0, "shutouts": 0, "strikes": 687, "strikePercentage": ".610", "hitBatsmen": 0, "balks": 0, "wildPitches": 2, "pickoffs": 0, "totalBases": 88, "groundOutsToAirouts": "0.97", "winPercentage": ".750", "pitchesPerInning": "15.52", "gamesFinished": 8, "strikeoutWalkRatio": "2.13", "strikeoutsPer9Inn": "8.42", "walksPer9Inn": "3.96", "hitsPer9Inn": "6.19", "runsScoredPer9": "3.84", "homeRunsPer9": "1.11", "inheritedRunners": 18, "inheritedRunnersScored": 7, "catchersInterference": 0, "sacBunts": 3, "sacFlies": 4}, "team": {"id": 136, "name": "Seattle Mariners", "link": "/api/v1/teams/136"}, "player": {"id": 110015, "fullName": "Paul Abbott", "link": "/api/v1/people/110015"}, "league": {"id": 103, "name": "American League", "link": "/api/v1/league/103"}, "sport": {"id": 1, "link": "/api/v1/sports/1", "abbreviation": "MLB"}, "gameType": "R"}, {"season": "2000", "stat": {"gamesPlayed": 35, "gamesStarted": 27, "groundOuts": 172, "airOuts": 245, "runs": 89, "doubles": 34, "triples": 3, "homeRuns": 23, "strikeOuts": 100, "baseOnBalls": 80, "intentionalWalks": 4, "hits": 164, "hitByPitch": 5, "avg": ".243", "atBats": 676, "obp": ".325", "slg": ".404", "ops": ".729", "caughtStealing": 4, "stolenBases": 6, "stolenBasePercentage": ".600", "groundIntoDoublePlay": 20, "numberOfPitches": 2894, "era": "4.22", "inningsPitched": "179.0", "wins": 9, "losses": 7, "saves": 0, "saveOpportunities": 0, "holds": 4, "blownSaves": 0, "earnedRuns": 84, "whip": "1.36", "battersFaced": 766, "outs": 537, "gamesPitched": 35, "completeGames": 0, "shutouts": 0, "strikes": 1730, "strikePercentage": ".600", "hitBatsmen": 5, "balks": 0, "wildPitches": 3, "pickoffs": 0, "totalBases": 273, "groundOutsToAirouts": "0.70", "winPercentage": ".563", "pitchesPerInning": "16.17", "gamesFinished": 2, "strikeoutWalkRatio": "1.25", "strikeoutsPer9Inn": "5.03", "walksPer9Inn": "4.02", "hitsPer9Inn": "8.25", "runsScoredPer9": "4.47", "homeRunsPer9": "1.16", "inheritedRunners": 5, "inheritedRunnersScored": 3, "catchersInterference": 0, "sacBunts": 1, "sacFlies": 4}, "team": {"id": 136, "name": "Seattle Mariners", "link": "/api/v1/teams/136"}, "player": {"id": 110015, "fullName": "Paul Abbott", "link": "/api/v1/people/110015"}, "league": {"id": 103, "name": "American League", "link": "/api/v1/league/103"}, "sport": {"id": 1, "link": "/api/v1/sports/1", "abbreviation": "MLB"}, "gameType": "R"}, {"season": "2001", "stat": {"gamesPlayed": 28, "gamesStarted": 27, "groundOuts": 142, "airOuts": 211, "runs": 79, "doubles": 38, "triples": 1, "homeRuns": 21, "strikeOuts": 118, "baseOnBalls": 87, "intentionalWalks": 5, "hits": 145, "hitByPitch": 7, "avg": ".238", "atBats": 608, "obp": ".338", "slg": ".408", "ops": ".746", "caughtStealing": 6, "stolenBases": 7, "stolenBasePercentage": ".538", "groundIntoDoublePlay": 11, "numberOfPitches": 2741, "era": "4.25", "inningsPitched": "163.0", "wins": 17, "losses": 4, "saves": 0, "saveOpportunities": 0, "holds": 0, "blownSaves": 0, "earnedRuns": 77, "whip": "1.42", "battersFaced": 710, "outs": 489, "gamesPitched": 28, "completeGames": 1, "shutouts": 0, "strikes": 1627, "strikePercentage": ".590", "hitBatsmen": 7, "balks": 0, "wildPitches": 11, "pickoffs": 0, "totalBases": 248, "groundOutsToAirouts": "0.67", "winPercentage": ".810", "pitchesPerInning": "16.82", "gamesFinished": 0, "strikeoutWalkRatio": "1.36", "strikeoutsPer9Inn": "6.52", "walksPer9Inn": "4.80", "hitsPer9Inn": "8.01", "runsScoredPer9": "4.36", "homeRunsPer9": "1.16", "inheritedRunners": 0, "inheritedRunnersScored": 0, "catchersInterference": 0, "sacBunts": 3, "sacFlies": 5}, "team": {"id": 136, "name": "Seattle Mariners", "link": "/api/v1/teams/136"}, "player": {"id": 110015, "fullName": "Paul Abbott", "link": "/api/v1/people/110015"}, "league": {"id": 103, "name": "American League", "link": "/api/v1/league/103"}, "sport": {"id": 1, "link": "/api/v1/sports/1", "abbreviation": "MLB"}, "gameType": "R"}, {"season": "2002", "stat": {"gamesPlayed": 7, "gamesStarted": 5, "groundOuts": 24, "airOuts": 30, "runs": 36, "doubles": 10, "triples": 0, "homeRuns": 5, "strikeOuts": 22, "baseOnBalls": 20, "intentionalWalks": 0, "hits": 40, "hitByPitch": 1, "avg": ".351", "atBats": 114, "obp": ".449", "slg": ".570", "ops": "1.019", "caughtStealing": 1, "stolenBases": 4, "stolenBasePercentage": ".800", "groundIntoDoublePlay": 0, "numberOfPitches": 539, "era": "11.96", "inningsPitched": "26.1", "wins": 1, "losses": 3, "saves": 0, "saveOpportunities": 0, "holds": 0, "blownSaves": 0, "earnedRuns": 35, "whip": "2.28", "battersFaced": 137, "outs": 79, "gamesPitched": 7, "completeGames": 0, "shutouts": 0, "strikes": 316, "strikePercentage": ".590", "hitBatsmen": 1, "balks": 0, "wildPitches": 2, "pickoffs": 0, "totalBases": 65, "groundOutsToAirouts": "0.80", "winPercentage": ".250", "pitchesPerInning": "20.47", "gamesFinished": 1, "strikeoutWalkRatio": "1.10", "strikeoutsPer9Inn": "7.52", "walksPer9Inn": "6.84", "hitsPer9Inn": "13.67", "runsScoredPer9": "12.30", "homeRunsPer9": "1.71", "inheritedRunners": 2, "inheritedRunnersScored": 0, "catchersInterference": 0, "sacBunts": 1, "sacFlies": 1}, "team": {"id": 136, "name": "Seattle Mariners", "link": "/api/v1/teams/136"}, "player": {"id": 110015, "fullName": "Paul Abbott", "link": "/api/v1/people/110015"}, "league": {"id": 103, "name": "American League", "link": "/api/v1/league/103"}, "sport": {"id": 1, "link": "/api/v1/sports/1", "abbreviation": "MLB"}, "gameType": "R"}, {"season": "2003", "stat": {"gamesPlayed": 10, "gamesStarted": 8, "groundOuts": 52, "airOuts": 55, "runs": 29, "doubles": 9, "triples": 0, "homeRuns": 8, "strikeOuts": 32, "baseOnBalls": 26, "intentionalWalks": 2, "hits": 47, "hitByPitch": 2, "avg": ".257", "atBats": 183, "obp": ".354", "slg": ".437", "ops": ".791", "caughtStealing": 3, "stolenBases": 7, "stolenBasePercentage": ".700", "groundIntoDoublePlay": 1, "numberOfPitches": 822, "era": "5.29", "inningsPitched": "47.2", "wins": 1, "losses": 2, "saves": 0, "saveOpportunities": 0, "holds": 0, "blownSaves": 0, "earnedRuns": 28, "whip": "1.53", "battersFaced": 214, "outs": 143, "gamesPitched": 10, "completeGames": 0, "shutouts": 0, "strikes": 509, "strikePercentage": ".620", "hitBatsmen": 2, "balks": 0, "wildPitches": 2, "pickoffs": 0, "totalBases": 80, "groundOutsToAirouts": "0.95", "winPercentage": ".333", "pitchesPerInning": "17.24", "gamesFinished": 0, "strikeoutWalkRatio": "1.23", "strikeoutsPer9Inn": "6.04", "walksPer9Inn": "4.91", "hitsPer9Inn": "8.87", "runsScoredPer9": "5.48", "homeRunsPer9": "1.51", "inheritedRunners": 0, "inheritedRunnersScored": 0, "catchersInterference": 0, "sacBunts": 2, "sacFlies": 1}, "team": {"id": 118, "name": "Kansas City Royals", "link": "/api/v1/teams/118"}, "player": {"id": 110015, "fullName": "Paul Abbott", "link": "/api/v1/people/110015"}, "league": {"id": 103, "name": "American League", "link": "/api/v1/league/103"}, "sport": {"id": 1, "link": "/api/v1/sports/1", "abbreviation": "MLB"}, "gameType": "R"}, {"season": "2004", "stat": {"gamesPlayed": 10, "gamesStarted": 9, "groundOuts": 52, "airOuts": 66, "runs": 39, "doubles": 10, "triples": 0, "homeRuns": 8, "strikeOuts": 25, "baseOnBalls": 27, "intentionalWalks": 0, "hits": 49, "hitByPitch": 3, "avg": ".257", "atBats": 191, "obp": ".356", "slg": ".435", "ops": ".791", "caughtStealing": 0, "stolenBases": 4, "stolenBasePercentage": "1.000", "groundIntoDoublePlay": 0, "numberOfPitches": 849, "era": "6.70", "inningsPitched": "47.0", "wins": 2, "losses": 5, "saves": 0, "saveOpportunities": 0, "holds": 0, "blownSaves": 0, "earnedRuns": 35, "whip": "1.62", "battersFaced": 222, "outs": 141, "gamesPitched": 10, "completeGames": 0, "shutouts": 0, "strikes": 507, "strikePercentage": ".600", "hitBatsmen": 3, "balks": 0, "wildPitches": 3, "pickoffs": 1, "totalBases": 83, "groundOutsToAirouts": "0.79", "winPercentage": ".286", "pitchesPerInning": "18.06", "gamesFinished": 0, "strikeoutWalkRatio": "0.93", "strikeoutsPer9Inn": "4.79", "walksPer9Inn": "5.17", "hitsPer9Inn": "9.38", "runsScoredPer9": "7.47", "homeRunsPer9": "1.53", "inheritedRunners": 0, "inheritedRunnersScored": 0, "catchersInterference": 0, "sacBunts": 0, "sacFlies": 1}, "team": {"id": 139, "name": "Tampa Bay Devil Rays", "link": "/api/v1/teams/139"}, "player": {"id": 110015, "fullName": "Paul Abbott", "link": "/api/v1/people/110015"}, "league": {"id": 103, "name": "American League", "link": "/api/v1/league/103"}, "sport": {"id": 1, "link": "/api/v1/sports/1", "abbreviation": "MLB"}, "gameType": "R"}, {"season": "2004", "stat": {"gamesPlayed": 10, "gamesStarted": 10, "groundOuts": 55, "airOuts": 64, "runs": 37, "doubles": 9, "triples": 0, "homeRuns": 14, "strikeOuts": 21, "baseOnBalls": 31, "intentionalWalks": 1, "hits": 57, "hitByPitch": 1, "avg": ".291", "atBats": 196, "obp": ".390", "slg": ".551", "ops": ".941", "caughtStealing": 2, "stolenBases": 5, "stolenBasePercentage": ".714", "groundIntoDoublePlay": 3, "numberOfPitches": 808, "era": "6.24", "inningsPitched": "49.0", "wins": 1, "losses": 6, "saves": 0, "saveOpportunities": 0, "holds": 0, "blownSaves": 0, "earnedRuns": 34, "whip": "1.80", "battersFaced": 229, "outs": 147, "gamesPitched": 10, "completeGames": 0, "shutouts": 0, "strikes": 488, "strikePercentage": ".600", "hitBatsmen": 1, "balks": 0, "wildPitches": 3, "pickoffs": 0, "totalBases": 108, "groundOutsToAirouts": "0.86", "winPercentage": ".143", "pitchesPerInning": "16.49", "gamesFinished": 0, "strikeoutWalkRatio": "0.68", "strikeoutsPer9Inn": "3.86", "walksPer9Inn": "5.69", "hitsPer9Inn": "10.47", "runsScoredPer9": "6.80", "homeRunsPer9": "2.57", "inheritedRunners": 0, "inheritedRunnersScored": 0, "catchersInterference": 0, "sacBunts": 1, "sacFlies": 0}, "team": {"id": 143, "name": "Philadelphia Phillies", "link": "/api/v1/teams/143"}, "player": {"id": 110015, "fullName": "Paul Abbott", "link": "/api/v1/people/110015"}, "league": {"id": 104, "name": "National League", "link": "/api/v1/league/104"}, "sport": {"id": 1, "link": "/api/v1/sports/1", "abbreviation": "MLB"}, "gameType": "R"}, {"season": "2004", "stat": {"gamesPlayed": 20, "gamesStarted": 19, "groundOuts": 107, "airOuts": 130, "runs": 76, "doubles": 19, "triples": 0, "homeRuns": 22, "strikeOuts": 46, "baseOnBalls": 58, "intentionalWalks": 1, "hits": 106, "hitByPitch": 4, "avg": ".274", "atBats": 387, "obp": ".373", "slg": ".494", "ops": ".867", "caughtStealing": 2, "stolenBases": 9, "stolenBasePercentage": ".818", "groundIntoDoublePlay": 3, "numberOfPitches": 1657, "era": "6.47", "inningsPitched": "96.0", "wins": 3, "losses": 11, "saves": 0, "saveOpportunities": 0, "holds": 0, "blownSaves": 0, "earnedRuns": 69, "whip": "1.71", "battersFaced": 451, "outs": 288, "gamesPitched": 20, "completeGames": 0, "shutouts": 0, "strikes": 995, "strikePercentage": ".600", "hitBatsmen": 4, "balks": 0, "wildPitches": 6, "pickoffs": 1, "totalBases": 191, "groundOutsToAirouts": "0.82", "winPercentage": ".214", "pitchesPerInning": "17.26", "gamesFinished": 0, "strikeoutWalkRatio": "0.79", "strikeoutsPer9Inn": "4.31", "walksPer9Inn": "5.44", "hitsPer9Inn": "9.94", "runsScoredPer9": "7.13", "homeRunsPer9": "2.06", "inheritedRunners": 0, "inheritedRunnersScored": 0, "catchersInterference": 0, "sacBunts": 1, "sacFlies": 1}, "player": {"id": 110015, "fullName": "Paul Abbott", "link": "/api/v1/people/110015"}, "sport": {"id": 1, "link": "/api/v1/sports/1", "abbreviation": "MLB"}, "gameType": "R", "numTeams": 2}]}], "mlbDebutDate": "1990-08-21", "batSide": {"code": "R", "description": "Right"}, "pitchHand": {"code": "R", "description": "Right"}, "nameFirstLast": "Paul Abbott", "nameSlug": "paul-abbott-110015", "firstLastName": "Paul Abbott", "lastFirstName": "Abbott, Paul", "lastInitName": "Abbott, P", "initLastName": "P Abbott", "fullFMLName": "Paul David Abbott", "fullLFMName": "Abbott, Paul David", "strikeZoneTop": 3.467, "strikeZoneBottom": 1.589}