{"id": 110484, "fullName": "Norm Baker", "link": "/api/v1/people/110484", "firstName": "Norman", "lastName": "Baker", "birthDate": "1862-10-14", "currentAge": 86, "birthCity": "Philadelphia", "birthStateProvince": "PA", "birthCountry": "USA", "height": "0' 0\"", "weight": 0, "active": false, "primaryPosition": {"code": "1", "name": "Pitcher", "type": "Pitcher", "abbreviation": "P"}, "useName": "Norm", "useLastName": "Baker", "middleName": "Leslie", "boxscoreName": "Baker", "gender": "M", "isPlayer": true, "isVerified": true, "deathDate": "1949-02-20", "deathCity": "Hurffville", "deathStateProvince": "NJ", "deathCountry": "USA", "stats": [{"type": {"displayName": "career"}, "group": {"displayName": "pitching"}, "exemptions": [], "splits": [{"stat": {"gamesPlayed": 30, "gamesStarted": 29, "runs": 167, "homeRuns": 3, "strikeOuts": 94, "baseOnBalls": 86, "hits": 250, "hitByPitch": 10, "avg": ".266", "atBats": 939, "obp": ".334", "era": "3.42", "inningsPitched": "253.0", "wins": 14, "losses": 15, "saves": 0, "earnedRuns": 96, "whip": "1.33", "battersFaced": 1035, "outs": 759, "gamesPitched": 30, "completeGames": 28, "shutouts": 1, "hitBatsmen": 10, "balks": 1, "wildPitches": 22, "winPercentage": ".483", "gamesFinished": 1, "strikeoutWalkRatio": "1.09", "strikeoutsPer9Inn": "3.34", "walksPer9Inn": "3.06", "hitsPer9Inn": "8.89", "runsScoredPer9": "5.94", "homeRunsPer9": "0.11"}, "player": {"id": 110484, "fullName": "Norm Baker", "link": "/api/v1/people/110484"}, "sport": {"id": 1, "link": "/api/v1/sports/1", "abbreviation": "MLB"}, "gameType": "R", "numTeams": 3}]}, {"type": {"displayName": "career"}, "group": {"displayName": "hitting"}, "exemptions": [], "splits": [{"stat": {"gamesPlayed": 31, "runs": 16, "doubles": 2, "triples": 0, "homeRuns": 0, "baseOnBalls": 2, "hits": 18, "hitByPitch": 2, "avg": ".170", "atBats": 106, "obp": ".200", "slg": ".189", "ops": ".389", "stolenBases": 0, "plateAppearances": 110, "totalBases": 20, "rbi": 6, "atBatsPerHomeRun": "-.--"}, "player": {"id": 110484, "fullName": "Norm Baker", "link": "/api/v1/people/110484"}, "sport": {"id": 1, "link": "/api/v1/sports/1", "abbreviation": "MLB"}, "gameType": "R", "numTeams": 3}]}, {"type": {"displayName": "career"}, "group": {"displayName": "fielding"}, "exemptions": [], "splits": [{"stat": {"gamesPlayed": 30, "gamesStarted": 29, "assists": 39, "putOuts": 5, "errors": 14, "chances": 58, "fielding": ".759", "position": {"code": "1", "name": "Pitcher", "type": "Pitcher", "abbreviation": "P"}, "rangeFactorPerGame": "1.47", "rangeFactorPer9Inn": "1.57", "innings": "253.0", "games": 30, "doublePlays": 1, "triplePlays": 0}, "player": {"id": 110484, "fullName": "Norm Baker", "link": "/api/v1/people/110484"}, "sport": {"id": 1, "link": "/api/v1/sports/1", "abbreviation": "MLB"}, "gameType": "R", "numTeams": 3, "position": {"code": "1", "name": "Pitcher", "type": "Pitcher", "abbreviation": "P"}}]}, {"type": {"displayName": "yearByYear"}, "group": {"displayName": "pitching"}, "exemptions": [], "splits": [{"season": "1883", "stat": {"gamesPlayed": 3, "gamesStarted": 3, "runs": 16, "homeRuns": 0, "strikeOuts": 5, "baseOnBalls": 11, "hits": 24, "era": "3.32", "inningsPitched": "19.0", "wins": 0, "losses": 2, "saves": 0, "earnedRuns": 7, "whip": "1.84", "battersFaced": 11, "outs": 57, "gamesPitched": 3, "completeGames": 2, "shutouts": 0, "balks": 0, "wildPitches": 1, "winPercentage": ".000", "gamesFinished": 0, "strikeoutWalkRatio": "0.45", "strikeoutsPer9Inn": "2.37", "walksPer9Inn": "5.21", "hitsPer9Inn": "11.37", "runsScoredPer9": "7.58", "homeRunsPer9": "0.00"}, "team": {"id": 134, "name": "Pittsburgh Pirates", "link": "/api/v1/teams/134"}, "player": {"id": 110484, "fullName": "Norm Baker", "link": "/api/v1/people/110484"}, "league": {"id": 100, "name": "American Association", "link": "/api/v1/league/100"}, "sport": {"id": 1, "link": "/api/v1/sports/1", "abbreviation": "MLB"}, "gameType": "R"}, {"season": "1885", "stat": {"gamesPlayed": 25, "gamesStarted": 24, "runs": 142, "homeRuns": 3, "strikeOuts": 79, "baseOnBalls": 69, "hits": 210, "hitByPitch": 10, "avg": ".241", "atBats": 873, "obp": ".304", "era": "3.40", "inningsPitched": "217.0", "wins": 13, "losses": 12, "saves": 0, "earnedRuns": 82, "whip": "1.29", "battersFaced": 952, "outs": 651, "gamesPitched": 25, "completeGames": 24, "shutouts": 1, "hitBatsmen": 10, "balks": 1, "wildPitches": 21, "winPercentage": ".520", "gamesFinished": 1, "strikeoutWalkRatio": "1.14", "strikeoutsPer9Inn": "3.28", "walksPer9Inn": "2.86", "hitsPer9Inn": "8.71", "runsScoredPer9": "5.89", "homeRunsPer9": "0.12"}, "team": {"id": 148, "name": "Louisville Colonels", "link": "/api/v1/teams/148"}, "player": {"id": 110484, "fullName": "Norm Baker", "link": "/api/v1/people/110484"}, "league": {"id": 100, "name": "American Association", "link": "/api/v1/league/100"}, "sport": {"id": 1, "link": "/api/v1/sports/1", "abbreviation": "MLB"}, "gameType": "R"}, {"season": "1890", "stat": {"gamesPlayed": 2, "gamesStarted": 2, "runs": 9, "homeRuns": 0, "strikeOuts": 10, "baseOnBalls": 6, "hits": 16, "hitByPitch": 0, "avg": ".242", "atBats": 66, "obp": ".306", "era": "3.71", "inningsPitched": "17.0", "wins": 1, "losses": 1, "saves": 0, "earnedRuns": 7, "whip": "1.29", "battersFaced": 72, "outs": 51, "gamesPitched": 2, "completeGames": 2, "shutouts": 0, "hitBatsmen": 0, "balks": 0, "wildPitches": 0, "winPercentage": ".500", "gamesFinished": 0, "strikeoutWalkRatio": "1.67", "strikeoutsPer9Inn": "5.29", "walksPer9Inn": "3.18", "hitsPer9Inn": "8.47", "runsScoredPer9": "4.76", "homeRunsPer9": "0.00"}, "team": {"id": 166, "name": "Baltimore Orioles", "link": "/api/v1/teams/166"}, "player": {"id": 110484, "fullName": "Norm Baker", "link": "/api/v1/people/110484"}, "league": {"id": 100, "name": "American Association", "link": "/api/v1/league/100"}, "sport": {"id": 1, "link": "/api/v1/sports/1", "abbreviation": "MLB"}, "gameType": "R"}]}, {"type": {"displayName": "yearByYear"}, "group": {"displayName": "hitting"}, "exemptions": [], "splits": [{"season": "1883", "stat": {"gamesPlayed": 4, "runs": 1, "doubles": 0, "triples": 0, "homeRuns": 0, "baseOnBalls": 0, "hits": 0, "avg": ".000", "atBats": 12, "slg": ".000", "plateAppearances": 12, "totalBases": 0, "rbi": 1, "atBatsPerHomeRun": "-.--"}, "team": {"id": 134, "name": "Pittsburgh Pirates", "link": "/api/v1/teams/134"}, "player": {"id": 110484, "fullName": "Norm Baker", "link": "/api/v1/people/110484"}, "league": {"id": 100, "name": "American Association", "link": "/api/v1/league/100"}, "sport": {"id": 1, "link": "/api/v1/sports/1", "abbreviation": "MLB"}, "gameType": "R"}, {"season": "1885", "stat": {"gamesPlayed": 25, "runs": 15, "doubles": 2, "triples": 0, "homeRuns": 0, "baseOnBalls": 2, "hits": 18, "hitByPitch": 1, "avg": ".207", "atBats": 87, "obp": ".233", "slg": ".230", "ops": ".463", "plateAppearances": 90, "totalBases": 20, "rbi": 5, "atBatsPerHomeRun": "-.--"}, "team": {"id": 148, "name": "Louisville Colonels", "link": "/api/v1/teams/148"}, "player": {"id": 110484, "fullName": "Norm Baker", "link": "/api/v1/people/110484"}, "league": {"id": 100, "name": "American Association", "link": "/api/v1/league/100"}, "sport": {"id": 1, "link": "/api/v1/sports/1", "abbreviation": "MLB"}, "gameType": "R"}, {"season": "1890", "stat": {"gamesPlayed": 2, "runs": 0, "doubles": 0, "triples": 0, "homeRuns": 0, "baseOnBalls": 0, "hits": 0, "hitByPitch": 1, "avg": ".000", "atBats": 7, "obp": ".125", "slg": ".000", "ops": ".125", "stolenBases": 0, "plateAppearances": 8, "totalBases": 0, "rbi": 0, "atBatsPerHomeRun": "-.--"}, "team": {"id": 166, "name": "Baltimore Orioles", "link": "/api/v1/teams/166"}, "player": {"id": 110484, "fullName": "Norm Baker", "link": "/api/v1/people/110484"}, "league": {"id": 100, "name": "American Association", "link": "/api/v1/league/100"}, "sport": {"id": 1, "link": "/api/v1/sports/1", "abbreviation": "MLB"}, "gameType": "R"}]}, {"type": {"displayName": "yearByYear"}, "group": {"displayName": "fielding"}, "exemptions": [], "splits": [{"season": "1883", "stat": {"gamesPlayed": 3, "gamesStarted": 3, "assists": 1, "putOuts": 0, "errors": 2, "chances": 3, "fielding": ".333", "position": {"code": "1", "name": "Pitcher", "type": "Pitcher", "abbreviation": "P"}, "rangeFactorPerGame": "0.33", "rangeFactorPer9Inn": "0.47", "innings": "19.0", "games": 3, "doublePlays": 0, "triplePlays": 0}, "team": {"id": 134, "name": "Pittsburgh Pirates", "link": "/api/v1/teams/134"}, "player": {"id": 110484, "fullName": "Norm Baker", "link": "/api/v1/people/110484"}, "league": {"id": 100, "name": "American Association", "link": "/api/v1/league/100"}, "sport": {"id": 1, "link": "/api/v1/sports/1", "abbreviation": "MLB"}, "gameType": "R", "position": {"code": "1", "name": "Pitcher", "type": "Pitcher", "abbreviation": "P"}}, {"season": "1885", "stat": {"gamesPlayed": 25, "gamesStarted": 24, "assists": 33, "putOuts": 5, "errors": 12, "chances": 50, "fielding": ".760", "position": {"code": "1", "name": "Pitcher", "type": "Pitcher", "abbreviation": "P"}, "rangeFactorPerGame": "1.52", "rangeFactorPer9Inn": "1.58", "innings": "217.0", "games": 25, "doublePlays": 1, "triplePlays": 0}, "team": {"id": 148, "name": "Louisville Colonels", "link": "/api/v1/teams/148"}, "player": {"id": 110484, "fullName": "Norm Baker", "link": "/api/v1/people/110484"}, "league": {"id": 100, "name": "American Association", "link": "/api/v1/league/100"}, "sport": {"id": 1, "link": "/api/v1/sports/1", "abbreviation": "MLB"}, "gameType": "R", "position": {"code": "1", "name": "Pitcher", "type": "Pitcher", "abbreviation": "P"}}, {"season": "1890", "stat": {"gamesPlayed": 2, "gamesStarted": 2, "assists": 5, "putOuts": 0, "errors": 0, "chances": 5, "fielding": "1.000", "position": {"code": "1", "name": "Pitcher", "type": "Pitcher", "abbreviation": "P"}, "rangeFactorPerGame": "2.50", "rangeFactorPer9Inn": "2.65", "innings": "17.0", "games": 2, "doublePlays": 0, "triplePlays": 0}, "team": {"id": 166, "name": "Baltimore Orioles", "link": "/api/v1/teams/166"}, "player": {"id": 110484, "fullName": "Norm Baker", "link": "/api/v1/people/110484"}, "league": {"id": 100, "name": "American Association", "link": "/api/v1/league/100"}, "sport": {"id": 1, "link": "/api/v1/sports/1", "abbreviation": "MLB"}, "gameType": "R", "position": {"code": "1", "name": "Pitcher", "type": "Pitcher", "abbreviation": "P"}}]}], "mlbDebutDate": "1883-05-21", "batSide": {"code": "R", "description": "Right"}, "pitchHand": {"code": "R", "description": "Right"}, "nameFirstLast": "Norm Baker", "nameSlug": "norm-baker-110484", "firstLastName": "Norm Baker", "lastFirstName": "Baker, Norm", "lastInitName": "Baker, N", "initLastName": "N Baker", "fullFMLName": "Norman Leslie Baker", "fullLFMName": "Baker, Norman Leslie"}