{"id": 110142, "fullName": "Ethan Allen", "link": "/api/v1/people/110142", "firstName": "Ethan", "lastName": "Allen", "primaryNumber": "30", "birthDate": "1904-01-01", "currentAge": 89, "birthCity": "Cincinnati", "birthStateProvince": "OH", "birthCountry": "USA", "height": "6' 1\"", "weight": 180, "active": false, "primaryPosition": {"code": "8", "name": "Outfielder", "type": "Outfielder", "abbreviation": "CF"}, "useName": "Ethan", "useLastName": "Allen", "middleName": "Nathan", "boxscoreName": "Allen", "gender": "M", "isPlayer": true, "isVerified": true, "deathDate": "1993-09-15", "deathCity": "Crescent City", "deathStateProvince": "CA", "deathCountry": "USA", "lastPlayedDate": "1938-06-18", "stats": [{"type": {"displayName": "career"}, "group": {"displayName": "fielding"}, "exemptions": [], "splits": [{"stat": {"gamesPlayed": 301, "gamesStarted": 276, "assists": 21, "putOuts": 620, "errors": 19, "chances": 660, "fielding": ".971", "position": {"code": "7", "name": "Outfielder", "type": "Outfielder", "abbreviation": "LF"}, "rangeFactorPerGame": "2.13", "rangeFactorPer9Inn": "2.44", "innings": "2362.0", "games": 301, "doublePlays": 6, "triplePlays": 0}, "player": {"id": 110142, "fullName": "Ethan Allen", "link": "/api/v1/people/110142"}, "sport": {"id": 1, "link": "/api/v1/sports/1", "abbreviation": "MLB"}, "gameType": "R", "numTeams": 5, "position": {"code": "7", "name": "Outfielder", "type": "Outfielder", "abbreviation": "LF"}}, {"stat": {"gamesPlayed": 728, "gamesStarted": 690, "assists": 73, "putOuts": 1939, "errors": 33, "chances": 2045, "fielding": ".984", "position": {"code": "8", "name": "Outfielder", "type": "Outfielder", "abbreviation": "CF"}, "rangeFactorPerGame": "2.76", "rangeFactorPer9Inn": "3.07", "innings": "5890.0", "games": 728, "doublePlays": 16, "triplePlays": 0}, "player": {"id": 110142, "fullName": "Ethan Allen", "link": "/api/v1/people/110142"}, "sport": {"id": 1, "link": "/api/v1/sports/1", "abbreviation": "MLB"}, "gameType": "R", "numTeams": 6, "position": {"code": "8", "name": "Outfielder", "type": "Outfielder", "abbreviation": "CF"}}, {"stat": {"gamesPlayed": 109, "gamesStarted": 80, "assists": 9, "putOuts": 187, "errors": 4, "chances": 200, "fielding": ".980", "position": {"code": "9", "name": "Outfielder", "type": "Outfielder", "abbreviation": "RF"}, "rangeFactorPerGame": "1.80", "rangeFactorPer9Inn": "2.57", "innings": "686.2", "games": 109, "doublePlays": 2, "triplePlays": 0}, "player": {"id": 110142, "fullName": "Ethan Allen", "link": "/api/v1/people/110142"}, "sport": {"id": 1, "link": "/api/v1/sports/1", "abbreviation": "MLB"}, "gameType": "R", "numTeams": 5, "position": {"code": "9", "name": "Outfielder", "type": "Outfielder", "abbreviation": "RF"}}]}, {"type": {"displayName": "career"}, "group": {"displayName": "hitting"}, "exemptions": [], "splits": [{"stat": {"gamesPlayed": 1281, "runs": 623, "doubles": 255, "triples": 45, "homeRuns": 47, "strikeOuts": 310, "baseOnBalls": 223, "hits": 1325, "hitByPitch": 14, "avg": ".300", "atBats": 4418, "obp": ".336", "slg": ".410", "ops": ".746", "caughtStealing": 4, "stolenBases": 84, "stolenBasePercentage": ".955", "groundIntoDoublePlay": 38, "plateAppearances": 4765, "totalBases": 1811, "rbi": 501, "sacBunts": 110, "babip": ".315", "atBatsPerHomeRun": "94.00"}, "player": {"id": 110142, "fullName": "Ethan Allen", "link": "/api/v1/people/110142"}, "sport": {"id": 1, "link": "/api/v1/sports/1", "abbreviation": "MLB"}, "gameType": "R", "numTeams": 6}]}, {"type": {"displayName": "yearByYear"}, "group": {"displayName": "fielding"}, "exemptions": [], "splits": [{"season": "1926", "stat": {"gamesPlayed": 5, "gamesStarted": 0, "assists": 0, "putOuts": 2, "errors": 0, "chances": 2, "fielding": "1.000", "position": {"code": "7", "name": "Outfielder", "type": "Outfielder", "abbreviation": "LF"}, "rangeFactorPerGame": "0.40", "rangeFactorPer9Inn": "18.00", "innings": "1.0", "games": 5, "doublePlays": 0, "triplePlays": 0}, "team": {"id": 113, "name": "Cincinnati Reds", "link": "/api/v1/teams/113"}, "player": {"id": 110142, "fullName": "Ethan Allen", "link": "/api/v1/people/110142"}, "league": {"id": 104, "name": "National League", "link": "/api/v1/league/104"}, "sport": {"id": 1, "link": "/api/v1/sports/1", "abbreviation": "MLB"}, "gameType": "R", "position": {"code": "7", "name": "Outfielder", "type": "Outfielder", "abbreviation": "LF"}}, {"season": "1926", "stat": {"gamesPlayed": 4, "gamesStarted": 0, "assists": 0, "putOuts": 7, "errors": 0, "chances": 7, "fielding": "1.000", "position": {"code": "9", "name": "Outfielder", "type": "Outfielder", "abbreviation": "RF"}, "rangeFactorPerGame": "1.75", "rangeFactorPer9Inn": "15.75", "innings": "4.0", "games": 4, "doublePlays": 0, "triplePlays": 0}, "team": {"id": 113, "name": "Cincinnati Reds", "link": "/api/v1/teams/113"}, "player": {"id": 110142, "fullName": "Ethan Allen", "link": "/api/v1/people/110142"}, "league": {"id": 104, "name": "National League", "link": "/api/v1/league/104"}, "sport": {"id": 1, "link": "/api/v1/sports/1", "abbreviation": "MLB"}, "gameType": "R", "position": {"code": "9", "name": "Outfielder", "type": "Outfielder", "abbreviation": "RF"}}, {"season": "1927", "stat": {"gamesPlayed": 15, "gamesStarted": 13, "assists": 0, "putOuts": 24, "errors": 0, "chances": 24, "fielding": "1.000", "position": {"code": "7", "name": "Outfielder", "type": "Outfielder", "abbreviation": "LF"}, "rangeFactorPerGame": "1.60", "rangeFactorPer9Inn": "2.02", "innings": "107.0", "games": 15, "doublePlays": 0, "triplePlays": 0}, "team": {"id": 113, "name": "Cincinnati Reds", "link": "/api/v1/teams/113"}, "player": {"id": 110142, "fullName": "Ethan Allen", "link": "/api/v1/people/110142"}, "league": {"id": 104, "name": "National League", "link": "/api/v1/league/104"}, "sport": {"id": 1, "link": "/api/v1/sports/1", "abbreviation": "MLB"}, "gameType": "R", "position": {"code": "7", "name": "Outfielder", "type": "Outfielder", "abbreviation": "LF"}}, {"season": "1927", "stat": {"gamesPlayed": 72, "gamesStarted": 70, "assists": 4, "putOuts": 207, "errors": 2, "chances": 213, "fielding": ".991", "position": {"code": "8", "name": "Outfielder", "type": "Outfielder", "abbreviation": "CF"}, "rangeFactorPerGame": "2.93", "rangeFactorPer9Inn": "3.15", "innings": "602.2", "games": 72, "doublePlays": 2, "triplePlays": 0}, "team": {"id": 113, "name": "Cincinnati Reds", "link": "/api/v1/teams/113"}, "player": {"id": 110142, "fullName": "Ethan Allen", "link": "/api/v1/people/110142"}, "league": {"id": 104, "name": "National League", "link": "/api/v1/league/104"}, "sport": {"id": 1, "link": "/api/v1/sports/1", "abbreviation": "MLB"}, "gameType": "R", "position": {"code": "8", "name": "Outfielder", "type": "Outfielder", "abbreviation": "CF"}}, {"season": "1927", "stat": {"gamesPlayed": 13, "gamesStarted": 11, "assists": 2, "putOuts": 19, "errors": 1, "chances": 22, "fielding": ".955", "position": {"code": "9", "name": "Outfielder", "type": "Outfielder", "abbreviation": "RF"}, "rangeFactorPerGame": "1.62", "rangeFactorPer9Inn": "2.36", "innings": "80.0", "games": 13, "doublePlays": 1, "triplePlays": 0}, "team": {"id": 113, "name": "Cincinnati Reds", "link": "/api/v1/teams/113"}, "player": {"id": 110142, "fullName": "Ethan Allen", "link": "/api/v1/people/110142"}, "league": {"id": 104, "name": "National League", "link": "/api/v1/league/104"}, "sport": {"id": 1, "link": "/api/v1/sports/1", "abbreviation": "MLB"}, "gameType": "R", "position": {"code": "9", "name": "Outfielder", "type": "Outfielder", "abbreviation": "RF"}}, {"season": "1928", "stat": {"gamesPlayed": 1, "gamesStarted": 1, "assists": 0, "putOuts": 1, "errors": 0, "chances": 1, "fielding": "1.000", "position": {"code": "7", "name": "Outfielder", "type": "Outfielder", "abbreviation": "LF"}, "rangeFactorPerGame": "1.00", "rangeFactorPer9Inn": "1.29", "innings": "7.0", "games": 1, "doublePlays": 0, "triplePlays": 0}, "team": {"id": 113, "name": "Cincinnati Reds", "link": "/api/v1/teams/113"}, "player": {"id": 110142, "fullName": "Ethan Allen", "link": "/api/v1/people/110142"}, "league": {"id": 104, "name": "National League", "link": "/api/v1/league/104"}, "sport": {"id": 1, "link": "/api/v1/sports/1", "abbreviation": "MLB"}, "gameType": "R", "position": {"code": "7", "name": "Outfielder", "type": "Outfielder", "abbreviation": "LF"}}, {"season": "1928", "stat": {"gamesPlayed": 127, "gamesStarted": 124, "assists": 12, "putOuts": 345, "errors": 7, "chances": 364, "fielding": ".981", "position": {"code": "8", "name": "Outfielder", "type": "Outfielder", "abbreviation": "CF"}, "rangeFactorPerGame": "2.81", "rangeFactorPer9Inn": "2.98", "innings": "1079.0", "games": 127, "doublePlays": 4, "triplePlays": 0}, "team": {"id": 113, "name": "Cincinnati Reds", "link": "/api/v1/teams/113"}, "player": {"id": 110142, "fullName": "Ethan Allen", "link": "/api/v1/people/110142"}, "league": {"id": 104, "name": "National League", "link": "/api/v1/league/104"}, "sport": {"id": 1, "link": "/api/v1/sports/1", "abbreviation": "MLB"}, "gameType": "R", "position": {"code": "8", "name": "Outfielder", "type": "Outfielder", "abbreviation": "CF"}}, {"season": "1928", "stat": {"gamesPlayed": 1, "gamesStarted": 1, "assists": 0, "putOuts": 2, "errors": 0, "chances": 2, "fielding": "1.000", "position": {"code": "9", "name": "Outfielder", "type": "Outfielder", "abbreviation": "RF"}, "rangeFactorPerGame": "2.00", "rangeFactorPer9Inn": "1.80", "innings": "10.0", "games": 1, "doublePlays": 0, "triplePlays": 0}, "team": {"id": 113, "name": "Cincinnati Reds", "link": "/api/v1/teams/113"}, "player": {"id": 110142, "fullName": "Ethan Allen", "link": "/api/v1/people/110142"}, "league": {"id": 104, "name": "National League", "link": "/api/v1/league/104"}, "sport": {"id": 1, "link": "/api/v1/sports/1", "abbreviation": "MLB"}, "gameType": "R", "position": {"code": "9", "name": "Outfielder", "type": "Outfielder", "abbreviation": "RF"}}, {"season": "1929", "stat": {"gamesPlayed": 24, "gamesStarted": 23, "assists": 1, "putOuts": 56, "errors": 1, "chances": 58, "fielding": ".983", "position": {"code": "7", "name": "Outfielder", "type": "Outfielder", "abbreviation": "LF"}, "rangeFactorPerGame": "2.38", "rangeFactorPer9Inn": "2.51", "innings": "204.2", "games": 24, "doublePlays": 0, "triplePlays": 0}, "team": {"id": 113, "name": "Cincinnati Reds", "link": "/api/v1/teams/113"}, "player": {"id": 110142, "fullName": "Ethan Allen", "link": "/api/v1/people/110142"}, "league": {"id": 104, "name": "National League", "link": "/api/v1/league/104"}, "sport": {"id": 1, "link": "/api/v1/sports/1", "abbreviation": "MLB"}, "gameType": "R", "position": {"code": "7", "name": "Outfielder", "type": "Outfielder", "abbreviation": "LF"}}, {"season": "1929", "stat": {"gamesPlayed": 104, "gamesStarted": 102, "assists": 9, "putOuts": 313, "errors": 4, "chances": 326, "fielding": ".988", "position": {"code": "8", "name": "Outfielder", "type": "Outfielder", "abbreviation": "CF"}, "rangeFactorPerGame": "3.10", "rangeFactorPer9Inn": "3.26", "innings": "890.0", "games": 104, "doublePlays": 2, "triplePlays": 0}, "team": {"id": 113, "name": "Cincinnati Reds", "link": "/api/v1/teams/113"}, "player": {"id": 110142, "fullName": "Ethan Allen", "link": "/api/v1/people/110142"}, "league": {"id": 104, "name": "National League", "link": "/api/v1/league/104"}, "sport": {"id": 1, "link": "/api/v1/sports/1", "abbreviation": "MLB"}, "gameType": "R", "position": {"code": "8", "name": "Outfielder", "type": "Outfielder", "abbreviation": "CF"}}, {"season": "1929", "stat": {"gamesPlayed": 10, "gamesStarted": 8, "assists": 2, "putOuts": 24, "errors": 0, "chances": 26, "fielding": "1.000", "position": {"code": "9", "name": "Outfielder", "type": "Outfielder", "abbreviation": "RF"}, "rangeFactorPerGame": "2.60", "rangeFactorPer9Inn": "3.44", "innings": "68.0", "games": 10, "doublePlays": 0, "triplePlays": 0}, "team": {"id": 113, "name": "Cincinnati Reds", "link": "/api/v1/teams/113"}, "player": {"id": 110142, "fullName": "Ethan Allen", "link": "/api/v1/people/110142"}, "league": {"id": 104, "name": "National League", "link": "/api/v1/league/104"}, "sport": {"id": 1, "link": "/api/v1/sports/1", "abbreviation": "MLB"}, "gameType": "R", "position": {"code": "9", "name": "Outfielder", "type": "Outfielder", "abbreviation": "RF"}}, {"season": "1930", "stat": {"gamesPlayed": 1, "gamesStarted": 0, "assists": 0, "putOuts": 4, "errors": 0, "chances": 4, "fielding": "1.000", "position": {"code": "7", "name": "Outfielder", "type": "Outfielder", "abbreviation": "LF"}, "rangeFactorPerGame": "4.00", "games": 1, "doublePlays": 0, "triplePlays": 0}, "team": {"id": 113, "name": "Cincinnati Reds", "link": "/api/v1/teams/113"}, "player": {"id": 110142, "fullName": "Ethan Allen", "link": "/api/v1/people/110142"}, "league": {"id": 104, "name": "National League", "link": "/api/v1/league/104"}, "sport": {"id": 1, "link": "/api/v1/sports/1", "abbreviation": "MLB"}, "gameType": "R", "position": {"code": "7", "name": "Outfielder", "type": "Outfielder", "abbreviation": "LF"}}, {"season": "1930", "stat": {"gamesPlayed": 13, "gamesStarted": 8, "assists": 0, "putOuts": 23, "errors": 1, "chances": 24, "fielding": ".958", "position": {"code": "8", "name": "Outfielder", "type": "Outfielder", "abbreviation": "CF"}, "rangeFactorPerGame": "1.77", "rangeFactorPer9Inn": "2.88", "innings": "72.0", "games": 13, "doublePlays": 0, "triplePlays": 0}, "team": {"id": 113, "name": "Cincinnati Reds", "link": "/api/v1/teams/113"}, "player": {"id": 110142, "fullName": "Ethan Allen", "link": "/api/v1/people/110142"}, "league": {"id": 104, "name": "National League", "link": "/api/v1/league/104"}, "sport": {"id": 1, "link": "/api/v1/sports/1", "abbreviation": "MLB"}, "gameType": "R", "position": {"code": "8", "name": "Outfielder", "type": "Outfielder", "abbreviation": "CF"}}, {"season": "1930", "stat": {"gamesPlayed": 1, "gamesStarted": 1, "assists": 0, "putOuts": 4, "errors": 0, "chances": 4, "fielding": "1.000", "position": {"code": "9", "name": "Outfielder", "type": "Outfielder", "abbreviation": "RF"}, "rangeFactorPerGame": "4.00", "rangeFactorPer9Inn": "4.00", "innings": "9.0", "games": 1, "doublePlays": 0, "triplePlays": 0}, "team": {"id": 113, "name": "Cincinnati Reds", "link": "/api/v1/teams/113"}, "player": {"id": 110142, "fullName": "Ethan Allen", "link": "/api/v1/people/110142"}, "league": {"id": 104, "name": "National League", "link": "/api/v1/league/104"}, "sport": {"id": 1, "link": "/api/v1/sports/1", "abbreviation": "MLB"}, "gameType": "R", "position": {"code": "9", "name": "Outfielder", "type": "Outfielder", "abbreviation": "RF"}}, {"season": "1930", "stat": {"gamesPlayed": 1, "gamesStarted": 0, "assists": 0, "putOuts": 0, "errors": 0, "chances": 0, "fielding": ".000", "position": {"code": "7", "name": "Outfielder", "type": "Outfielder", "abbreviation": "LF"}, "rangeFactorPerGame": "0.00", "games": 1, "doublePlays": 0, "triplePlays": 0}, "team": {"id": 137, "name": "New York Giants", "link": "/api/v1/teams/137"}, "player": {"id": 110142, "fullName": "Ethan Allen", "link": "/api/v1/people/110142"}, "league": {"id": 104, "name": "National League", "link": "/api/v1/league/104"}, "sport": {"id": 1, "link": "/api/v1/sports/1", "abbreviation": "MLB"}, "gameType": "R", "position": {"code": "7", "name": "Outfielder", "type": "Outfielder", "abbreviation": "LF"}}, {"season": "1930", "stat": {"gamesPlayed": 54, "gamesStarted": 49, "assists": 5, "putOuts": 116, "errors": 2, "chances": 123, "fielding": ".984", "position": {"code": "8", "name": "Outfielder", "type": "Outfielder", "abbreviation": "CF"}, "rangeFactorPerGame": "2.24", "rangeFactorPer9Inn": "2.64", "innings": "412.2", "games": 54, "doublePlays": 0, "triplePlays": 0}, "team": {"id": 137, "name": "New York Giants", "link": "/api/v1/teams/137"}, "player": {"id": 110142, "fullName": "Ethan Allen", "link": "/api/v1/people/110142"}, "league": {"id": 104, "name": "National League", "link": "/api/v1/league/104"}, "sport": {"id": 1, "link": "/api/v1/sports/1", "abbreviation": "MLB"}, "gameType": "R", "position": {"code": "8", "name": "Outfielder", "type": "Outfielder", "abbreviation": "CF"}}, {"season": "1930", "stat": {"gamesPlayed": 7, "gamesStarted": 5, "assists": 1, "putOuts": 6, "errors": 0, "chances": 7, "fielding": "1.000", "position": {"code": "9", "name": "Outfielder", "type": "Outfielder", "abbreviation": "RF"}, "rangeFactorPerGame": "1.00", "rangeFactorPer9Inn": "1.54", "innings": "41.2", "games": 7, "doublePlays": 0, "triplePlays": 0}, "team": {"id": 137, "name": "New York Giants", "link": "/api/v1/teams/137"}, "player": {"id": 110142, "fullName": "Ethan Allen", "link": "/api/v1/people/110142"}, "league": {"id": 104, "name": "National League", "link": "/api/v1/league/104"}, "sport": {"id": 1, "link": "/api/v1/sports/1", "abbreviation": "MLB"}, "gameType": "R", "position": {"code": "9", "name": "Outfielder", "type": "Outfielder", "abbreviation": "RF"}}, {"season": "1930", "stat": {"gamesPlayed": 2, "gamesStarted": 0, "assists": 0, "putOuts": 4, "errors": 0, "chances": 4, "fielding": "1.000", "position": {"code": "7", "name": "Outfielder", "type": "Outfielder", "abbreviation": "LF"}, "rangeFactorPerGame": "2.00", "games": 2, "doublePlays": 0, "triplePlays": 0}, "player": {"id": 110142, "fullName": "Ethan Allen", "link": "/api/v1/people/110142"}, "sport": {"id": 1, "link": "/api/v1/sports/1", "abbreviation": "MLB"}, "gameType": "R", "numTeams": 2, "position": {"code": "7", "name": "Outfielder", "type": "Outfielder", "abbreviation": "LF"}}, {"season": "1930", "stat": {"gamesPlayed": 67, "gamesStarted": 57, "assists": 5, "putOuts": 139, "errors": 3, "chances": 147, "fielding": ".980", "position": {"code": "8", "name": "Outfielder", "type": "Outfielder", "abbreviation": "CF"}, "rangeFactorPerGame": "2.15", "rangeFactorPer9Inn": "2.68", "innings": "484.2", "games": 67, "doublePlays": 0, "triplePlays": 0}, "player": {"id": 110142, "fullName": "Ethan Allen", "link": "/api/v1/people/110142"}, "sport": {"id": 1, "link": "/api/v1/sports/1", "abbreviation": "MLB"}, "gameType": "R", "numTeams": 2, "position": {"code": "8", "name": "Outfielder", "type": "Outfielder", "abbreviation": "CF"}}, {"season": "1930", "stat": {"gamesPlayed": 8, "gamesStarted": 6, "assists": 1, "putOuts": 10, "errors": 0, "chances": 11, "fielding": "1.000", "position": {"code": "9", "name": "Outfielder", "type": "Outfielder", "abbreviation": "RF"}, "rangeFactorPerGame": "1.38", "rangeFactorPer9Inn": "1.98", "innings": "50.2", "games": 8, "doublePlays": 0, "triplePlays": 0}, "player": {"id": 110142, "fullName": "Ethan Allen", "link": "/api/v1/people/110142"}, "sport": {"id": 1, "link": "/api/v1/sports/1", "abbreviation": "MLB"}, "gameType": "R", "numTeams": 2, "position": {"code": "9", "name": "Outfielder", "type": "Outfielder", "abbreviation": "RF"}}, {"season": "1931", "stat": {"gamesPlayed": 40, "gamesStarted": 31, "assists": 1, "putOuts": 69, "errors": 2, "chances": 72, "fielding": ".972", "position": {"code": "7", "name": "Outfielder", "type": "Outfielder", "abbreviation": "LF"}, "rangeFactorPerGame": "1.75", "rangeFactorPer9Inn": "2.59", "innings": "243.2", "games": 40, "doublePlays": 0, "triplePlays": 0}, "team": {"id": 137, "name": "New York Giants", "link": "/api/v1/teams/137"}, "player": {"id": 110142, "fullName": "Ethan Allen", "link": "/api/v1/people/110142"}, "league": {"id": 104, "name": "National League", "link": "/api/v1/league/104"}, "sport": {"id": 1, "link": "/api/v1/sports/1", "abbreviation": "MLB"}, "gameType": "R", "position": {"code": "7", "name": "Outfielder", "type": "Outfielder", "abbreviation": "LF"}}, {"season": "1931", "stat": {"gamesPlayed": 23, "gamesStarted": 20, "assists": 1, "putOuts": 51, "errors": 1, "chances": 53, "fielding": ".981", "position": {"code": "8", "name": "Outfielder", "type": "Outfielder", "abbreviation": "CF"}, "rangeFactorPerGame": "2.26", "rangeFactorPer9Inn": "2.96", "innings": "158.0", "games": 23, "doublePlays": 1, "triplePlays": 0}, "team": {"id": 137, "name": "New York Giants", "link": "/api/v1/teams/137"}, "player": {"id": 110142, "fullName": "Ethan Allen", "link": "/api/v1/people/110142"}, "league": {"id": 104, "name": "National League", "link": "/api/v1/league/104"}, "sport": {"id": 1, "link": "/api/v1/sports/1", "abbreviation": "MLB"}, "gameType": "R", "position": {"code": "8", "name": "Outfielder", "type": "Outfielder", "abbreviation": "CF"}}, {"season": "1931", "stat": {"gamesPlayed": 16, "gamesStarted": 14, "assists": 0, "putOuts": 31, "errors": 1, "chances": 32, "fielding": ".969", "position": {"code": "9", "name": "Outfielder", "type": "Outfielder", "abbreviation": "RF"}, "rangeFactorPerGame": "1.94", "rangeFactorPer9Inn": "2.23", "innings": "125.0", "games": 16, "doublePlays": 0, "triplePlays": 0}, "team": {"id": 137, "name": "New York Giants", "link": "/api/v1/teams/137"}, "player": {"id": 110142, "fullName": "Ethan Allen", "link": "/api/v1/people/110142"}, "league": {"id": 104, "name": "National League", "link": "/api/v1/league/104"}, "sport": {"id": 1, "link": "/api/v1/sports/1", "abbreviation": "MLB"}, "gameType": "R", "position": {"code": "9", "name": "Outfielder", "type": "Outfielder", "abbreviation": "RF"}}, {"season": "1932", "stat": {"gamesPlayed": 11, "gamesStarted": 10, "assists": 1, "putOuts": 21, "errors": 2, "chances": 24, "fielding": ".917", "position": {"code": "7", "name": "Outfielder", "type": "Outfielder", "abbreviation": "LF"}, "rangeFactorPerGame": "2.00", "rangeFactorPer9Inn": "2.39", "innings": "83.0", "games": 11, "doublePlays": 0, "triplePlays": 0}, "team": {"id": 137, "name": "New York Giants", "link": "/api/v1/teams/137"}, "player": {"id": 110142, "fullName": "Ethan Allen", "link": "/api/v1/people/110142"}, "league": {"id": 104, "name": "National League", "link": "/api/v1/league/104"}, "sport": {"id": 1, "link": "/api/v1/sports/1", "abbreviation": "MLB"}, "gameType": "R", "position": {"code": "7", "name": "Outfielder", "type": "Outfielder", "abbreviation": "LF"}}, {"season": "1932", "stat": {"gamesPlayed": 13, "gamesStarted": 8, "assists": 0, "putOuts": 23, "errors": 0, "chances": 23, "fielding": "1.000", "position": {"code": "8", "name": "Outfielder", "type": "Outfielder", "abbreviation": "CF"}, "rangeFactorPerGame": "1.77", "rangeFactorPer9Inn": "3.00", "innings": "69.0", "games": 13, "doublePlays": 0, "triplePlays": 0}, "team": {"id": 137, "name": "New York Giants", "link": "/api/v1/teams/137"}, "player": {"id": 110142, "fullName": "Ethan Allen", "link": "/api/v1/people/110142"}, "league": {"id": 104, "name": "National League", "link": "/api/v1/league/104"}, "sport": {"id": 1, "link": "/api/v1/sports/1", "abbreviation": "MLB"}, "gameType": "R", "position": {"code": "8", "name": "Outfielder", "type": "Outfielder", "abbreviation": "CF"}}, {"season": "1933", "stat": {"gamesPlayed": 47, "gamesStarted": 45, "assists": 6, "putOuts": 141, "errors": 3, "chances": 150, "fielding": ".980", "position": {"code": "8", "name": "Outfielder", "type": "Outfielder", "abbreviation": "CF"}, "rangeFactorPerGame": "3.13", "rangeFactorPer9Inn": "3.23", "innings": "409.2", "games": 47, "doublePlays": 1, "triplePlays": 0}, "team": {"id": 138, "name": "St. Louis Cardinals", "link": "/api/v1/teams/138"}, "player": {"id": 110142, "fullName": "Ethan Allen", "link": "/api/v1/people/110142"}, "league": {"id": 104, "name": "National League", "link": "/api/v1/league/104"}, "sport": {"id": 1, "link": "/api/v1/sports/1", "abbreviation": "MLB"}, "gameType": "R", "position": {"code": "8", "name": "Outfielder", "type": "Outfielder", "abbreviation": "CF"}}, {"season": "1933", "stat": {"gamesPlayed": 20, "gamesStarted": 13, "assists": 2, "putOuts": 38, "errors": 0, "chances": 40, "fielding": "1.000", "position": {"code": "9", "name": "Outfielder", "type": "Outfielder", "abbreviation": "RF"}, "rangeFactorPerGame": "2.00", "rangeFactorPer9Inn": "2.90", "innings": "124.2", "games": 20, "doublePlays": 1, "triplePlays": 0}, "team": {"id": 138, "name": "St. Louis Cardinals", "link": "/api/v1/teams/138"}, "player": {"id": 110142, "fullName": "Ethan Allen", "link": "/api/v1/people/110142"}, "league": {"id": 104, "name": "National League", "link": "/api/v1/league/104"}, "sport": {"id": 1, "link": "/api/v1/sports/1", "abbreviation": "MLB"}, "gameType": "R", "position": {"code": "9", "name": "Outfielder", "type": "Outfielder", "abbreviation": "RF"}}, {"season": "1934", "stat": {"gamesPlayed": 87, "gamesStarted": 84, "assists": 12, "putOuts": 185, "errors": 6, "chances": 203, "fielding": ".970", "position": {"code": "7", "name": "Outfielder", "type": "Outfielder", "abbreviation": "LF"}, "rangeFactorPerGame": "2.26", "rangeFactorPer9Inn": "2.47", "innings": "718.2", "games": 87, "doublePlays": 3, "triplePlays": 0}, "team": {"id": 143, "name": "Philadelphia Phillies", "link": "/api/v1/teams/143"}, "player": {"id": 110142, "fullName": "Ethan Allen", "link": "/api/v1/people/110142"}, "league": {"id": 104, "name": "National League", "link": "/api/v1/league/104"}, "sport": {"id": 1, "link": "/api/v1/sports/1", "abbreviation": "MLB"}, "gameType": "R", "position": {"code": "7", "name": "Outfielder", "type": "Outfielder", "abbreviation": "LF"}}, {"season": "1934", "stat": {"gamesPlayed": 47, "gamesStarted": 47, "assists": 6, "putOuts": 130, "errors": 2, "chances": 138, "fielding": ".986", "position": {"code": "8", "name": "Outfielder", "type": "Outfielder", "abbreviation": "CF"}, "rangeFactorPerGame": "2.89", "rangeFactorPer9Inn": "3.08", "innings": "398.2", "games": 47, "doublePlays": 0, "triplePlays": 0}, "team": {"id": 143, "name": "Philadelphia Phillies", "link": "/api/v1/teams/143"}, "player": {"id": 110142, "fullName": "Ethan Allen", "link": "/api/v1/people/110142"}, "league": {"id": 104, "name": "National League", "link": "/api/v1/league/104"}, "sport": {"id": 1, "link": "/api/v1/sports/1", "abbreviation": "MLB"}, "gameType": "R", "position": {"code": "8", "name": "Outfielder", "type": "Outfielder", "abbreviation": "CF"}}, {"season": "1934", "stat": {"gamesPlayed": 15, "gamesStarted": 11, "assists": 1, "putOuts": 22, "errors": 0, "chances": 23, "fielding": "1.000", "position": {"code": "9", "name": "Outfielder", "type": "Outfielder", "abbreviation": "RF"}, "rangeFactorPerGame": "1.53", "rangeFactorPer9Inn": "2.05", "innings": "101.1", "games": 15, "doublePlays": 0, "triplePlays": 0}, "team": {"id": 143, "name": "Philadelphia Phillies", "link": "/api/v1/teams/143"}, "player": {"id": 110142, "fullName": "Ethan Allen", "link": "/api/v1/people/110142"}, "league": {"id": 104, "name": "National League", "link": "/api/v1/league/104"}, "sport": {"id": 1, "link": "/api/v1/sports/1", "abbreviation": "MLB"}, "gameType": "R", "position": {"code": "9", "name": "Outfielder", "type": "Outfielder", "abbreviation": "RF"}}, {"season": "1935", "stat": {"gamesPlayed": 20, "gamesStarted": 20, "assists": 3, "putOuts": 55, "errors": 2, "chances": 60, "fielding": ".967", "position": {"code": "7", "name": "Outfielder", "type": "Outfielder", "abbreviation": "LF"}, "rangeFactorPerGame": "2.90", "rangeFactorPer9Inn": "2.87", "innings": "182.0", "games": 20, "doublePlays": 1, "triplePlays": 0}, "team": {"id": 143, "name": "Philadelphia Phillies", "link": "/api/v1/teams/143"}, "player": {"id": 110142, "fullName": "Ethan Allen", "link": "/api/v1/people/110142"}, "league": {"id": 104, "name": "National League", "link": "/api/v1/league/104"}, "sport": {"id": 1, "link": "/api/v1/sports/1", "abbreviation": "MLB"}, "gameType": "R", "position": {"code": "7", "name": "Outfielder", "type": "Outfielder", "abbreviation": "LF"}}, {"season": "1935", "stat": {"gamesPlayed": 136, "gamesStarted": 135, "assists": 23, "putOuts": 357, "errors": 7, "chances": 387, "fielding": ".982", "position": {"code": "8", "name": "Outfielder", "type": "Outfielder", "abbreviation": "CF"}, "rangeFactorPerGame": "2.79", "rangeFactorPer9Inn": "2.96", "innings": "1155.2", "games": 136, "doublePlays": 5, "triplePlays": 0}, "team": {"id": 143, "name": "Philadelphia Phillies", "link": "/api/v1/teams/143"}, "player": {"id": 110142, "fullName": "Ethan Allen", "link": "/api/v1/people/110142"}, "league": {"id": 104, "name": "National League", "link": "/api/v1/league/104"}, "sport": {"id": 1, "link": "/api/v1/sports/1", "abbreviation": "MLB"}, "gameType": "R", "position": {"code": "8", "name": "Outfielder", "type": "Outfielder", "abbreviation": "CF"}}, {"season": "1936", "stat": {"gamesPlayed": 10, "gamesStarted": 9, "assists": 0, "putOuts": 23, "errors": 2, "chances": 25, "fielding": ".920", "position": {"code": "7", "name": "Outfielder", "type": "Outfielder", "abbreviation": "LF"}, "rangeFactorPerGame": "2.30", "rangeFactorPer9Inn": "2.72", "innings": "76.1", "games": 10, "doublePlays": 0, "triplePlays": 0}, "team": {"id": 143, "name": "Philadelphia Phillies", "link": "/api/v1/teams/143"}, "player": {"id": 110142, "fullName": "Ethan Allen", "link": "/api/v1/people/110142"}, "league": {"id": 104, "name": "National League", "link": "/api/v1/league/104"}, "sport": {"id": 1, "link": "/api/v1/sports/1", "abbreviation": "MLB"}, "gameType": "R", "position": {"code": "7", "name": "Outfielder", "type": "Outfielder", "abbreviation": "LF"}}, {"season": "1936", "stat": {"gamesPlayed": 16, "gamesStarted": 16, "assists": 1, "putOuts": 48, "errors": 2, "chances": 51, "fielding": ".961", "position": {"code": "8", "name": "Outfielder", "type": "Outfielder", "abbreviation": "CF"}, "rangeFactorPerGame": "3.06", "rangeFactorPer9Inn": "4.08", "innings": "108.1", "games": 16, "doublePlays": 0, "triplePlays": 0}, "team": {"id": 143, "name": "Philadelphia Phillies", "link": "/api/v1/teams/143"}, "player": {"id": 110142, "fullName": "Ethan Allen", "link": "/api/v1/people/110142"}, "league": {"id": 104, "name": "National League", "link": "/api/v1/league/104"}, "sport": {"id": 1, "link": "/api/v1/sports/1", "abbreviation": "MLB"}, "gameType": "R", "position": {"code": "8", "name": "Outfielder", "type": "Outfielder", "abbreviation": "CF"}}, {"season": "1936", "stat": {"gamesPlayed": 7, "gamesStarted": 5, "assists": 0, "putOuts": 11, "errors": 0, "chances": 11, "fielding": "1.000", "position": {"code": "9", "name": "Outfielder", "type": "Outfielder", "abbreviation": "RF"}, "rangeFactorPerGame": "1.57", "rangeFactorPer9Inn": "3.96", "innings": "25.0", "games": 7, "doublePlays": 0, "triplePlays": 0}, "team": {"id": 143, "name": "Philadelphia Phillies", "link": "/api/v1/teams/143"}, "player": {"id": 110142, "fullName": "Ethan Allen", "link": "/api/v1/people/110142"}, "league": {"id": 104, "name": "National League", "link": "/api/v1/league/104"}, "sport": {"id": 1, "link": "/api/v1/sports/1", "abbreviation": "MLB"}, "gameType": "R", "position": {"code": "9", "name": "Outfielder", "type": "Outfielder", "abbreviation": "RF"}}, {"season": "1936", "stat": {"gamesPlayed": 72, "gamesStarted": 72, "assists": 2, "putOuts": 150, "errors": 3, "chances": 155, "fielding": ".981", "position": {"code": "7", "name": "Outfielder", "type": "Outfielder", "abbreviation": "LF"}, "rangeFactorPerGame": "2.11", "rangeFactorPer9Inn": "2.20", "innings": "622.0", "games": 72, "doublePlays": 2, "triplePlays": 0}, "team": {"id": 112, "name": "Chicago Cubs", "link": "/api/v1/teams/112"}, "player": {"id": 110142, "fullName": "Ethan Allen", "link": "/api/v1/people/110142"}, "league": {"id": 104, "name": "National League", "link": "/api/v1/league/104"}, "sport": {"id": 1, "link": "/api/v1/sports/1", "abbreviation": "MLB"}, "gameType": "R", "position": {"code": "7", "name": "Outfielder", "type": "Outfielder", "abbreviation": "LF"}}, {"season": "1936", "stat": {"gamesPlayed": 18, "gamesStarted": 17, "assists": 0, "putOuts": 41, "errors": 1, "chances": 42, "fielding": ".976", "position": {"code": "8", "name": "Outfielder", "type": "Outfielder", "abbreviation": "CF"}, "rangeFactorPerGame": "2.28", "rangeFactorPer9Inn": "2.98", "innings": "124.0", "games": 18, "doublePlays": 0, "triplePlays": 0}, "team": {"id": 112, "name": "Chicago Cubs", "link": "/api/v1/teams/112"}, "player": {"id": 110142, "fullName": "Ethan Allen", "link": "/api/v1/people/110142"}, "league": {"id": 104, "name": "National League", "link": "/api/v1/league/104"}, "sport": {"id": 1, "link": "/api/v1/sports/1", "abbreviation": "MLB"}, "gameType": "R", "position": {"code": "8", "name": "Outfielder", "type": "Outfielder", "abbreviation": "CF"}}, {"season": "1936", "stat": {"gamesPlayed": 82, "gamesStarted": 81, "assists": 2, "putOuts": 173, "errors": 5, "chances": 180, "fielding": ".972", "position": {"code": "7", "name": "Outfielder", "type": "Outfielder", "abbreviation": "LF"}, "rangeFactorPerGame": "2.13", "rangeFactorPer9Inn": "2.26", "innings": "698.1", "games": 82, "doublePlays": 2, "triplePlays": 0}, "player": {"id": 110142, "fullName": "Ethan Allen", "link": "/api/v1/people/110142"}, "sport": {"id": 1, "link": "/api/v1/sports/1", "abbreviation": "MLB"}, "gameType": "R", "numTeams": 2, "position": {"code": "7", "name": "Outfielder", "type": "Outfielder", "abbreviation": "LF"}}, {"season": "1936", "stat": {"gamesPlayed": 34, "gamesStarted": 33, "assists": 1, "putOuts": 89, "errors": 3, "chances": 93, "fielding": ".968", "position": {"code": "8", "name": "Outfielder", "type": "Outfielder", "abbreviation": "CF"}, "rangeFactorPerGame": "2.65", "rangeFactorPer9Inn": "3.49", "innings": "232.1", "games": 34, "doublePlays": 0, "triplePlays": 0}, "player": {"id": 110142, "fullName": "Ethan Allen", "link": "/api/v1/people/110142"}, "sport": {"id": 1, "link": "/api/v1/sports/1", "abbreviation": "MLB"}, "gameType": "R", "numTeams": 2, "position": {"code": "8", "name": "Outfielder", "type": "Outfielder", "abbreviation": "CF"}}, {"season": "1937", "stat": {"gamesPlayed": 12, "gamesStarted": 11, "assists": 1, "putOuts": 26, "errors": 1, "chances": 28, "fielding": ".964", "position": {"code": "7", "name": "Outfielder", "type": "Outfielder", "abbreviation": "LF"}, "rangeFactorPerGame": "2.25", "rangeFactorPer9Inn": "2.56", "innings": "95.2", "games": 12, "doublePlays": 0, "triplePlays": 0}, "team": {"id": 110, "name": "St. Louis Browns", "link": "/api/v1/teams/110"}, "player": {"id": 110142, "fullName": "Ethan Allen", "link": "/api/v1/people/110142"}, "league": {"id": 103, "name": "American League", "link": "/api/v1/league/103"}, "sport": {"id": 1, "link": "/api/v1/sports/1", "abbreviation": "MLB"}, "gameType": "R", "position": {"code": "7", "name": "Outfielder", "type": "Outfielder", "abbreviation": "LF"}}, {"season": "1937", "stat": {"gamesPlayed": 53, "gamesStarted": 47, "assists": 6, "putOuts": 137, "errors": 1, "chances": 144, "fielding": ".993", "position": {"code": "8", "name": "Outfielder", "type": "Outfielder", "abbreviation": "CF"}, "rangeFactorPerGame": "2.70", "rangeFactorPer9Inn": "3.28", "innings": "392.1", "games": 53, "doublePlays": 1, "triplePlays": 0}, "team": {"id": 110, "name": "St. Louis Browns", "link": "/api/v1/teams/110"}, "player": {"id": 110142, "fullName": "Ethan Allen", "link": "/api/v1/people/110142"}, "league": {"id": 103, "name": "American League", "link": "/api/v1/league/103"}, "sport": {"id": 1, "link": "/api/v1/sports/1", "abbreviation": "MLB"}, "gameType": "R", "position": {"code": "8", "name": "Outfielder", "type": "Outfielder", "abbreviation": "CF"}}, {"season": "1937", "stat": {"gamesPlayed": 15, "gamesStarted": 11, "assists": 1, "putOuts": 23, "errors": 2, "chances": 26, "fielding": ".923", "position": {"code": "9", "name": "Outfielder", "type": "Outfielder", "abbreviation": "RF"}, "rangeFactorPerGame": "1.60", "rangeFactorPer9Inn": "2.20", "innings": "98.0", "games": 15, "doublePlays": 0, "triplePlays": 0}, "team": {"id": 110, "name": "St. Louis Browns", "link": "/api/v1/teams/110"}, "player": {"id": 110142, "fullName": "Ethan Allen", "link": "/api/v1/people/110142"}, "league": {"id": 103, "name": "American League", "link": "/api/v1/league/103"}, "sport": {"id": 1, "link": "/api/v1/sports/1", "abbreviation": "MLB"}, "gameType": "R", "position": {"code": "9", "name": "Outfielder", "type": "Outfielder", "abbreviation": "RF"}}, {"season": "1938", "stat": {"gamesPlayed": 2, "gamesStarted": 2, "assists": 0, "putOuts": 4, "errors": 0, "chances": 4, "fielding": "1.000", "position": {"code": "7", "name": "Outfielder", "type": "Outfielder", "abbreviation": "LF"}, "rangeFactorPerGame": "2.00", "rangeFactorPer9Inn": "1.71", "innings": "21.0", "games": 2, "doublePlays": 0, "triplePlays": 0}, "team": {"id": 110, "name": "St. Louis Browns", "link": "/api/v1/teams/110"}, "player": {"id": 110142, "fullName": "Ethan Allen", "link": "/api/v1/people/110142"}, "league": {"id": 103, "name": "American League", "link": "/api/v1/league/103"}, "sport": {"id": 1, "link": "/api/v1/sports/1", "abbreviation": "MLB"}, "gameType": "R", "position": {"code": "7", "name": "Outfielder", "type": "Outfielder", "abbreviation": "LF"}}, {"season": "1938", "stat": {"gamesPlayed": 5, "gamesStarted": 2, "assists": 0, "putOuts": 7, "errors": 0, "chances": 7, "fielding": "1.000", "position": {"code": "8", "name": "Outfielder", "type": "Outfielder", "abbreviation": "CF"}, "rangeFactorPerGame": "1.40", "rangeFactorPer9Inn": "3.50", "innings": "18.0", "games": 5, "doublePlays": 0, "triplePlays": 0}, "team": {"id": 110, "name": "St. Louis Browns", "link": "/api/v1/teams/110"}, "player": {"id": 110142, "fullName": "Ethan Allen", "link": "/api/v1/people/110142"}, "league": {"id": 103, "name": "American League", "link": "/api/v1/league/103"}, "sport": {"id": 1, "link": "/api/v1/sports/1", "abbreviation": "MLB"}, "gameType": "R", "position": {"code": "8", "name": "Outfielder", "type": "Outfielder", "abbreviation": "CF"}}]}, {"type": {"displayName": "yearByYear"}, "group": {"displayName": "hitting"}, "exemptions": [], "splits": [{"season": "1926", "stat": {"gamesPlayed": 18, "runs": 3, "doubles": 1, "triples": 0, "homeRuns": 0, "strikeOuts": 3, "baseOnBalls": 0, "hits": 4, "hitByPitch": 0, "avg": ".308", "atBats": 13, "obp": ".308", "slg": ".385", "ops": ".693", "stolenBases": 0, "plateAppearances": 13, "totalBases": 5, "rbi": 0, "sacBunts": 0, "babip": ".400", "atBatsPerHomeRun": "-.--"}, "team": {"id": 113, "name": "Cincinnati Reds", "link": "/api/v1/teams/113"}, "player": {"id": 110142, "fullName": "Ethan Allen", "link": "/api/v1/people/110142"}, "league": {"id": 104, "name": "National League", "link": "/api/v1/league/104"}, "sport": {"id": 1, "link": "/api/v1/sports/1", "abbreviation": "MLB"}, "gameType": "R"}, {"season": "1927", "stat": {"gamesPlayed": 111, "runs": 54, "doubles": 26, "triples": 4, "homeRuns": 2, "strikeOuts": 23, "baseOnBalls": 14, "hits": 106, "hitByPitch": 2, "avg": ".295", "atBats": 359, "obp": ".325", "slg": ".407", "ops": ".732", "stolenBases": 12, "plateAppearances": 388, "totalBases": 146, "rbi": 20, "sacBunts": 13, "babip": ".311", "atBatsPerHomeRun": "179.50"}, "team": {"id": 113, "name": "Cincinnati Reds", "link": "/api/v1/teams/113"}, "player": {"id": 110142, "fullName": "Ethan Allen", "link": "/api/v1/people/110142"}, "league": {"id": 104, "name": "National League", "link": "/api/v1/league/104"}, "sport": {"id": 1, "link": "/api/v1/sports/1", "abbreviation": "MLB"}, "gameType": "R"}, {"season": "1928", "stat": {"gamesPlayed": 129, "runs": 55, "doubles": 30, "triples": 7, "homeRuns": 1, "strikeOuts": 29, "baseOnBalls": 27, "hits": 148, "hitByPitch": 1, "avg": ".305", "atBats": 485, "obp": ".343", "slg": ".402", "ops": ".745", "stolenBases": 6, "plateAppearances": 527, "totalBases": 195, "rbi": 62, "sacBunts": 14, "babip": ".323", "atBatsPerHomeRun": "485.00"}, "team": {"id": 113, "name": "Cincinnati Reds", "link": "/api/v1/teams/113"}, "player": {"id": 110142, "fullName": "Ethan Allen", "link": "/api/v1/people/110142"}, "league": {"id": 104, "name": "National League", "link": "/api/v1/league/104"}, "sport": {"id": 1, "link": "/api/v1/sports/1", "abbreviation": "MLB"}, "gameType": "R"}, {"season": "1929", "stat": {"gamesPlayed": 143, "runs": 69, "doubles": 27, "triples": 11, "homeRuns": 6, "strikeOuts": 21, "baseOnBalls": 20, "hits": 157, "hitByPitch": 0, "avg": ".292", "atBats": 538, "obp": ".317", "slg": ".416", "ops": ".733", "stolenBases": 21, "plateAppearances": 568, "totalBases": 224, "rbi": 64, "sacBunts": 10, "babip": ".295", "atBatsPerHomeRun": "89.67"}, "team": {"id": 113, "name": "Cincinnati Reds", "link": "/api/v1/teams/113"}, "player": {"id": 110142, "fullName": "Ethan Allen", "link": "/api/v1/people/110142"}, "league": {"id": 104, "name": "National League", "link": "/api/v1/league/104"}, "sport": {"id": 1, "link": "/api/v1/sports/1", "abbreviation": "MLB"}, "gameType": "R"}, {"season": "1930", "stat": {"gamesPlayed": 21, "runs": 10, "doubles": 1, "triples": 0, "homeRuns": 3, "strikeOuts": 2, "baseOnBalls": 5, "hits": 10, "hitByPitch": 0, "avg": ".217", "atBats": 46, "obp": ".294", "slg": ".435", "ops": ".729", "stolenBases": 1, "plateAppearances": 53, "totalBases": 20, "rbi": 7, "sacBunts": 2, "babip": ".171", "atBatsPerHomeRun": "15.33"}, "team": {"id": 113, "name": "Cincinnati Reds", "link": "/api/v1/teams/113"}, "player": {"id": 110142, "fullName": "Ethan Allen", "link": "/api/v1/people/110142"}, "league": {"id": 104, "name": "National League", "link": "/api/v1/league/104"}, "sport": {"id": 1, "link": "/api/v1/sports/1", "abbreviation": "MLB"}, "gameType": "R"}, {"season": "1930", "stat": {"gamesPlayed": 76, "runs": 48, "doubles": 9, "triples": 2, "homeRuns": 7, "strikeOuts": 23, "baseOnBalls": 12, "hits": 73, "hitByPitch": 0, "avg": ".307", "atBats": 238, "obp": ".340", "slg": ".450", "ops": ".790", "stolenBases": 5, "plateAppearances": 258, "totalBases": 107, "rbi": 31, "sacBunts": 8, "babip": ".317", "atBatsPerHomeRun": "34.00"}, "team": {"id": 137, "name": "New York Giants", "link": "/api/v1/teams/137"}, "player": {"id": 110142, "fullName": "Ethan Allen", "link": "/api/v1/people/110142"}, "league": {"id": 104, "name": "National League", "link": "/api/v1/league/104"}, "sport": {"id": 1, "link": "/api/v1/sports/1", "abbreviation": "MLB"}, "gameType": "R"}, {"season": "1930", "stat": {"gamesPlayed": 97, "runs": 58, "doubles": 10, "triples": 2, "homeRuns": 10, "strikeOuts": 25, "baseOnBalls": 17, "hits": 83, "hitByPitch": 0, "avg": ".292", "atBats": 284, "obp": ".332", "slg": ".447", "ops": ".779", "stolenBases": 6, "plateAppearances": 311, "totalBases": 127, "rbi": 38, "sacBunts": 10, "babip": ".293", "atBatsPerHomeRun": "28.40"}, "player": {"id": 110142, "fullName": "Ethan Allen", "link": "/api/v1/people/110142"}, "sport": {"id": 1, "link": "/api/v1/sports/1", "abbreviation": "MLB"}, "gameType": "R", "numTeams": 2}, {"season": "1931", "stat": {"gamesPlayed": 94, "runs": 58, "doubles": 18, "triples": 2, "homeRuns": 5, "strikeOuts": 15, "baseOnBalls": 15, "hits": 98, "hitByPitch": 1, "avg": ".329", "atBats": 298, "obp": ".363", "slg": ".453", "ops": ".816", "stolenBases": 6, "plateAppearances": 321, "totalBases": 135, "rbi": 43, "sacBunts": 7, "babip": ".335", "atBatsPerHomeRun": "59.60"}, "team": {"id": 137, "name": "New York Giants", "link": "/api/v1/teams/137"}, "player": {"id": 110142, "fullName": "Ethan Allen", "link": "/api/v1/people/110142"}, "league": {"id": 104, "name": "National League", "link": "/api/v1/league/104"}, "sport": {"id": 1, "link": "/api/v1/sports/1", "abbreviation": "MLB"}, "gameType": "R"}, {"season": "1932", "stat": {"gamesPlayed": 54, "runs": 13, "doubles": 6, "triples": 2, "homeRuns": 1, "strikeOuts": 12, "baseOnBalls": 1, "hits": 18, "hitByPitch": 2, "avg": ".175", "atBats": 103, "obp": ".198", "slg": ".301", "ops": ".499", "stolenBases": 0, "plateAppearances": 107, "totalBases": 31, "rbi": 7, "sacBunts": 1, "babip": ".189", "atBatsPerHomeRun": "103.00"}, "team": {"id": 137, "name": "New York Giants", "link": "/api/v1/teams/137"}, "player": {"id": 110142, "fullName": "Ethan Allen", "link": "/api/v1/people/110142"}, "league": {"id": 104, "name": "National League", "link": "/api/v1/league/104"}, "sport": {"id": 1, "link": "/api/v1/sports/1", "abbreviation": "MLB"}, "gameType": "R"}, {"season": "1933", "stat": {"gamesPlayed": 91, "runs": 25, "doubles": 7, "triples": 3, "homeRuns": 0, "strikeOuts": 22, "baseOnBalls": 13, "hits": 63, "hitByPitch": 1, "avg": ".241", "atBats": 261, "obp": ".280", "slg": ".291", "ops": ".571", "stolenBases": 3, "groundIntoDoublePlay": 4, "plateAppearances": 281, "totalBases": 76, "rbi": 36, "sacBunts": 6, "babip": ".264", "atBatsPerHomeRun": "-.--"}, "team": {"id": 138, "name": "St. Louis Cardinals", "link": "/api/v1/teams/138"}, "player": {"id": 110142, "fullName": "Ethan Allen", "link": "/api/v1/people/110142"}, "league": {"id": 104, "name": "National League", "link": "/api/v1/league/104"}, "sport": {"id": 1, "link": "/api/v1/sports/1", "abbreviation": "MLB"}, "gameType": "R"}, {"season": "1934", "stat": {"gamesPlayed": 145, "runs": 87, "doubles": 42, "triples": 4, "homeRuns": 10, "strikeOuts": 47, "baseOnBalls": 33, "hits": 192, "hitByPitch": 3, "avg": ".330", "atBats": 581, "obp": ".370", "slg": ".468", "ops": ".838", "stolenBases": 6, "groundIntoDoublePlay": 16, "plateAppearances": 633, "totalBases": 272, "rbi": 85, "sacBunts": 16, "babip": ".347", "atBatsPerHomeRun": "58.10"}, "team": {"id": 143, "name": "Philadelphia Phillies", "link": "/api/v1/teams/143"}, "player": {"id": 110142, "fullName": "Ethan Allen", "link": "/api/v1/people/110142"}, "league": {"id": 104, "name": "National League", "link": "/api/v1/league/104"}, "sport": {"id": 1, "link": "/api/v1/sports/1", "abbreviation": "MLB"}, "gameType": "R"}, {"season": "1935", "stat": {"gamesPlayed": 156, "runs": 90, "doubles": 46, "triples": 1, "homeRuns": 8, "strikeOuts": 54, "baseOnBalls": 43, "hits": 198, "hitByPitch": 1, "avg": ".307", "atBats": 645, "obp": ".351", "slg": ".419", "ops": ".770", "stolenBases": 5, "groundIntoDoublePlay": 5, "plateAppearances": 700, "totalBases": 270, "rbi": 63, "sacBunts": 11, "babip": ".326", "atBatsPerHomeRun": "80.62"}, "team": {"id": 143, "name": "Philadelphia Phillies", "link": "/api/v1/teams/143"}, "player": {"id": 110142, "fullName": "Ethan Allen", "link": "/api/v1/people/110142"}, "league": {"id": 104, "name": "National League", "link": "/api/v1/league/104"}, "sport": {"id": 1, "link": "/api/v1/sports/1", "abbreviation": "MLB"}, "gameType": "R"}, {"season": "1936", "stat": {"gamesPlayed": 30, "runs": 21, "doubles": 3, "triples": 1, "homeRuns": 1, "strikeOuts": 8, "baseOnBalls": 4, "hits": 37, "hitByPitch": 0, "avg": ".296", "atBats": 125, "obp": ".318", "slg": ".360", "ops": ".678", "stolenBases": 4, "groundIntoDoublePlay": 4, "plateAppearances": 132, "totalBases": 45, "rbi": 9, "sacBunts": 3, "babip": ".310", "atBatsPerHomeRun": "125.00"}, "team": {"id": 143, "name": "Philadelphia Phillies", "link": "/api/v1/teams/143"}, "player": {"id": 110142, "fullName": "Ethan Allen", "link": "/api/v1/people/110142"}, "league": {"id": 104, "name": "National League", "link": "/api/v1/league/104"}, "sport": {"id": 1, "link": "/api/v1/sports/1", "abbreviation": "MLB"}, "gameType": "R"}, {"season": "1936", "stat": {"gamesPlayed": 91, "runs": 47, "doubles": 18, "triples": 6, "homeRuns": 3, "strikeOuts": 30, "baseOnBalls": 13, "hits": 110, "hitByPitch": 2, "avg": ".295", "atBats": 373, "obp": ".322", "slg": ".399", "ops": ".721", "stolenBases": 12, "groundIntoDoublePlay": 9, "plateAppearances": 399, "totalBases": 149, "rbi": 39, "sacBunts": 11, "babip": ".315", "atBatsPerHomeRun": "124.33"}, "team": {"id": 112, "name": "Chicago Cubs", "link": "/api/v1/teams/112"}, "player": {"id": 110142, "fullName": "Ethan Allen", "link": "/api/v1/people/110142"}, "league": {"id": 104, "name": "National League", "link": "/api/v1/league/104"}, "sport": {"id": 1, "link": "/api/v1/sports/1", "abbreviation": "MLB"}, "gameType": "R"}, {"season": "1936", "stat": {"gamesPlayed": 121, "runs": 68, "doubles": 21, "triples": 7, "homeRuns": 4, "strikeOuts": 38, "baseOnBalls": 17, "hits": 147, "hitByPitch": 2, "avg": ".295", "atBats": 498, "obp": ".321", "slg": ".390", "ops": ".711", "stolenBases": 16, "groundIntoDoublePlay": 13, "plateAppearances": 531, "totalBases": 194, "rbi": 48, "sacBunts": 14, "babip": ".314", "atBatsPerHomeRun": "124.50"}, "player": {"id": 110142, "fullName": "Ethan Allen", "link": "/api/v1/people/110142"}, "sport": {"id": 1, "link": "/api/v1/sports/1", "abbreviation": "MLB"}, "gameType": "R", "numTeams": 2}, {"season": "1937", "stat": {"gamesPlayed": 103, "runs": 39, "doubles": 18, "triples": 1, "homeRuns": 0, "strikeOuts": 17, "baseOnBalls": 21, "hits": 101, "hitByPitch": 1, "avg": ".316", "atBats": 320, "obp": ".360", "slg": ".378", "ops": ".738", "caughtStealing": 4, "stolenBases": 3, "stolenBasePercentage": ".429", "plateAppearances": 349, "totalBases": 121, "rbi": 31, "sacBunts": 7, "babip": ".333", "atBatsPerHomeRun": "-.--"}, "team": {"id": 110, "name": "St. Louis Browns", "link": "/api/v1/teams/110"}, "player": {"id": 110142, "fullName": "Ethan Allen", "link": "/api/v1/people/110142"}, "league": {"id": 103, "name": "American League", "link": "/api/v1/league/103"}, "sport": {"id": 1, "link": "/api/v1/sports/1", "abbreviation": "MLB"}, "gameType": "R"}, {"season": "1938", "stat": {"gamesPlayed": 19, "runs": 4, "doubles": 3, "triples": 1, "homeRuns": 0, "strikeOuts": 4, "baseOnBalls": 2, "hits": 10, "hitByPitch": 0, "avg": ".303", "atBats": 33, "obp": ".343", "slg": ".455", "ops": ".798", "caughtStealing": 0, "stolenBases": 0, "stolenBasePercentage": ".---", "plateAppearances": 36, "totalBases": 15, "rbi": 4, "sacBunts": 1, "babip": ".345", "atBatsPerHomeRun": "-.--"}, "team": {"id": 110, "name": "St. Louis Browns", "link": "/api/v1/teams/110"}, "player": {"id": 110142, "fullName": "Ethan Allen", "link": "/api/v1/people/110142"}, "league": {"id": 103, "name": "American League", "link": "/api/v1/league/103"}, "sport": {"id": 1, "link": "/api/v1/sports/1", "abbreviation": "MLB"}, "gameType": "R"}]}], "mlbDebutDate": "1926-06-13", "batSide": {"code": "R", "description": "Right"}, "pitchHand": {"code": "R", "description": "Right"}, "nameFirstLast": "Ethan Allen", "nameSlug": "ethan-allen-110142", "firstLastName": "Ethan Allen", "lastFirstName": "Allen, Ethan", "lastInitName": "Allen, E", "initLastName": "E Allen", "fullFMLName": "Ethan Nathan Allen", "fullLFMName": "Allen, Ethan Nathan", "strikeZoneTop": 3.411, "strikeZoneBottom": 1.565}