{"id": 110064, "fullName": "Bob Adams", "link": "/api/v1/people/110064", "firstName": "Robert", "lastName": "Adams", "primaryNumber": "40", "birthDate": "1952-01-06", "currentAge": 71, "birthCity": "Pittsburgh", "birthStateProvince": "PA", "birthCountry": "USA", "height": "6' 2\"", "weight": 200, "active": false, "primaryPosition": {"code": "3", "name": "First Base", "type": "Infielder", "abbreviation": "1B"}, "useName": "Bob", "useLastName": "Adams", "middleName": "Melvin", "boxscoreName": "Adams", "gender": "M", "isPlayer": true, "isVerified": true, "draftYear": 1973, "lastPlayedDate": "1977-09-29", "stats": [{"type": {"displayName": "career"}, "group": {"displayName": "fielding"}, "exemptions": [], "splits": [{"stat": {"gamesPlayed": 1, "gamesStarted": 1, "caughtStealing": 0, "stolenBases": 1, "stolenBasePercentage": "1.000", "assists": 0, "putOuts": 6, "errors": 0, "chances": 6, "fielding": "1.000", "position": {"code": "2", "name": "Catcher", "type": "Catcher", "abbreviation": "C"}, "rangeFactorPerGame": "6.00", "rangeFactorPer9Inn": "6.00", "innings": "9.0", "games": 1, "passedBall": 0, "doublePlays": 0, "triplePlays": 0, "catcherERA": "5.00", "catchersInterference": 0, "wildPitches": 0, "throwingErrors": 0, "pickoffs": 0}, "team": {"id": 116, "name": "Detroit Tigers", "link": "/api/v1/teams/116"}, "player": {"id": 110064, "fullName": "Bob Adams", "link": "/api/v1/people/110064"}, "league": {"id": 103, "name": "American League", "link": "/api/v1/league/103"}, "sport": {"id": 1, "link": "/api/v1/sports/1", "abbreviation": "MLB"}, "gameType": "R", "position": {"code": "2", "name": "Catcher", "type": "Catcher", "abbreviation": "C"}}, {"stat": {"gamesPlayed": 2, "gamesStarted": 2, "assists": 1, "putOuts": 20, "errors": 0, "chances": 21, "fielding": "1.000", "position": {"code": "3", "name": "First Base", "type": "Infielder", "abbreviation": "1B"}, "rangeFactorPerGame": "10.50", "rangeFactorPer9Inn": "10.50", "innings": "18.0", "games": 2, "doublePlays": 1, "triplePlays": 0, "throwingErrors": 0}, "team": {"id": 116, "name": "Detroit Tigers", "link": "/api/v1/teams/116"}, "player": {"id": 110064, "fullName": "Bob Adams", "link": "/api/v1/people/110064"}, "league": {"id": 103, "name": "American League", "link": "/api/v1/league/103"}, "sport": {"id": 1, "link": "/api/v1/sports/1", "abbreviation": "MLB"}, "gameType": "R", "position": {"code": "3", "name": "First Base", "type": "Infielder", "abbreviation": "1B"}}]}, {"type": {"displayName": "career"}, "group": {"displayName": "hitting"}, "exemptions": [], "splits": [{"stat": {"gamesPlayed": 15, "groundOuts": 0, "airOuts": 3, "runs": 2, "doubles": 1, "triples": 0, "homeRuns": 2, "strikeOuts": 5, "baseOnBalls": 0, "intentionalWalks": 0, "hits": 6, "hitByPitch": 0, "avg": ".250", "atBats": 24, "obp": ".250", "slg": ".542", "ops": ".792", "caughtStealing": 0, "stolenBases": 0, "stolenBasePercentage": ".---", "groundIntoDoublePlay": 0, "numberOfPitches": 34, "plateAppearances": 24, "totalBases": 13, "rbi": 2, "leftOnBase": 16, "sacBunts": 0, "sacFlies": 0, "babip": ".235", "groundOutsToAirouts": "0.00", "catchersInterference": 0, "atBatsPerHomeRun": "12.00"}, "team": {"id": 116, "name": "Detroit Tigers", "link": "/api/v1/teams/116"}, "player": {"id": 110064, "fullName": "Bob Adams", "link": "/api/v1/people/110064"}, "league": {"id": 103, "name": "American League", "link": "/api/v1/league/103"}, "sport": {"id": 1, "link": "/api/v1/sports/1", "abbreviation": "MLB"}, "gameType": "R"}]}, {"type": {"displayName": "yearByYear"}, "group": {"displayName": "fielding"}, "exemptions": [], "splits": [{"season": "1977", "stat": {"gamesPlayed": 1, "gamesStarted": 1, "caughtStealing": 0, "stolenBases": 1, "stolenBasePercentage": "1.000", "assists": 0, "putOuts": 6, "errors": 0, "chances": 6, "fielding": "1.000", "position": {"code": "2", "name": "Catcher", "type": "Catcher", "abbreviation": "C"}, "rangeFactorPerGame": "6.00", "rangeFactorPer9Inn": "6.00", "innings": "9.0", "games": 1, "passedBall": 0, "doublePlays": 0, "triplePlays": 0, "catcherERA": "5.00", "catchersInterference": 0, "wildPitches": 0, "throwingErrors": 0, "pickoffs": 0}, "team": {"id": 116, "name": "Detroit Tigers", "link": "/api/v1/teams/116"}, "player": {"id": 110064, "fullName": "Bob Adams", "link": "/api/v1/people/110064"}, "league": {"id": 103, "name": "American League", "link": "/api/v1/league/103"}, "sport": {"id": 1, "link": "/api/v1/sports/1", "abbreviation": "MLB"}, "gameType": "R", "position": {"code": "2", "name": "Catcher", "type": "Catcher", "abbreviation": "C"}}, {"season": "1977", "stat": {"gamesPlayed": 2, "gamesStarted": 2, "assists": 1, "putOuts": 20, "errors": 0, "chances": 21, "fielding": "1.000", "position": {"code": "3", "name": "First Base", "type": "Infielder", "abbreviation": "1B"}, "rangeFactorPerGame": "10.50", "rangeFactorPer9Inn": "10.50", "innings": "18.0", "games": 2, "doublePlays": 1, "triplePlays": 0, "throwingErrors": 0}, "team": {"id": 116, "name": "Detroit Tigers", "link": "/api/v1/teams/116"}, "player": {"id": 110064, "fullName": "Bob Adams", "link": "/api/v1/people/110064"}, "league": {"id": 103, "name": "American League", "link": "/api/v1/league/103"}, "sport": {"id": 1, "link": "/api/v1/sports/1", "abbreviation": "MLB"}, "gameType": "R", "position": {"code": "3", "name": "First Base", "type": "Infielder", "abbreviation": "1B"}}]}, {"type": {"displayName": "yearByYear"}, "group": {"displayName": "hitting"}, "exemptions": [], "splits": [{"season": "1977", "stat": {"gamesPlayed": 15, "groundOuts": 0, "airOuts": 3, "runs": 2, "doubles": 1, "triples": 0, "homeRuns": 2, "strikeOuts": 5, "baseOnBalls": 0, "intentionalWalks": 0, "hits": 6, "hitByPitch": 0, "avg": ".250", "atBats": 24, "obp": ".250", "slg": ".542", "ops": ".792", "caughtStealing": 0, "stolenBases": 0, "stolenBasePercentage": ".---", "groundIntoDoublePlay": 0, "numberOfPitches": 34, "plateAppearances": 24, "totalBases": 13, "rbi": 2, "leftOnBase": 16, "sacBunts": 0, "sacFlies": 0, "babip": ".235", "groundOutsToAirouts": "0.00", "catchersInterference": 0, "atBatsPerHomeRun": "12.00"}, "team": {"id": 116, "name": "Detroit Tigers", "link": "/api/v1/teams/116"}, "player": {"id": 110064, "fullName": "Bob Adams", "link": "/api/v1/people/110064"}, "league": {"id": 103, "name": "American League", "link": "/api/v1/league/103"}, "sport": {"id": 1, "link": "/api/v1/sports/1", "abbreviation": "MLB"}, "gameType": "R"}]}], "mlbDebutDate": "1977-07-10", "batSide": {"code": "R", "description": "Right"}, "pitchHand": {"code": "R", "description": "Right"}, "nameFirstLast": "Bob Adams", "nameSlug": "bob-adams-110064", "firstLastName": "Bob Adams", "lastFirstName": "Adams, Bob", "lastInitName": "Adams, B", "initLastName": "B Adams", "fullFMLName": "Robert Melvin Adams", "fullLFMName": "Adams, Robert Melvin", "strikeZoneTop": 3.467, "strikeZoneBottom": 1.589}