{"id": 110405, "fullName": "Bill Ayers", "link": "/api/v1/people/110405", "firstName": "William", "lastName": "Ayers", "primaryNumber": "39", "birthDate": "1919-09-27", "currentAge": 60, "birthCity": "Newnan", "birthStateProvince": "GA", "birthCountry": "USA", "height": "6' 3\"", "weight": 185, "active": false, "primaryPosition": {"code": "1", "name": "Pitcher", "type": "Pitcher", "abbreviation": "P"}, "useName": "Bill", "useLastName": "Ayers", "middleName": "Oscar", "boxscoreName": "Ayers", "gender": "M", "isPlayer": true, "isVerified": true, "deathDate": "1980-09-24", "deathCity": "Newnan", "deathStateProvince": "GA", "deathCountry": "USA", "lastPlayedDate": "1947-07-13", "stats": [{"type": {"displayName": "career"}, "group": {"displayName": "pitching"}, "exemptions": [], "splits": [{"stat": {"gamesPlayed": 13, "gamesStarted": 4, "runs": 35, "homeRuns": 7, "strikeOuts": 22, "baseOnBalls": 14, "hits": 46, "hitByPitch": 1, "avg": ".322", "atBats": 143, "obp": ".386", "era": "8.15", "inningsPitched": "35.1", "wins": 0, "losses": 3, "saves": 1, "earnedRuns": 32, "whip": "1.70", "battersFaced": 161, "outs": 106, "gamesPitched": 13, "completeGames": 0, "shutouts": 0, "hitBatsmen": 1, "balks": 1, "wildPitches": 3, "winPercentage": ".000", "gamesFinished": 2, "strikeoutWalkRatio": "1.57", "strikeoutsPer9Inn": "5.60", "walksPer9Inn": "3.57", "hitsPer9Inn": "11.72", "runsScoredPer9": "8.92", "homeRunsPer9": "1.78", "sacBunts": 3}, "team": {"id": 137, "name": "San Francisco Giants", "link": "/api/v1/teams/137"}, "player": {"id": 110405, "fullName": "Bill Ayers", "link": "/api/v1/people/110405"}, "league": {"id": 104, "name": "National League", "link": "/api/v1/league/104"}, "sport": {"id": 1, "link": "/api/v1/sports/1", "abbreviation": "MLB"}, "gameType": "R"}]}, {"type": {"displayName": "career"}, "group": {"displayName": "hitting"}, "exemptions": [], "splits": [{"stat": {"gamesPlayed": 13, "runs": 0, "doubles": 1, "triples": 0, "homeRuns": 0, "strikeOuts": 3, "baseOnBalls": 0, "hits": 2, "hitByPitch": 0, "avg": ".250", "atBats": 8, "obp": ".250", "slg": ".375", "ops": ".625", "stolenBases": 0, "groundIntoDoublePlay": 0, "plateAppearances": 10, "totalBases": 3, "rbi": 2, "sacBunts": 2, "babip": ".400", "atBatsPerHomeRun": "-.--"}, "team": {"id": 137, "name": "San Francisco Giants", "link": "/api/v1/teams/137"}, "player": {"id": 110405, "fullName": "Bill Ayers", "link": "/api/v1/people/110405"}, "league": {"id": 104, "name": "National League", "link": "/api/v1/league/104"}, "sport": {"id": 1, "link": "/api/v1/sports/1", "abbreviation": "MLB"}, "gameType": "R"}]}, {"type": {"displayName": "career"}, "group": {"displayName": "fielding"}, "exemptions": [], "splits": [{"stat": {"gamesPlayed": 13, "gamesStarted": 4, "assists": 9, "putOuts": 1, "errors": 1, "chances": 11, "fielding": ".909", "position": {"code": "1", "name": "Pitcher", "type": "Pitcher", "abbreviation": "P"}, "rangeFactorPerGame": "0.77", "rangeFactorPer9Inn": "2.57", "innings": "35.1", "games": 13, "doublePlays": 1, "triplePlays": 0}, "team": {"id": 137, "name": "San Francisco Giants", "link": "/api/v1/teams/137"}, "player": {"id": 110405, "fullName": "Bill Ayers", "link": "/api/v1/people/110405"}, "league": {"id": 104, "name": "National League", "link": "/api/v1/league/104"}, "sport": {"id": 1, "link": "/api/v1/sports/1", "abbreviation": "MLB"}, "gameType": "R", "position": {"code": "1", "name": "Pitcher", "type": "Pitcher", "abbreviation": "P"}}]}, {"type": {"displayName": "yearByYear"}, "group": {"displayName": "pitching"}, "exemptions": [], "splits": [{"season": "1947", "stat": {"gamesPlayed": 13, "gamesStarted": 4, "runs": 35, "homeRuns": 7, "strikeOuts": 22, "baseOnBalls": 14, "hits": 46, "hitByPitch": 1, "avg": ".322", "atBats": 143, "obp": ".386", "era": "8.15", "inningsPitched": "35.1", "wins": 0, "losses": 3, "saves": 1, "earnedRuns": 32, "whip": "1.70", "battersFaced": 161, "outs": 106, "gamesPitched": 13, "completeGames": 0, "shutouts": 0, "hitBatsmen": 1, "balks": 1, "wildPitches": 3, "winPercentage": ".000", "gamesFinished": 2, "strikeoutWalkRatio": "1.57", "strikeoutsPer9Inn": "5.60", "walksPer9Inn": "3.57", "hitsPer9Inn": "11.72", "runsScoredPer9": "8.92", "homeRunsPer9": "1.78", "sacBunts": 3}, "team": {"id": 137, "name": "New York Giants", "link": "/api/v1/teams/137"}, "player": {"id": 110405, "fullName": "Bill Ayers", "link": "/api/v1/people/110405"}, "league": {"id": 104, "name": "National League", "link": "/api/v1/league/104"}, "sport": {"id": 1, "link": "/api/v1/sports/1", "abbreviation": "MLB"}, "gameType": "R"}]}, {"type": {"displayName": "yearByYear"}, "group": {"displayName": "hitting"}, "exemptions": [], "splits": [{"season": "1947", "stat": {"gamesPlayed": 13, "runs": 0, "doubles": 1, "triples": 0, "homeRuns": 0, "strikeOuts": 3, "baseOnBalls": 0, "hits": 2, "hitByPitch": 0, "avg": ".250", "atBats": 8, "obp": ".250", "slg": ".375", "ops": ".625", "stolenBases": 0, "groundIntoDoublePlay": 0, "plateAppearances": 10, "totalBases": 3, "rbi": 2, "sacBunts": 2, "babip": ".400", "atBatsPerHomeRun": "-.--"}, "team": {"id": 137, "name": "New York Giants", "link": "/api/v1/teams/137"}, "player": {"id": 110405, "fullName": "Bill Ayers", "link": "/api/v1/people/110405"}, "league": {"id": 104, "name": "National League", "link": "/api/v1/league/104"}, "sport": {"id": 1, "link": "/api/v1/sports/1", "abbreviation": "MLB"}, "gameType": "R"}]}, {"type": {"displayName": "yearByYear"}, "group": {"displayName": "fielding"}, "exemptions": [], "splits": [{"season": "1947", "stat": {"gamesPlayed": 13, "gamesStarted": 4, "assists": 9, "putOuts": 1, "errors": 1, "chances": 11, "fielding": ".909", "position": {"code": "1", "name": "Pitcher", "type": "Pitcher", "abbreviation": "P"}, "rangeFactorPerGame": "0.77", "rangeFactorPer9Inn": "2.57", "innings": "35.1", "games": 13, "doublePlays": 1, "triplePlays": 0}, "team": {"id": 137, "name": "New York Giants", "link": "/api/v1/teams/137"}, "player": {"id": 110405, "fullName": "Bill Ayers", "link": "/api/v1/people/110405"}, "league": {"id": 104, "name": "National League", "link": "/api/v1/league/104"}, "sport": {"id": 1, "link": "/api/v1/sports/1", "abbreviation": "MLB"}, "gameType": "R", "position": {"code": "1", "name": "Pitcher", "type": "Pitcher", "abbreviation": "P"}}]}], "mlbDebutDate": "1947-04-17", "batSide": {"code": "R", "description": "Right"}, "pitchHand": {"code": "R", "description": "Right"}, "nameFirstLast": "Bill Ayers", "nameSlug": "bill-ayers-110405", "firstLastName": "Bill Ayers", "lastFirstName": "Ayers, Bill", "lastInitName": "Ayers, B", "initLastName": "B Ayers", "fullFMLName": "William Oscar Ayers", "fullLFMName": "Ayers, William Oscar", "strikeZoneTop": 3.49, "strikeZoneBottom": 1.601}