{"id": 110034, "fullName": "Tom Acker", "link": "/api/v1/people/110034", "firstName": "Thomas", "lastName": "Acker", "primaryNumber": "40", "birthDate": "1930-03-07", "currentAge": 90, "birthCity": "Paterson", "birthStateProvince": "NJ", "birthCountry": "USA", "height": "6' 4\"", "weight": 215, "active": false, "primaryPosition": {"code": "1", "name": "Pitcher", "type": "Pitcher", "abbreviation": "P"}, "useName": "Tom", "useLastName": "Acker", "middleName": "James", "boxscoreName": "Acker", "gender": "M", "isPlayer": true, "isVerified": true, "deathDate": "2021-01-04", "deathCity": "Narvon", "deathStateProvince": "PA", "deathCountry": "USA", "lastPlayedDate": "1959-09-20", "stats": [{"type": {"displayName": "career"}, "group": {"displayName": "pitching"}, "exemptions": [], "splits": [{"stat": {"gamesPlayed": 153, "gamesStarted": 23, "runs": 181, "homeRuns": 43, "strikeOuts": 256, "baseOnBalls": 150, "intentionalWalks": 20, "hits": 365, "hitByPitch": 17, "avg": ".257", "atBats": 1419, "obp": ".331", "era": "4.12", "inningsPitched": "380.1", "wins": 19, "losses": 13, "saves": 8, "earnedRuns": 174, "whip": "1.35", "battersFaced": 1629, "outs": 1141, "gamesPitched": 153, "completeGames": 5, "shutouts": 1, "hitBatsmen": 17, "balks": 0, "wildPitches": 6, "winPercentage": ".594", "gamesFinished": 35, "strikeoutWalkRatio": "1.71", "strikeoutsPer9Inn": "6.06", "walksPer9Inn": "3.55", "hitsPer9Inn": "8.64", "runsScoredPer9": "4.28", "homeRunsPer9": "1.02", "sacBunts": 22, "sacFlies": 21}, "team": {"id": 113, "name": "Cincinnati Reds", "link": "/api/v1/teams/113"}, "player": {"id": 110034, "fullName": "Tom Acker", "link": "/api/v1/people/110034"}, "league": {"id": 104, "name": "National League", "link": "/api/v1/league/104"}, "sport": {"id": 1, "link": "/api/v1/sports/1", "abbreviation": "MLB"}, "gameType": "R"}]}, {"type": {"displayName": "career"}, "group": {"displayName": "hitting"}, "exemptions": [], "splits": [{"stat": {"gamesPlayed": 153, "runs": 10, "doubles": 0, "triples": 0, "homeRuns": 0, "strikeOuts": 46, "baseOnBalls": 12, "intentionalWalks": 0, "hits": 5, "hitByPitch": 1, "avg": ".065", "atBats": 77, "obp": ".200", "slg": ".065", "ops": ".265", "caughtStealing": 0, "stolenBases": 0, "stolenBasePercentage": ".---", "groundIntoDoublePlay": 1, "plateAppearances": 96, "totalBases": 5, "rbi": 2, "sacBunts": 6, "sacFlies": 0, "babip": ".161", "atBatsPerHomeRun": "-.--"}, "team": {"id": 113, "name": "Cincinnati Reds", "link": "/api/v1/teams/113"}, "player": {"id": 110034, "fullName": "Tom Acker", "link": "/api/v1/people/110034"}, "league": {"id": 104, "name": "National League", "link": "/api/v1/league/104"}, "sport": {"id": 1, "link": "/api/v1/sports/1", "abbreviation": "MLB"}, "gameType": "R"}]}, {"type": {"displayName": "career"}, "group": {"displayName": "fielding"}, "exemptions": [], "splits": [{"stat": {"gamesPlayed": 153, "gamesStarted": 23, "assists": 50, "putOuts": 19, "errors": 1, "chances": 70, "fielding": ".986", "position": {"code": "1", "name": "Pitcher", "type": "Pitcher", "abbreviation": "P"}, "rangeFactorPerGame": "0.45", "rangeFactorPer9Inn": "1.63", "innings": "380.1", "games": 153, "doublePlays": 1, "triplePlays": 0, "throwingErrors": 0}, "team": {"id": 113, "name": "Cincinnati Reds", "link": "/api/v1/teams/113"}, "player": {"id": 110034, "fullName": "Tom Acker", "link": "/api/v1/people/110034"}, "league": {"id": 104, "name": "National League", "link": "/api/v1/league/104"}, "sport": {"id": 1, "link": "/api/v1/sports/1", "abbreviation": "MLB"}, "gameType": "R", "position": {"code": "1", "name": "Pitcher", "type": "Pitcher", "abbreviation": "P"}}]}, {"type": {"displayName": "yearByYear"}, "group": {"displayName": "pitching"}, "exemptions": [], "splits": [{"season": "1956", "stat": {"gamesPlayed": 29, "gamesStarted": 7, "runs": 23, "homeRuns": 7, "strikeOuts": 54, "baseOnBalls": 29, "intentionalWalks": 1, "hits": 60, "hitByPitch": 2, "avg": ".201", "atBats": 298, "obp": ".272", "era": "2.37", "inningsPitched": "83.2", "wins": 4, "losses": 3, "saves": 1, "earnedRuns": 22, "whip": "1.06", "battersFaced": 338, "outs": 251, "gamesPitched": 29, "completeGames": 1, "shutouts": 1, "hitBatsmen": 2, "balks": 0, "wildPitches": 0, "winPercentage": ".571", "gamesFinished": 3, "strikeoutWalkRatio": "1.86", "strikeoutsPer9Inn": "5.81", "walksPer9Inn": "3.12", "hitsPer9Inn": "6.45", "runsScoredPer9": "2.47", "homeRunsPer9": "0.75", "sacBunts": 4, "sacFlies": 5}, "team": {"id": 113, "name": "Cincinnati Redlegs", "link": "/api/v1/teams/113"}, "player": {"id": 110034, "fullName": "Tom Acker", "link": "/api/v1/people/110034"}, "league": {"id": 104, "name": "National League", "link": "/api/v1/league/104"}, "sport": {"id": 1, "link": "/api/v1/sports/1", "abbreviation": "MLB"}, "gameType": "R"}, {"season": "1957", "stat": {"gamesPlayed": 49, "gamesStarted": 6, "runs": 63, "homeRuns": 16, "strikeOuts": 67, "baseOnBalls": 41, "intentionalWalks": 8, "hits": 122, "hitByPitch": 8, "avg": ".293", "atBats": 416, "obp": ".361", "era": "4.97", "inningsPitched": "108.2", "wins": 10, "losses": 5, "saves": 4, "earnedRuns": 60, "whip": "1.50", "battersFaced": 486, "outs": 326, "gamesPitched": 49, "completeGames": 1, "shutouts": 0, "hitBatsmen": 8, "balks": 0, "wildPitches": 3, "winPercentage": ".667", "gamesFinished": 17, "strikeoutWalkRatio": "1.63", "strikeoutsPer9Inn": "5.55", "walksPer9Inn": "3.40", "hitsPer9Inn": "10.10", "runsScoredPer9": "5.22", "homeRunsPer9": "1.33", "sacBunts": 12, "sacFlies": 9}, "team": {"id": 113, "name": "Cincinnati Redlegs", "link": "/api/v1/teams/113"}, "player": {"id": 110034, "fullName": "Tom Acker", "link": "/api/v1/people/110034"}, "league": {"id": 104, "name": "National League", "link": "/api/v1/league/104"}, "sport": {"id": 1, "link": "/api/v1/sports/1", "abbreviation": "MLB"}, "gameType": "R"}, {"season": "1958", "stat": {"gamesPlayed": 38, "gamesStarted": 10, "runs": 64, "homeRuns": 10, "strikeOuts": 90, "baseOnBalls": 43, "intentionalWalks": 6, "hits": 126, "hitByPitch": 3, "avg": ".266", "atBats": 473, "obp": ".328", "era": "4.55", "inningsPitched": "124.2", "wins": 4, "losses": 3, "saves": 1, "earnedRuns": 63, "whip": "1.36", "battersFaced": 528, "outs": 374, "gamesPitched": 38, "completeGames": 3, "shutouts": 0, "hitBatsmen": 3, "balks": 0, "wildPitches": 2, "winPercentage": ".571", "gamesFinished": 4, "strikeoutWalkRatio": "2.09", "strikeoutsPer9Inn": "6.50", "walksPer9Inn": "3.10", "hitsPer9Inn": "9.10", "runsScoredPer9": "4.62", "homeRunsPer9": "0.72", "sacBunts": 4, "sacFlies": 5}, "team": {"id": 113, "name": "Cincinnati Redlegs", "link": "/api/v1/teams/113"}, "player": {"id": 110034, "fullName": "Tom Acker", "link": "/api/v1/people/110034"}, "league": {"id": 104, "name": "National League", "link": "/api/v1/league/104"}, "sport": {"id": 1, "link": "/api/v1/sports/1", "abbreviation": "MLB"}, "gameType": "R"}, {"season": "1959", "stat": {"gamesPlayed": 37, "gamesStarted": 0, "runs": 31, "homeRuns": 10, "strikeOuts": 45, "baseOnBalls": 37, "intentionalWalks": 5, "hits": 57, "hitByPitch": 4, "avg": ".246", "atBats": 232, "obp": ".356", "era": "4.12", "inningsPitched": "63.1", "wins": 1, "losses": 2, "saves": 2, "earnedRuns": 29, "whip": "1.48", "battersFaced": 277, "outs": 190, "gamesPitched": 37, "completeGames": 0, "shutouts": 0, "hitBatsmen": 4, "balks": 0, "wildPitches": 1, "winPercentage": ".333", "gamesFinished": 11, "strikeoutWalkRatio": "1.22", "strikeoutsPer9Inn": "6.39", "walksPer9Inn": "5.26", "hitsPer9Inn": "8.10", "runsScoredPer9": "4.41", "homeRunsPer9": "1.42", "sacBunts": 2, "sacFlies": 2}, "team": {"id": 113, "name": "Cincinnati Redlegs", "link": "/api/v1/teams/113"}, "player": {"id": 110034, "fullName": "Tom Acker", "link": "/api/v1/people/110034"}, "league": {"id": 104, "name": "National League", "link": "/api/v1/league/104"}, "sport": {"id": 1, "link": "/api/v1/sports/1", "abbreviation": "MLB"}, "gameType": "R"}]}, {"type": {"displayName": "yearByYear"}, "group": {"displayName": "hitting"}, "exemptions": [], "splits": [{"season": "1956", "stat": {"gamesPlayed": 29, "runs": 3, "doubles": 0, "triples": 0, "homeRuns": 0, "strikeOuts": 12, "baseOnBalls": 3, "intentionalWalks": 0, "hits": 1, "hitByPitch": 0, "avg": ".053", "atBats": 19, "obp": ".182", "slg": ".053", "ops": ".235", "caughtStealing": 0, "stolenBases": 0, "stolenBasePercentage": ".---", "groundIntoDoublePlay": 1, "plateAppearances": 22, "totalBases": 1, "rbi": 1, "sacBunts": 0, "sacFlies": 0, "babip": ".143", "atBatsPerHomeRun": "-.--"}, "team": {"id": 113, "name": "Cincinnati Redlegs", "link": "/api/v1/teams/113"}, "player": {"id": 110034, "fullName": "Tom Acker", "link": "/api/v1/people/110034"}, "league": {"id": 104, "name": "National League", "link": "/api/v1/league/104"}, "sport": {"id": 1, "link": "/api/v1/sports/1", "abbreviation": "MLB"}, "gameType": "R"}, {"season": "1957", "stat": {"gamesPlayed": 49, "runs": 1, "doubles": 0, "triples": 0, "homeRuns": 0, "strikeOuts": 15, "baseOnBalls": 3, "intentionalWalks": 0, "hits": 1, "hitByPitch": 1, "avg": ".053", "atBats": 19, "obp": ".217", "slg": ".053", "ops": ".270", "caughtStealing": 0, "stolenBases": 0, "stolenBasePercentage": ".---", "groundIntoDoublePlay": 0, "plateAppearances": 25, "totalBases": 1, "rbi": 0, "sacBunts": 2, "sacFlies": 0, "babip": ".250", "atBatsPerHomeRun": "-.--"}, "team": {"id": 113, "name": "Cincinnati Redlegs", "link": "/api/v1/teams/113"}, "player": {"id": 110034, "fullName": "Tom Acker", "link": "/api/v1/people/110034"}, "league": {"id": 104, "name": "National League", "link": "/api/v1/league/104"}, "sport": {"id": 1, "link": "/api/v1/sports/1", "abbreviation": "MLB"}, "gameType": "R"}, {"season": "1958", "stat": {"gamesPlayed": 38, "runs": 5, "doubles": 0, "triples": 0, "homeRuns": 0, "strikeOuts": 16, "baseOnBalls": 5, "intentionalWalks": 0, "hits": 2, "hitByPitch": 0, "avg": ".067", "atBats": 30, "obp": ".200", "slg": ".067", "ops": ".267", "caughtStealing": 0, "stolenBases": 0, "stolenBasePercentage": ".---", "groundIntoDoublePlay": 0, "plateAppearances": 37, "totalBases": 2, "rbi": 1, "sacBunts": 2, "sacFlies": 0, "babip": ".143", "atBatsPerHomeRun": "-.--"}, "team": {"id": 113, "name": "Cincinnati Redlegs", "link": "/api/v1/teams/113"}, "player": {"id": 110034, "fullName": "Tom Acker", "link": "/api/v1/people/110034"}, "league": {"id": 104, "name": "National League", "link": "/api/v1/league/104"}, "sport": {"id": 1, "link": "/api/v1/sports/1", "abbreviation": "MLB"}, "gameType": "R"}, {"season": "1959", "stat": {"gamesPlayed": 37, "runs": 1, "doubles": 0, "triples": 0, "homeRuns": 0, "strikeOuts": 3, "baseOnBalls": 1, "intentionalWalks": 0, "hits": 1, "hitByPitch": 0, "avg": ".111", "atBats": 9, "obp": ".200", "slg": ".111", "ops": ".311", "caughtStealing": 0, "stolenBases": 0, "stolenBasePercentage": ".---", "groundIntoDoublePlay": 0, "plateAppearances": 12, "totalBases": 1, "rbi": 0, "sacBunts": 2, "sacFlies": 0, "babip": ".167", "atBatsPerHomeRun": "-.--"}, "team": {"id": 113, "name": "Cincinnati Redlegs", "link": "/api/v1/teams/113"}, "player": {"id": 110034, "fullName": "Tom Acker", "link": "/api/v1/people/110034"}, "league": {"id": 104, "name": "National League", "link": "/api/v1/league/104"}, "sport": {"id": 1, "link": "/api/v1/sports/1", "abbreviation": "MLB"}, "gameType": "R"}]}, {"type": {"displayName": "yearByYear"}, "group": {"displayName": "fielding"}, "exemptions": [], "splits": [{"season": "1956", "stat": {"gamesPlayed": 29, "gamesStarted": 7, "assists": 15, "putOuts": 9, "errors": 0, "chances": 24, "fielding": "1.000", "position": {"code": "1", "name": "Pitcher", "type": "Pitcher", "abbreviation": "P"}, "rangeFactorPerGame": "0.83", "rangeFactorPer9Inn": "2.60", "innings": "83.2", "games": 29, "doublePlays": 0, "triplePlays": 0, "throwingErrors": 0}, "team": {"id": 113, "name": "Cincinnati Redlegs", "link": "/api/v1/teams/113"}, "player": {"id": 110034, "fullName": "Tom Acker", "link": "/api/v1/people/110034"}, "league": {"id": 104, "name": "National League", "link": "/api/v1/league/104"}, "sport": {"id": 1, "link": "/api/v1/sports/1", "abbreviation": "MLB"}, "gameType": "R", "position": {"code": "1", "name": "Pitcher", "type": "Pitcher", "abbreviation": "P"}}, {"season": "1957", "stat": {"gamesPlayed": 49, "gamesStarted": 6, "assists": 16, "putOuts": 5, "errors": 0, "chances": 21, "fielding": "1.000", "position": {"code": "1", "name": "Pitcher", "type": "Pitcher", "abbreviation": "P"}, "rangeFactorPerGame": "0.43", "rangeFactorPer9Inn": "1.75", "innings": "108.2", "games": 49, "doublePlays": 1, "triplePlays": 0, "throwingErrors": 0}, "team": {"id": 113, "name": "Cincinnati Redlegs", "link": "/api/v1/teams/113"}, "player": {"id": 110034, "fullName": "Tom Acker", "link": "/api/v1/people/110034"}, "league": {"id": 104, "name": "National League", "link": "/api/v1/league/104"}, "sport": {"id": 1, "link": "/api/v1/sports/1", "abbreviation": "MLB"}, "gameType": "R", "position": {"code": "1", "name": "Pitcher", "type": "Pitcher", "abbreviation": "P"}}, {"season": "1958", "stat": {"gamesPlayed": 38, "gamesStarted": 10, "assists": 14, "putOuts": 4, "errors": 1, "chances": 19, "fielding": ".947", "position": {"code": "1", "name": "Pitcher", "type": "Pitcher", "abbreviation": "P"}, "rangeFactorPerGame": "0.47", "rangeFactorPer9Inn": "1.31", "innings": "124.2", "games": 38, "doublePlays": 0, "triplePlays": 0, "throwingErrors": 0}, "team": {"id": 113, "name": "Cincinnati Redlegs", "link": "/api/v1/teams/113"}, "player": {"id": 110034, "fullName": "Tom Acker", "link": "/api/v1/people/110034"}, "league": {"id": 104, "name": "National League", "link": "/api/v1/league/104"}, "sport": {"id": 1, "link": "/api/v1/sports/1", "abbreviation": "MLB"}, "gameType": "R", "position": {"code": "1", "name": "Pitcher", "type": "Pitcher", "abbreviation": "P"}}, {"season": "1959", "stat": {"gamesPlayed": 37, "gamesStarted": 0, "assists": 5, "putOuts": 1, "errors": 0, "chances": 6, "fielding": "1.000", "position": {"code": "1", "name": "Pitcher", "type": "Pitcher", "abbreviation": "P"}, "rangeFactorPerGame": "0.16", "rangeFactorPer9Inn": "0.86", "innings": "63.1", "games": 37, "doublePlays": 0, "triplePlays": 0, "throwingErrors": 0}, "team": {"id": 113, "name": "Cincinnati Redlegs", "link": "/api/v1/teams/113"}, "player": {"id": 110034, "fullName": "Tom Acker", "link": "/api/v1/people/110034"}, "league": {"id": 104, "name": "National League", "link": "/api/v1/league/104"}, "sport": {"id": 1, "link": "/api/v1/sports/1", "abbreviation": "MLB"}, "gameType": "R", "position": {"code": "1", "name": "Pitcher", "type": "Pitcher", "abbreviation": "P"}}]}], "mlbDebutDate": "1956-04-20", "batSide": {"code": "R", "description": "Right"}, "pitchHand": {"code": "R", "description": "Right"}, "nameFirstLast": "Tom Acker", "nameSlug": "tom-acker-110034", "firstLastName": "Tom Acker", "lastFirstName": "Acker, Tom", "lastInitName": "Acker, T", "initLastName": "T Acker", "fullFMLName": "Thomas James Acker", "fullLFMName": "Acker, Thomas James", "strikeZoneTop": 3.549, "strikeZoneBottom": 1.627}