{"id": 110027, "fullName": "George Abrams", "link": "/api/v1/people/110027", "firstName": "George", "lastName": "Abrams", "birthDate": "1899-11-09", "currentAge": 87, "birthCity": "Seattle", "birthStateProvince": "WA", "birthCountry": "USA", "height": "5' 9\"", "weight": 170, "active": false, "primaryPosition": {"code": "1", "name": "Pitcher", "type": "Pitcher", "abbreviation": "P"}, "useName": "George", "useLastName": "Abrams", "middleName": "Allen", "boxscoreName": "Abrams", "gender": "M", "isPlayer": true, "isVerified": true, "deathDate": "1986-12-05", "deathCity": "Clearwater", "deathStateProvince": "FL", "deathCountry": "USA", "lastPlayedDate": "1923-05-04", "stats": [{"type": {"displayName": "career"}, "group": {"displayName": "fielding"}, "exemptions": [], "splits": [{"stat": {"gamesPlayed": 3, "gamesStarted": 0, "assists": 1, "putOuts": 0, "errors": 0, "chances": 1, "fielding": "1.000", "position": {"code": "1", "name": "Pitcher", "type": "Pitcher", "abbreviation": "P"}, "rangeFactorPerGame": "0.33", "rangeFactorPer9Inn": "2.25", "innings": "4.2", "games": 3, "doublePlays": 0, "triplePlays": 0}, "team": {"id": 113, "name": "Cincinnati Reds", "link": "/api/v1/teams/113"}, "player": {"id": 110027, "fullName": "George Abrams", "link": "/api/v1/people/110027"}, "league": {"id": 104, "name": "National League", "link": "/api/v1/league/104"}, "sport": {"id": 1, "link": "/api/v1/sports/1", "abbreviation": "MLB"}, "gameType": "R", "position": {"code": "1", "name": "Pitcher", "type": "Pitcher", "abbreviation": "P"}}]}, {"type": {"displayName": "career"}, "group": {"displayName": "hitting"}, "exemptions": [], "splits": [{"stat": {"gamesPlayed": 3, "runs": 0, "doubles": 0, "triples": 0, "homeRuns": 0, "strikeOuts": 0, "baseOnBalls": 0, "hits": 1, "hitByPitch": 0, "avg": "1.000", "atBats": 1, "obp": "1.000", "slg": "1.000", "ops": "2.000", "caughtStealing": 0, "stolenBases": 0, "stolenBasePercentage": ".---", "plateAppearances": 1, "totalBases": 1, "rbi": 0, "sacBunts": 0, "babip": "1.000", "atBatsPerHomeRun": "-.--"}, "team": {"id": 113, "name": "Cincinnati Reds", "link": "/api/v1/teams/113"}, "player": {"id": 110027, "fullName": "George Abrams", "link": "/api/v1/people/110027"}, "league": {"id": 104, "name": "National League", "link": "/api/v1/league/104"}, "sport": {"id": 1, "link": "/api/v1/sports/1", "abbreviation": "MLB"}, "gameType": "R"}]}, {"type": {"displayName": "career"}, "group": {"displayName": "pitching"}, "exemptions": [], "splits": [{"stat": {"gamesPlayed": 3, "gamesStarted": 0, "runs": 5, "homeRuns": 0, "strikeOuts": 1, "baseOnBalls": 3, "hits": 10, "hitByPitch": 1, "avg": ".500", "atBats": 20, "obp": ".583", "era": "9.64", "inningsPitched": "4.2", "wins": 0, "losses": 0, "saves": 0, "earnedRuns": 5, "whip": "2.79", "battersFaced": 24, "outs": 14, "gamesPitched": 3, "completeGames": 0, "shutouts": 0, "hitBatsmen": 1, "balks": 0, "wildPitches": 0, "winPercentage": ".---", "gamesFinished": 1, "strikeoutWalkRatio": "0.33", "strikeoutsPer9Inn": "1.93", "walksPer9Inn": "5.79", "hitsPer9Inn": "19.29", "runsScoredPer9": "9.64", "homeRunsPer9": "0.00", "sacBunts": 0}, "team": {"id": 113, "name": "Cincinnati Reds", "link": "/api/v1/teams/113"}, "player": {"id": 110027, "fullName": "George Abrams", "link": "/api/v1/people/110027"}, "league": {"id": 104, "name": "National League", "link": "/api/v1/league/104"}, "sport": {"id": 1, "link": "/api/v1/sports/1", "abbreviation": "MLB"}, "gameType": "R"}]}, {"type": {"displayName": "yearByYear"}, "group": {"displayName": "fielding"}, "exemptions": [], "splits": [{"season": "1923", "stat": {"gamesPlayed": 3, "gamesStarted": 0, "assists": 1, "putOuts": 0, "errors": 0, "chances": 1, "fielding": "1.000", "position": {"code": "1", "name": "Pitcher", "type": "Pitcher", "abbreviation": "P"}, "rangeFactorPerGame": "0.33", "rangeFactorPer9Inn": "2.25", "innings": "4.2", "games": 3, "doublePlays": 0, "triplePlays": 0}, "team": {"id": 113, "name": "Cincinnati Reds", "link": "/api/v1/teams/113"}, "player": {"id": 110027, "fullName": "George Abrams", "link": "/api/v1/people/110027"}, "league": {"id": 104, "name": "National League", "link": "/api/v1/league/104"}, "sport": {"id": 1, "link": "/api/v1/sports/1", "abbreviation": "MLB"}, "gameType": "R", "position": {"code": "1", "name": "Pitcher", "type": "Pitcher", "abbreviation": "P"}}]}, {"type": {"displayName": "yearByYear"}, "group": {"displayName": "hitting"}, "exemptions": [], "splits": [{"season": "1923", "stat": {"gamesPlayed": 3, "runs": 0, "doubles": 0, "triples": 0, "homeRuns": 0, "strikeOuts": 0, "baseOnBalls": 0, "hits": 1, "hitByPitch": 0, "avg": "1.000", "atBats": 1, "obp": "1.000", "slg": "1.000", "ops": "2.000", "caughtStealing": 0, "stolenBases": 0, "stolenBasePercentage": ".---", "plateAppearances": 1, "totalBases": 1, "rbi": 0, "sacBunts": 0, "babip": "1.000", "atBatsPerHomeRun": "-.--"}, "team": {"id": 113, "name": "Cincinnati Reds", "link": "/api/v1/teams/113"}, "player": {"id": 110027, "fullName": "George Abrams", "link": "/api/v1/people/110027"}, "league": {"id": 104, "name": "National League", "link": "/api/v1/league/104"}, "sport": {"id": 1, "link": "/api/v1/sports/1", "abbreviation": "MLB"}, "gameType": "R"}]}, {"type": {"displayName": "yearByYear"}, "group": {"displayName": "pitching"}, "exemptions": [], "splits": [{"season": "1923", "stat": {"gamesPlayed": 3, "gamesStarted": 0, "runs": 5, "homeRuns": 0, "strikeOuts": 1, "baseOnBalls": 3, "hits": 10, "hitByPitch": 1, "avg": ".500", "atBats": 20, "obp": ".583", "era": "9.64", "inningsPitched": "4.2", "wins": 0, "losses": 0, "saves": 0, "earnedRuns": 5, "whip": "2.79", "battersFaced": 24, "outs": 14, "gamesPitched": 3, "completeGames": 0, "shutouts": 0, "hitBatsmen": 1, "balks": 0, "wildPitches": 0, "winPercentage": ".---", "gamesFinished": 1, "strikeoutWalkRatio": "0.33", "strikeoutsPer9Inn": "1.93", "walksPer9Inn": "5.79", "hitsPer9Inn": "19.29", "runsScoredPer9": "9.64", "homeRunsPer9": "0.00", "sacBunts": 0}, "team": {"id": 113, "name": "Cincinnati Reds", "link": "/api/v1/teams/113"}, "player": {"id": 110027, "fullName": "George Abrams", "link": "/api/v1/people/110027"}, "league": {"id": 104, "name": "National League", "link": "/api/v1/league/104"}, "sport": {"id": 1, "link": "/api/v1/sports/1", "abbreviation": "MLB"}, "gameType": "R"}]}], "mlbDebutDate": "1923-04-19", "batSide": {"code": "R", "description": "Right"}, "pitchHand": {"code": "R", "description": "Right"}, "nameFirstLast": "George Abrams", "nameSlug": "george-abrams-110027", "firstLastName": "George Abrams", "lastFirstName": "Abrams, George", "lastInitName": "Abrams, G", "initLastName": "G Abrams", "fullFMLName": "George Allen Abrams", "fullLFMName": "Abrams, George Allen", "strikeZoneTop": 3.285, "strikeZoneBottom": 1.487}