{"id": 110130, "fullName": "Matt Alexander", "link": "/api/v1/people/110130", "firstName": "Matthew", "lastName": "Alexander", "primaryNumber": "31", "birthDate": "1947-01-30", "currentAge": 76, "birthCity": "Shreveport", "birthStateProvince": "LA", "birthCountry": "USA", "height": "5' 11\"", "weight": 169, "active": false, "primaryPosition": {"code": "8", "name": "Outfielder", "type": "Outfielder", "abbreviation": "CF"}, "useName": "Matt", "useLastName": "Alexander", "boxscoreName": "Alexander", "gender": "M", "isPlayer": true, "isVerified": true, "draftYear": 1968, "lastPlayedDate": "1981-10-03", "stats": [{"type": {"displayName": "career"}, "group": {"displayName": "hitting"}, "exemptions": [], "splits": [{"stat": {"gamesPlayed": 374, "groundOuts": 21, "airOuts": 18, "runs": 111, "doubles": 4, "triples": 2, "homeRuns": 0, "strikeOuts": 26, "baseOnBalls": 18, "intentionalWalks": 1, "hits": 36, "hitByPitch": 1, "avg": ".214", "atBats": 168, "obp": ".294", "slg": ".262", "ops": ".556", "caughtStealing": 42, "stolenBases": 103, "stolenBasePercentage": ".710", "groundIntoDoublePlay": 2, "numberOfPitches": 290, "plateAppearances": 195, "totalBases": 44, "rbi": 4, "leftOnBase": 60, "sacBunts": 8, "sacFlies": 0, "babip": ".254", "groundOutsToAirouts": "1.17", "catchersInterference": 0, "atBatsPerHomeRun": "-.--"}, "player": {"id": 110130, "fullName": "Matt Alexander", "link": "/api/v1/people/110130"}, "sport": {"id": 1, "link": "/api/v1/sports/1", "abbreviation": "MLB"}, "gameType": "R", "numTeams": 3}]}, {"type": {"displayName": "career"}, "group": {"displayName": "fielding"}, "exemptions": [], "splits": [{"stat": {"gamesPlayed": 10, "gamesStarted": 0, "assists": 5, "putOuts": 2, "errors": 1, "chances": 8, "fielding": ".875", "position": {"code": "4", "name": "Second Base", "type": "Infielder", "abbreviation": "2B"}, "rangeFactorPerGame": "0.70", "rangeFactorPer9Inn": "3.71", "innings": "17.0", "games": 10, "doublePlays": 1, "triplePlays": 0, "throwingErrors": 0}, "player": {"id": 110130, "fullName": "Matt Alexander", "link": "/api/v1/people/110130"}, "sport": {"id": 1, "link": "/api/v1/sports/1", "abbreviation": "MLB"}, "gameType": "R", "numTeams": 3, "position": {"code": "4", "name": "Second Base", "type": "Infielder", "abbreviation": "2B"}}, {"stat": {"gamesPlayed": 22, "gamesStarted": 13, "assists": 24, "putOuts": 11, "errors": 3, "chances": 38, "fielding": ".921", "position": {"code": "5", "name": "Third Base", "type": "Infielder", "abbreviation": "3B"}, "rangeFactorPerGame": "1.59", "rangeFactorPer9Inn": "2.39", "innings": "132.0", "games": 22, "doublePlays": 3, "triplePlays": 0, "throwingErrors": 0}, "player": {"id": 110130, "fullName": "Matt Alexander", "link": "/api/v1/people/110130"}, "sport": {"id": 1, "link": "/api/v1/sports/1", "abbreviation": "MLB"}, "gameType": "R", "numTeams": 2, "position": {"code": "5", "name": "Third Base", "type": "Infielder", "abbreviation": "3B"}}, {"stat": {"gamesPlayed": 41, "gamesStarted": 7, "assists": 0, "putOuts": 37, "errors": 0, "chances": 37, "fielding": "1.000", "position": {"code": "8", "name": "Outfielder", "type": "Outfielder", "abbreviation": "CF"}, "rangeFactorPerGame": "0.90", "rangeFactorPer9Inn": "2.64", "innings": "126.0", "games": 41, "doublePlays": 0, "triplePlays": 0, "throwingErrors": 0}, "player": {"id": 110130, "fullName": "Matt Alexander", "link": "/api/v1/people/110130"}, "sport": {"id": 1, "link": "/api/v1/sports/1", "abbreviation": "MLB"}, "gameType": "R", "numTeams": 3, "position": {"code": "8", "name": "Outfielder", "type": "Outfielder", "abbreviation": "CF"}}, {"stat": {"gamesPlayed": 32, "gamesStarted": 4, "assists": 1, "putOuts": 29, "errors": 0, "chances": 30, "fielding": "1.000", "position": {"code": "9", "name": "Outfielder", "type": "Outfielder", "abbreviation": "RF"}, "rangeFactorPerGame": "0.94", "rangeFactorPer9Inn": "2.78", "innings": "97.0", "games": 32, "doublePlays": 0, "triplePlays": 0, "throwingErrors": 0}, "player": {"id": 110130, "fullName": "Matt Alexander", "link": "/api/v1/people/110130"}, "sport": {"id": 1, "link": "/api/v1/sports/1", "abbreviation": "MLB"}, "gameType": "R", "numTeams": 3, "position": {"code": "9", "name": "Outfielder", "type": "Outfielder", "abbreviation": "RF"}}, {"stat": {"gamesPlayed": 26, "gamesStarted": 1, "assists": 0, "putOuts": 9, "errors": 0, "chances": 9, "fielding": "1.000", "position": {"code": "7", "name": "Outfielder", "type": "Outfielder", "abbreviation": "LF"}, "rangeFactorPerGame": "0.35", "rangeFactorPer9Inn": "1.76", "innings": "46.0", "games": 26, "doublePlays": 0, "triplePlays": 0, "throwingErrors": 0}, "player": {"id": 110130, "fullName": "Matt Alexander", "link": "/api/v1/people/110130"}, "sport": {"id": 1, "link": "/api/v1/sports/1", "abbreviation": "MLB"}, "gameType": "R", "numTeams": 2, "position": {"code": "7", "name": "Outfielder", "type": "Outfielder", "abbreviation": "LF"}}, {"stat": {"gamesPlayed": 1, "gamesStarted": 0, "assists": 0, "putOuts": 0, "errors": 0, "chances": 0, "fielding": ".000", "position": {"code": "6", "name": "Shortstop", "type": "Infielder", "abbreviation": "SS"}, "rangeFactorPerGame": "0.00", "rangeFactorPer9Inn": "0.00", "innings": "2.0", "games": 1, "doublePlays": 0, "triplePlays": 0, "throwingErrors": 0}, "team": {"id": 134, "name": "Pittsburgh Pirates", "link": "/api/v1/teams/134"}, "player": {"id": 110130, "fullName": "Matt Alexander", "link": "/api/v1/people/110130"}, "league": {"id": 104, "name": "National League", "link": "/api/v1/league/104"}, "sport": {"id": 1, "link": "/api/v1/sports/1", "abbreviation": "MLB"}, "gameType": "R", "position": {"code": "6", "name": "Shortstop", "type": "Infielder", "abbreviation": "SS"}}]}, {"type": {"displayName": "yearByYear"}, "group": {"displayName": "hitting"}, "exemptions": [], "splits": [{"season": "1973", "stat": {"gamesPlayed": 12, "runs": 4, "doubles": 0, "triples": 0, "homeRuns": 0, "strikeOuts": 1, "baseOnBalls": 1, "intentionalWalks": 0, "hits": 1, "hitByPitch": 0, "avg": ".200", "atBats": 5, "obp": ".333", "slg": ".200", "ops": ".533", "caughtStealing": 0, "stolenBases": 2, "stolenBasePercentage": "1.000", "groundIntoDoublePlay": 0, "plateAppearances": 6, "totalBases": 1, "rbi": 1, "sacBunts": 0, "sacFlies": 0, "babip": ".250", "atBatsPerHomeRun": "-.--"}, "team": {"id": 112, "name": "Chicago Cubs", "link": "/api/v1/teams/112"}, "player": {"id": 110130, "fullName": "Matt Alexander", "link": "/api/v1/people/110130"}, "league": {"id": 104, "name": "National League", "link": "/api/v1/league/104"}, "sport": {"id": 1, "link": "/api/v1/sports/1", "abbreviation": "MLB"}, "gameType": "R"}, {"season": "1974", "stat": {"gamesPlayed": 45, "groundOuts": 11, "airOuts": 3, "runs": 15, "doubles": 2, "triples": 1, "homeRuns": 0, "strikeOuts": 12, "baseOnBalls": 12, "intentionalWalks": 1, "hits": 11, "hitByPitch": 1, "avg": ".204", "atBats": 54, "obp": ".358", "slg": ".278", "ops": ".636", "caughtStealing": 4, "stolenBases": 8, "stolenBasePercentage": ".667", "groundIntoDoublePlay": 2, "numberOfPitches": 134, "plateAppearances": 74, "totalBases": 15, "rbi": 0, "leftOnBase": 24, "sacBunts": 7, "sacFlies": 0, "babip": ".262", "groundOutsToAirouts": "3.67", "catchersInterference": 0, "atBatsPerHomeRun": "-.--"}, "team": {"id": 112, "name": "Chicago Cubs", "link": "/api/v1/teams/112"}, "player": {"id": 110130, "fullName": "Matt Alexander", "link": "/api/v1/people/110130"}, "league": {"id": 104, "name": "National League", "link": "/api/v1/league/104"}, "sport": {"id": 1, "link": "/api/v1/sports/1", "abbreviation": "MLB"}, "gameType": "R"}, {"season": "1975", "stat": {"gamesPlayed": 63, "groundOuts": 2, "airOuts": 1, "runs": 16, "doubles": 0, "triples": 0, "homeRuns": 0, "strikeOuts": 1, "baseOnBalls": 1, "intentionalWalks": 0, "hits": 1, "hitByPitch": 0, "avg": ".100", "atBats": 10, "obp": ".182", "slg": ".100", "ops": ".282", "caughtStealing": 10, "stolenBases": 17, "stolenBasePercentage": ".630", "groundIntoDoublePlay": 0, "numberOfPitches": 16, "plateAppearances": 11, "totalBases": 1, "rbi": 0, "leftOnBase": 4, "sacBunts": 0, "sacFlies": 0, "babip": ".111", "groundOutsToAirouts": "2.00", "catchersInterference": 0, "atBatsPerHomeRun": "-.--"}, "team": {"id": 133, "name": "Oakland Athletics", "link": "/api/v1/teams/133"}, "player": {"id": 110130, "fullName": "Matt Alexander", "link": "/api/v1/people/110130"}, "league": {"id": 103, "name": "American League", "link": "/api/v1/league/103"}, "sport": {"id": 1, "link": "/api/v1/sports/1", "abbreviation": "MLB"}, "gameType": "R"}, {"season": "1976", "stat": {"gamesPlayed": 61, "groundOuts": 4, "airOuts": 4, "runs": 16, "doubles": 0, "triples": 0, "homeRuns": 0, "strikeOuts": 5, "baseOnBalls": 0, "intentionalWalks": 0, "hits": 1, "hitByPitch": 0, "avg": ".033", "atBats": 30, "obp": ".033", "slg": ".033", "ops": ".066", "caughtStealing": 7, "stolenBases": 20, "stolenBasePercentage": ".741", "groundIntoDoublePlay": 0, "numberOfPitches": 40, "plateAppearances": 30, "totalBases": 1, "rbi": 0, "leftOnBase": 14, "sacBunts": 0, "sacFlies": 0, "babip": ".040", "groundOutsToAirouts": "1.00", "catchersInterference": 0, "atBatsPerHomeRun": "-.--"}, "team": {"id": 133, "name": "Oakland Athletics", "link": "/api/v1/teams/133"}, "player": {"id": 110130, "fullName": "Matt Alexander", "link": "/api/v1/people/110130"}, "league": {"id": 103, "name": "American League", "link": "/api/v1/league/103"}, "sport": {"id": 1, "link": "/api/v1/sports/1", "abbreviation": "MLB"}, "gameType": "R"}, {"season": "1977", "stat": {"gamesPlayed": 90, "groundOuts": 2, "airOuts": 9, "runs": 24, "doubles": 1, "triples": 0, "homeRuns": 0, "strikeOuts": 6, "baseOnBalls": 4, "intentionalWalks": 0, "hits": 10, "hitByPitch": 0, "avg": ".238", "atBats": 42, "obp": ".304", "slg": ".262", "ops": ".566", "caughtStealing": 14, "stolenBases": 26, "stolenBasePercentage": ".650", "groundIntoDoublePlay": 0, "numberOfPitches": 71, "plateAppearances": 47, "totalBases": 11, "rbi": 2, "leftOnBase": 14, "sacBunts": 1, "sacFlies": 0, "babip": ".278", "groundOutsToAirouts": "0.22", "catchersInterference": 0, "atBatsPerHomeRun": "-.--"}, "team": {"id": 133, "name": "Oakland Athletics", "link": "/api/v1/teams/133"}, "player": {"id": 110130, "fullName": "Matt Alexander", "link": "/api/v1/people/110130"}, "league": {"id": 103, "name": "American League", "link": "/api/v1/league/103"}, "sport": {"id": 1, "link": "/api/v1/sports/1", "abbreviation": "MLB"}, "gameType": "R"}, {"season": "1978", "stat": {"gamesPlayed": 7, "groundOuts": 0, "airOuts": 0, "runs": 2, "doubles": 0, "triples": 0, "homeRuns": 0, "strikeOuts": 0, "baseOnBalls": 0, "intentionalWalks": 0, "hits": 0, "hitByPitch": 0, "avg": ".000", "atBats": 0, "obp": ".000", "slg": ".000", "ops": ".000", "caughtStealing": 1, "stolenBases": 4, "stolenBasePercentage": ".800", "groundIntoDoublePlay": 0, "numberOfPitches": 0, "plateAppearances": 0, "totalBases": 0, "rbi": 0, "leftOnBase": 0, "sacBunts": 0, "sacFlies": 0, "babip": ".---", "groundOutsToAirouts": "-.--", "catchersInterference": 0, "atBatsPerHomeRun": "-.--"}, "team": {"id": 134, "name": "Pittsburgh Pirates", "link": "/api/v1/teams/134"}, "player": {"id": 110130, "fullName": "Matt Alexander", "link": "/api/v1/people/110130"}, "league": {"id": 104, "name": "National League", "link": "/api/v1/league/104"}, "sport": {"id": 1, "link": "/api/v1/sports/1", "abbreviation": "MLB"}, "gameType": "R"}, {"season": "1979", "stat": {"gamesPlayed": 44, "groundOuts": 1, "airOuts": 0, "runs": 16, "doubles": 0, "triples": 1, "homeRuns": 0, "strikeOuts": 0, "baseOnBalls": 0, "intentionalWalks": 0, "hits": 7, "hitByPitch": 0, "avg": ".538", "atBats": 13, "obp": ".538", "slg": ".692", "ops": "1.230", "caughtStealing": 1, "stolenBases": 13, "stolenBasePercentage": ".929", "groundIntoDoublePlay": 0, "numberOfPitches": 13, "plateAppearances": 13, "totalBases": 9, "rbi": 1, "leftOnBase": 1, "sacBunts": 0, "sacFlies": 0, "babip": ".538", "groundOutsToAirouts": "1.00", "catchersInterference": 0, "atBatsPerHomeRun": "-.--"}, "team": {"id": 134, "name": "Pittsburgh Pirates", "link": "/api/v1/teams/134"}, "player": {"id": 110130, "fullName": "Matt Alexander", "link": "/api/v1/people/110130"}, "league": {"id": 104, "name": "National League", "link": "/api/v1/league/104"}, "sport": {"id": 1, "link": "/api/v1/sports/1", "abbreviation": "MLB"}, "gameType": "R"}, {"season": "1980", "stat": {"gamesPlayed": 37, "groundOuts": 0, "airOuts": 0, "runs": 13, "doubles": 1, "triples": 0, "homeRuns": 0, "strikeOuts": 0, "baseOnBalls": 0, "intentionalWalks": 0, "hits": 1, "hitByPitch": 0, "avg": ".333", "atBats": 3, "obp": ".333", "slg": ".667", "ops": "1.000", "caughtStealing": 3, "stolenBases": 10, "stolenBasePercentage": ".769", "groundIntoDoublePlay": 0, "numberOfPitches": 3, "plateAppearances": 3, "totalBases": 2, "rbi": 0, "leftOnBase": 1, "sacBunts": 0, "sacFlies": 0, "babip": ".333", "groundOutsToAirouts": "-.--", "catchersInterference": 0, "atBatsPerHomeRun": "-.--"}, "team": {"id": 134, "name": "Pittsburgh Pirates", "link": "/api/v1/teams/134"}, "player": {"id": 110130, "fullName": "Matt Alexander", "link": "/api/v1/people/110130"}, "league": {"id": 104, "name": "National League", "link": "/api/v1/league/104"}, "sport": {"id": 1, "link": "/api/v1/sports/1", "abbreviation": "MLB"}, "gameType": "R"}, {"season": "1981", "stat": {"gamesPlayed": 15, "groundOuts": 1, "airOuts": 1, "runs": 5, "doubles": 0, "triples": 0, "homeRuns": 0, "strikeOuts": 1, "baseOnBalls": 0, "intentionalWalks": 0, "hits": 4, "hitByPitch": 0, "avg": ".364", "atBats": 11, "obp": ".364", "slg": ".364", "ops": ".728", "caughtStealing": 2, "stolenBases": 3, "stolenBasePercentage": ".600", "groundIntoDoublePlay": 0, "numberOfPitches": 13, "plateAppearances": 11, "totalBases": 4, "rbi": 0, "leftOnBase": 2, "sacBunts": 0, "sacFlies": 0, "babip": ".400", "groundOutsToAirouts": "1.00", "catchersInterference": 0, "atBatsPerHomeRun": "-.--"}, "team": {"id": 134, "name": "Pittsburgh Pirates", "link": "/api/v1/teams/134"}, "player": {"id": 110130, "fullName": "Matt Alexander", "link": "/api/v1/people/110130"}, "league": {"id": 104, "name": "National League", "link": "/api/v1/league/104"}, "sport": {"id": 1, "link": "/api/v1/sports/1", "abbreviation": "MLB"}, "gameType": "R"}]}, {"type": {"displayName": "yearByYear"}, "group": {"displayName": "fielding"}, "exemptions": [], "splits": [{"season": "1973", "stat": {"gamesPlayed": 3, "gamesStarted": 2, "assists": 0, "putOuts": 1, "errors": 0, "chances": 1, "fielding": "1.000", "position": {"code": "8", "name": "Outfielder", "type": "Outfielder", "abbreviation": "CF"}, "rangeFactorPerGame": "0.33", "rangeFactorPer9Inn": "0.69", "innings": "13.0", "games": 3, "doublePlays": 0, "triplePlays": 0, "throwingErrors": 0}, "team": {"id": 112, "name": "Chicago Cubs", "link": "/api/v1/teams/112"}, "player": {"id": 110130, "fullName": "Matt Alexander", "link": "/api/v1/people/110130"}, "league": {"id": 104, "name": "National League", "link": "/api/v1/league/104"}, "sport": {"id": 1, "link": "/api/v1/sports/1", "abbreviation": "MLB"}, "gameType": "R", "position": {"code": "8", "name": "Outfielder", "type": "Outfielder", "abbreviation": "CF"}}, {"season": "1974", "stat": {"gamesPlayed": 2, "gamesStarted": 0, "assists": 1, "putOuts": 1, "errors": 0, "chances": 2, "fielding": "1.000", "position": {"code": "4", "name": "Second Base", "type": "Infielder", "abbreviation": "2B"}, "rangeFactorPerGame": "1.00", "rangeFactorPer9Inn": "4.50", "innings": "4.0", "games": 2, "doublePlays": 0, "triplePlays": 0, "throwingErrors": 0}, "team": {"id": 112, "name": "Chicago Cubs", "link": "/api/v1/teams/112"}, "player": {"id": 110130, "fullName": "Matt Alexander", "link": "/api/v1/people/110130"}, "league": {"id": 104, "name": "National League", "link": "/api/v1/league/104"}, "sport": {"id": 1, "link": "/api/v1/sports/1", "abbreviation": "MLB"}, "gameType": "R", "position": {"code": "4", "name": "Second Base", "type": "Infielder", "abbreviation": "2B"}}, {"season": "1974", "stat": {"gamesPlayed": 19, "gamesStarted": 13, "assists": 24, "putOuts": 11, "errors": 3, "chances": 38, "fielding": ".921", "position": {"code": "5", "name": "Third Base", "type": "Infielder", "abbreviation": "3B"}, "rangeFactorPerGame": "1.84", "rangeFactorPer9Inn": "2.52", "innings": "125.0", "games": 19, "doublePlays": 3, "triplePlays": 0, "throwingErrors": 0}, "team": {"id": 112, "name": "Chicago Cubs", "link": "/api/v1/teams/112"}, "player": {"id": 110130, "fullName": "Matt Alexander", "link": "/api/v1/people/110130"}, "league": {"id": 104, "name": "National League", "link": "/api/v1/league/104"}, "sport": {"id": 1, "link": "/api/v1/sports/1", "abbreviation": "MLB"}, "gameType": "R", "position": {"code": "5", "name": "Third Base", "type": "Infielder", "abbreviation": "3B"}}, {"season": "1974", "stat": {"gamesPlayed": 3, "gamesStarted": 0, "assists": 0, "putOuts": 1, "errors": 0, "chances": 1, "fielding": "1.000", "position": {"code": "8", "name": "Outfielder", "type": "Outfielder", "abbreviation": "CF"}, "rangeFactorPerGame": "0.33", "rangeFactorPer9Inn": "1.80", "innings": "5.1", "games": 3, "doublePlays": 0, "triplePlays": 0, "throwingErrors": 0}, "team": {"id": 112, "name": "Chicago Cubs", "link": "/api/v1/teams/112"}, "player": {"id": 110130, "fullName": "Matt Alexander", "link": "/api/v1/people/110130"}, "league": {"id": 104, "name": "National League", "link": "/api/v1/league/104"}, "sport": {"id": 1, "link": "/api/v1/sports/1", "abbreviation": "MLB"}, "gameType": "R", "position": {"code": "8", "name": "Outfielder", "type": "Outfielder", "abbreviation": "CF"}}, {"season": "1974", "stat": {"gamesPlayed": 1, "gamesStarted": 0, "assists": 0, "putOuts": 0, "errors": 0, "chances": 0, "fielding": ".000", "position": {"code": "9", "name": "Outfielder", "type": "Outfielder", "abbreviation": "RF"}, "rangeFactorPerGame": "0.00", "rangeFactorPer9Inn": "0.00", "innings": "3.0", "games": 1, "doublePlays": 0, "triplePlays": 0, "throwingErrors": 0}, "team": {"id": 112, "name": "Chicago Cubs", "link": "/api/v1/teams/112"}, "player": {"id": 110130, "fullName": "Matt Alexander", "link": "/api/v1/people/110130"}, "league": {"id": 104, "name": "National League", "link": "/api/v1/league/104"}, "sport": {"id": 1, "link": "/api/v1/sports/1", "abbreviation": "MLB"}, "gameType": "R", "position": {"code": "9", "name": "Outfielder", "type": "Outfielder", "abbreviation": "RF"}}, {"season": "1975", "stat": {"gamesPlayed": 3, "gamesStarted": 0, "assists": 2, "putOuts": 0, "errors": 1, "chances": 3, "fielding": ".667", "position": {"code": "4", "name": "Second Base", "type": "Infielder", "abbreviation": "2B"}, "rangeFactorPerGame": "0.67", "rangeFactorPer9Inn": "6.00", "innings": "3.0", "games": 3, "doublePlays": 1, "triplePlays": 0, "throwingErrors": 0}, "team": {"id": 133, "name": "Oakland Athletics", "link": "/api/v1/teams/133"}, "player": {"id": 110130, "fullName": "Matt Alexander", "link": "/api/v1/people/110130"}, "league": {"id": 103, "name": "American League", "link": "/api/v1/league/103"}, "sport": {"id": 1, "link": "/api/v1/sports/1", "abbreviation": "MLB"}, "gameType": "R", "position": {"code": "4", "name": "Second Base", "type": "Infielder", "abbreviation": "2B"}}, {"season": "1975", "stat": {"gamesPlayed": 2, "gamesStarted": 0, "assists": 0, "putOuts": 0, "errors": 0, "chances": 0, "fielding": ".000", "position": {"code": "5", "name": "Third Base", "type": "Infielder", "abbreviation": "3B"}, "rangeFactorPerGame": "0.00", "rangeFactorPer9Inn": "0.00", "innings": "5.0", "games": 2, "doublePlays": 0, "triplePlays": 0, "throwingErrors": 0}, "team": {"id": 133, "name": "Oakland Athletics", "link": "/api/v1/teams/133"}, "player": {"id": 110130, "fullName": "Matt Alexander", "link": "/api/v1/people/110130"}, "league": {"id": 103, "name": "American League", "link": "/api/v1/league/103"}, "sport": {"id": 1, "link": "/api/v1/sports/1", "abbreviation": "MLB"}, "gameType": "R", "position": {"code": "5", "name": "Third Base", "type": "Infielder", "abbreviation": "3B"}}, {"season": "1975", "stat": {"gamesPlayed": 1, "gamesStarted": 0, "assists": 0, "putOuts": 0, "errors": 0, "chances": 0, "fielding": ".000", "position": {"code": "7", "name": "Outfielder", "type": "Outfielder", "abbreviation": "LF"}, "rangeFactorPerGame": "0.00", "rangeFactorPer9Inn": "0.00", "innings": "3.0", "games": 1, "doublePlays": 0, "triplePlays": 0, "throwingErrors": 0}, "team": {"id": 133, "name": "Oakland Athletics", "link": "/api/v1/teams/133"}, "player": {"id": 110130, "fullName": "Matt Alexander", "link": "/api/v1/people/110130"}, "league": {"id": 103, "name": "American League", "link": "/api/v1/league/103"}, "sport": {"id": 1, "link": "/api/v1/sports/1", "abbreviation": "MLB"}, "gameType": "R", "position": {"code": "7", "name": "Outfielder", "type": "Outfielder", "abbreviation": "LF"}}, {"season": "1975", "stat": {"gamesPlayed": 3, "gamesStarted": 0, "assists": 0, "putOuts": 3, "errors": 0, "chances": 3, "fielding": "1.000", "position": {"code": "8", "name": "Outfielder", "type": "Outfielder", "abbreviation": "CF"}, "rangeFactorPerGame": "1.00", "rangeFactorPer9Inn": "4.50", "innings": "6.0", "games": 3, "doublePlays": 0, "triplePlays": 0, "throwingErrors": 0}, "team": {"id": 133, "name": "Oakland Athletics", "link": "/api/v1/teams/133"}, "player": {"id": 110130, "fullName": "Matt Alexander", "link": "/api/v1/people/110130"}, "league": {"id": 103, "name": "American League", "link": "/api/v1/league/103"}, "sport": {"id": 1, "link": "/api/v1/sports/1", "abbreviation": "MLB"}, "gameType": "R", "position": {"code": "8", "name": "Outfielder", "type": "Outfielder", "abbreviation": "CF"}}, {"season": "1975", "stat": {"gamesPlayed": 7, "gamesStarted": 1, "assists": 0, "putOuts": 4, "errors": 0, "chances": 4, "fielding": "1.000", "position": {"code": "9", "name": "Outfielder", "type": "Outfielder", "abbreviation": "RF"}, "rangeFactorPerGame": "0.57", "rangeFactorPer9Inn": "1.89", "innings": "19.0", "games": 7, "doublePlays": 0, "triplePlays": 0, "throwingErrors": 0}, "team": {"id": 133, "name": "Oakland Athletics", "link": "/api/v1/teams/133"}, "player": {"id": 110130, "fullName": "Matt Alexander", "link": "/api/v1/people/110130"}, "league": {"id": 103, "name": "American League", "link": "/api/v1/league/103"}, "sport": {"id": 1, "link": "/api/v1/sports/1", "abbreviation": "MLB"}, "gameType": "R", "position": {"code": "9", "name": "Outfielder", "type": "Outfielder", "abbreviation": "RF"}}, {"season": "1976", "stat": {"gamesPlayed": 7, "gamesStarted": 1, "assists": 0, "putOuts": 2, "errors": 0, "chances": 2, "fielding": "1.000", "position": {"code": "7", "name": "Outfielder", "type": "Outfielder", "abbreviation": "LF"}, "rangeFactorPerGame": "0.29", "rangeFactorPer9Inn": "0.95", "innings": "19.2", "games": 7, "doublePlays": 0, "triplePlays": 0, "throwingErrors": 0}, "team": {"id": 133, "name": "Oakland Athletics", "link": "/api/v1/teams/133"}, "player": {"id": 110130, "fullName": "Matt Alexander", "link": "/api/v1/people/110130"}, "league": {"id": 103, "name": "American League", "link": "/api/v1/league/103"}, "sport": {"id": 1, "link": "/api/v1/sports/1", "abbreviation": "MLB"}, "gameType": "R", "position": {"code": "7", "name": "Outfielder", "type": "Outfielder", "abbreviation": "LF"}}, {"season": "1976", "stat": {"gamesPlayed": 7, "gamesStarted": 0, "assists": 0, "putOuts": 3, "errors": 0, "chances": 3, "fielding": "1.000", "position": {"code": "8", "name": "Outfielder", "type": "Outfielder", "abbreviation": "CF"}, "rangeFactorPerGame": "0.43", "rangeFactorPer9Inn": "1.93", "innings": "14.0", "games": 7, "doublePlays": 0, "triplePlays": 0, "throwingErrors": 0}, "team": {"id": 133, "name": "Oakland Athletics", "link": "/api/v1/teams/133"}, "player": {"id": 110130, "fullName": "Matt Alexander", "link": "/api/v1/people/110130"}, "league": {"id": 103, "name": "American League", "link": "/api/v1/league/103"}, "sport": {"id": 1, "link": "/api/v1/sports/1", "abbreviation": "MLB"}, "gameType": "R", "position": {"code": "8", "name": "Outfielder", "type": "Outfielder", "abbreviation": "CF"}}, {"season": "1976", "stat": {"gamesPlayed": 11, "gamesStarted": 3, "assists": 0, "putOuts": 16, "errors": 0, "chances": 16, "fielding": "1.000", "position": {"code": "9", "name": "Outfielder", "type": "Outfielder", "abbreviation": "RF"}, "rangeFactorPerGame": "1.45", "rangeFactorPer9Inn": "3.35", "innings": "43.0", "games": 11, "doublePlays": 0, "triplePlays": 0, "throwingErrors": 0}, "team": {"id": 133, "name": "Oakland Athletics", "link": "/api/v1/teams/133"}, "player": {"id": 110130, "fullName": "Matt Alexander", "link": "/api/v1/people/110130"}, "league": {"id": 103, "name": "American League", "link": "/api/v1/league/103"}, "sport": {"id": 1, "link": "/api/v1/sports/1", "abbreviation": "MLB"}, "gameType": "R", "position": {"code": "9", "name": "Outfielder", "type": "Outfielder", "abbreviation": "RF"}}, {"season": "1977", "stat": {"gamesPlayed": 4, "gamesStarted": 0, "assists": 2, "putOuts": 1, "errors": 0, "chances": 3, "fielding": "1.000", "position": {"code": "4", "name": "Second Base", "type": "Infielder", "abbreviation": "2B"}, "rangeFactorPerGame": "0.75", "rangeFactorPer9Inn": "3.00", "innings": "9.0", "games": 4, "doublePlays": 0, "triplePlays": 0, "throwingErrors": 0}, "team": {"id": 133, "name": "Oakland Athletics", "link": "/api/v1/teams/133"}, "player": {"id": 110130, "fullName": "Matt Alexander", "link": "/api/v1/people/110130"}, "league": {"id": 103, "name": "American League", "link": "/api/v1/league/103"}, "sport": {"id": 1, "link": "/api/v1/sports/1", "abbreviation": "MLB"}, "gameType": "R", "position": {"code": "4", "name": "Second Base", "type": "Infielder", "abbreviation": "2B"}}, {"season": "1977", "stat": {"gamesPlayed": 1, "gamesStarted": 0, "assists": 0, "putOuts": 0, "errors": 0, "chances": 0, "fielding": ".000", "position": {"code": "5", "name": "Third Base", "type": "Infielder", "abbreviation": "3B"}, "rangeFactorPerGame": "0.00", "rangeFactorPer9Inn": "0.00", "innings": "2.0", "games": 1, "doublePlays": 0, "triplePlays": 0, "throwingErrors": 0}, "team": {"id": 133, "name": "Oakland Athletics", "link": "/api/v1/teams/133"}, "player": {"id": 110130, "fullName": "Matt Alexander", "link": "/api/v1/people/110130"}, "league": {"id": 103, "name": "American League", "link": "/api/v1/league/103"}, "sport": {"id": 1, "link": "/api/v1/sports/1", "abbreviation": "MLB"}, "gameType": "R", "position": {"code": "5", "name": "Third Base", "type": "Infielder", "abbreviation": "3B"}}, {"season": "1977", "stat": {"gamesPlayed": 7, "gamesStarted": 0, "assists": 0, "putOuts": 1, "errors": 0, "chances": 1, "fielding": "1.000", "position": {"code": "7", "name": "Outfielder", "type": "Outfielder", "abbreviation": "LF"}, "rangeFactorPerGame": "0.14", "rangeFactorPer9Inn": "0.90", "innings": "10.0", "games": 7, "doublePlays": 0, "triplePlays": 0, "throwingErrors": 0}, "team": {"id": 133, "name": "Oakland Athletics", "link": "/api/v1/teams/133"}, "player": {"id": 110130, "fullName": "Matt Alexander", "link": "/api/v1/people/110130"}, "league": {"id": 103, "name": "American League", "link": "/api/v1/league/103"}, "sport": {"id": 1, "link": "/api/v1/sports/1", "abbreviation": "MLB"}, "gameType": "R", "position": {"code": "7", "name": "Outfielder", "type": "Outfielder", "abbreviation": "LF"}}, {"season": "1977", "stat": {"gamesPlayed": 17, "gamesStarted": 2, "assists": 0, "putOuts": 14, "errors": 0, "chances": 14, "fielding": "1.000", "position": {"code": "8", "name": "Outfielder", "type": "Outfielder", "abbreviation": "CF"}, "rangeFactorPerGame": "0.82", "rangeFactorPer9Inn": "2.68", "innings": "47.2", "games": 17, "doublePlays": 0, "triplePlays": 0, "throwingErrors": 0}, "team": {"id": 133, "name": "Oakland Athletics", "link": "/api/v1/teams/133"}, "player": {"id": 110130, "fullName": "Matt Alexander", "link": "/api/v1/people/110130"}, "league": {"id": 103, "name": "American League", "link": "/api/v1/league/103"}, "sport": {"id": 1, "link": "/api/v1/sports/1", "abbreviation": "MLB"}, "gameType": "R", "position": {"code": "8", "name": "Outfielder", "type": "Outfielder", "abbreviation": "CF"}}, {"season": "1977", "stat": {"gamesPlayed": 10, "gamesStarted": 0, "assists": 0, "putOuts": 5, "errors": 0, "chances": 5, "fielding": "1.000", "position": {"code": "9", "name": "Outfielder", "type": "Outfielder", "abbreviation": "RF"}, "rangeFactorPerGame": "0.50", "rangeFactorPer9Inn": "2.14", "innings": "21.0", "games": 10, "doublePlays": 0, "triplePlays": 0, "throwingErrors": 0}, "team": {"id": 133, "name": "Oakland Athletics", "link": "/api/v1/teams/133"}, "player": {"id": 110130, "fullName": "Matt Alexander", "link": "/api/v1/people/110130"}, "league": {"id": 103, "name": "American League", "link": "/api/v1/league/103"}, "sport": {"id": 1, "link": "/api/v1/sports/1", "abbreviation": "MLB"}, "gameType": "R", "position": {"code": "9", "name": "Outfielder", "type": "Outfielder", "abbreviation": "RF"}}, {"season": "1979", "stat": {"gamesPlayed": 1, "gamesStarted": 0, "assists": 0, "putOuts": 0, "errors": 0, "chances": 0, "fielding": ".000", "position": {"code": "6", "name": "Shortstop", "type": "Infielder", "abbreviation": "SS"}, "rangeFactorPerGame": "0.00", "rangeFactorPer9Inn": "0.00", "innings": "2.0", "games": 1, "doublePlays": 0, "triplePlays": 0, "throwingErrors": 0}, "team": {"id": 134, "name": "Pittsburgh Pirates", "link": "/api/v1/teams/134"}, "player": {"id": 110130, "fullName": "Matt Alexander", "link": "/api/v1/people/110130"}, "league": {"id": 104, "name": "National League", "link": "/api/v1/league/104"}, "sport": {"id": 1, "link": "/api/v1/sports/1", "abbreviation": "MLB"}, "gameType": "R", "position": {"code": "6", "name": "Shortstop", "type": "Infielder", "abbreviation": "SS"}}, {"season": "1979", "stat": {"gamesPlayed": 6, "gamesStarted": 0, "assists": 0, "putOuts": 0, "errors": 0, "chances": 0, "fielding": ".000", "position": {"code": "7", "name": "Outfielder", "type": "Outfielder", "abbreviation": "LF"}, "rangeFactorPerGame": "0.00", "rangeFactorPer9Inn": "0.00", "innings": "6.1", "games": 6, "doublePlays": 0, "triplePlays": 0, "throwingErrors": 0}, "team": {"id": 134, "name": "Pittsburgh Pirates", "link": "/api/v1/teams/134"}, "player": {"id": 110130, "fullName": "Matt Alexander", "link": "/api/v1/people/110130"}, "league": {"id": 104, "name": "National League", "link": "/api/v1/league/104"}, "sport": {"id": 1, "link": "/api/v1/sports/1", "abbreviation": "MLB"}, "gameType": "R", "position": {"code": "7", "name": "Outfielder", "type": "Outfielder", "abbreviation": "LF"}}, {"season": "1979", "stat": {"gamesPlayed": 3, "gamesStarted": 2, "assists": 0, "putOuts": 4, "errors": 0, "chances": 4, "fielding": "1.000", "position": {"code": "8", "name": "Outfielder", "type": "Outfielder", "abbreviation": "CF"}, "rangeFactorPerGame": "1.33", "rangeFactorPer9Inn": "2.57", "innings": "14.0", "games": 3, "doublePlays": 0, "triplePlays": 0, "throwingErrors": 0}, "team": {"id": 134, "name": "Pittsburgh Pirates", "link": "/api/v1/teams/134"}, "player": {"id": 110130, "fullName": "Matt Alexander", "link": "/api/v1/people/110130"}, "league": {"id": 104, "name": "National League", "link": "/api/v1/league/104"}, "sport": {"id": 1, "link": "/api/v1/sports/1", "abbreviation": "MLB"}, "gameType": "R", "position": {"code": "8", "name": "Outfielder", "type": "Outfielder", "abbreviation": "CF"}}, {"season": "1979", "stat": {"gamesPlayed": 3, "gamesStarted": 0, "assists": 1, "putOuts": 4, "errors": 0, "chances": 5, "fielding": "1.000", "position": {"code": "9", "name": "Outfielder", "type": "Outfielder", "abbreviation": "RF"}, "rangeFactorPerGame": "1.67", "rangeFactorPer9Inn": "4.09", "innings": "11.0", "games": 3, "doublePlays": 0, "triplePlays": 0, "throwingErrors": 0}, "team": {"id": 134, "name": "Pittsburgh Pirates", "link": "/api/v1/teams/134"}, "player": {"id": 110130, "fullName": "Matt Alexander", "link": "/api/v1/people/110130"}, "league": {"id": 104, "name": "National League", "link": "/api/v1/league/104"}, "sport": {"id": 1, "link": "/api/v1/sports/1", "abbreviation": "MLB"}, "gameType": "R", "position": {"code": "9", "name": "Outfielder", "type": "Outfielder", "abbreviation": "RF"}}, {"season": "1980", "stat": {"gamesPlayed": 1, "gamesStarted": 0, "assists": 0, "putOuts": 0, "errors": 0, "chances": 0, "fielding": ".000", "position": {"code": "4", "name": "Second Base", "type": "Infielder", "abbreviation": "2B"}, "rangeFactorPerGame": "0.00", "rangeFactorPer9Inn": "0.00", "innings": "1.0", "games": 1, "doublePlays": 0, "triplePlays": 0, "throwingErrors": 0}, "team": {"id": 134, "name": "Pittsburgh Pirates", "link": "/api/v1/teams/134"}, "player": {"id": 110130, "fullName": "Matt Alexander", "link": "/api/v1/people/110130"}, "league": {"id": 104, "name": "National League", "link": "/api/v1/league/104"}, "sport": {"id": 1, "link": "/api/v1/sports/1", "abbreviation": "MLB"}, "gameType": "R", "position": {"code": "4", "name": "Second Base", "type": "Infielder", "abbreviation": "2B"}}, {"season": "1980", "stat": {"gamesPlayed": 2, "gamesStarted": 0, "assists": 0, "putOuts": 2, "errors": 0, "chances": 2, "fielding": "1.000", "position": {"code": "7", "name": "Outfielder", "type": "Outfielder", "abbreviation": "LF"}, "rangeFactorPerGame": "1.00", "rangeFactorPer9Inn": "9.00", "innings": "2.0", "games": 2, "doublePlays": 0, "triplePlays": 0, "throwingErrors": 0}, "team": {"id": 134, "name": "Pittsburgh Pirates", "link": "/api/v1/teams/134"}, "player": {"id": 110130, "fullName": "Matt Alexander", "link": "/api/v1/people/110130"}, "league": {"id": 104, "name": "National League", "link": "/api/v1/league/104"}, "sport": {"id": 1, "link": "/api/v1/sports/1", "abbreviation": "MLB"}, "gameType": "R", "position": {"code": "7", "name": "Outfielder", "type": "Outfielder", "abbreviation": "LF"}}, {"season": "1980", "stat": {"gamesPlayed": 2, "gamesStarted": 1, "assists": 0, "putOuts": 5, "errors": 0, "chances": 5, "fielding": "1.000", "position": {"code": "8", "name": "Outfielder", "type": "Outfielder", "abbreviation": "CF"}, "rangeFactorPerGame": "2.50", "rangeFactorPer9Inn": "5.00", "innings": "9.0", "games": 2, "doublePlays": 0, "triplePlays": 0, "throwingErrors": 0}, "team": {"id": 134, "name": "Pittsburgh Pirates", "link": "/api/v1/teams/134"}, "player": {"id": 110130, "fullName": "Matt Alexander", "link": "/api/v1/people/110130"}, "league": {"id": 104, "name": "National League", "link": "/api/v1/league/104"}, "sport": {"id": 1, "link": "/api/v1/sports/1", "abbreviation": "MLB"}, "gameType": "R", "position": {"code": "8", "name": "Outfielder", "type": "Outfielder", "abbreviation": "CF"}}, {"season": "1981", "stat": {"gamesPlayed": 3, "gamesStarted": 0, "assists": 0, "putOuts": 4, "errors": 0, "chances": 4, "fielding": "1.000", "position": {"code": "7", "name": "Outfielder", "type": "Outfielder", "abbreviation": "LF"}, "rangeFactorPerGame": "1.33", "rangeFactorPer9Inn": "7.20", "innings": "5.0", "games": 3, "doublePlays": 0, "triplePlays": 0, "throwingErrors": 0}, "team": {"id": 134, "name": "Pittsburgh Pirates", "link": "/api/v1/teams/134"}, "player": {"id": 110130, "fullName": "Matt Alexander", "link": "/api/v1/people/110130"}, "league": {"id": 104, "name": "National League", "link": "/api/v1/league/104"}, "sport": {"id": 1, "link": "/api/v1/sports/1", "abbreviation": "MLB"}, "gameType": "R", "position": {"code": "7", "name": "Outfielder", "type": "Outfielder", "abbreviation": "LF"}}, {"season": "1981", "stat": {"gamesPlayed": 3, "gamesStarted": 0, "assists": 0, "putOuts": 6, "errors": 0, "chances": 6, "fielding": "1.000", "position": {"code": "8", "name": "Outfielder", "type": "Outfielder", "abbreviation": "CF"}, "rangeFactorPerGame": "2.00", "rangeFactorPer9Inn": "3.18", "innings": "17.0", "games": 3, "doublePlays": 0, "triplePlays": 0, "throwingErrors": 0}, "team": {"id": 134, "name": "Pittsburgh Pirates", "link": "/api/v1/teams/134"}, "player": {"id": 110130, "fullName": "Matt Alexander", "link": "/api/v1/people/110130"}, "league": {"id": 104, "name": "National League", "link": "/api/v1/league/104"}, "sport": {"id": 1, "link": "/api/v1/sports/1", "abbreviation": "MLB"}, "gameType": "R", "position": {"code": "8", "name": "Outfielder", "type": "Outfielder", "abbreviation": "CF"}}]}], "mlbDebutDate": "1973-08-23", "batSide": {"code": "S", "description": "Switch"}, "pitchHand": {"code": "R", "description": "Right"}, "nameFirstLast": "Matt Alexander", "nameSlug": "matt-alexander-110130", "firstLastName": "Matt Alexander", "lastFirstName": "Alexander, Matt", "lastInitName": "Alexander, M", "initLastName": "M Alexander", "fullFMLName": "Matthew Alexander", "fullLFMName": "Alexander, Matthew", "strikeZoneTop": 3.319, "strikeZoneBottom": 1.513}