{"id": 110398, "fullName": "Bobby Avila", "link": "/api/v1/people/110398", "firstName": "Roberto", "lastName": "Avila", "primaryNumber": "1", "birthDate": "1924-04-02", "currentAge": 80, "birthCity": "Veracruz", "birthStateProvince": "Veracruz", "birthCountry": "Mexico", "height": "5' 10\"", "weight": 175, "active": false, "primaryPosition": {"code": "4", "name": "Second Base", "type": "Infielder", "abbreviation": "2B"}, "useName": "Bobby", "useLastName": "Avila", "middleName": "Francisco", "boxscoreName": "Avila", "gender": "M", "nameMatrilineal": "Gonzalez", "isPlayer": true, "isVerified": true, "deathDate": "2004-10-26", "deathCity": "Veracruz", "deathStateProvince": "Veracruz", "deathCountry": "Mexico", "lastPlayedDate": "1959-09-29", "stats": [{"type": {"displayName": "career"}, "group": {"displayName": "fielding"}, "exemptions": [], "splits": [{"stat": {"gamesPlayed": 1168, "gamesStarted": 1114, "assists": 3068, "putOuts": 2864, "errors": 130, "chances": 6062, "fielding": ".979", "position": {"code": "4", "name": "Second Base", "type": "Infielder", "abbreviation": "2B"}, "rangeFactorPerGame": "5.08", "rangeFactorPer9Inn": "5.38", "innings": "9923.1", "games": 1168, "doublePlays": 786, "triplePlays": 3, "throwingErrors": 14}, "player": {"id": 110398, "fullName": "Bobby Avila", "link": "/api/v1/people/110398"}, "sport": {"id": 1, "link": "/api/v1/sports/1", "abbreviation": "MLB"}, "gameType": "R", "numTeams": 4, "position": {"code": "4", "name": "Second Base", "type": "Infielder", "abbreviation": "2B"}}, {"stat": {"gamesPlayed": 50, "gamesStarted": 38, "assists": 63, "putOuts": 33, "errors": 6, "chances": 102, "fielding": ".941", "position": {"code": "5", "name": "Third Base", "type": "Infielder", "abbreviation": "3B"}, "rangeFactorPerGame": "1.92", "rangeFactorPer9Inn": "2.71", "innings": "319.2", "games": 50, "doublePlays": 7, "triplePlays": 0, "throwingErrors": 0}, "player": {"id": 110398, "fullName": "Bobby Avila", "link": "/api/v1/people/110398"}, "sport": {"id": 1, "link": "/api/v1/sports/1", "abbreviation": "MLB"}, "gameType": "R", "numTeams": 2, "position": {"code": "5", "name": "Third Base", "type": "Infielder", "abbreviation": "3B"}}, {"stat": {"gamesPlayed": 1, "gamesStarted": 0, "assists": 0, "putOuts": 0, "errors": 0, "chances": 0, "fielding": ".000", "position": {"code": "7", "name": "Outfielder", "type": "Outfielder", "abbreviation": "LF"}, "rangeFactorPerGame": "0.00", "rangeFactorPer9Inn": "0.00", "innings": "2.0", "games": 1, "doublePlays": 0, "triplePlays": 0, "throwingErrors": 0}, "team": {"id": 110, "name": "Baltimore Orioles", "link": "/api/v1/teams/110"}, "player": {"id": 110398, "fullName": "Bobby Avila", "link": "/api/v1/people/110398"}, "league": {"id": 103, "name": "American League", "link": "/api/v1/league/103"}, "sport": {"id": 1, "link": "/api/v1/sports/1", "abbreviation": "MLB"}, "gameType": "R", "position": {"code": "7", "name": "Outfielder", "type": "Outfielder", "abbreviation": "LF"}}, {"stat": {"gamesPlayed": 9, "gamesStarted": 9, "assists": 0, "putOuts": 12, "errors": 0, "chances": 12, "fielding": "1.000", "position": {"code": "9", "name": "Outfielder", "type": "Outfielder", "abbreviation": "RF"}, "rangeFactorPerGame": "1.33", "rangeFactorPer9Inn": "1.86", "innings": "58.0", "games": 9, "doublePlays": 0, "triplePlays": 0, "throwingErrors": 0}, "team": {"id": 110, "name": "Baltimore Orioles", "link": "/api/v1/teams/110"}, "player": {"id": 110398, "fullName": "Bobby Avila", "link": "/api/v1/people/110398"}, "league": {"id": 103, "name": "American League", "link": "/api/v1/league/103"}, "sport": {"id": 1, "link": "/api/v1/sports/1", "abbreviation": "MLB"}, "gameType": "R", "position": {"code": "9", "name": "Outfielder", "type": "Outfielder", "abbreviation": "RF"}}, {"stat": {"gamesPlayed": 9, "gamesStarted": 0, "assists": 7, "putOuts": 11, "errors": 2, "chances": 20, "fielding": ".900", "position": {"code": "6", "name": "Shortstop", "type": "Infielder", "abbreviation": "SS"}, "rangeFactorPerGame": "2.00", "rangeFactorPer9Inn": "5.23", "innings": "31.1", "games": 9, "doublePlays": 4, "triplePlays": 0, "throwingErrors": 1}, "team": {"id": 114, "name": "Cleveland Guardians", "link": "/api/v1/teams/114"}, "player": {"id": 110398, "fullName": "Bobby Avila", "link": "/api/v1/people/110398"}, "league": {"id": 103, "name": "American League", "link": "/api/v1/league/103"}, "sport": {"id": 1, "link": "/api/v1/sports/1", "abbreviation": "MLB"}, "gameType": "R", "position": {"code": "6", "name": "Shortstop", "type": "Infielder", "abbreviation": "SS"}}]}, {"type": {"displayName": "career"}, "group": {"displayName": "hitting"}, "exemptions": [], "splits": [{"stat": {"gamesPlayed": 1300, "runs": 725, "doubles": 185, "triples": 35, "homeRuns": 80, "strikeOuts": 399, "baseOnBalls": 561, "intentionalWalks": 3, "hits": 1296, "hitByPitch": 14, "avg": ".281", "atBats": 4620, "obp": ".359", "slg": ".388", "ops": ".747", "caughtStealing": 52, "stolenBases": 78, "stolenBasePercentage": ".600", "groundIntoDoublePlay": 121, "plateAppearances": 5343, "totalBases": 1791, "rbi": 467, "sacBunts": 134, "sacFlies": 14, "babip": ".293", "atBatsPerHomeRun": "57.75"}, "player": {"id": 110398, "fullName": "Bobby Avila", "link": "/api/v1/people/110398"}, "sport": {"id": 1, "link": "/api/v1/sports/1", "abbreviation": "MLB"}, "gameType": "R", "numTeams": 4}]}, {"type": {"displayName": "yearByYear"}, "group": {"displayName": "fielding"}, "exemptions": [], "splits": [{"season": "1949", "stat": {"gamesPlayed": 5, "gamesStarted": 1, "assists": 7, "putOuts": 5, "errors": 0, "chances": 12, "fielding": "1.000", "position": {"code": "4", "name": "Second Base", "type": "Infielder", "abbreviation": "2B"}, "rangeFactorPerGame": "2.40", "rangeFactorPer9Inn": "18.00", "innings": "6.0", "games": 5, "doublePlays": 1, "triplePlays": 0}, "team": {"id": 114, "name": "Cleveland Indians", "link": "/api/v1/teams/114"}, "player": {"id": 110398, "fullName": "Bobby Avila", "link": "/api/v1/people/110398"}, "league": {"id": 103, "name": "American League", "link": "/api/v1/league/103"}, "sport": {"id": 1, "link": "/api/v1/sports/1", "abbreviation": "MLB"}, "gameType": "R", "position": {"code": "4", "name": "Second Base", "type": "Infielder", "abbreviation": "2B"}}, {"season": "1950", "stat": {"gamesPlayed": 62, "gamesStarted": 52, "assists": 134, "putOuts": 149, "errors": 5, "chances": 288, "fielding": ".983", "position": {"code": "4", "name": "Second Base", "type": "Infielder", "abbreviation": "2B"}, "rangeFactorPerGame": "4.56", "rangeFactorPer9Inn": "5.27", "innings": "483.0", "games": 62, "doublePlays": 46, "triplePlays": 0, "throwingErrors": 0}, "team": {"id": 114, "name": "Cleveland Indians", "link": "/api/v1/teams/114"}, "player": {"id": 110398, "fullName": "Bobby Avila", "link": "/api/v1/people/110398"}, "league": {"id": 103, "name": "American League", "link": "/api/v1/league/103"}, "sport": {"id": 1, "link": "/api/v1/sports/1", "abbreviation": "MLB"}, "gameType": "R", "position": {"code": "4", "name": "Second Base", "type": "Infielder", "abbreviation": "2B"}}, {"season": "1950", "stat": {"gamesPlayed": 2, "gamesStarted": 0, "assists": 2, "putOuts": 4, "errors": 0, "chances": 6, "fielding": "1.000", "position": {"code": "6", "name": "Shortstop", "type": "Infielder", "abbreviation": "SS"}, "rangeFactorPerGame": "3.00", "rangeFactorPer9Inn": "9.00", "innings": "6.1", "games": 2, "doublePlays": 1, "triplePlays": 0, "throwingErrors": 0}, "team": {"id": 114, "name": "Cleveland Indians", "link": "/api/v1/teams/114"}, "player": {"id": 110398, "fullName": "Bobby Avila", "link": "/api/v1/people/110398"}, "league": {"id": 103, "name": "American League", "link": "/api/v1/league/103"}, "sport": {"id": 1, "link": "/api/v1/sports/1", "abbreviation": "MLB"}, "gameType": "R", "position": {"code": "6", "name": "Shortstop", "type": "Infielder", "abbreviation": "SS"}}, {"season": "1951", "stat": {"gamesPlayed": 136, "gamesStarted": 135, "assists": 415, "putOuts": 350, "errors": 14, "chances": 779, "fielding": ".982", "position": {"code": "4", "name": "Second Base", "type": "Infielder", "abbreviation": "2B"}, "rangeFactorPerGame": "5.63", "rangeFactorPer9Inn": "5.73", "innings": "1202.1", "games": 136, "doublePlays": 87, "triplePlays": 0, "throwingErrors": 1}, "team": {"id": 114, "name": "Cleveland Indians", "link": "/api/v1/teams/114"}, "player": {"id": 110398, "fullName": "Bobby Avila", "link": "/api/v1/people/110398"}, "league": {"id": 103, "name": "American League", "link": "/api/v1/league/103"}, "sport": {"id": 1, "link": "/api/v1/sports/1", "abbreviation": "MLB"}, "gameType": "R", "position": {"code": "4", "name": "Second Base", "type": "Infielder", "abbreviation": "2B"}}, {"season": "1952", "stat": {"gamesPlayed": 149, "gamesStarted": 147, "assists": 429, "putOuts": 353, "errors": 28, "chances": 810, "fielding": ".965", "position": {"code": "4", "name": "Second Base", "type": "Infielder", "abbreviation": "2B"}, "rangeFactorPerGame": "5.25", "rangeFactorPer9Inn": "5.35", "innings": "1315.0", "games": 149, "doublePlays": 81, "triplePlays": 1, "throwingErrors": 1}, "team": {"id": 114, "name": "Cleveland Indians", "link": "/api/v1/teams/114"}, "player": {"id": 110398, "fullName": "Bobby Avila", "link": "/api/v1/people/110398"}, "league": {"id": 103, "name": "American League", "link": "/api/v1/league/103"}, "sport": {"id": 1, "link": "/api/v1/sports/1", "abbreviation": "MLB"}, "gameType": "R", "position": {"code": "4", "name": "Second Base", "type": "Infielder", "abbreviation": "2B"}}, {"season": "1953", "stat": {"gamesPlayed": 140, "gamesStarted": 139, "assists": 431, "putOuts": 346, "errors": 11, "chances": 788, "fielding": ".986", "position": {"code": "4", "name": "Second Base", "type": "Infielder", "abbreviation": "2B"}, "rangeFactorPerGame": "5.55", "rangeFactorPer9Inn": "5.76", "innings": "1214.0", "games": 140, "doublePlays": 114, "triplePlays": 0, "throwingErrors": 1}, "team": {"id": 114, "name": "Cleveland Indians", "link": "/api/v1/teams/114"}, "player": {"id": 110398, "fullName": "Bobby Avila", "link": "/api/v1/people/110398"}, "league": {"id": 103, "name": "American League", "link": "/api/v1/league/103"}, "sport": {"id": 1, "link": "/api/v1/sports/1", "abbreviation": "MLB"}, "gameType": "R", "position": {"code": "4", "name": "Second Base", "type": "Infielder", "abbreviation": "2B"}}, {"season": "1954", "stat": {"gamesPlayed": 141, "gamesStarted": 139, "assists": 399, "putOuts": 361, "errors": 19, "chances": 779, "fielding": ".976", "position": {"code": "4", "name": "Second Base", "type": "Infielder", "abbreviation": "2B"}, "rangeFactorPerGame": "5.39", "rangeFactorPer9Inn": "5.59", "innings": "1224.1", "games": 141, "doublePlays": 99, "triplePlays": 1, "throwingErrors": 5}, "team": {"id": 114, "name": "Cleveland Indians", "link": "/api/v1/teams/114"}, "player": {"id": 110398, "fullName": "Bobby Avila", "link": "/api/v1/people/110398"}, "league": {"id": 103, "name": "American League", "link": "/api/v1/league/103"}, "sport": {"id": 1, "link": "/api/v1/sports/1", "abbreviation": "MLB"}, "gameType": "R", "position": {"code": "4", "name": "Second Base", "type": "Infielder", "abbreviation": "2B"}}, {"season": "1954", "stat": {"gamesPlayed": 7, "gamesStarted": 0, "assists": 5, "putOuts": 7, "errors": 2, "chances": 14, "fielding": ".857", "position": {"code": "6", "name": "Shortstop", "type": "Infielder", "abbreviation": "SS"}, "rangeFactorPerGame": "1.71", "rangeFactorPer9Inn": "4.32", "innings": "25.0", "games": 7, "doublePlays": 3, "triplePlays": 0, "throwingErrors": 1}, "team": {"id": 114, "name": "Cleveland Indians", "link": "/api/v1/teams/114"}, "player": {"id": 110398, "fullName": "Bobby Avila", "link": "/api/v1/people/110398"}, "league": {"id": 103, "name": "American League", "link": "/api/v1/league/103"}, "sport": {"id": 1, "link": "/api/v1/sports/1", "abbreviation": "MLB"}, "gameType": "R", "position": {"code": "6", "name": "Shortstop", "type": "Infielder", "abbreviation": "SS"}}, {"season": "1955", "stat": {"gamesPlayed": 141, "gamesStarted": 139, "assists": 316, "putOuts": 381, "errors": 13, "chances": 710, "fielding": ".982", "position": {"code": "4", "name": "Second Base", "type": "Infielder", "abbreviation": "2B"}, "rangeFactorPerGame": "4.94", "rangeFactorPer9Inn": "5.08", "innings": "1236.1", "games": 141, "doublePlays": 108, "triplePlays": 0, "throwingErrors": 3}, "team": {"id": 114, "name": "Cleveland Indians", "link": "/api/v1/teams/114"}, "player": {"id": 110398, "fullName": "Bobby Avila", "link": "/api/v1/people/110398"}, "league": {"id": 103, "name": "American League", "link": "/api/v1/league/103"}, "sport": {"id": 1, "link": "/api/v1/sports/1", "abbreviation": "MLB"}, "gameType": "R", "position": {"code": "4", "name": "Second Base", "type": "Infielder", "abbreviation": "2B"}}, {"season": "1956", "stat": {"gamesPlayed": 135, "gamesStarted": 130, "assists": 348, "putOuts": 328, "errors": 16, "chances": 692, "fielding": ".977", "position": {"code": "4", "name": "Second Base", "type": "Infielder", "abbreviation": "2B"}, "rangeFactorPerGame": "5.01", "rangeFactorPer9Inn": "5.28", "innings": "1153.0", "games": 135, "doublePlays": 84, "triplePlays": 0, "throwingErrors": 1}, "team": {"id": 114, "name": "Cleveland Indians", "link": "/api/v1/teams/114"}, "player": {"id": 110398, "fullName": "Bobby Avila", "link": "/api/v1/people/110398"}, "league": {"id": 103, "name": "American League", "link": "/api/v1/league/103"}, "sport": {"id": 1, "link": "/api/v1/sports/1", "abbreviation": "MLB"}, "gameType": "R", "position": {"code": "4", "name": "Second Base", "type": "Infielder", "abbreviation": "2B"}}, {"season": "1957", "stat": {"gamesPlayed": 107, "gamesStarted": 105, "assists": 254, "putOuts": 283, "errors": 9, "chances": 546, "fielding": ".984", "position": {"code": "4", "name": "Second Base", "type": "Infielder", "abbreviation": "2B"}, "rangeFactorPerGame": "5.02", "rangeFactorPer9Inn": "5.28", "innings": "915.0", "games": 107, "doublePlays": 72, "triplePlays": 1, "throwingErrors": 2}, "team": {"id": 114, "name": "Cleveland Indians", "link": "/api/v1/teams/114"}, "player": {"id": 110398, "fullName": "Bobby Avila", "link": "/api/v1/people/110398"}, "league": {"id": 103, "name": "American League", "link": "/api/v1/league/103"}, "sport": {"id": 1, "link": "/api/v1/sports/1", "abbreviation": "MLB"}, "gameType": "R", "position": {"code": "4", "name": "Second Base", "type": "Infielder", "abbreviation": "2B"}}, {"season": "1957", "stat": {"gamesPlayed": 16, "gamesStarted": 13, "assists": 15, "putOuts": 14, "errors": 2, "chances": 31, "fielding": ".935", "position": {"code": "5", "name": "Third Base", "type": "Infielder", "abbreviation": "3B"}, "rangeFactorPerGame": "1.81", "rangeFactorPer9Inn": "2.09", "innings": "125.0", "games": 16, "doublePlays": 2, "triplePlays": 0, "throwingErrors": 0}, "team": {"id": 114, "name": "Cleveland Indians", "link": "/api/v1/teams/114"}, "player": {"id": 110398, "fullName": "Bobby Avila", "link": "/api/v1/people/110398"}, "league": {"id": 103, "name": "American League", "link": "/api/v1/league/103"}, "sport": {"id": 1, "link": "/api/v1/sports/1", "abbreviation": "MLB"}, "gameType": "R", "position": {"code": "5", "name": "Third Base", "type": "Infielder", "abbreviation": "3B"}}, {"season": "1958", "stat": {"gamesPlayed": 82, "gamesStarted": 71, "assists": 172, "putOuts": 174, "errors": 5, "chances": 351, "fielding": ".986", "position": {"code": "4", "name": "Second Base", "type": "Infielder", "abbreviation": "2B"}, "rangeFactorPerGame": "4.22", "rangeFactorPer9Inn": "4.88", "innings": "638.2", "games": 82, "doublePlays": 63, "triplePlays": 0, "throwingErrors": 0}, "team": {"id": 114, "name": "Cleveland Indians", "link": "/api/v1/teams/114"}, "player": {"id": 110398, "fullName": "Bobby Avila", "link": "/api/v1/people/110398"}, "league": {"id": 103, "name": "American League", "link": "/api/v1/league/103"}, "sport": {"id": 1, "link": "/api/v1/sports/1", "abbreviation": "MLB"}, "gameType": "R", "position": {"code": "4", "name": "Second Base", "type": "Infielder", "abbreviation": "2B"}}, {"season": "1958", "stat": {"gamesPlayed": 33, "gamesStarted": 25, "assists": 47, "putOuts": 19, "errors": 4, "chances": 70, "fielding": ".943", "position": {"code": "5", "name": "Third Base", "type": "Infielder", "abbreviation": "3B"}, "rangeFactorPerGame": "2.00", "rangeFactorPer9Inn": "3.08", "innings": "193.1", "games": 33, "doublePlays": 5, "triplePlays": 0, "throwingErrors": 0}, "team": {"id": 114, "name": "Cleveland Indians", "link": "/api/v1/teams/114"}, "player": {"id": 110398, "fullName": "Bobby Avila", "link": "/api/v1/people/110398"}, "league": {"id": 103, "name": "American League", "link": "/api/v1/league/103"}, "sport": {"id": 1, "link": "/api/v1/sports/1", "abbreviation": "MLB"}, "gameType": "R", "position": {"code": "5", "name": "Third Base", "type": "Infielder", "abbreviation": "3B"}}, {"season": "1959", "stat": {"gamesPlayed": 8, "gamesStarted": 2, "assists": 10, "putOuts": 9, "errors": 1, "chances": 20, "fielding": ".950", "position": {"code": "4", "name": "Second Base", "type": "Infielder", "abbreviation": "2B"}, "rangeFactorPerGame": "2.38", "rangeFactorPer9Inn": "4.62", "innings": "37.0", "games": 8, "doublePlays": 2, "triplePlays": 0, "throwingErrors": 0}, "team": {"id": 110, "name": "Baltimore Orioles", "link": "/api/v1/teams/110"}, "player": {"id": 110398, "fullName": "Bobby Avila", "link": "/api/v1/people/110398"}, "league": {"id": 103, "name": "American League", "link": "/api/v1/league/103"}, "sport": {"id": 1, "link": "/api/v1/sports/1", "abbreviation": "MLB"}, "gameType": "R", "position": {"code": "4", "name": "Second Base", "type": "Infielder", "abbreviation": "2B"}}, {"season": "1959", "stat": {"gamesPlayed": 1, "gamesStarted": 0, "assists": 1, "putOuts": 0, "errors": 0, "chances": 1, "fielding": "1.000", "position": {"code": "5", "name": "Third Base", "type": "Infielder", "abbreviation": "3B"}, "rangeFactorPerGame": "1.00", "rangeFactorPer9Inn": "9.00", "innings": "1.1", "games": 1, "doublePlays": 0, "triplePlays": 0, "throwingErrors": 0}, "team": {"id": 110, "name": "Baltimore Orioles", "link": "/api/v1/teams/110"}, "player": {"id": 110398, "fullName": "Bobby Avila", "link": "/api/v1/people/110398"}, "league": {"id": 103, "name": "American League", "link": "/api/v1/league/103"}, "sport": {"id": 1, "link": "/api/v1/sports/1", "abbreviation": "MLB"}, "gameType": "R", "position": {"code": "5", "name": "Third Base", "type": "Infielder", "abbreviation": "3B"}}, {"season": "1959", "stat": {"gamesPlayed": 1, "gamesStarted": 0, "assists": 0, "putOuts": 0, "errors": 0, "chances": 0, "fielding": ".000", "position": {"code": "7", "name": "Outfielder", "type": "Outfielder", "abbreviation": "LF"}, "rangeFactorPerGame": "0.00", "rangeFactorPer9Inn": "0.00", "innings": "2.0", "games": 1, "doublePlays": 0, "triplePlays": 0, "throwingErrors": 0}, "team": {"id": 110, "name": "Baltimore Orioles", "link": "/api/v1/teams/110"}, "player": {"id": 110398, "fullName": "Bobby Avila", "link": "/api/v1/people/110398"}, "league": {"id": 103, "name": "American League", "link": "/api/v1/league/103"}, "sport": {"id": 1, "link": "/api/v1/sports/1", "abbreviation": "MLB"}, "gameType": "R", "position": {"code": "7", "name": "Outfielder", "type": "Outfielder", "abbreviation": "LF"}}, {"season": "1959", "stat": {"gamesPlayed": 9, "gamesStarted": 9, "assists": 0, "putOuts": 12, "errors": 0, "chances": 12, "fielding": "1.000", "position": {"code": "9", "name": "Outfielder", "type": "Outfielder", "abbreviation": "RF"}, "rangeFactorPerGame": "1.33", "rangeFactorPer9Inn": "1.86", "innings": "58.0", "games": 9, "doublePlays": 0, "triplePlays": 0, "throwingErrors": 0}, "team": {"id": 110, "name": "Baltimore Orioles", "link": "/api/v1/teams/110"}, "player": {"id": 110398, "fullName": "Bobby Avila", "link": "/api/v1/people/110398"}, "league": {"id": 103, "name": "American League", "link": "/api/v1/league/103"}, "sport": {"id": 1, "link": "/api/v1/sports/1", "abbreviation": "MLB"}, "gameType": "R", "position": {"code": "9", "name": "Outfielder", "type": "Outfielder", "abbreviation": "RF"}}, {"season": "1959", "stat": {"gamesPlayed": 11, "gamesStarted": 9, "assists": 20, "putOuts": 20, "errors": 1, "chances": 41, "fielding": ".976", "position": {"code": "4", "name": "Second Base", "type": "Infielder", "abbreviation": "2B"}, "rangeFactorPerGame": "3.64", "rangeFactorPer9Inn": "4.09", "innings": "88.0", "games": 11, "doublePlays": 8, "triplePlays": 0, "throwingErrors": 0}, "team": {"id": 111, "name": "Boston Red Sox", "link": "/api/v1/teams/111"}, "player": {"id": 110398, "fullName": "Bobby Avila", "link": "/api/v1/people/110398"}, "league": {"id": 103, "name": "American League", "link": "/api/v1/league/103"}, "sport": {"id": 1, "link": "/api/v1/sports/1", "abbreviation": "MLB"}, "gameType": "R", "position": {"code": "4", "name": "Second Base", "type": "Infielder", "abbreviation": "2B"}}, {"season": "1959", "stat": {"gamesPlayed": 51, "gamesStarted": 45, "assists": 133, "putOuts": 105, "errors": 8, "chances": 246, "fielding": ".967", "position": {"code": "4", "name": "Second Base", "type": "Infielder", "abbreviation": "2B"}, "rangeFactorPerGame": "4.67", "rangeFactorPer9Inn": "5.22", "innings": "410.2", "games": 51, "doublePlays": 21, "triplePlays": 0, "throwingErrors": 0}, "team": {"id": 144, "name": "Milwaukee Braves", "link": "/api/v1/teams/144"}, "player": {"id": 110398, "fullName": "Bobby Avila", "link": "/api/v1/people/110398"}, "league": {"id": 104, "name": "National League", "link": "/api/v1/league/104"}, "sport": {"id": 1, "link": "/api/v1/sports/1", "abbreviation": "MLB"}, "gameType": "R", "position": {"code": "4", "name": "Second Base", "type": "Infielder", "abbreviation": "2B"}}, {"season": "1959", "stat": {"gamesPlayed": 70, "gamesStarted": 56, "assists": 163, "putOuts": 134, "errors": 10, "chances": 307, "fielding": ".967", "position": {"code": "4", "name": "Second Base", "type": "Infielder", "abbreviation": "2B"}, "rangeFactorPerGame": "4.24", "rangeFactorPer9Inn": "5.00", "innings": "535.2", "games": 70, "doublePlays": 31, "triplePlays": 0, "throwingErrors": 0}, "player": {"id": 110398, "fullName": "Bobby Avila", "link": "/api/v1/people/110398"}, "sport": {"id": 1, "link": "/api/v1/sports/1", "abbreviation": "MLB"}, "gameType": "R", "numTeams": 3, "position": {"code": "4", "name": "Second Base", "type": "Infielder", "abbreviation": "2B"}}]}, {"type": {"displayName": "yearByYear"}, "group": {"displayName": "hitting"}, "exemptions": [], "splits": [{"season": "1949", "stat": {"gamesPlayed": 31, "runs": 3, "doubles": 0, "triples": 0, "homeRuns": 0, "strikeOuts": 3, "baseOnBalls": 1, "hits": 3, "hitByPitch": 0, "avg": ".214", "atBats": 14, "obp": ".267", "slg": ".214", "ops": ".481", "caughtStealing": 0, "stolenBases": 0, "stolenBasePercentage": ".---", "groundIntoDoublePlay": 1, "plateAppearances": 15, "totalBases": 3, "rbi": 3, "sacBunts": 0, "babip": ".273", "atBatsPerHomeRun": "-.--"}, "team": {"id": 114, "name": "Cleveland Indians", "link": "/api/v1/teams/114"}, "player": {"id": 110398, "fullName": "Bobby Avila", "link": "/api/v1/people/110398"}, "league": {"id": 103, "name": "American League", "link": "/api/v1/league/103"}, "sport": {"id": 1, "link": "/api/v1/sports/1", "abbreviation": "MLB"}, "gameType": "R"}, {"season": "1950", "stat": {"gamesPlayed": 80, "runs": 39, "doubles": 10, "triples": 2, "homeRuns": 1, "strikeOuts": 17, "baseOnBalls": 29, "hits": 60, "hitByPitch": 1, "avg": ".299", "atBats": 201, "obp": ".390", "slg": ".383", "ops": ".773", "caughtStealing": 0, "stolenBases": 5, "stolenBasePercentage": "1.000", "groundIntoDoublePlay": 8, "plateAppearances": 239, "totalBases": 77, "rbi": 21, "sacBunts": 8, "babip": ".322", "atBatsPerHomeRun": "201.00"}, "team": {"id": 114, "name": "Cleveland Indians", "link": "/api/v1/teams/114"}, "player": {"id": 110398, "fullName": "Bobby Avila", "link": "/api/v1/people/110398"}, "league": {"id": 103, "name": "American League", "link": "/api/v1/league/103"}, "sport": {"id": 1, "link": "/api/v1/sports/1", "abbreviation": "MLB"}, "gameType": "R"}, {"season": "1951", "stat": {"gamesPlayed": 141, "runs": 76, "doubles": 21, "triples": 3, "homeRuns": 10, "strikeOuts": 31, "baseOnBalls": 60, "hits": 165, "hitByPitch": 0, "avg": ".304", "atBats": 542, "obp": ".374", "slg": ".410", "ops": ".784", "caughtStealing": 8, "stolenBases": 14, "stolenBasePercentage": ".636", "groundIntoDoublePlay": 16, "plateAppearances": 615, "totalBases": 222, "rbi": 58, "sacBunts": 13, "babip": ".309", "atBatsPerHomeRun": "54.20"}, "team": {"id": 114, "name": "Cleveland Indians", "link": "/api/v1/teams/114"}, "player": {"id": 110398, "fullName": "Bobby Avila", "link": "/api/v1/people/110398"}, "league": {"id": 103, "name": "American League", "link": "/api/v1/league/103"}, "sport": {"id": 1, "link": "/api/v1/sports/1", "abbreviation": "MLB"}, "gameType": "R"}, {"season": "1952", "stat": {"gamesPlayed": 150, "runs": 102, "doubles": 26, "triples": 11, "homeRuns": 7, "strikeOuts": 36, "baseOnBalls": 67, "hits": 179, "hitByPitch": 1, "avg": ".300", "atBats": 597, "obp": ".371", "slg": ".415", "ops": ".786", "caughtStealing": 10, "stolenBases": 12, "stolenBasePercentage": ".545", "groundIntoDoublePlay": 16, "plateAppearances": 684, "totalBases": 248, "rbi": 45, "sacBunts": 19, "babip": ".310", "atBatsPerHomeRun": "85.29"}, "team": {"id": 114, "name": "Cleveland Indians", "link": "/api/v1/teams/114"}, "player": {"id": 110398, "fullName": "Bobby Avila", "link": "/api/v1/people/110398"}, "league": {"id": 103, "name": "American League", "link": "/api/v1/league/103"}, "sport": {"id": 1, "link": "/api/v1/sports/1", "abbreviation": "MLB"}, "gameType": "R"}, {"season": "1953", "stat": {"gamesPlayed": 141, "runs": 85, "doubles": 22, "triples": 3, "homeRuns": 8, "strikeOuts": 27, "baseOnBalls": 58, "hits": 160, "hitByPitch": 2, "avg": ".286", "atBats": 559, "obp": ".355", "slg": ".379", "ops": ".734", "caughtStealing": 8, "stolenBases": 10, "stolenBasePercentage": ".556", "groundIntoDoublePlay": 18, "plateAppearances": 633, "totalBases": 212, "rbi": 55, "sacBunts": 14, "babip": ".290", "atBatsPerHomeRun": "69.88"}, "team": {"id": 114, "name": "Cleveland Indians", "link": "/api/v1/teams/114"}, "player": {"id": 110398, "fullName": "Bobby Avila", "link": "/api/v1/people/110398"}, "league": {"id": 103, "name": "American League", "link": "/api/v1/league/103"}, "sport": {"id": 1, "link": "/api/v1/sports/1", "abbreviation": "MLB"}, "gameType": "R"}, {"season": "1954", "stat": {"gamesPlayed": 143, "runs": 112, "doubles": 27, "triples": 2, "homeRuns": 15, "strikeOuts": 31, "baseOnBalls": 59, "hits": 189, "hitByPitch": 1, "avg": ".341", "atBats": 555, "obp": ".402", "slg": ".477", "ops": ".879", "caughtStealing": 7, "stolenBases": 9, "stolenBasePercentage": ".563", "groundIntoDoublePlay": 9, "plateAppearances": 638, "totalBases": 265, "rbi": 67, "sacBunts": 19, "sacFlies": 4, "babip": ".339", "atBatsPerHomeRun": "37.00"}, "team": {"id": 114, "name": "Cleveland Indians", "link": "/api/v1/teams/114"}, "player": {"id": 110398, "fullName": "Bobby Avila", "link": "/api/v1/people/110398"}, "league": {"id": 103, "name": "American League", "link": "/api/v1/league/103"}, "sport": {"id": 1, "link": "/api/v1/sports/1", "abbreviation": "MLB"}, "gameType": "R"}, {"season": "1955", "stat": {"gamesPlayed": 141, "runs": 83, "doubles": 22, "triples": 4, "homeRuns": 13, "strikeOuts": 47, "baseOnBalls": 82, "intentionalWalks": 1, "hits": 146, "hitByPitch": 2, "avg": ".272", "atBats": 537, "obp": ".368", "slg": ".400", "ops": ".768", "caughtStealing": 4, "stolenBases": 1, "stolenBasePercentage": ".200", "groundIntoDoublePlay": 17, "plateAppearances": 643, "totalBases": 215, "rbi": 61, "sacBunts": 18, "sacFlies": 4, "babip": ".277", "atBatsPerHomeRun": "41.31"}, "team": {"id": 114, "name": "Cleveland Indians", "link": "/api/v1/teams/114"}, "player": {"id": 110398, "fullName": "Bobby Avila", "link": "/api/v1/people/110398"}, "league": {"id": 103, "name": "American League", "link": "/api/v1/league/103"}, "sport": {"id": 1, "link": "/api/v1/sports/1", "abbreviation": "MLB"}, "gameType": "R"}, {"season": "1956", "stat": {"gamesPlayed": 138, "runs": 74, "doubles": 14, "triples": 2, "homeRuns": 10, "strikeOuts": 68, "baseOnBalls": 70, "intentionalWalks": 0, "hits": 115, "hitByPitch": 5, "avg": ".224", "atBats": 513, "obp": ".323", "slg": ".318", "ops": ".641", "caughtStealing": 4, "stolenBases": 17, "stolenBasePercentage": ".810", "groundIntoDoublePlay": 12, "plateAppearances": 597, "totalBases": 163, "rbi": 54, "sacBunts": 8, "sacFlies": 1, "babip": ".241", "atBatsPerHomeRun": "51.30"}, "team": {"id": 114, "name": "Cleveland Indians", "link": "/api/v1/teams/114"}, "player": {"id": 110398, "fullName": "Bobby Avila", "link": "/api/v1/people/110398"}, "league": {"id": 103, "name": "American League", "link": "/api/v1/league/103"}, "sport": {"id": 1, "link": "/api/v1/sports/1", "abbreviation": "MLB"}, "gameType": "R"}, {"season": "1957", "stat": {"gamesPlayed": 129, "runs": 60, "doubles": 19, "triples": 3, "homeRuns": 5, "strikeOuts": 47, "baseOnBalls": 46, "intentionalWalks": 2, "hits": 124, "hitByPitch": 1, "avg": ".268", "atBats": 463, "obp": ".334", "slg": ".354", "ops": ".688", "caughtStealing": 4, "stolenBases": 2, "stolenBasePercentage": ".333", "groundIntoDoublePlay": 10, "plateAppearances": 528, "totalBases": 164, "rbi": 48, "sacBunts": 16, "sacFlies": 2, "babip": ".288", "atBatsPerHomeRun": "92.60"}, "team": {"id": 114, "name": "Cleveland Indians", "link": "/api/v1/teams/114"}, "player": {"id": 110398, "fullName": "Bobby Avila", "link": "/api/v1/people/110398"}, "league": {"id": 103, "name": "American League", "link": "/api/v1/league/103"}, "sport": {"id": 1, "link": "/api/v1/sports/1", "abbreviation": "MLB"}, "gameType": "R"}, {"season": "1958", "stat": {"gamesPlayed": 113, "runs": 54, "doubles": 21, "triples": 3, "homeRuns": 5, "strikeOuts": 45, "baseOnBalls": 55, "intentionalWalks": 0, "hits": 95, "hitByPitch": 1, "avg": ".253", "atBats": 375, "obp": ".349", "slg": ".365", "ops": ".714", "caughtStealing": 7, "stolenBases": 5, "stolenBasePercentage": ".417", "groundIntoDoublePlay": 5, "plateAppearances": 445, "totalBases": 137, "rbi": 30, "sacBunts": 12, "sacFlies": 2, "babip": ".275", "atBatsPerHomeRun": "75.00"}, "team": {"id": 114, "name": "Cleveland Indians", "link": "/api/v1/teams/114"}, "player": {"id": 110398, "fullName": "Bobby Avila", "link": "/api/v1/people/110398"}, "league": {"id": 103, "name": "American League", "link": "/api/v1/league/103"}, "sport": {"id": 1, "link": "/api/v1/sports/1", "abbreviation": "MLB"}, "gameType": "R"}, {"season": "1959", "stat": {"gamesPlayed": 20, "runs": 1, "doubles": 0, "triples": 0, "homeRuns": 0, "strikeOuts": 5, "baseOnBalls": 4, "intentionalWalks": 0, "hits": 8, "hitByPitch": 0, "avg": ".170", "atBats": 47, "obp": ".235", "slg": ".170", "ops": ".405", "caughtStealing": 0, "stolenBases": 0, "stolenBasePercentage": ".---", "groundIntoDoublePlay": 5, "plateAppearances": 51, "totalBases": 8, "rbi": 0, "sacBunts": 0, "sacFlies": 0, "babip": ".190", "atBatsPerHomeRun": "-.--"}, "team": {"id": 110, "name": "Baltimore Orioles", "link": "/api/v1/teams/110"}, "player": {"id": 110398, "fullName": "Bobby Avila", "link": "/api/v1/people/110398"}, "league": {"id": 103, "name": "American League", "link": "/api/v1/league/103"}, "sport": {"id": 1, "link": "/api/v1/sports/1", "abbreviation": "MLB"}, "gameType": "R"}, {"season": "1959", "stat": {"gamesPlayed": 22, "runs": 7, "doubles": 0, "triples": 0, "homeRuns": 3, "strikeOuts": 11, "baseOnBalls": 6, "intentionalWalks": 0, "hits": 11, "hitByPitch": 0, "avg": ".244", "atBats": 45, "obp": ".333", "slg": ".444", "ops": ".777", "caughtStealing": 0, "stolenBases": 0, "stolenBasePercentage": ".---", "groundIntoDoublePlay": 3, "plateAppearances": 51, "totalBases": 20, "rbi": 6, "sacBunts": 0, "sacFlies": 0, "babip": ".258", "atBatsPerHomeRun": "15.00"}, "team": {"id": 111, "name": "Boston Red Sox", "link": "/api/v1/teams/111"}, "player": {"id": 110398, "fullName": "Bobby Avila", "link": "/api/v1/people/110398"}, "league": {"id": 103, "name": "American League", "link": "/api/v1/league/103"}, "sport": {"id": 1, "link": "/api/v1/sports/1", "abbreviation": "MLB"}, "gameType": "R"}, {"season": "1959", "stat": {"gamesPlayed": 51, "runs": 29, "doubles": 3, "triples": 2, "homeRuns": 3, "strikeOuts": 31, "baseOnBalls": 24, "intentionalWalks": 0, "hits": 41, "hitByPitch": 0, "avg": ".238", "atBats": 172, "obp": ".330", "slg": ".331", "ops": ".661", "caughtStealing": 0, "stolenBases": 3, "stolenBasePercentage": "1.000", "groundIntoDoublePlay": 1, "plateAppearances": 204, "totalBases": 57, "rbi": 19, "sacBunts": 7, "sacFlies": 1, "babip": ".273", "atBatsPerHomeRun": "57.33"}, "team": {"id": 144, "name": "Milwaukee Braves", "link": "/api/v1/teams/144"}, "player": {"id": 110398, "fullName": "Bobby Avila", "link": "/api/v1/people/110398"}, "league": {"id": 104, "name": "National League", "link": "/api/v1/league/104"}, "sport": {"id": 1, "link": "/api/v1/sports/1", "abbreviation": "MLB"}, "gameType": "R"}, {"season": "1959", "stat": {"gamesPlayed": 93, "runs": 37, "doubles": 3, "triples": 2, "homeRuns": 6, "strikeOuts": 47, "baseOnBalls": 34, "intentionalWalks": 0, "hits": 60, "hitByPitch": 0, "avg": ".227", "atBats": 264, "obp": ".314", "slg": ".322", "ops": ".636", "caughtStealing": 0, "stolenBases": 3, "stolenBasePercentage": "1.000", "groundIntoDoublePlay": 9, "plateAppearances": 306, "totalBases": 85, "rbi": 25, "sacBunts": 7, "sacFlies": 1, "babip": ".255", "atBatsPerHomeRun": "44.00"}, "player": {"id": 110398, "fullName": "Bobby Avila", "link": "/api/v1/people/110398"}, "sport": {"id": 1, "link": "/api/v1/sports/1", "abbreviation": "MLB"}, "gameType": "R", "numTeams": 3}]}], "mlbDebutDate": "1949-04-30", "batSide": {"code": "R", "description": "Right"}, "pitchHand": {"code": "R", "description": "Right"}, "nameFirstLast": "Bobby Avila", "nameSlug": "bobby-avila-110398", "firstLastName": "Bobby Avila", "lastFirstName": "Avila, Bobby", "lastInitName": "Avila, B", "initLastName": "B Avila", "fullFMLName": "Roberto Francisco Avila", "fullLFMName": "Avila, Roberto Francisco", "strikeZoneTop": 3.301, "strikeZoneBottom": 1.504}