{"id": 110233, "fullName": "Dwain Anderson", "link": "/api/v1/people/110233", "firstName": "Dwain", "lastName": "Anderson", "primaryNumber": "19", "birthDate": "1947-11-23", "currentAge": 75, "birthCity": "Oakland", "birthStateProvince": "CA", "birthCountry": "USA", "height": "5' 11\"", "weight": 165, "active": false, "primaryPosition": {"code": "6", "name": "Shortstop", "type": "Infielder", "abbreviation": "SS"}, "useName": "Dwain", "useLastName": "Anderson", "middleName": "Cleaven", "boxscoreName": "Anderson", "gender": "M", "isPlayer": true, "isVerified": true, "lastPlayedDate": "1974-05-28", "stats": [{"type": {"displayName": "career"}, "group": {"displayName": "hitting"}, "exemptions": [], "splits": [{"stat": {"gamesPlayed": 149, "groundOuts": 0, "airOuts": 0, "runs": 33, "doubles": 6, "triples": 2, "homeRuns": 1, "strikeOuts": 70, "baseOnBalls": 32, "intentionalWalks": 2, "hits": 62, "hitByPitch": 2, "avg": ".203", "atBats": 306, "obp": ".282", "slg": ".245", "ops": ".527", "caughtStealing": 2, "stolenBases": 2, "stolenBasePercentage": ".500", "groundIntoDoublePlay": 6, "numberOfPitches": 5, "plateAppearances": 342, "totalBases": 75, "rbi": 14, "leftOnBase": 2, "sacBunts": 2, "sacFlies": 0, "babip": ".260", "groundOutsToAirouts": "-.--", "catchersInterference": 0, "atBatsPerHomeRun": "306.00"}, "player": {"id": 110233, "fullName": "Dwain Anderson", "link": "/api/v1/people/110233"}, "sport": {"id": 1, "link": "/api/v1/sports/1", "abbreviation": "MLB"}, "gameType": "R", "numTeams": 4}]}, {"type": {"displayName": "career"}, "group": {"displayName": "fielding"}, "exemptions": [], "splits": [{"stat": {"gamesPlayed": 7, "gamesStarted": 3, "assists": 5, "putOuts": 12, "errors": 2, "chances": 19, "fielding": ".895", "position": {"code": "4", "name": "Second Base", "type": "Infielder", "abbreviation": "2B"}, "rangeFactorPerGame": "2.43", "rangeFactorPer9Inn": "4.37", "innings": "35.0", "games": 7, "doublePlays": 1, "triplePlays": 0, "throwingErrors": 0}, "player": {"id": 110233, "fullName": "Dwain Anderson", "link": "/api/v1/people/110233"}, "sport": {"id": 1, "link": "/api/v1/sports/1", "abbreviation": "MLB"}, "gameType": "R", "numTeams": 3, "position": {"code": "4", "name": "Second Base", "type": "Infielder", "abbreviation": "2B"}}, {"stat": {"gamesPlayed": 22, "gamesStarted": 15, "assists": 33, "putOuts": 10, "errors": 4, "chances": 47, "fielding": ".915", "position": {"code": "5", "name": "Third Base", "type": "Infielder", "abbreviation": "3B"}, "rangeFactorPerGame": "1.95", "rangeFactorPer9Inn": "2.85", "innings": "136.0", "games": 22, "doublePlays": 3, "triplePlays": 0, "throwingErrors": 1}, "player": {"id": 110233, "fullName": "Dwain Anderson", "link": "/api/v1/people/110233"}, "sport": {"id": 1, "link": "/api/v1/sports/1", "abbreviation": "MLB"}, "gameType": "R", "numTeams": 3, "position": {"code": "5", "name": "Third Base", "type": "Infielder", "abbreviation": "3B"}}, {"stat": {"gamesPlayed": 96, "gamesStarted": 51, "assists": 182, "putOuts": 112, "errors": 19, "chances": 313, "fielding": ".939", "position": {"code": "6", "name": "Shortstop", "type": "Infielder", "abbreviation": "SS"}, "rangeFactorPerGame": "3.06", "rangeFactorPer9Inn": "4.88", "innings": "542.1", "games": 96, "doublePlays": 34, "triplePlays": 0, "throwingErrors": 2}, "player": {"id": 110233, "fullName": "Dwain Anderson", "link": "/api/v1/people/110233"}, "sport": {"id": 1, "link": "/api/v1/sports/1", "abbreviation": "MLB"}, "gameType": "R", "numTeams": 3, "position": {"code": "6", "name": "Shortstop", "type": "Infielder", "abbreviation": "SS"}}, {"stat": {"gamesPlayed": 2, "gamesStarted": 2, "assists": 0, "putOuts": 2, "errors": 0, "chances": 2, "fielding": "1.000", "position": {"code": "8", "name": "Outfielder", "type": "Outfielder", "abbreviation": "CF"}, "rangeFactorPerGame": "1.00", "rangeFactorPer9Inn": "1.13", "innings": "16.0", "games": 2, "doublePlays": 0, "triplePlays": 0, "throwingErrors": 0}, "team": {"id": 138, "name": "St. Louis Cardinals", "link": "/api/v1/teams/138"}, "player": {"id": 110233, "fullName": "Dwain Anderson", "link": "/api/v1/people/110233"}, "league": {"id": 104, "name": "National League", "link": "/api/v1/league/104"}, "sport": {"id": 1, "link": "/api/v1/sports/1", "abbreviation": "MLB"}, "gameType": "R", "position": {"code": "8", "name": "Outfielder", "type": "Outfielder", "abbreviation": "CF"}}]}, {"type": {"displayName": "yearByYear"}, "group": {"displayName": "hitting"}, "exemptions": [], "splits": [{"season": "1971", "stat": {"gamesPlayed": 16, "runs": 3, "doubles": 2, "triples": 1, "homeRuns": 0, "strikeOuts": 9, "baseOnBalls": 5, "intentionalWalks": 1, "hits": 10, "hitByPitch": 1, "avg": ".270", "atBats": 37, "obp": ".372", "slg": ".378", "ops": ".750", "caughtStealing": 1, "stolenBases": 0, "stolenBasePercentage": ".000", "groundIntoDoublePlay": 0, "plateAppearances": 43, "totalBases": 14, "rbi": 3, "sacBunts": 0, "sacFlies": 0, "babip": ".357", "atBatsPerHomeRun": "-.--"}, "team": {"id": 133, "name": "Oakland Athletics", "link": "/api/v1/teams/133"}, "player": {"id": 110233, "fullName": "Dwain Anderson", "link": "/api/v1/people/110233"}, "league": {"id": 103, "name": "American League", "link": "/api/v1/league/103"}, "sport": {"id": 1, "link": "/api/v1/sports/1", "abbreviation": "MLB"}, "gameType": "R"}, {"season": "1972", "stat": {"gamesPlayed": 3, "runs": 2, "doubles": 0, "triples": 0, "homeRuns": 0, "strikeOuts": 4, "baseOnBalls": 1, "intentionalWalks": 0, "hits": 0, "hitByPitch": 0, "avg": ".000", "atBats": 7, "obp": ".125", "slg": ".000", "ops": ".125", "caughtStealing": 0, "stolenBases": 0, "stolenBasePercentage": ".---", "groundIntoDoublePlay": 0, "plateAppearances": 8, "totalBases": 0, "rbi": 0, "sacBunts": 0, "sacFlies": 0, "babip": ".000", "atBatsPerHomeRun": "-.--"}, "team": {"id": 133, "name": "Oakland Athletics", "link": "/api/v1/teams/133"}, "player": {"id": 110233, "fullName": "Dwain Anderson", "link": "/api/v1/people/110233"}, "league": {"id": 103, "name": "American League", "link": "/api/v1/league/103"}, "sport": {"id": 1, "link": "/api/v1/sports/1", "abbreviation": "MLB"}, "gameType": "R"}, {"season": "1972", "stat": {"gamesPlayed": 57, "runs": 12, "doubles": 4, "triples": 1, "homeRuns": 1, "strikeOuts": 23, "baseOnBalls": 8, "intentionalWalks": 1, "hits": 36, "hitByPitch": 1, "avg": ".267", "atBats": 135, "obp": ".313", "slg": ".333", "ops": ".646", "caughtStealing": 1, "stolenBases": 0, "stolenBasePercentage": ".000", "groundIntoDoublePlay": 4, "plateAppearances": 144, "totalBases": 45, "rbi": 8, "sacBunts": 0, "sacFlies": 0, "babip": ".315", "atBatsPerHomeRun": "135.00"}, "team": {"id": 138, "name": "St. Louis Cardinals", "link": "/api/v1/teams/138"}, "player": {"id": 110233, "fullName": "Dwain Anderson", "link": "/api/v1/people/110233"}, "league": {"id": 104, "name": "National League", "link": "/api/v1/league/104"}, "sport": {"id": 1, "link": "/api/v1/sports/1", "abbreviation": "MLB"}, "gameType": "R"}, {"season": "1972", "stat": {"gamesPlayed": 60, "runs": 14, "doubles": 4, "triples": 1, "homeRuns": 1, "strikeOuts": 27, "baseOnBalls": 9, "intentionalWalks": 1, "hits": 36, "hitByPitch": 1, "avg": ".254", "atBats": 142, "obp": ".303", "slg": ".317", "ops": ".620", "caughtStealing": 1, "stolenBases": 0, "stolenBasePercentage": ".000", "groundIntoDoublePlay": 4, "plateAppearances": 152, "totalBases": 45, "rbi": 8, "sacBunts": 0, "sacFlies": 0, "babip": ".307", "atBatsPerHomeRun": "142.00"}, "player": {"id": 110233, "fullName": "Dwain Anderson", "link": "/api/v1/people/110233"}, "sport": {"id": 1, "link": "/api/v1/sports/1", "abbreviation": "MLB"}, "gameType": "R", "numTeams": 2}, {"season": "1973", "stat": {"gamesPlayed": 18, "runs": 5, "doubles": 0, "triples": 0, "homeRuns": 0, "strikeOuts": 4, "baseOnBalls": 4, "intentionalWalks": 0, "hits": 2, "hitByPitch": 0, "avg": ".118", "atBats": 17, "obp": ".286", "slg": ".118", "ops": ".404", "caughtStealing": 0, "stolenBases": 0, "stolenBasePercentage": ".---", "groundIntoDoublePlay": 0, "plateAppearances": 21, "totalBases": 2, "rbi": 0, "sacBunts": 0, "sacFlies": 0, "babip": ".154", "atBatsPerHomeRun": "-.--"}, "team": {"id": 138, "name": "St. Louis Cardinals", "link": "/api/v1/teams/138"}, "player": {"id": 110233, "fullName": "Dwain Anderson", "link": "/api/v1/people/110233"}, "league": {"id": 104, "name": "National League", "link": "/api/v1/league/104"}, "sport": {"id": 1, "link": "/api/v1/sports/1", "abbreviation": "MLB"}, "gameType": "R"}, {"season": "1973", "stat": {"gamesPlayed": 53, "runs": 11, "doubles": 0, "triples": 0, "homeRuns": 0, "strikeOuts": 29, "baseOnBalls": 14, "intentionalWalks": 0, "hits": 13, "hitByPitch": 0, "avg": ".121", "atBats": 107, "obp": ".223", "slg": ".121", "ops": ".344", "caughtStealing": 0, "stolenBases": 2, "stolenBasePercentage": "1.000", "groundIntoDoublePlay": 2, "plateAppearances": 123, "totalBases": 13, "rbi": 3, "sacBunts": 2, "sacFlies": 0, "babip": ".167", "atBatsPerHomeRun": "-.--"}, "team": {"id": 135, "name": "San Diego Padres", "link": "/api/v1/teams/135"}, "player": {"id": 110233, "fullName": "Dwain Anderson", "link": "/api/v1/people/110233"}, "league": {"id": 104, "name": "National League", "link": "/api/v1/league/104"}, "sport": {"id": 1, "link": "/api/v1/sports/1", "abbreviation": "MLB"}, "gameType": "R"}, {"season": "1973", "stat": {"gamesPlayed": 71, "runs": 16, "doubles": 0, "triples": 0, "homeRuns": 0, "strikeOuts": 33, "baseOnBalls": 18, "intentionalWalks": 0, "hits": 15, "hitByPitch": 0, "avg": ".121", "atBats": 124, "obp": ".232", "slg": ".121", "ops": ".353", "caughtStealing": 0, "stolenBases": 2, "stolenBasePercentage": "1.000", "groundIntoDoublePlay": 2, "plateAppearances": 144, "totalBases": 15, "rbi": 3, "sacBunts": 2, "sacFlies": 0, "babip": ".165", "atBatsPerHomeRun": "-.--"}, "player": {"id": 110233, "fullName": "Dwain Anderson", "link": "/api/v1/people/110233"}, "sport": {"id": 1, "link": "/api/v1/sports/1", "abbreviation": "MLB"}, "gameType": "R", "numTeams": 2}, {"season": "1974", "stat": {"gamesPlayed": 2, "groundOuts": 0, "airOuts": 0, "runs": 0, "doubles": 0, "triples": 0, "homeRuns": 0, "strikeOuts": 1, "baseOnBalls": 0, "intentionalWalks": 0, "hits": 1, "hitByPitch": 0, "avg": ".333", "atBats": 3, "obp": ".333", "slg": ".333", "ops": ".666", "caughtStealing": 0, "stolenBases": 0, "stolenBasePercentage": ".---", "groundIntoDoublePlay": 0, "numberOfPitches": 5, "plateAppearances": 3, "totalBases": 1, "rbi": 0, "leftOnBase": 2, "sacBunts": 0, "sacFlies": 0, "babip": ".500", "groundOutsToAirouts": "-.--", "catchersInterference": 0, "atBatsPerHomeRun": "-.--"}, "team": {"id": 114, "name": "Cleveland Indians", "link": "/api/v1/teams/114"}, "player": {"id": 110233, "fullName": "Dwain Anderson", "link": "/api/v1/people/110233"}, "league": {"id": 103, "name": "American League", "link": "/api/v1/league/103"}, "sport": {"id": 1, "link": "/api/v1/sports/1", "abbreviation": "MLB"}, "gameType": "R"}]}, {"type": {"displayName": "yearByYear"}, "group": {"displayName": "fielding"}, "exemptions": [], "splits": [{"season": "1971", "stat": {"gamesPlayed": 5, "gamesStarted": 3, "assists": 4, "putOuts": 9, "errors": 2, "chances": 15, "fielding": ".867", "position": {"code": "4", "name": "Second Base", "type": "Infielder", "abbreviation": "2B"}, "rangeFactorPerGame": "2.60", "rangeFactorPer9Inn": "4.68", "innings": "25.0", "games": 5, "doublePlays": 0, "triplePlays": 0, "throwingErrors": 0}, "team": {"id": 133, "name": "Oakland Athletics", "link": "/api/v1/teams/133"}, "player": {"id": 110233, "fullName": "Dwain Anderson", "link": "/api/v1/people/110233"}, "league": {"id": 103, "name": "American League", "link": "/api/v1/league/103"}, "sport": {"id": 1, "link": "/api/v1/sports/1", "abbreviation": "MLB"}, "gameType": "R", "position": {"code": "4", "name": "Second Base", "type": "Infielder", "abbreviation": "2B"}}, {"season": "1971", "stat": {"gamesPlayed": 1, "gamesStarted": 1, "assists": 3, "putOuts": 1, "errors": 1, "chances": 5, "fielding": ".800", "position": {"code": "5", "name": "Third Base", "type": "Infielder", "abbreviation": "3B"}, "rangeFactorPerGame": "4.00", "rangeFactorPer9Inn": "4.50", "innings": "8.0", "games": 1, "doublePlays": 0, "triplePlays": 0, "throwingErrors": 0}, "team": {"id": 133, "name": "Oakland Athletics", "link": "/api/v1/teams/133"}, "player": {"id": 110233, "fullName": "Dwain Anderson", "link": "/api/v1/people/110233"}, "league": {"id": 103, "name": "American League", "link": "/api/v1/league/103"}, "sport": {"id": 1, "link": "/api/v1/sports/1", "abbreviation": "MLB"}, "gameType": "R", "position": {"code": "5", "name": "Third Base", "type": "Infielder", "abbreviation": "3B"}}, {"season": "1971", "stat": {"gamesPlayed": 10, "gamesStarted": 5, "assists": 20, "putOuts": 11, "errors": 1, "chances": 32, "fielding": ".969", "position": {"code": "6", "name": "Shortstop", "type": "Infielder", "abbreviation": "SS"}, "rangeFactorPerGame": "3.10", "rangeFactorPer9Inn": "4.81", "innings": "58.2", "games": 10, "doublePlays": 4, "triplePlays": 0, "throwingErrors": 0}, "team": {"id": 133, "name": "Oakland Athletics", "link": "/api/v1/teams/133"}, "player": {"id": 110233, "fullName": "Dwain Anderson", "link": "/api/v1/people/110233"}, "league": {"id": 103, "name": "American League", "link": "/api/v1/league/103"}, "sport": {"id": 1, "link": "/api/v1/sports/1", "abbreviation": "MLB"}, "gameType": "R", "position": {"code": "6", "name": "Shortstop", "type": "Infielder", "abbreviation": "SS"}}, {"season": "1972", "stat": {"gamesPlayed": 1, "gamesStarted": 0, "assists": 2, "putOuts": 0, "errors": 0, "chances": 2, "fielding": "1.000", "position": {"code": "5", "name": "Third Base", "type": "Infielder", "abbreviation": "3B"}, "rangeFactorPerGame": "2.00", "rangeFactorPer9Inn": "3.00", "innings": "6.0", "games": 1, "doublePlays": 0, "triplePlays": 0, "throwingErrors": 0}, "team": {"id": 133, "name": "Oakland Athletics", "link": "/api/v1/teams/133"}, "player": {"id": 110233, "fullName": "Dwain Anderson", "link": "/api/v1/people/110233"}, "league": {"id": 103, "name": "American League", "link": "/api/v1/league/103"}, "sport": {"id": 1, "link": "/api/v1/sports/1", "abbreviation": "MLB"}, "gameType": "R", "position": {"code": "5", "name": "Third Base", "type": "Infielder", "abbreviation": "3B"}}, {"season": "1972", "stat": {"gamesPlayed": 1, "gamesStarted": 1, "assists": 2, "putOuts": 1, "errors": 0, "chances": 3, "fielding": "1.000", "position": {"code": "6", "name": "Shortstop", "type": "Infielder", "abbreviation": "SS"}, "rangeFactorPerGame": "3.00", "rangeFactorPer9Inn": "3.00", "innings": "9.0", "games": 1, "doublePlays": 0, "triplePlays": 0, "throwingErrors": 0}, "team": {"id": 133, "name": "Oakland Athletics", "link": "/api/v1/teams/133"}, "player": {"id": 110233, "fullName": "Dwain Anderson", "link": "/api/v1/people/110233"}, "league": {"id": 103, "name": "American League", "link": "/api/v1/league/103"}, "sport": {"id": 1, "link": "/api/v1/sports/1", "abbreviation": "MLB"}, "gameType": "R", "position": {"code": "6", "name": "Shortstop", "type": "Infielder", "abbreviation": "SS"}}, {"season": "1972", "stat": {"gamesPlayed": 13, "gamesStarted": 10, "assists": 16, "putOuts": 9, "errors": 1, "chances": 26, "fielding": ".962", "position": {"code": "5", "name": "Third Base", "type": "Infielder", "abbreviation": "3B"}, "rangeFactorPerGame": "1.92", "rangeFactorPer9Inn": "2.62", "innings": "86.0", "games": 13, "doublePlays": 3, "triplePlays": 0, "throwingErrors": 0}, "team": {"id": 138, "name": "St. Louis Cardinals", "link": "/api/v1/teams/138"}, "player": {"id": 110233, "fullName": "Dwain Anderson", "link": "/api/v1/people/110233"}, "league": {"id": 104, "name": "National League", "link": "/api/v1/league/104"}, "sport": {"id": 1, "link": "/api/v1/sports/1", "abbreviation": "MLB"}, "gameType": "R", "position": {"code": "5", "name": "Third Base", "type": "Infielder", "abbreviation": "3B"}}, {"season": "1972", "stat": {"gamesPlayed": 43, "gamesStarted": 23, "assists": 79, "putOuts": 58, "errors": 7, "chances": 144, "fielding": ".951", "position": {"code": "6", "name": "Shortstop", "type": "Infielder", "abbreviation": "SS"}, "rangeFactorPerGame": "3.19", "rangeFactorPer9Inn": "5.25", "innings": "235.0", "games": 43, "doublePlays": 15, "triplePlays": 0, "throwingErrors": 1}, "team": {"id": 138, "name": "St. Louis Cardinals", "link": "/api/v1/teams/138"}, "player": {"id": 110233, "fullName": "Dwain Anderson", "link": "/api/v1/people/110233"}, "league": {"id": 104, "name": "National League", "link": "/api/v1/league/104"}, "sport": {"id": 1, "link": "/api/v1/sports/1", "abbreviation": "MLB"}, "gameType": "R", "position": {"code": "6", "name": "Shortstop", "type": "Infielder", "abbreviation": "SS"}}, {"season": "1972", "stat": {"gamesPlayed": 1, "gamesStarted": 0, "assists": 1, "putOuts": 2, "errors": 0, "chances": 3, "fielding": "1.000", "position": {"code": "4", "name": "Second Base", "type": "Infielder", "abbreviation": "2B"}, "rangeFactorPerGame": "3.00", "rangeFactorPer9Inn": "9.00", "innings": "3.0", "games": 1, "doublePlays": 1, "triplePlays": 0, "throwingErrors": 0}, "team": {"id": 138, "name": "St. Louis Cardinals", "link": "/api/v1/teams/138"}, "player": {"id": 110233, "fullName": "Dwain Anderson", "link": "/api/v1/people/110233"}, "league": {"id": 104, "name": "National League", "link": "/api/v1/league/104"}, "sport": {"id": 1, "link": "/api/v1/sports/1", "abbreviation": "MLB"}, "gameType": "R", "position": {"code": "4", "name": "Second Base", "type": "Infielder", "abbreviation": "2B"}}, {"season": "1972", "stat": {"gamesPlayed": 14, "gamesStarted": 10, "assists": 18, "putOuts": 9, "errors": 1, "chances": 28, "fielding": ".964", "position": {"code": "5", "name": "Third Base", "type": "Infielder", "abbreviation": "3B"}, "rangeFactorPerGame": "1.93", "rangeFactorPer9Inn": "2.64", "innings": "92.0", "games": 14, "doublePlays": 3, "triplePlays": 0, "throwingErrors": 0}, "player": {"id": 110233, "fullName": "Dwain Anderson", "link": "/api/v1/people/110233"}, "sport": {"id": 1, "link": "/api/v1/sports/1", "abbreviation": "MLB"}, "gameType": "R", "numTeams": 2, "position": {"code": "5", "name": "Third Base", "type": "Infielder", "abbreviation": "3B"}}, {"season": "1972", "stat": {"gamesPlayed": 44, "gamesStarted": 24, "assists": 81, "putOuts": 59, "errors": 7, "chances": 147, "fielding": ".952", "position": {"code": "6", "name": "Shortstop", "type": "Infielder", "abbreviation": "SS"}, "rangeFactorPerGame": "3.18", "rangeFactorPer9Inn": "5.16", "innings": "244.0", "games": 44, "doublePlays": 15, "triplePlays": 0, "throwingErrors": 1}, "player": {"id": 110233, "fullName": "Dwain Anderson", "link": "/api/v1/people/110233"}, "sport": {"id": 1, "link": "/api/v1/sports/1", "abbreviation": "MLB"}, "gameType": "R", "numTeams": 2, "position": {"code": "6", "name": "Shortstop", "type": "Infielder", "abbreviation": "SS"}}, {"season": "1973", "stat": {"gamesPlayed": 4, "gamesStarted": 0, "assists": 0, "putOuts": 2, "errors": 2, "chances": 4, "fielding": ".500", "position": {"code": "6", "name": "Shortstop", "type": "Infielder", "abbreviation": "SS"}, "rangeFactorPerGame": "0.50", "rangeFactorPer9Inn": "2.25", "innings": "8.0", "games": 4, "doublePlays": 0, "triplePlays": 0, "throwingErrors": 1}, "team": {"id": 138, "name": "St. Louis Cardinals", "link": "/api/v1/teams/138"}, "player": {"id": 110233, "fullName": "Dwain Anderson", "link": "/api/v1/people/110233"}, "league": {"id": 104, "name": "National League", "link": "/api/v1/league/104"}, "sport": {"id": 1, "link": "/api/v1/sports/1", "abbreviation": "MLB"}, "gameType": "R", "position": {"code": "6", "name": "Shortstop", "type": "Infielder", "abbreviation": "SS"}}, {"season": "1973", "stat": {"gamesPlayed": 2, "gamesStarted": 2, "assists": 0, "putOuts": 2, "errors": 0, "chances": 2, "fielding": "1.000", "position": {"code": "8", "name": "Outfielder", "type": "Outfielder", "abbreviation": "CF"}, "rangeFactorPerGame": "1.00", "rangeFactorPer9Inn": "1.13", "innings": "16.0", "games": 2, "doublePlays": 0, "triplePlays": 0, "throwingErrors": 0}, "team": {"id": 138, "name": "St. Louis Cardinals", "link": "/api/v1/teams/138"}, "player": {"id": 110233, "fullName": "Dwain Anderson", "link": "/api/v1/people/110233"}, "league": {"id": 104, "name": "National League", "link": "/api/v1/league/104"}, "sport": {"id": 1, "link": "/api/v1/sports/1", "abbreviation": "MLB"}, "gameType": "R", "position": {"code": "8", "name": "Outfielder", "type": "Outfielder", "abbreviation": "CF"}}, {"season": "1973", "stat": {"gamesPlayed": 7, "gamesStarted": 4, "assists": 12, "putOuts": 0, "errors": 2, "chances": 14, "fielding": ".857", "position": {"code": "5", "name": "Third Base", "type": "Infielder", "abbreviation": "3B"}, "rangeFactorPerGame": "1.71", "rangeFactorPer9Inn": "3.00", "innings": "36.0", "games": 7, "doublePlays": 0, "triplePlays": 0, "throwingErrors": 1}, "team": {"id": 135, "name": "San Diego Padres", "link": "/api/v1/teams/135"}, "player": {"id": 110233, "fullName": "Dwain Anderson", "link": "/api/v1/people/110233"}, "league": {"id": 104, "name": "National League", "link": "/api/v1/league/104"}, "sport": {"id": 1, "link": "/api/v1/sports/1", "abbreviation": "MLB"}, "gameType": "R", "position": {"code": "5", "name": "Third Base", "type": "Infielder", "abbreviation": "3B"}}, {"season": "1973", "stat": {"gamesPlayed": 38, "gamesStarted": 22, "assists": 81, "putOuts": 40, "errors": 9, "chances": 130, "fielding": ".931", "position": {"code": "6", "name": "Shortstop", "type": "Infielder", "abbreviation": "SS"}, "rangeFactorPerGame": "3.18", "rangeFactorPer9Inn": "4.71", "innings": "231.2", "games": 38, "doublePlays": 15, "triplePlays": 0, "throwingErrors": 0}, "team": {"id": 135, "name": "San Diego Padres", "link": "/api/v1/teams/135"}, "player": {"id": 110233, "fullName": "Dwain Anderson", "link": "/api/v1/people/110233"}, "league": {"id": 104, "name": "National League", "link": "/api/v1/league/104"}, "sport": {"id": 1, "link": "/api/v1/sports/1", "abbreviation": "MLB"}, "gameType": "R", "position": {"code": "6", "name": "Shortstop", "type": "Infielder", "abbreviation": "SS"}}, {"season": "1973", "stat": {"gamesPlayed": 42, "gamesStarted": 22, "assists": 81, "putOuts": 42, "errors": 11, "chances": 134, "fielding": ".918", "position": {"code": "6", "name": "Shortstop", "type": "Infielder", "abbreviation": "SS"}, "rangeFactorPerGame": "2.93", "rangeFactorPer9Inn": "4.63", "innings": "239.2", "games": 42, "doublePlays": 15, "triplePlays": 0, "throwingErrors": 1}, "player": {"id": 110233, "fullName": "Dwain Anderson", "link": "/api/v1/people/110233"}, "sport": {"id": 1, "link": "/api/v1/sports/1", "abbreviation": "MLB"}, "gameType": "R", "numTeams": 2, "position": {"code": "6", "name": "Shortstop", "type": "Infielder", "abbreviation": "SS"}}, {"season": "1974", "stat": {"gamesPlayed": 1, "gamesStarted": 0, "assists": 0, "putOuts": 1, "errors": 0, "chances": 1, "fielding": "1.000", "position": {"code": "4", "name": "Second Base", "type": "Infielder", "abbreviation": "2B"}, "rangeFactorPerGame": "1.00", "rangeFactorPer9Inn": "1.29", "innings": "7.0", "games": 1, "doublePlays": 0, "triplePlays": 0, "throwingErrors": 0}, "team": {"id": 114, "name": "Cleveland Indians", "link": "/api/v1/teams/114"}, "player": {"id": 110233, "fullName": "Dwain Anderson", "link": "/api/v1/people/110233"}, "league": {"id": 103, "name": "American League", "link": "/api/v1/league/103"}, "sport": {"id": 1, "link": "/api/v1/sports/1", "abbreviation": "MLB"}, "gameType": "R", "position": {"code": "4", "name": "Second Base", "type": "Infielder", "abbreviation": "2B"}}]}], "mlbDebutDate": "1971-09-03", "batSide": {"code": "R", "description": "Right"}, "pitchHand": {"code": "R", "description": "Right"}, "nameFirstLast": "Dwain Anderson", "nameSlug": "dwain-anderson-110233", "firstLastName": "Dwain Anderson", "lastFirstName": "Anderson, Dwain", "lastInitName": "Anderson, D", "initLastName": "D Anderson", "fullFMLName": "Dwain Cleaven Anderson", "fullLFMName": "Anderson, Dwain Cleaven", "strikeZoneTop": 3.319, "strikeZoneBottom": 1.513}