{"id": 110485, "fullName": "Phil Baker", "link": "/api/v1/people/110485", "firstName": "Philip", "lastName": "Baker", "birthDate": "1856-09-19", "currentAge": 83, "birthCity": "Philadelphia", "birthStateProvince": "PA", "birthCountry": "USA", "height": "5' 8\"", "weight": 152, "active": false, "primaryPosition": {"code": "3", "name": "First Base", "type": "Infielder", "abbreviation": "1B"}, "useName": "Phil", "useLastName": "Baker", "boxscoreName": "Baker", "gender": "M", "isPlayer": true, "isVerified": true, "deathDate": "1940-06-04", "deathCity": "Washington", "deathStateProvince": "DC", "deathCountry": "USA", "stats": [{"type": {"displayName": "career"}, "group": {"displayName": "hitting"}, "exemptions": [], "splits": [{"stat": {"gamesPlayed": 195, "runs": 134, "doubles": 20, "triples": 11, "homeRuns": 3, "strikeOuts": 32, "baseOnBalls": 39, "hits": 212, "avg": ".259", "atBats": 817, "slg": ".322", "stolenBases": 16, "plateAppearances": 856, "totalBases": 263, "rbi": 34, "babip": ".267", "atBatsPerHomeRun": "272.33"}, "player": {"id": 110485, "fullName": "Phil Baker", "link": "/api/v1/people/110485"}, "sport": {"id": 1, "link": "/api/v1/sports/1", "abbreviation": "MLB"}, "gameType": "R", "numTeams": 3}]}, {"type": {"displayName": "career"}, "group": {"displayName": "fielding"}, "exemptions": [], "splits": [{"stat": {"gamesPlayed": 50, "assists": 40, "putOuts": 256, "errors": 29, "chances": 325, "fielding": ".911", "position": {"code": "2", "name": "Catcher", "type": "Catcher", "abbreviation": "C"}, "rangeFactorPerGame": "5.92", "games": 50, "passedBall": 41, "doublePlays": 5, "triplePlays": 0}, "player": {"id": 110485, "fullName": "Phil Baker", "link": "/api/v1/people/110485"}, "sport": {"id": 1, "link": "/api/v1/sports/1", "abbreviation": "MLB"}, "gameType": "R", "numTeams": 3, "position": {"code": "2", "name": "Catcher", "type": "Catcher", "abbreviation": "C"}}, {"stat": {"gamesPlayed": 1, "assists": 0, "putOuts": 0, "errors": 0, "chances": 0, "fielding": ".000", "position": {"code": "6", "name": "Shortstop", "type": "Infielder", "abbreviation": "SS"}, "rangeFactorPerGame": "0.00", "games": 1, "doublePlays": 0, "triplePlays": 0}, "team": {"id": 163, "link": "/api/v1/teams/163"}, "player": {"id": 110485, "fullName": "Phil Baker", "link": "/api/v1/people/110485"}, "league": {"id": 100, "link": "/api/v1/league/100"}, "sport": {"id": 1, "link": "/api/v1/sports/1", "abbreviation": "MLB"}, "gameType": "R", "position": {"code": "6", "name": "Shortstop", "type": "Infielder", "abbreviation": "SS"}}, {"stat": {"gamesPlayed": 95, "assists": 25, "putOuts": 876, "errors": 35, "chances": 936, "fielding": ".963", "position": {"code": "3", "name": "First Base", "type": "Infielder", "abbreviation": "1B"}, "rangeFactorPerGame": "9.48", "games": 95, "doublePlays": 42, "triplePlays": 0}, "player": {"id": 110485, "fullName": "Phil Baker", "link": "/api/v1/people/110485"}, "sport": {"id": 1, "link": "/api/v1/sports/1", "abbreviation": "MLB"}, "gameType": "R", "numTeams": 2, "position": {"code": "3", "name": "First Base", "type": "Infielder", "abbreviation": "1B"}}]}, {"type": {"displayName": "yearByYear"}, "group": {"displayName": "hitting"}, "exemptions": [], "splits": [{"season": "1883", "stat": {"gamesPlayed": 28, "runs": 22, "doubles": 2, "triples": 1, "homeRuns": 1, "baseOnBalls": 8, "hits": 33, "avg": ".273", "atBats": 121, "slg": ".331", "plateAppearances": 129, "totalBases": 40, "atBatsPerHomeRun": "121.00"}, "team": {"id": 163, "name": "Baltimore Orioles", "link": "/api/v1/teams/163"}, "player": {"id": 110485, "fullName": "Phil Baker", "link": "/api/v1/people/110485"}, "league": {"id": 100, "name": "American Association", "link": "/api/v1/league/100"}, "sport": {"id": 1, "link": "/api/v1/sports/1", "abbreviation": "MLB"}, "gameType": "R"}, {"season": "1884", "stat": {"gamesPlayed": 86, "runs": 75, "doubles": 12, "triples": 5, "homeRuns": 1, "baseOnBalls": 11, "hits": 107, "avg": ".288", "atBats": 371, "slg": ".356", "plateAppearances": 382, "totalBases": 132, "atBatsPerHomeRun": "371.00"}, "team": {"id": 222, "name": "Washington Nationals", "link": "/api/v1/teams/222"}, "player": {"id": 110485, "fullName": "Phil Baker", "link": "/api/v1/people/110485"}, "league": {"id": 101, "name": "Union Association", "link": "/api/v1/league/101"}, "sport": {"id": 1, "link": "/api/v1/sports/1", "abbreviation": "MLB"}, "gameType": "R"}, {"season": "1886", "stat": {"gamesPlayed": 81, "runs": 37, "doubles": 6, "triples": 5, "homeRuns": 1, "strikeOuts": 32, "baseOnBalls": 20, "hits": 72, "avg": ".222", "atBats": 325, "slg": ".280", "stolenBases": 16, "plateAppearances": 345, "totalBases": 91, "rbi": 34, "babip": ".243", "atBatsPerHomeRun": "325.00"}, "team": {"id": 220, "name": "Washington Senators", "link": "/api/v1/teams/220"}, "player": {"id": 110485, "fullName": "Phil Baker", "link": "/api/v1/people/110485"}, "league": {"id": 104, "name": "National League", "link": "/api/v1/league/104"}, "sport": {"id": 1, "link": "/api/v1/sports/1", "abbreviation": "MLB"}, "gameType": "R"}]}, {"type": {"displayName": "yearByYear"}, "group": {"displayName": "fielding"}, "exemptions": [], "splits": [{"season": "1883", "stat": {"gamesPlayed": 19, "assists": 13, "putOuts": 93, "errors": 14, "chances": 120, "fielding": ".883", "position": {"code": "2", "name": "Catcher", "type": "Catcher", "abbreviation": "C"}, "rangeFactorPerGame": "5.58", "games": 19, "passedBall": 23, "doublePlays": 2, "triplePlays": 0}, "team": {"id": 163, "name": "Baltimore Orioles", "link": "/api/v1/teams/163"}, "player": {"id": 110485, "fullName": "Phil Baker", "link": "/api/v1/people/110485"}, "league": {"id": 100, "name": "American Association", "link": "/api/v1/league/100"}, "sport": {"id": 1, "link": "/api/v1/sports/1", "abbreviation": "MLB"}, "gameType": "R", "position": {"code": "2", "name": "Catcher", "type": "Catcher", "abbreviation": "C"}}, {"season": "1883", "stat": {"gamesPlayed": 1, "assists": 0, "putOuts": 0, "errors": 0, "chances": 0, "fielding": ".000", "position": {"code": "6", "name": "Shortstop", "type": "Infielder", "abbreviation": "SS"}, "rangeFactorPerGame": "0.00", "games": 1, "doublePlays": 0, "triplePlays": 0}, "team": {"id": 163, "name": "Baltimore Orioles", "link": "/api/v1/teams/163"}, "player": {"id": 110485, "fullName": "Phil Baker", "link": "/api/v1/people/110485"}, "league": {"id": 100, "name": "American Association", "link": "/api/v1/league/100"}, "sport": {"id": 1, "link": "/api/v1/sports/1", "abbreviation": "MLB"}, "gameType": "R", "position": {"code": "6", "name": "Shortstop", "type": "Infielder", "abbreviation": "SS"}}, {"season": "1884", "stat": {"gamesPlayed": 27, "assists": 25, "putOuts": 159, "errors": 14, "chances": 198, "fielding": ".929", "position": {"code": "2", "name": "Catcher", "type": "Catcher", "abbreviation": "C"}, "rangeFactorPerGame": "6.81", "games": 27, "passedBall": 18, "doublePlays": 3, "triplePlays": 0}, "team": {"id": 222, "name": "Washington Nationals", "link": "/api/v1/teams/222"}, "player": {"id": 110485, "fullName": "Phil Baker", "link": "/api/v1/people/110485"}, "league": {"id": 101, "name": "Union Association", "link": "/api/v1/league/101"}, "sport": {"id": 1, "link": "/api/v1/sports/1", "abbreviation": "MLB"}, "gameType": "R", "position": {"code": "2", "name": "Catcher", "type": "Catcher", "abbreviation": "C"}}, {"season": "1884", "stat": {"gamesPlayed": 39, "assists": 12, "putOuts": 309, "errors": 15, "chances": 336, "fielding": ".955", "position": {"code": "3", "name": "First Base", "type": "Infielder", "abbreviation": "1B"}, "rangeFactorPerGame": "8.23", "games": 39, "doublePlays": 13, "triplePlays": 0}, "team": {"id": 222, "name": "Washington Nationals", "link": "/api/v1/teams/222"}, "player": {"id": 110485, "fullName": "Phil Baker", "link": "/api/v1/people/110485"}, "league": {"id": 101, "name": "Union Association", "link": "/api/v1/league/101"}, "sport": {"id": 1, "link": "/api/v1/sports/1", "abbreviation": "MLB"}, "gameType": "R", "position": {"code": "3", "name": "First Base", "type": "Infielder", "abbreviation": "1B"}}, {"season": "1886", "stat": {"gamesPlayed": 4, "assists": 2, "putOuts": 4, "errors": 1, "chances": 7, "fielding": ".857", "position": {"code": "2", "name": "Catcher", "type": "Catcher", "abbreviation": "C"}, "rangeFactorPerGame": "1.50", "games": 4, "passedBall": 0, "doublePlays": 0, "triplePlays": 0}, "team": {"id": 220, "name": "Washington Senators", "link": "/api/v1/teams/220"}, "player": {"id": 110485, "fullName": "Phil Baker", "link": "/api/v1/people/110485"}, "league": {"id": 104, "name": "National League", "link": "/api/v1/league/104"}, "sport": {"id": 1, "link": "/api/v1/sports/1", "abbreviation": "MLB"}, "gameType": "R", "position": {"code": "2", "name": "Catcher", "type": "Catcher", "abbreviation": "C"}}, {"season": "1886", "stat": {"gamesPlayed": 56, "assists": 13, "putOuts": 567, "errors": 20, "chances": 600, "fielding": ".967", "position": {"code": "3", "name": "First Base", "type": "Infielder", "abbreviation": "1B"}, "rangeFactorPerGame": "10.36", "games": 56, "doublePlays": 29, "triplePlays": 0}, "team": {"id": 220, "name": "Washington Senators", "link": "/api/v1/teams/220"}, "player": {"id": 110485, "fullName": "Phil Baker", "link": "/api/v1/people/110485"}, "league": {"id": 104, "name": "National League", "link": "/api/v1/league/104"}, "sport": {"id": 1, "link": "/api/v1/sports/1", "abbreviation": "MLB"}, "gameType": "R", "position": {"code": "3", "name": "First Base", "type": "Infielder", "abbreviation": "1B"}}]}], "mlbDebutDate": "1883-05-01", "batSide": {"code": "L", "description": "Left"}, "pitchHand": {"code": "L", "description": "Left"}, "nameFirstLast": "Phil Baker", "nameSlug": "phil-baker-110485", "firstLastName": "Phil Baker", "lastFirstName": "Baker, Phil", "lastInitName": "Baker, P", "initLastName": "P Baker", "fullFMLName": "Philip Baker", "fullLFMName": "Baker, Philip", "strikeZoneTop": 3.26, "strikeZoneBottom": 1.481}