{"id": 110474, "fullName": "Frank Baker", "link": "/api/v1/people/110474", "firstName": "Frank", "lastName": "Baker", "primaryNumber": "26", "birthDate": "1946-10-29", "currentAge": 76, "birthCity": "Meridian", "birthStateProvince": "MS", "birthCountry": "USA", "height": "6' 2\"", "weight": 178, "active": false, "primaryPosition": {"code": "6", "name": "Shortstop", "type": "Infielder", "abbreviation": "SS"}, "useName": "Frank", "useLastName": "Baker", "middleName": "Watts", "boxscoreName": "Baker", "gender": "M", "isPlayer": true, "isVerified": true, "draftYear": 1966, "lastPlayedDate": "1974-10-02", "stats": [{"type": {"displayName": "career"}, "group": {"displayName": "hitting"}, "exemptions": [], "splits": [{"stat": {"gamesPlayed": 146, "groundOuts": 6, "airOuts": 3, "runs": 28, "doubles": 8, "triples": 3, "homeRuns": 1, "strikeOuts": 60, "baseOnBalls": 40, "intentionalWalks": 3, "hits": 55, "hitByPitch": 2, "avg": ".191", "atBats": 288, "obp": ".292", "slg": ".250", "ops": ".542", "caughtStealing": 2, "stolenBases": 4, "stolenBasePercentage": ".667", "groundIntoDoublePlay": 4, "numberOfPitches": 51, "plateAppearances": 334, "totalBases": 72, "rbi": 24, "leftOnBase": 15, "sacBunts": 2, "sacFlies": 2, "babip": ".236", "groundOutsToAirouts": "2.00", "catchersInterference": 0, "atBatsPerHomeRun": "288.00"}, "player": {"id": 110474, "fullName": "Frank Baker", "link": "/api/v1/people/110474"}, "sport": {"id": 1, "link": "/api/v1/sports/1", "abbreviation": "MLB"}, "gameType": "R", "numTeams": 2}]}, {"type": {"displayName": "career"}, "group": {"displayName": "fielding"}, "exemptions": [], "splits": [{"stat": {"gamesPlayed": 1, "gamesStarted": 0, "assists": 0, "putOuts": 3, "errors": 0, "chances": 3, "fielding": "1.000", "position": {"code": "3", "name": "First Base", "type": "Infielder", "abbreviation": "1B"}, "rangeFactorPerGame": "3.00", "rangeFactorPer9Inn": "27.00", "innings": "1.2", "games": 1, "doublePlays": 0, "triplePlays": 0, "throwingErrors": 0}, "team": {"id": 110, "name": "Baltimore Orioles", "link": "/api/v1/teams/110"}, "player": {"id": 110474, "fullName": "Frank Baker", "link": "/api/v1/people/110474"}, "league": {"id": 103, "name": "American League", "link": "/api/v1/league/103"}, "sport": {"id": 1, "link": "/api/v1/sports/1", "abbreviation": "MLB"}, "gameType": "R", "position": {"code": "3", "name": "First Base", "type": "Infielder", "abbreviation": "1B"}}, {"stat": {"gamesPlayed": 10, "gamesStarted": 1, "assists": 19, "putOuts": 20, "errors": 5, "chances": 44, "fielding": ".886", "position": {"code": "4", "name": "Second Base", "type": "Infielder", "abbreviation": "2B"}, "rangeFactorPerGame": "3.90", "rangeFactorPer9Inn": "6.27", "innings": "56.1", "games": 10, "doublePlays": 3, "triplePlays": 0, "throwingErrors": 0}, "team": {"id": 110, "name": "Baltimore Orioles", "link": "/api/v1/teams/110"}, "player": {"id": 110474, "fullName": "Frank Baker", "link": "/api/v1/people/110474"}, "league": {"id": 103, "name": "American League", "link": "/api/v1/league/103"}, "sport": {"id": 1, "link": "/api/v1/sports/1", "abbreviation": "MLB"}, "gameType": "R", "position": {"code": "4", "name": "Second Base", "type": "Infielder", "abbreviation": "2B"}}, {"stat": {"gamesPlayed": 2, "gamesStarted": 0, "assists": 1, "putOuts": 0, "errors": 0, "chances": 1, "fielding": "1.000", "position": {"code": "5", "name": "Third Base", "type": "Infielder", "abbreviation": "3B"}, "rangeFactorPerGame": "0.50", "rangeFactorPer9Inn": "1.50", "innings": "6.0", "games": 2, "doublePlays": 0, "triplePlays": 0, "throwingErrors": 0}, "team": {"id": 110, "name": "Baltimore Orioles", "link": "/api/v1/teams/110"}, "player": {"id": 110474, "fullName": "Frank Baker", "link": "/api/v1/people/110474"}, "league": {"id": 103, "name": "American League", "link": "/api/v1/league/103"}, "sport": {"id": 1, "link": "/api/v1/sports/1", "abbreviation": "MLB"}, "gameType": "R", "position": {"code": "5", "name": "Third Base", "type": "Infielder", "abbreviation": "3B"}}, {"stat": {"gamesPlayed": 122, "gamesStarted": 84, "assists": 290, "putOuts": 156, "errors": 22, "chances": 468, "fielding": ".953", "position": {"code": "6", "name": "Shortstop", "type": "Infielder", "abbreviation": "SS"}, "rangeFactorPerGame": "3.66", "rangeFactorPer9Inn": "5.27", "innings": "762.0", "games": 122, "doublePlays": 69, "triplePlays": 0, "throwingErrors": 4}, "player": {"id": 110474, "fullName": "Frank Baker", "link": "/api/v1/people/110474"}, "sport": {"id": 1, "link": "/api/v1/sports/1", "abbreviation": "MLB"}, "gameType": "R", "numTeams": 2, "position": {"code": "6", "name": "Shortstop", "type": "Infielder", "abbreviation": "SS"}}]}, {"type": {"displayName": "yearByYear"}, "group": {"displayName": "hitting"}, "exemptions": [], "splits": [{"season": "1970", "stat": {"gamesPlayed": 35, "runs": 6, "doubles": 4, "triples": 1, "homeRuns": 0, "strikeOuts": 26, "baseOnBalls": 14, "intentionalWalks": 0, "hits": 27, "hitByPitch": 2, "avg": ".231", "atBats": 117, "obp": ".323", "slg": ".282", "ops": ".605", "caughtStealing": 2, "stolenBases": 1, "stolenBasePercentage": ".333", "groundIntoDoublePlay": 1, "plateAppearances": 133, "totalBases": 33, "rbi": 11, "sacBunts": 0, "sacFlies": 0, "babip": ".297", "atBatsPerHomeRun": "-.--"}, "team": {"id": 147, "name": "New York Yankees", "link": "/api/v1/teams/147"}, "player": {"id": 110474, "fullName": "Frank Baker", "link": "/api/v1/people/110474"}, "league": {"id": 103, "name": "American League", "link": "/api/v1/league/103"}, "sport": {"id": 1, "link": "/api/v1/sports/1", "abbreviation": "MLB"}, "gameType": "R"}, {"season": "1971", "stat": {"gamesPlayed": 43, "runs": 9, "doubles": 2, "triples": 0, "homeRuns": 0, "strikeOuts": 22, "baseOnBalls": 16, "intentionalWalks": 3, "hits": 11, "hitByPitch": 0, "avg": ".139", "atBats": 79, "obp": ".281", "slg": ".165", "ops": ".446", "caughtStealing": 0, "stolenBases": 3, "stolenBasePercentage": "1.000", "groundIntoDoublePlay": 2, "plateAppearances": 98, "totalBases": 13, "rbi": 2, "sacBunts": 2, "sacFlies": 1, "babip": ".190", "atBatsPerHomeRun": "-.--"}, "team": {"id": 147, "name": "New York Yankees", "link": "/api/v1/teams/147"}, "player": {"id": 110474, "fullName": "Frank Baker", "link": "/api/v1/people/110474"}, "league": {"id": 103, "name": "American League", "link": "/api/v1/league/103"}, "sport": {"id": 1, "link": "/api/v1/sports/1", "abbreviation": "MLB"}, "gameType": "R"}, {"season": "1973", "stat": {"gamesPlayed": 44, "runs": 10, "doubles": 1, "triples": 2, "homeRuns": 1, "strikeOuts": 7, "baseOnBalls": 7, "intentionalWalks": 0, "hits": 12, "hitByPitch": 0, "avg": ".190", "atBats": 63, "obp": ".268", "slg": ".317", "ops": ".585", "caughtStealing": 0, "stolenBases": 0, "stolenBasePercentage": ".---", "groundIntoDoublePlay": 0, "plateAppearances": 71, "totalBases": 20, "rbi": 11, "sacBunts": 0, "sacFlies": 1, "babip": ".196", "atBatsPerHomeRun": "63.00"}, "team": {"id": 110, "name": "Baltimore Orioles", "link": "/api/v1/teams/110"}, "player": {"id": 110474, "fullName": "Frank Baker", "link": "/api/v1/people/110474"}, "league": {"id": 103, "name": "American League", "link": "/api/v1/league/103"}, "sport": {"id": 1, "link": "/api/v1/sports/1", "abbreviation": "MLB"}, "gameType": "R"}, {"season": "1974", "stat": {"gamesPlayed": 24, "groundOuts": 6, "airOuts": 3, "runs": 3, "doubles": 1, "triples": 0, "homeRuns": 0, "strikeOuts": 5, "baseOnBalls": 3, "intentionalWalks": 0, "hits": 5, "hitByPitch": 0, "avg": ".172", "atBats": 29, "obp": ".250", "slg": ".207", "ops": ".457", "caughtStealing": 0, "stolenBases": 0, "stolenBasePercentage": ".---", "groundIntoDoublePlay": 1, "numberOfPitches": 51, "plateAppearances": 32, "totalBases": 6, "rbi": 0, "leftOnBase": 15, "sacBunts": 0, "sacFlies": 0, "babip": ".208", "groundOutsToAirouts": "2.00", "catchersInterference": 0, "atBatsPerHomeRun": "-.--"}, "team": {"id": 110, "name": "Baltimore Orioles", "link": "/api/v1/teams/110"}, "player": {"id": 110474, "fullName": "Frank Baker", "link": "/api/v1/people/110474"}, "league": {"id": 103, "name": "American League", "link": "/api/v1/league/103"}, "sport": {"id": 1, "link": "/api/v1/sports/1", "abbreviation": "MLB"}, "gameType": "R"}]}, {"type": {"displayName": "yearByYear"}, "group": {"displayName": "fielding"}, "exemptions": [], "splits": [{"season": "1970", "stat": {"gamesPlayed": 35, "gamesStarted": 32, "assists": 117, "putOuts": 62, "errors": 5, "chances": 184, "fielding": ".973", "position": {"code": "6", "name": "Shortstop", "type": "Infielder", "abbreviation": "SS"}, "rangeFactorPerGame": "5.11", "rangeFactorPer9Inn": "5.52", "innings": "292.0", "games": 35, "doublePlays": 22, "triplePlays": 0, "throwingErrors": 1}, "team": {"id": 147, "name": "New York Yankees", "link": "/api/v1/teams/147"}, "player": {"id": 110474, "fullName": "Frank Baker", "link": "/api/v1/people/110474"}, "league": {"id": 103, "name": "American League", "link": "/api/v1/league/103"}, "sport": {"id": 1, "link": "/api/v1/sports/1", "abbreviation": "MLB"}, "gameType": "R", "position": {"code": "6", "name": "Shortstop", "type": "Infielder", "abbreviation": "SS"}}, {"season": "1971", "stat": {"gamesPlayed": 38, "gamesStarted": 29, "assists": 97, "putOuts": 55, "errors": 8, "chances": 160, "fielding": ".950", "position": {"code": "6", "name": "Shortstop", "type": "Infielder", "abbreviation": "SS"}, "rangeFactorPerGame": "4.00", "rangeFactorPer9Inn": "5.36", "innings": "255.0", "games": 38, "doublePlays": 28, "triplePlays": 0, "throwingErrors": 2}, "team": {"id": 147, "name": "New York Yankees", "link": "/api/v1/teams/147"}, "player": {"id": 110474, "fullName": "Frank Baker", "link": "/api/v1/people/110474"}, "league": {"id": 103, "name": "American League", "link": "/api/v1/league/103"}, "sport": {"id": 1, "link": "/api/v1/sports/1", "abbreviation": "MLB"}, "gameType": "R", "position": {"code": "6", "name": "Shortstop", "type": "Infielder", "abbreviation": "SS"}}, {"season": "1973", "stat": {"gamesPlayed": 1, "gamesStarted": 0, "assists": 0, "putOuts": 3, "errors": 0, "chances": 3, "fielding": "1.000", "position": {"code": "3", "name": "First Base", "type": "Infielder", "abbreviation": "1B"}, "rangeFactorPerGame": "3.00", "rangeFactorPer9Inn": "27.00", "innings": "1.2", "games": 1, "doublePlays": 0, "triplePlays": 0, "throwingErrors": 0}, "team": {"id": 110, "name": "Baltimore Orioles", "link": "/api/v1/teams/110"}, "player": {"id": 110474, "fullName": "Frank Baker", "link": "/api/v1/people/110474"}, "league": {"id": 103, "name": "American League", "link": "/api/v1/league/103"}, "sport": {"id": 1, "link": "/api/v1/sports/1", "abbreviation": "MLB"}, "gameType": "R", "position": {"code": "3", "name": "First Base", "type": "Infielder", "abbreviation": "1B"}}, {"season": "1973", "stat": {"gamesPlayed": 7, "gamesStarted": 0, "assists": 14, "putOuts": 11, "errors": 2, "chances": 27, "fielding": ".926", "position": {"code": "4", "name": "Second Base", "type": "Infielder", "abbreviation": "2B"}, "rangeFactorPerGame": "3.57", "rangeFactorPer9Inn": "6.08", "innings": "37.0", "games": 7, "doublePlays": 1, "triplePlays": 0, "throwingErrors": 0}, "team": {"id": 110, "name": "Baltimore Orioles", "link": "/api/v1/teams/110"}, "player": {"id": 110474, "fullName": "Frank Baker", "link": "/api/v1/people/110474"}, "league": {"id": 103, "name": "American League", "link": "/api/v1/league/103"}, "sport": {"id": 1, "link": "/api/v1/sports/1", "abbreviation": "MLB"}, "gameType": "R", "position": {"code": "4", "name": "Second Base", "type": "Infielder", "abbreviation": "2B"}}, {"season": "1973", "stat": {"gamesPlayed": 1, "gamesStarted": 0, "assists": 0, "putOuts": 0, "errors": 0, "chances": 0, "fielding": ".000", "position": {"code": "5", "name": "Third Base", "type": "Infielder", "abbreviation": "3B"}, "rangeFactorPerGame": "0.00", "rangeFactorPer9Inn": "0.00", "innings": "3.0", "games": 1, "doublePlays": 0, "triplePlays": 0, "throwingErrors": 0}, "team": {"id": 110, "name": "Baltimore Orioles", "link": "/api/v1/teams/110"}, "player": {"id": 110474, "fullName": "Frank Baker", "link": "/api/v1/people/110474"}, "league": {"id": 103, "name": "American League", "link": "/api/v1/league/103"}, "sport": {"id": 1, "link": "/api/v1/sports/1", "abbreviation": "MLB"}, "gameType": "R", "position": {"code": "5", "name": "Third Base", "type": "Infielder", "abbreviation": "3B"}}, {"season": "1973", "stat": {"gamesPlayed": 32, "gamesStarted": 17, "assists": 52, "putOuts": 31, "errors": 3, "chances": 86, "fielding": ".965", "position": {"code": "6", "name": "Shortstop", "type": "Infielder", "abbreviation": "SS"}, "rangeFactorPerGame": "2.59", "rangeFactorPer9Inn": "4.98", "innings": "150.0", "games": 32, "doublePlays": 15, "triplePlays": 0, "throwingErrors": 1}, "team": {"id": 110, "name": "Baltimore Orioles", "link": "/api/v1/teams/110"}, "player": {"id": 110474, "fullName": "Frank Baker", "link": "/api/v1/people/110474"}, "league": {"id": 103, "name": "American League", "link": "/api/v1/league/103"}, "sport": {"id": 1, "link": "/api/v1/sports/1", "abbreviation": "MLB"}, "gameType": "R", "position": {"code": "6", "name": "Shortstop", "type": "Infielder", "abbreviation": "SS"}}, {"season": "1974", "stat": {"gamesPlayed": 3, "gamesStarted": 1, "assists": 5, "putOuts": 9, "errors": 3, "chances": 17, "fielding": ".824", "position": {"code": "4", "name": "Second Base", "type": "Infielder", "abbreviation": "2B"}, "rangeFactorPerGame": "4.67", "rangeFactorPer9Inn": "6.63", "innings": "19.1", "games": 3, "doublePlays": 2, "triplePlays": 0, "throwingErrors": 0}, "team": {"id": 110, "name": "Baltimore Orioles", "link": "/api/v1/teams/110"}, "player": {"id": 110474, "fullName": "Frank Baker", "link": "/api/v1/people/110474"}, "league": {"id": 103, "name": "American League", "link": "/api/v1/league/103"}, "sport": {"id": 1, "link": "/api/v1/sports/1", "abbreviation": "MLB"}, "gameType": "R", "position": {"code": "4", "name": "Second Base", "type": "Infielder", "abbreviation": "2B"}}, {"season": "1974", "stat": {"gamesPlayed": 1, "gamesStarted": 0, "assists": 1, "putOuts": 0, "errors": 0, "chances": 1, "fielding": "1.000", "position": {"code": "5", "name": "Third Base", "type": "Infielder", "abbreviation": "3B"}, "rangeFactorPerGame": "1.00", "rangeFactorPer9Inn": "3.00", "innings": "3.0", "games": 1, "doublePlays": 0, "triplePlays": 0, "throwingErrors": 0}, "team": {"id": 110, "name": "Baltimore Orioles", "link": "/api/v1/teams/110"}, "player": {"id": 110474, "fullName": "Frank Baker", "link": "/api/v1/people/110474"}, "league": {"id": 103, "name": "American League", "link": "/api/v1/league/103"}, "sport": {"id": 1, "link": "/api/v1/sports/1", "abbreviation": "MLB"}, "gameType": "R", "position": {"code": "5", "name": "Third Base", "type": "Infielder", "abbreviation": "3B"}}, {"season": "1974", "stat": {"gamesPlayed": 17, "gamesStarted": 6, "assists": 24, "putOuts": 8, "errors": 6, "chances": 38, "fielding": ".842", "position": {"code": "6", "name": "Shortstop", "type": "Infielder", "abbreviation": "SS"}, "rangeFactorPerGame": "1.88", "rangeFactorPer9Inn": "4.43", "innings": "65.0", "games": 17, "doublePlays": 4, "triplePlays": 0, "throwingErrors": 0}, "team": {"id": 110, "name": "Baltimore Orioles", "link": "/api/v1/teams/110"}, "player": {"id": 110474, "fullName": "Frank Baker", "link": "/api/v1/people/110474"}, "league": {"id": 103, "name": "American League", "link": "/api/v1/league/103"}, "sport": {"id": 1, "link": "/api/v1/sports/1", "abbreviation": "MLB"}, "gameType": "R", "position": {"code": "6", "name": "Shortstop", "type": "Infielder", "abbreviation": "SS"}}]}], "mlbDebutDate": "1970-08-09", "batSide": {"code": "L", "description": "Left"}, "pitchHand": {"code": "R", "description": "Right"}, "nameFirstLast": "Frank Baker", "nameSlug": "frank-baker-110474", "firstLastName": "Frank Baker", "lastFirstName": "Baker, Frank", "lastInitName": "Baker, F", "initLastName": "F Baker", "fullFMLName": "Frank Watts Baker", "fullLFMName": "Baker, Frank Watts", "strikeZoneTop": 3.467, "strikeZoneBottom": 1.589}