{"id": 110414, "fullName": "Loren Babe", "link": "/api/v1/people/110414", "firstName": "Loren", "lastName": "Babe", "primaryNumber": "3", "birthDate": "1928-01-11", "currentAge": 56, "birthCity": "Pisgah", "birthStateProvince": "IA", "birthCountry": "USA", "height": "5' 10\"", "weight": 180, "active": false, "primaryPosition": {"code": "5", "name": "Third Base", "type": "Infielder", "abbreviation": "3B"}, "useName": "Loren", "useLastName": "Babe", "middleName": "Rolland", "boxscoreName": "Babe", "nickName": "Bee Bee", "gender": "M", "isPlayer": true, "isVerified": true, "deathDate": "1984-02-14", "deathCity": "Omaha", "deathStateProvince": "NE", "deathCountry": "USA", "lastPlayedDate": "1953-09-27", "stats": [{"type": {"displayName": "career"}, "group": {"displayName": "fielding"}, "exemptions": [], "splits": [{"stat": {"gamesPlayed": 107, "gamesStarted": 95, "assists": 226, "putOuts": 127, "errors": 20, "chances": 373, "fielding": ".946", "position": {"code": "5", "name": "Third Base", "type": "Infielder", "abbreviation": "3B"}, "rangeFactorPerGame": "3.30", "rangeFactorPer9Inn": "3.57", "innings": "889.2", "games": 107, "doublePlays": 31, "triplePlays": 0, "throwingErrors": 3}, "player": {"id": 110414, "fullName": "Loren Babe", "link": "/api/v1/people/110414"}, "sport": {"id": 1, "link": "/api/v1/sports/1", "abbreviation": "MLB"}, "gameType": "R", "numTeams": 2, "position": {"code": "5", "name": "Third Base", "type": "Infielder", "abbreviation": "3B"}}, {"stat": {"gamesPlayed": 1, "gamesStarted": 0, "assists": 0, "putOuts": 1, "errors": 0, "chances": 1, "fielding": "1.000", "position": {"code": "6", "name": "Shortstop", "type": "Infielder", "abbreviation": "SS"}, "rangeFactorPerGame": "1.00", "rangeFactorPer9Inn": "9.00", "innings": "1.0", "games": 1, "doublePlays": 0, "triplePlays": 0, "throwingErrors": 0}, "team": {"id": 133, "name": "Oakland Athletics", "link": "/api/v1/teams/133"}, "player": {"id": 110414, "fullName": "Loren Babe", "link": "/api/v1/people/110414"}, "league": {"id": 103, "name": "American League", "link": "/api/v1/league/103"}, "sport": {"id": 1, "link": "/api/v1/sports/1", "abbreviation": "MLB"}, "gameType": "R", "position": {"code": "6", "name": "Shortstop", "type": "Infielder", "abbreviation": "SS"}}]}, {"type": {"displayName": "career"}, "group": {"displayName": "hitting"}, "exemptions": [], "splits": [{"stat": {"gamesPlayed": 120, "runs": 37, "doubles": 18, "triples": 2, "homeRuns": 2, "strikeOuts": 26, "baseOnBalls": 39, "hits": 85, "hitByPitch": 2, "avg": ".223", "atBats": 382, "obp": ".298", "slg": ".296", "ops": ".594", "caughtStealing": 1, "stolenBases": 1, "stolenBasePercentage": ".500", "groundIntoDoublePlay": 9, "plateAppearances": 426, "totalBases": 113, "rbi": 26, "sacBunts": 3, "babip": ".234", "atBatsPerHomeRun": "191.00"}, "player": {"id": 110414, "fullName": "Loren Babe", "link": "/api/v1/people/110414"}, "sport": {"id": 1, "link": "/api/v1/sports/1", "abbreviation": "MLB"}, "gameType": "R", "numTeams": 2}]}, {"type": {"displayName": "yearByYear"}, "group": {"displayName": "fielding"}, "exemptions": [], "splits": [{"season": "1952", "stat": {"gamesPlayed": 9, "gamesStarted": 5, "assists": 16, "putOuts": 4, "errors": 2, "chances": 22, "fielding": ".909", "position": {"code": "5", "name": "Third Base", "type": "Infielder", "abbreviation": "3B"}, "rangeFactorPerGame": "2.22", "rangeFactorPer9Inn": "3.10", "innings": "58.0", "games": 9, "doublePlays": 3, "triplePlays": 0, "throwingErrors": 1}, "team": {"id": 147, "name": "New York Yankees", "link": "/api/v1/teams/147"}, "player": {"id": 110414, "fullName": "Loren Babe", "link": "/api/v1/people/110414"}, "league": {"id": 103, "name": "American League", "link": "/api/v1/league/103"}, "sport": {"id": 1, "link": "/api/v1/sports/1", "abbreviation": "MLB"}, "gameType": "R", "position": {"code": "5", "name": "Third Base", "type": "Infielder", "abbreviation": "3B"}}, {"season": "1953", "stat": {"gamesPlayed": 5, "gamesStarted": 5, "assists": 15, "putOuts": 8, "errors": 2, "chances": 25, "fielding": ".920", "position": {"code": "5", "name": "Third Base", "type": "Infielder", "abbreviation": "3B"}, "rangeFactorPerGame": "4.60", "rangeFactorPer9Inn": "4.70", "innings": "44.0", "games": 5, "doublePlays": 3, "triplePlays": 0, "throwingErrors": 0}, "team": {"id": 147, "name": "New York Yankees", "link": "/api/v1/teams/147"}, "player": {"id": 110414, "fullName": "Loren Babe", "link": "/api/v1/people/110414"}, "league": {"id": 103, "name": "American League", "link": "/api/v1/league/103"}, "sport": {"id": 1, "link": "/api/v1/sports/1", "abbreviation": "MLB"}, "gameType": "R", "position": {"code": "5", "name": "Third Base", "type": "Infielder", "abbreviation": "3B"}}, {"season": "1953", "stat": {"gamesPlayed": 93, "gamesStarted": 85, "assists": 195, "putOuts": 115, "errors": 16, "chances": 326, "fielding": ".951", "position": {"code": "5", "name": "Third Base", "type": "Infielder", "abbreviation": "3B"}, "rangeFactorPerGame": "3.33", "rangeFactorPer9Inn": "3.55", "innings": "787.2", "games": 93, "doublePlays": 25, "triplePlays": 0, "throwingErrors": 2}, "team": {"id": 133, "name": "Philadelphia Athletics", "link": "/api/v1/teams/133"}, "player": {"id": 110414, "fullName": "Loren Babe", "link": "/api/v1/people/110414"}, "league": {"id": 103, "name": "American League", "link": "/api/v1/league/103"}, "sport": {"id": 1, "link": "/api/v1/sports/1", "abbreviation": "MLB"}, "gameType": "R", "position": {"code": "5", "name": "Third Base", "type": "Infielder", "abbreviation": "3B"}}, {"season": "1953", "stat": {"gamesPlayed": 1, "gamesStarted": 0, "assists": 0, "putOuts": 1, "errors": 0, "chances": 1, "fielding": "1.000", "position": {"code": "6", "name": "Shortstop", "type": "Infielder", "abbreviation": "SS"}, "rangeFactorPerGame": "1.00", "rangeFactorPer9Inn": "9.00", "innings": "1.0", "games": 1, "doublePlays": 0, "triplePlays": 0, "throwingErrors": 0}, "team": {"id": 133, "name": "Philadelphia Athletics", "link": "/api/v1/teams/133"}, "player": {"id": 110414, "fullName": "Loren Babe", "link": "/api/v1/people/110414"}, "league": {"id": 103, "name": "American League", "link": "/api/v1/league/103"}, "sport": {"id": 1, "link": "/api/v1/sports/1", "abbreviation": "MLB"}, "gameType": "R", "position": {"code": "6", "name": "Shortstop", "type": "Infielder", "abbreviation": "SS"}}, {"season": "1953", "stat": {"gamesPlayed": 98, "gamesStarted": 90, "assists": 210, "putOuts": 123, "errors": 18, "chances": 351, "fielding": ".949", "position": {"code": "5", "name": "Third Base", "type": "Infielder", "abbreviation": "3B"}, "rangeFactorPerGame": "3.40", "rangeFactorPer9Inn": "3.61", "innings": "831.2", "games": 98, "doublePlays": 28, "triplePlays": 0, "throwingErrors": 2}, "player": {"id": 110414, "fullName": "Loren Babe", "link": "/api/v1/people/110414"}, "sport": {"id": 1, "link": "/api/v1/sports/1", "abbreviation": "MLB"}, "gameType": "R", "numTeams": 2, "position": {"code": "5", "name": "Third Base", "type": "Infielder", "abbreviation": "3B"}}]}, {"type": {"displayName": "yearByYear"}, "group": {"displayName": "hitting"}, "exemptions": [], "splits": [{"season": "1952", "stat": {"gamesPlayed": 12, "runs": 1, "doubles": 1, "triples": 0, "homeRuns": 0, "strikeOuts": 4, "baseOnBalls": 4, "hits": 2, "hitByPitch": 0, "avg": ".095", "atBats": 21, "obp": ".240", "slg": ".143", "ops": ".383", "caughtStealing": 0, "stolenBases": 1, "stolenBasePercentage": "1.000", "groundIntoDoublePlay": 0, "plateAppearances": 25, "totalBases": 3, "rbi": 0, "sacBunts": 0, "babip": ".118", "atBatsPerHomeRun": "-.--"}, "team": {"id": 147, "name": "New York Yankees", "link": "/api/v1/teams/147"}, "player": {"id": 110414, "fullName": "Loren Babe", "link": "/api/v1/people/110414"}, "league": {"id": 103, "name": "American League", "link": "/api/v1/league/103"}, "sport": {"id": 1, "link": "/api/v1/sports/1", "abbreviation": "MLB"}, "gameType": "R"}, {"season": "1953", "stat": {"gamesPlayed": 5, "runs": 2, "doubles": 1, "triples": 0, "homeRuns": 2, "strikeOuts": 2, "baseOnBalls": 0, "hits": 6, "hitByPitch": 0, "avg": ".333", "atBats": 18, "obp": ".333", "slg": ".722", "ops": "1.055", "caughtStealing": 0, "stolenBases": 0, "stolenBasePercentage": ".---", "groundIntoDoublePlay": 0, "plateAppearances": 18, "totalBases": 13, "rbi": 6, "sacBunts": 0, "babip": ".286", "atBatsPerHomeRun": "9.00"}, "team": {"id": 147, "name": "New York Yankees", "link": "/api/v1/teams/147"}, "player": {"id": 110414, "fullName": "Loren Babe", "link": "/api/v1/people/110414"}, "league": {"id": 103, "name": "American League", "link": "/api/v1/league/103"}, "sport": {"id": 1, "link": "/api/v1/sports/1", "abbreviation": "MLB"}, "gameType": "R"}, {"season": "1953", "stat": {"gamesPlayed": 103, "runs": 34, "doubles": 16, "triples": 2, "homeRuns": 0, "strikeOuts": 20, "baseOnBalls": 35, "hits": 77, "hitByPitch": 2, "avg": ".224", "atBats": 343, "obp": ".300", "slg": ".283", "ops": ".583", "caughtStealing": 1, "stolenBases": 0, "stolenBasePercentage": ".000", "groundIntoDoublePlay": 9, "plateAppearances": 383, "totalBases": 97, "rbi": 20, "sacBunts": 3, "babip": ".238", "atBatsPerHomeRun": "-.--"}, "team": {"id": 133, "name": "Philadelphia Athletics", "link": "/api/v1/teams/133"}, "player": {"id": 110414, "fullName": "Loren Babe", "link": "/api/v1/people/110414"}, "league": {"id": 103, "name": "American League", "link": "/api/v1/league/103"}, "sport": {"id": 1, "link": "/api/v1/sports/1", "abbreviation": "MLB"}, "gameType": "R"}, {"season": "1953", "stat": {"gamesPlayed": 108, "runs": 36, "doubles": 17, "triples": 2, "homeRuns": 2, "strikeOuts": 22, "baseOnBalls": 35, "hits": 83, "hitByPitch": 2, "avg": ".230", "atBats": 361, "obp": ".302", "slg": ".305", "ops": ".607", "caughtStealing": 1, "stolenBases": 0, "stolenBasePercentage": ".000", "groundIntoDoublePlay": 9, "plateAppearances": 401, "totalBases": 110, "rbi": 26, "sacBunts": 3, "babip": ".240", "atBatsPerHomeRun": "180.50"}, "player": {"id": 110414, "fullName": "Loren Babe", "link": "/api/v1/people/110414"}, "sport": {"id": 1, "link": "/api/v1/sports/1", "abbreviation": "MLB"}, "gameType": "R", "numTeams": 2}]}], "mlbDebutDate": "1952-08-19", "batSide": {"code": "L", "description": "Left"}, "pitchHand": {"code": "R", "description": "Right"}, "nameFirstLast": "Loren Babe", "nameSlug": "loren-babe-110414", "firstLastName": "Loren Babe", "lastFirstName": "Babe, Loren", "lastInitName": "Babe, L", "initLastName": "L Babe", "fullFMLName": "Loren Rolland Babe", "fullLFMName": "Babe, Loren Rolland", "strikeZoneTop": 3.301, "strikeZoneBottom": 1.504}