{"id": 110318, "fullName": "Tony Armas", "link": "/api/v1/people/110318", "firstName": "Antonio", "lastName": "Armas", "primaryNumber": "20", "birthDate": "1953-07-02", "currentAge": 70, "birthCity": "Puerto Piritu", "birthCountry": "Venezuela", "height": "5' 11\"", "weight": 200, "active": false, "primaryPosition": {"code": "8", "name": "Outfielder", "type": "Outfielder", "abbreviation": "CF"}, "useName": "Tony", "useLastName": "Armas", "middleName": "Rafael", "boxscoreName": "Armas", "gender": "M", "nameMatrilineal": "Machado", "isPlayer": true, "isVerified": true, "lastPlayedDate": "1989-10-01", "stats": [{"type": {"displayName": "career"}, "group": {"displayName": "hitting"}, "exemptions": [], "splits": [{"stat": {"gamesPlayed": 1432, "groundOuts": 403, "airOuts": 495, "runs": 614, "doubles": 204, "triples": 39, "homeRuns": 251, "strikeOuts": 1201, "baseOnBalls": 260, "intentionalWalks": 37, "hits": 1302, "hitByPitch": 15, "avg": ".252", "atBats": 5164, "obp": ".287", "slg": ".453", "ops": ".740", "caughtStealing": 20, "stolenBases": 18, "stolenBasePercentage": ".474", "groundIntoDoublePlay": 149, "numberOfPitches": 9804, "plateAppearances": 5502, "totalBases": 2337, "rbi": 815, "leftOnBase": 2339, "sacBunts": 11, "sacFlies": 52, "babip": ".279", "groundOutsToAirouts": "0.81", "catchersInterference": 0, "atBatsPerHomeRun": "20.57"}, "player": {"id": 110318, "fullName": "Tony Armas", "link": "/api/v1/people/110318"}, "sport": {"id": 1, "link": "/api/v1/sports/1", "abbreviation": "MLB"}, "gameType": "R", "numTeams": 4}]}, {"type": {"displayName": "career"}, "group": {"displayName": "fielding"}, "exemptions": [], "splits": [{"stat": {"gamesPlayed": 2, "gamesStarted": 2, "assists": 1, "putOuts": 4, "errors": 1, "chances": 6, "fielding": ".833", "position": {"code": "3", "name": "First Base", "type": "Infielder", "abbreviation": "1B"}, "rangeFactorPerGame": "2.50", "rangeFactorPer9Inn": "6.43", "innings": "7.0", "games": 2, "doublePlays": 2, "triplePlays": 0, "throwingErrors": 0}, "team": {"id": 108, "name": "Los Angeles Angels", "link": "/api/v1/teams/108"}, "player": {"id": 110318, "fullName": "Tony Armas", "link": "/api/v1/people/110318"}, "league": {"id": 103, "name": "American League", "link": "/api/v1/league/103"}, "sport": {"id": 1, "link": "/api/v1/sports/1", "abbreviation": "MLB"}, "gameType": "R", "position": {"code": "3", "name": "First Base", "type": "Infielder", "abbreviation": "1B"}}, {"stat": {"gamesPlayed": 123, "gamesStarted": 81, "assists": 3, "putOuts": 175, "errors": 3, "chances": 181, "fielding": ".983", "position": {"code": "7", "name": "Outfielder", "type": "Outfielder", "abbreviation": "LF"}, "rangeFactorPerGame": "1.45", "rangeFactorPer9Inn": "2.12", "innings": "757.0", "games": 123, "doublePlays": 0, "triplePlays": 0, "throwingErrors": 0}, "player": {"id": 110318, "fullName": "Tony Armas", "link": "/api/v1/people/110318"}, "sport": {"id": 1, "link": "/api/v1/sports/1", "abbreviation": "MLB"}, "gameType": "R", "numTeams": 4, "position": {"code": "7", "name": "Outfielder", "type": "Outfielder", "abbreviation": "LF"}}, {"stat": {"gamesPlayed": 618, "gamesStarted": 592, "assists": 28, "putOuts": 1578, "errors": 33, "chances": 1639, "fielding": ".980", "position": {"code": "8", "name": "Outfielder", "type": "Outfielder", "abbreviation": "CF"}, "rangeFactorPerGame": "2.60", "rangeFactorPer9Inn": "2.90", "innings": "4990.0", "games": 618, "doublePlays": 8, "triplePlays": 1, "throwingErrors": 4}, "player": {"id": 110318, "fullName": "Tony Armas", "link": "/api/v1/people/110318"}, "sport": {"id": 1, "link": "/api/v1/sports/1", "abbreviation": "MLB"}, "gameType": "R", "numTeams": 4, "position": {"code": "8", "name": "Outfielder", "type": "Outfielder", "abbreviation": "CF"}}, {"stat": {"gamesPlayed": 623, "gamesStarted": 564, "assists": 46, "putOuts": 1346, "errors": 24, "chances": 1416, "fielding": ".983", "position": {"code": "9", "name": "Outfielder", "type": "Outfielder", "abbreviation": "RF"}, "rangeFactorPerGame": "2.23", "rangeFactorPer9Inn": "2.44", "innings": "5134.2", "games": 623, "doublePlays": 9, "triplePlays": 0, "throwingErrors": 1}, "player": {"id": 110318, "fullName": "Tony Armas", "link": "/api/v1/people/110318"}, "sport": {"id": 1, "link": "/api/v1/sports/1", "abbreviation": "MLB"}, "gameType": "R", "numTeams": 3, "position": {"code": "9", "name": "Outfielder", "type": "Outfielder", "abbreviation": "RF"}}, {"stat": {"gamesPlayed": 87, "gamesStarted": 87, "assists": 0, "putOuts": 0, "errors": 0, "chances": 0, "fielding": ".000", "position": {"code": "10", "name": "Designated Hitter", "type": "Hitter", "abbreviation": "DH"}, "rangeFactorPerGame": "0.00", "rangeFactorPer9Inn": "-.--", "innings": "0.0", "games": 87, "doublePlays": 0, "triplePlays": 0, "throwingErrors": 0}, "player": {"id": 110318, "fullName": "Tony Armas", "link": "/api/v1/people/110318"}, "sport": {"id": 1, "link": "/api/v1/sports/1", "abbreviation": "MLB"}, "gameType": "R", "numTeams": 3, "position": {"code": "10", "name": "Designated Hitter", "type": "Hitter", "abbreviation": "DH"}}]}, {"type": {"displayName": "yearByYear"}, "group": {"displayName": "hitting"}, "exemptions": [], "splits": [{"season": "1976", "stat": {"gamesPlayed": 4, "groundOuts": 0, "airOuts": 0, "runs": 0, "doubles": 0, "triples": 0, "homeRuns": 0, "strikeOuts": 2, "baseOnBalls": 0, "intentionalWalks": 0, "hits": 2, "hitByPitch": 0, "avg": ".333", "atBats": 6, "obp": ".333", "slg": ".333", "ops": ".666", "caughtStealing": 0, "stolenBases": 0, "stolenBasePercentage": ".---", "groundIntoDoublePlay": 0, "numberOfPitches": 10, "plateAppearances": 6, "totalBases": 2, "rbi": 1, "leftOnBase": 2, "sacBunts": 0, "sacFlies": 0, "babip": ".500", "groundOutsToAirouts": "-.--", "catchersInterference": 0, "atBatsPerHomeRun": "-.--"}, "team": {"id": 134, "name": "Pittsburgh Pirates", "link": "/api/v1/teams/134"}, "player": {"id": 110318, "fullName": "Tony Armas", "link": "/api/v1/people/110318"}, "league": {"id": 104, "name": "National League", "link": "/api/v1/league/104"}, "sport": {"id": 1, "link": "/api/v1/sports/1", "abbreviation": "MLB"}, "gameType": "R"}, {"season": "1977", "stat": {"gamesPlayed": 118, "groundOuts": 22, "airOuts": 43, "runs": 26, "doubles": 8, "triples": 2, "homeRuns": 13, "strikeOuts": 99, "baseOnBalls": 20, "intentionalWalks": 2, "hits": 87, "hitByPitch": 0, "avg": ".240", "atBats": 363, "obp": ".274", "slg": ".380", "ops": ".654", "caughtStealing": 2, "stolenBases": 1, "stolenBasePercentage": ".333", "groundIntoDoublePlay": 8, "numberOfPitches": 650, "plateAppearances": 392, "totalBases": 138, "rbi": 53, "leftOnBase": 154, "sacBunts": 1, "sacFlies": 8, "babip": ".286", "groundOutsToAirouts": "0.51", "catchersInterference": 0, "atBatsPerHomeRun": "27.92"}, "team": {"id": 133, "name": "Oakland Athletics", "link": "/api/v1/teams/133"}, "player": {"id": 110318, "fullName": "Tony Armas", "link": "/api/v1/people/110318"}, "league": {"id": 103, "name": "American League", "link": "/api/v1/league/103"}, "sport": {"id": 1, "link": "/api/v1/sports/1", "abbreviation": "MLB"}, "gameType": "R"}, {"season": "1978", "stat": {"gamesPlayed": 91, "groundOuts": 21, "airOuts": 28, "runs": 17, "doubles": 6, "triples": 1, "homeRuns": 2, "strikeOuts": 62, "baseOnBalls": 10, "intentionalWalks": 2, "hits": 51, "hitByPitch": 2, "avg": ".213", "atBats": 239, "obp": ".250", "slg": ".272", "ops": ".522", "caughtStealing": 2, "stolenBases": 1, "stolenBasePercentage": ".333", "groundIntoDoublePlay": 5, "numberOfPitches": 412, "plateAppearances": 258, "totalBases": 65, "rbi": 13, "leftOnBase": 112, "sacBunts": 6, "sacFlies": 1, "babip": ".278", "groundOutsToAirouts": "0.75", "catchersInterference": 0, "atBatsPerHomeRun": "119.50"}, "team": {"id": 133, "name": "Oakland Athletics", "link": "/api/v1/teams/133"}, "player": {"id": 110318, "fullName": "Tony Armas", "link": "/api/v1/people/110318"}, "league": {"id": 103, "name": "American League", "link": "/api/v1/league/103"}, "sport": {"id": 1, "link": "/api/v1/sports/1", "abbreviation": "MLB"}, "gameType": "R"}, {"season": "1979", "stat": {"gamesPlayed": 80, "groundOuts": 14, "airOuts": 23, "runs": 29, "doubles": 9, "triples": 3, "homeRuns": 11, "strikeOuts": 67, "baseOnBalls": 16, "intentionalWalks": 2, "hits": 69, "hitByPitch": 1, "avg": ".248", "atBats": 278, "obp": ".290", "slg": ".421", "ops": ".711", "caughtStealing": 0, "stolenBases": 1, "stolenBasePercentage": "1.000", "groundIntoDoublePlay": 6, "numberOfPitches": 479, "plateAppearances": 297, "totalBases": 117, "rbi": 34, "leftOnBase": 111, "sacBunts": 0, "sacFlies": 2, "babip": ".287", "groundOutsToAirouts": "0.61", "catchersInterference": 0, "atBatsPerHomeRun": "25.27"}, "team": {"id": 133, "name": "Oakland Athletics", "link": "/api/v1/teams/133"}, "player": {"id": 110318, "fullName": "Tony Armas", "link": "/api/v1/people/110318"}, "league": {"id": 103, "name": "American League", "link": "/api/v1/league/103"}, "sport": {"id": 1, "link": "/api/v1/sports/1", "abbreviation": "MLB"}, "gameType": "R"}, {"season": "1980", "stat": {"gamesPlayed": 158, "groundOuts": 45, "airOuts": 49, "runs": 87, "doubles": 18, "triples": 8, "homeRuns": 35, "strikeOuts": 128, "baseOnBalls": 29, "intentionalWalks": 4, "hits": 175, "hitByPitch": 2, "avg": ".279", "atBats": 628, "obp": ".310", "slg": ".500", "ops": ".810", "caughtStealing": 3, "stolenBases": 5, "stolenBasePercentage": ".625", "groundIntoDoublePlay": 22, "numberOfPitches": 1009, "plateAppearances": 666, "totalBases": 314, "rbi": 109, "leftOnBase": 260, "sacBunts": 2, "sacFlies": 5, "babip": ".298", "groundOutsToAirouts": "0.92", "catchersInterference": 0, "atBatsPerHomeRun": "17.94"}, "team": {"id": 133, "name": "Oakland Athletics", "link": "/api/v1/teams/133"}, "player": {"id": 110318, "fullName": "Tony Armas", "link": "/api/v1/people/110318"}, "league": {"id": 103, "name": "American League", "link": "/api/v1/league/103"}, "sport": {"id": 1, "link": "/api/v1/sports/1", "abbreviation": "MLB"}, "gameType": "R"}, {"season": "1981", "stat": {"gamesPlayed": 109, "groundOuts": 22, "airOuts": 40, "runs": 51, "doubles": 24, "triples": 3, "homeRuns": 22, "strikeOuts": 115, "baseOnBalls": 19, "intentionalWalks": 6, "hits": 115, "hitByPitch": 2, "avg": ".261", "atBats": 440, "obp": ".294", "slg": ".480", "ops": ".774", "caughtStealing": 1, "stolenBases": 5, "stolenBasePercentage": ".833", "groundIntoDoublePlay": 6, "numberOfPitches": 767, "plateAppearances": 462, "totalBases": 211, "rbi": 76, "leftOnBase": 174, "sacBunts": 0, "sacFlies": 1, "babip": ".306", "groundOutsToAirouts": "0.55", "catchersInterference": 0, "atBatsPerHomeRun": "20.00"}, "team": {"id": 133, "name": "Oakland Athletics", "link": "/api/v1/teams/133"}, "player": {"id": 110318, "fullName": "Tony Armas", "link": "/api/v1/people/110318"}, "league": {"id": 103, "name": "American League", "link": "/api/v1/league/103"}, "sport": {"id": 1, "link": "/api/v1/sports/1", "abbreviation": "MLB"}, "gameType": "R"}, {"season": "1982", "stat": {"gamesPlayed": 138, "groundOuts": 29, "airOuts": 41, "runs": 58, "doubles": 19, "triples": 2, "homeRuns": 28, "strikeOuts": 128, "baseOnBalls": 33, "intentionalWalks": 5, "hits": 125, "hitByPitch": 1, "avg": ".233", "atBats": 536, "obp": ".275", "slg": ".433", "ops": ".708", "caughtStealing": 2, "stolenBases": 2, "stolenBasePercentage": ".500", "groundIntoDoublePlay": 14, "numberOfPitches": 933, "plateAppearances": 578, "totalBases": 232, "rbi": 89, "leftOnBase": 230, "sacBunts": 0, "sacFlies": 8, "babip": ".250", "groundOutsToAirouts": "0.71", "catchersInterference": 0, "atBatsPerHomeRun": "19.14"}, "team": {"id": 133, "name": "Oakland Athletics", "link": "/api/v1/teams/133"}, "player": {"id": 110318, "fullName": "Tony Armas", "link": "/api/v1/people/110318"}, "league": {"id": 103, "name": "American League", "link": "/api/v1/league/103"}, "sport": {"id": 1, "link": "/api/v1/sports/1", "abbreviation": "MLB"}, "gameType": "R"}, {"season": "1983", "stat": {"gamesPlayed": 145, "groundOuts": 64, "airOuts": 62, "runs": 77, "doubles": 23, "triples": 2, "homeRuns": 36, "strikeOuts": 131, "baseOnBalls": 29, "intentionalWalks": 0, "hits": 125, "hitByPitch": 2, "avg": ".218", "atBats": 574, "obp": ".254", "slg": ".453", "ops": ".707", "caughtStealing": 1, "stolenBases": 0, "stolenBasePercentage": ".000", "groundIntoDoublePlay": 31, "numberOfPitches": 962, "plateAppearances": 613, "totalBases": 260, "rbi": 107, "leftOnBase": 318, "sacBunts": 0, "sacFlies": 8, "babip": ".214", "groundOutsToAirouts": "1.03", "catchersInterference": 0, "atBatsPerHomeRun": "15.94"}, "team": {"id": 111, "name": "Boston Red Sox", "link": "/api/v1/teams/111"}, "player": {"id": 110318, "fullName": "Tony Armas", "link": "/api/v1/people/110318"}, "league": {"id": 103, "name": "American League", "link": "/api/v1/league/103"}, "sport": {"id": 1, "link": "/api/v1/sports/1", "abbreviation": "MLB"}, "gameType": "R"}, {"season": "1984", "stat": {"gamesPlayed": 157, "groundOuts": 49, "airOuts": 35, "runs": 107, "doubles": 29, "triples": 5, "homeRuns": 43, "strikeOuts": 156, "baseOnBalls": 32, "intentionalWalks": 9, "hits": 171, "hitByPitch": 1, "avg": ".268", "atBats": 639, "obp": ".300", "slg": ".531", "ops": ".831", "caughtStealing": 3, "stolenBases": 1, "stolenBasePercentage": ".250", "groundIntoDoublePlay": 13, "numberOfPitches": 1087, "plateAppearances": 679, "totalBases": 339, "rbi": 123, "leftOnBase": 307, "sacBunts": 0, "sacFlies": 7, "babip": ".286", "groundOutsToAirouts": "1.40", "catchersInterference": 0, "atBatsPerHomeRun": "14.86"}, "team": {"id": 111, "name": "Boston Red Sox", "link": "/api/v1/teams/111"}, "player": {"id": 110318, "fullName": "Tony Armas", "link": "/api/v1/people/110318"}, "league": {"id": 103, "name": "American League", "link": "/api/v1/league/103"}, "sport": {"id": 1, "link": "/api/v1/sports/1", "abbreviation": "MLB"}, "gameType": "R"}, {"season": "1985", "stat": {"gamesPlayed": 103, "groundOuts": 20, "airOuts": 26, "runs": 50, "doubles": 17, "triples": 5, "homeRuns": 23, "strikeOuts": 90, "baseOnBalls": 18, "intentionalWalks": 4, "hits": 102, "hitByPitch": 2, "avg": ".265", "atBats": 385, "obp": ".298", "slg": ".514", "ops": ".812", "caughtStealing": 0, "stolenBases": 0, "stolenBasePercentage": ".---", "groundIntoDoublePlay": 14, "numberOfPitches": 644, "plateAppearances": 410, "totalBases": 198, "rbi": 64, "leftOnBase": 200, "sacBunts": 0, "sacFlies": 5, "babip": ".285", "groundOutsToAirouts": "0.77", "catchersInterference": 0, "atBatsPerHomeRun": "16.74"}, "team": {"id": 111, "name": "Boston Red Sox", "link": "/api/v1/teams/111"}, "player": {"id": 110318, "fullName": "Tony Armas", "link": "/api/v1/people/110318"}, "league": {"id": 103, "name": "American League", "link": "/api/v1/league/103"}, "sport": {"id": 1, "link": "/api/v1/sports/1", "abbreviation": "MLB"}, "gameType": "R"}, {"season": "1986", "stat": {"gamesPlayed": 121, "groundOuts": 29, "airOuts": 19, "runs": 40, "doubles": 21, "triples": 4, "homeRuns": 11, "strikeOuts": 77, "baseOnBalls": 24, "intentionalWalks": 1, "hits": 112, "hitByPitch": 2, "avg": ".264", "atBats": 425, "obp": ".305", "slg": ".409", "ops": ".714", "caughtStealing": 3, "stolenBases": 0, "stolenBasePercentage": ".000", "groundIntoDoublePlay": 12, "numberOfPitches": 679, "plateAppearances": 453, "totalBases": 174, "rbi": 58, "leftOnBase": 183, "sacBunts": 0, "sacFlies": 2, "babip": ".298", "groundOutsToAirouts": "1.53", "catchersInterference": 0, "atBatsPerHomeRun": "38.64"}, "team": {"id": 111, "name": "Boston Red Sox", "link": "/api/v1/teams/111"}, "player": {"id": 110318, "fullName": "Tony Armas", "link": "/api/v1/people/110318"}, "league": {"id": 103, "name": "American League", "link": "/api/v1/league/103"}, "sport": {"id": 1, "link": "/api/v1/sports/1", "abbreviation": "MLB"}, "gameType": "R"}, {"season": "1987", "stat": {"gamesPlayed": 28, "groundOuts": 10, "airOuts": 10, "runs": 8, "doubles": 3, "triples": 1, "homeRuns": 3, "strikeOuts": 11, "baseOnBalls": 1, "intentionalWalks": 0, "hits": 16, "hitByPitch": 0, "avg": ".198", "atBats": 81, "obp": ".205", "slg": ".370", "ops": ".575", "caughtStealing": 0, "stolenBases": 1, "stolenBasePercentage": "1.000", "groundIntoDoublePlay": 3, "numberOfPitches": 109, "plateAppearances": 84, "totalBases": 30, "rbi": 9, "leftOnBase": 41, "sacBunts": 1, "sacFlies": 1, "babip": ".191", "groundOutsToAirouts": "1.00", "catchersInterference": 0, "atBatsPerHomeRun": "27.00"}, "team": {"id": 108, "name": "California Angels", "link": "/api/v1/teams/108"}, "player": {"id": 110318, "fullName": "Tony Armas", "link": "/api/v1/people/110318"}, "league": {"id": 103, "name": "American League", "link": "/api/v1/league/103"}, "sport": {"id": 1, "link": "/api/v1/sports/1", "abbreviation": "MLB"}, "gameType": "R"}, {"season": "1988", "stat": {"gamesPlayed": 120, "groundOuts": 33, "airOuts": 61, "runs": 42, "doubles": 20, "triples": 2, "homeRuns": 13, "strikeOuts": 87, "baseOnBalls": 22, "intentionalWalks": 0, "hits": 100, "hitByPitch": 0, "avg": ".272", "atBats": 368, "obp": ".311", "slg": ".443", "ops": ".754", "caughtStealing": 3, "stolenBases": 1, "stolenBasePercentage": ".250", "groundIntoDoublePlay": 13, "numberOfPitches": 1372, "plateAppearances": 393, "totalBases": 163, "rbi": 49, "leftOnBase": 162, "sacBunts": 1, "sacFlies": 2, "babip": ".322", "groundOutsToAirouts": "0.54", "catchersInterference": 0, "atBatsPerHomeRun": "28.31"}, "team": {"id": 108, "name": "California Angels", "link": "/api/v1/teams/108"}, "player": {"id": 110318, "fullName": "Tony Armas", "link": "/api/v1/people/110318"}, "league": {"id": 103, "name": "American League", "link": "/api/v1/league/103"}, "sport": {"id": 1, "link": "/api/v1/sports/1", "abbreviation": "MLB"}, "gameType": "R"}, {"season": "1989", "stat": {"gamesPlayed": 60, "groundOuts": 45, "airOuts": 58, "runs": 22, "doubles": 7, "triples": 1, "homeRuns": 11, "strikeOuts": 48, "baseOnBalls": 7, "intentionalWalks": 2, "hits": 52, "hitByPitch": 0, "avg": ".257", "atBats": 202, "obp": ".280", "slg": ".465", "ops": ".745", "caughtStealing": 0, "stolenBases": 0, "stolenBasePercentage": ".---", "groundIntoDoublePlay": 2, "numberOfPitches": 691, "plateAppearances": 211, "totalBases": 94, "rbi": 30, "leftOnBase": 85, "sacBunts": 0, "sacFlies": 2, "babip": ".283", "groundOutsToAirouts": "0.78", "catchersInterference": 0, "atBatsPerHomeRun": "18.36"}, "team": {"id": 108, "name": "California Angels", "link": "/api/v1/teams/108"}, "player": {"id": 110318, "fullName": "Tony Armas", "link": "/api/v1/people/110318"}, "league": {"id": 103, "name": "American League", "link": "/api/v1/league/103"}, "sport": {"id": 1, "link": "/api/v1/sports/1", "abbreviation": "MLB"}, "gameType": "R"}]}, {"type": {"displayName": "yearByYear"}, "group": {"displayName": "fielding"}, "exemptions": [], "splits": [{"season": "1976", "stat": {"gamesPlayed": 1, "gamesStarted": 0, "assists": 0, "putOuts": 1, "errors": 0, "chances": 1, "fielding": "1.000", "position": {"code": "7", "name": "Outfielder", "type": "Outfielder", "abbreviation": "LF"}, "rangeFactorPerGame": "1.00", "rangeFactorPer9Inn": "9.00", "innings": "1.0", "games": 1, "doublePlays": 0, "triplePlays": 0, "throwingErrors": 0}, "team": {"id": 134, "name": "Pittsburgh Pirates", "link": "/api/v1/teams/134"}, "player": {"id": 110318, "fullName": "Tony Armas", "link": "/api/v1/people/110318"}, "league": {"id": 104, "name": "National League", "link": "/api/v1/league/104"}, "sport": {"id": 1, "link": "/api/v1/sports/1", "abbreviation": "MLB"}, "gameType": "R", "position": {"code": "7", "name": "Outfielder", "type": "Outfielder", "abbreviation": "LF"}}, {"season": "1976", "stat": {"gamesPlayed": 1, "gamesStarted": 1, "assists": 0, "putOuts": 2, "errors": 0, "chances": 2, "fielding": "1.000", "position": {"code": "8", "name": "Outfielder", "type": "Outfielder", "abbreviation": "CF"}, "rangeFactorPerGame": "2.00", "rangeFactorPer9Inn": "2.00", "innings": "9.0", "games": 1, "doublePlays": 0, "triplePlays": 0, "throwingErrors": 0}, "team": {"id": 134, "name": "Pittsburgh Pirates", "link": "/api/v1/teams/134"}, "player": {"id": 110318, "fullName": "Tony Armas", "link": "/api/v1/people/110318"}, "league": {"id": 104, "name": "National League", "link": "/api/v1/league/104"}, "sport": {"id": 1, "link": "/api/v1/sports/1", "abbreviation": "MLB"}, "gameType": "R", "position": {"code": "8", "name": "Outfielder", "type": "Outfielder", "abbreviation": "CF"}}, {"season": "1977", "stat": {"gamesPlayed": 2, "gamesStarted": 1, "assists": 0, "putOuts": 3, "errors": 0, "chances": 3, "fielding": "1.000", "position": {"code": "7", "name": "Outfielder", "type": "Outfielder", "abbreviation": "LF"}, "rangeFactorPerGame": "1.50", "rangeFactorPer9Inn": "3.38", "innings": "8.0", "games": 2, "doublePlays": 0, "triplePlays": 0, "throwingErrors": 0}, "team": {"id": 133, "name": "Oakland Athletics", "link": "/api/v1/teams/133"}, "player": {"id": 110318, "fullName": "Tony Armas", "link": "/api/v1/people/110318"}, "league": {"id": 103, "name": "American League", "link": "/api/v1/league/103"}, "sport": {"id": 1, "link": "/api/v1/sports/1", "abbreviation": "MLB"}, "gameType": "R", "position": {"code": "7", "name": "Outfielder", "type": "Outfielder", "abbreviation": "LF"}}, {"season": "1977", "stat": {"gamesPlayed": 86, "gamesStarted": 82, "assists": 9, "putOuts": 239, "errors": 5, "chances": 253, "fielding": ".980", "position": {"code": "8", "name": "Outfielder", "type": "Outfielder", "abbreviation": "CF"}, "rangeFactorPerGame": "2.88", "rangeFactorPer9Inn": "3.19", "innings": "700.2", "games": 86, "doublePlays": 4, "triplePlays": 0, "throwingErrors": 0}, "team": {"id": 133, "name": "Oakland Athletics", "link": "/api/v1/teams/133"}, "player": {"id": 110318, "fullName": "Tony Armas", "link": "/api/v1/people/110318"}, "league": {"id": 103, "name": "American League", "link": "/api/v1/league/103"}, "sport": {"id": 1, "link": "/api/v1/sports/1", "abbreviation": "MLB"}, "gameType": "R", "position": {"code": "8", "name": "Outfielder", "type": "Outfielder", "abbreviation": "CF"}}, {"season": "1977", "stat": {"gamesPlayed": 29, "gamesStarted": 20, "assists": 0, "putOuts": 53, "errors": 1, "chances": 54, "fielding": ".981", "position": {"code": "9", "name": "Outfielder", "type": "Outfielder", "abbreviation": "RF"}, "rangeFactorPerGame": "1.83", "rangeFactorPer9Inn": "2.45", "innings": "195.1", "games": 29, "doublePlays": 0, "triplePlays": 0, "throwingErrors": 0}, "team": {"id": 133, "name": "Oakland Athletics", "link": "/api/v1/teams/133"}, "player": {"id": 110318, "fullName": "Tony Armas", "link": "/api/v1/people/110318"}, "league": {"id": 103, "name": "American League", "link": "/api/v1/league/103"}, "sport": {"id": 1, "link": "/api/v1/sports/1", "abbreviation": "MLB"}, "gameType": "R", "position": {"code": "9", "name": "Outfielder", "type": "Outfielder", "abbreviation": "RF"}}, {"season": "1978", "stat": {"gamesPlayed": 2, "gamesStarted": 0, "assists": 0, "putOuts": 2, "errors": 0, "chances": 2, "fielding": "1.000", "position": {"code": "7", "name": "Outfielder", "type": "Outfielder", "abbreviation": "LF"}, "rangeFactorPerGame": "1.00", "rangeFactorPer9Inn": "6.00", "innings": "3.0", "games": 2, "doublePlays": 0, "triplePlays": 0, "throwingErrors": 0}, "team": {"id": 133, "name": "Oakland Athletics", "link": "/api/v1/teams/133"}, "player": {"id": 110318, "fullName": "Tony Armas", "link": "/api/v1/people/110318"}, "league": {"id": 103, "name": "American League", "link": "/api/v1/league/103"}, "sport": {"id": 1, "link": "/api/v1/sports/1", "abbreviation": "MLB"}, "gameType": "R", "position": {"code": "7", "name": "Outfielder", "type": "Outfielder", "abbreviation": "LF"}}, {"season": "1978", "stat": {"gamesPlayed": 41, "gamesStarted": 35, "assists": 0, "putOuts": 125, "errors": 0, "chances": 125, "fielding": "1.000", "position": {"code": "8", "name": "Outfielder", "type": "Outfielder", "abbreviation": "CF"}, "rangeFactorPerGame": "3.05", "rangeFactorPer9Inn": "3.64", "innings": "309.1", "games": 41, "doublePlays": 0, "triplePlays": 0, "throwingErrors": 0}, "team": {"id": 133, "name": "Oakland Athletics", "link": "/api/v1/teams/133"}, "player": {"id": 110318, "fullName": "Tony Armas", "link": "/api/v1/people/110318"}, "league": {"id": 103, "name": "American League", "link": "/api/v1/league/103"}, "sport": {"id": 1, "link": "/api/v1/sports/1", "abbreviation": "MLB"}, "gameType": "R", "position": {"code": "8", "name": "Outfielder", "type": "Outfielder", "abbreviation": "CF"}}, {"season": "1978", "stat": {"gamesPlayed": 47, "gamesStarted": 27, "assists": 3, "putOuts": 93, "errors": 2, "chances": 98, "fielding": ".980", "position": {"code": "9", "name": "Outfielder", "type": "Outfielder", "abbreviation": "RF"}, "rangeFactorPerGame": "2.04", "rangeFactorPer9Inn": "2.99", "innings": "289.0", "games": 47, "doublePlays": 0, "triplePlays": 0, "throwingErrors": 0}, "team": {"id": 133, "name": "Oakland Athletics", "link": "/api/v1/teams/133"}, "player": {"id": 110318, "fullName": "Tony Armas", "link": "/api/v1/people/110318"}, "league": {"id": 103, "name": "American League", "link": "/api/v1/league/103"}, "sport": {"id": 1, "link": "/api/v1/sports/1", "abbreviation": "MLB"}, "gameType": "R", "position": {"code": "9", "name": "Outfielder", "type": "Outfielder", "abbreviation": "RF"}}, {"season": "1978", "stat": {"gamesPlayed": 2, "gamesStarted": 2, "assists": 0, "putOuts": 0, "errors": 0, "chances": 0, "fielding": ".000", "position": {"code": "10", "name": "Designated Hitter", "type": "Hitter", "abbreviation": "DH"}, "rangeFactorPerGame": "0.00", "rangeFactorPer9Inn": "-.--", "innings": "0.0", "games": 2, "doublePlays": 0, "triplePlays": 0, "throwingErrors": 0}, "team": {"id": 133, "name": "Oakland Athletics", "link": "/api/v1/teams/133"}, "player": {"id": 110318, "fullName": "Tony Armas", "link": "/api/v1/people/110318"}, "league": {"id": 103, "name": "American League", "link": "/api/v1/league/103"}, "sport": {"id": 1, "link": "/api/v1/sports/1", "abbreviation": "MLB"}, "gameType": "R", "position": {"code": "10", "name": "Designated Hitter", "type": "Hitter", "abbreviation": "DH"}}, {"season": "1979", "stat": {"gamesPlayed": 12, "gamesStarted": 11, "assists": 0, "putOuts": 27, "errors": 2, "chances": 29, "fielding": ".931", "position": {"code": "7", "name": "Outfielder", "type": "Outfielder", "abbreviation": "LF"}, "rangeFactorPerGame": "2.25", "rangeFactorPer9Inn": "2.48", "innings": "98.2", "games": 12, "doublePlays": 0, "triplePlays": 0, "throwingErrors": 0}, "team": {"id": 133, "name": "Oakland Athletics", "link": "/api/v1/teams/133"}, "player": {"id": 110318, "fullName": "Tony Armas", "link": "/api/v1/people/110318"}, "league": {"id": 103, "name": "American League", "link": "/api/v1/league/103"}, "sport": {"id": 1, "link": "/api/v1/sports/1", "abbreviation": "MLB"}, "gameType": "R", "position": {"code": "7", "name": "Outfielder", "type": "Outfielder", "abbreviation": "LF"}}, {"season": "1979", "stat": {"gamesPlayed": 17, "gamesStarted": 16, "assists": 2, "putOuts": 61, "errors": 1, "chances": 64, "fielding": ".984", "position": {"code": "8", "name": "Outfielder", "type": "Outfielder", "abbreviation": "CF"}, "rangeFactorPerGame": "3.71", "rangeFactorPer9Inn": "4.17", "innings": "136.0", "games": 17, "doublePlays": 0, "triplePlays": 1, "throwingErrors": 1}, "team": {"id": 133, "name": "Oakland Athletics", "link": "/api/v1/teams/133"}, "player": {"id": 110318, "fullName": "Tony Armas", "link": "/api/v1/people/110318"}, "league": {"id": 103, "name": "American League", "link": "/api/v1/league/103"}, "sport": {"id": 1, "link": "/api/v1/sports/1", "abbreviation": "MLB"}, "gameType": "R", "position": {"code": "8", "name": "Outfielder", "type": "Outfielder", "abbreviation": "CF"}}, {"season": "1979", "stat": {"gamesPlayed": 53, "gamesStarted": 51, "assists": 4, "putOuts": 108, "errors": 2, "chances": 114, "fielding": ".982", "position": {"code": "9", "name": "Outfielder", "type": "Outfielder", "abbreviation": "RF"}, "rangeFactorPerGame": "2.11", "rangeFactorPer9Inn": "2.32", "innings": "434.2", "games": 53, "doublePlays": 2, "triplePlays": 0, "throwingErrors": 0}, "team": {"id": 133, "name": "Oakland Athletics", "link": "/api/v1/teams/133"}, "player": {"id": 110318, "fullName": "Tony Armas", "link": "/api/v1/people/110318"}, "league": {"id": 103, "name": "American League", "link": "/api/v1/league/103"}, "sport": {"id": 1, "link": "/api/v1/sports/1", "abbreviation": "MLB"}, "gameType": "R", "position": {"code": "9", "name": "Outfielder", "type": "Outfielder", "abbreviation": "RF"}}, {"season": "1980", "stat": {"gamesPlayed": 11, "gamesStarted": 6, "assists": 0, "putOuts": 22, "errors": 0, "chances": 22, "fielding": "1.000", "position": {"code": "8", "name": "Outfielder", "type": "Outfielder", "abbreviation": "CF"}, "rangeFactorPerGame": "2.00", "rangeFactorPer9Inn": "2.96", "innings": "67.0", "games": 11, "doublePlays": 0, "triplePlays": 0, "throwingErrors": 0}, "team": {"id": 133, "name": "Oakland Athletics", "link": "/api/v1/teams/133"}, "player": {"id": 110318, "fullName": "Tony Armas", "link": "/api/v1/people/110318"}, "league": {"id": 103, "name": "American League", "link": "/api/v1/league/103"}, "sport": {"id": 1, "link": "/api/v1/sports/1", "abbreviation": "MLB"}, "gameType": "R", "position": {"code": "8", "name": "Outfielder", "type": "Outfielder", "abbreviation": "CF"}}, {"season": "1980", "stat": {"gamesPlayed": 153, "gamesStarted": 151, "assists": 15, "putOuts": 351, "errors": 10, "chances": 376, "fielding": ".973", "position": {"code": "9", "name": "Outfielder", "type": "Outfielder", "abbreviation": "RF"}, "rangeFactorPerGame": "2.39", "rangeFactorPer9Inn": "2.43", "innings": "1356.2", "games": 153, "doublePlays": 2, "triplePlays": 0, "throwingErrors": 1}, "team": {"id": 133, "name": "Oakland Athletics", "link": "/api/v1/teams/133"}, "player": {"id": 110318, "fullName": "Tony Armas", "link": "/api/v1/people/110318"}, "league": {"id": 103, "name": "American League", "link": "/api/v1/league/103"}, "sport": {"id": 1, "link": "/api/v1/sports/1", "abbreviation": "MLB"}, "gameType": "R", "position": {"code": "9", "name": "Outfielder", "type": "Outfielder", "abbreviation": "RF"}}, {"season": "1981", "stat": {"gamesPlayed": 2, "gamesStarted": 1, "assists": 0, "putOuts": 3, "errors": 0, "chances": 3, "fielding": "1.000", "position": {"code": "8", "name": "Outfielder", "type": "Outfielder", "abbreviation": "CF"}, "rangeFactorPerGame": "1.50", "rangeFactorPer9Inn": "2.45", "innings": "11.0", "games": 2, "doublePlays": 0, "triplePlays": 0, "throwingErrors": 0}, "team": {"id": 133, "name": "Oakland Athletics", "link": "/api/v1/teams/133"}, "player": {"id": 110318, "fullName": "Tony Armas", "link": "/api/v1/people/110318"}, "league": {"id": 103, "name": "American League", "link": "/api/v1/league/103"}, "sport": {"id": 1, "link": "/api/v1/sports/1", "abbreviation": "MLB"}, "gameType": "R", "position": {"code": "8", "name": "Outfielder", "type": "Outfielder", "abbreviation": "CF"}}, {"season": "1981", "stat": {"gamesPlayed": 108, "gamesStarted": 108, "assists": 9, "putOuts": 258, "errors": 2, "chances": 269, "fielding": ".993", "position": {"code": "9", "name": "Outfielder", "type": "Outfielder", "abbreviation": "RF"}, "rangeFactorPerGame": "2.47", "rangeFactorPer9Inn": "2.47", "innings": "972.0", "games": 108, "doublePlays": 2, "triplePlays": 0, "throwingErrors": 0}, "team": {"id": 133, "name": "Oakland Athletics", "link": "/api/v1/teams/133"}, "player": {"id": 110318, "fullName": "Tony Armas", "link": "/api/v1/people/110318"}, "league": {"id": 103, "name": "American League", "link": "/api/v1/league/103"}, "sport": {"id": 1, "link": "/api/v1/sports/1", "abbreviation": "MLB"}, "gameType": "R", "position": {"code": "9", "name": "Outfielder", "type": "Outfielder", "abbreviation": "RF"}}, {"season": "1982", "stat": {"gamesPlayed": 4, "gamesStarted": 3, "assists": 0, "putOuts": 11, "errors": 0, "chances": 11, "fielding": "1.000", "position": {"code": "8", "name": "Outfielder", "type": "Outfielder", "abbreviation": "CF"}, "rangeFactorPerGame": "2.75", "rangeFactorPer9Inn": "4.50", "innings": "22.0", "games": 4, "doublePlays": 0, "triplePlays": 0, "throwingErrors": 0}, "team": {"id": 133, "name": "Oakland Athletics", "link": "/api/v1/teams/133"}, "player": {"id": 110318, "fullName": "Tony Armas", "link": "/api/v1/people/110318"}, "league": {"id": 103, "name": "American League", "link": "/api/v1/league/103"}, "sport": {"id": 1, "link": "/api/v1/sports/1", "abbreviation": "MLB"}, "gameType": "R", "position": {"code": "8", "name": "Outfielder", "type": "Outfielder", "abbreviation": "CF"}}, {"season": "1982", "stat": {"gamesPlayed": 133, "gamesStarted": 131, "assists": 10, "putOuts": 321, "errors": 6, "chances": 337, "fielding": ".982", "position": {"code": "9", "name": "Outfielder", "type": "Outfielder", "abbreviation": "RF"}, "rangeFactorPerGame": "2.49", "rangeFactorPer9Inn": "2.54", "innings": "1174.2", "games": 133, "doublePlays": 2, "triplePlays": 0, "throwingErrors": 0}, "team": {"id": 133, "name": "Oakland Athletics", "link": "/api/v1/teams/133"}, "player": {"id": 110318, "fullName": "Tony Armas", "link": "/api/v1/people/110318"}, "league": {"id": 103, "name": "American League", "link": "/api/v1/league/103"}, "sport": {"id": 1, "link": "/api/v1/sports/1", "abbreviation": "MLB"}, "gameType": "R", "position": {"code": "9", "name": "Outfielder", "type": "Outfielder", "abbreviation": "RF"}}, {"season": "1982", "stat": {"gamesPlayed": 1, "gamesStarted": 1, "assists": 0, "putOuts": 0, "errors": 0, "chances": 0, "fielding": ".000", "position": {"code": "10", "name": "Designated Hitter", "type": "Hitter", "abbreviation": "DH"}, "rangeFactorPerGame": "0.00", "rangeFactorPer9Inn": "-.--", "innings": "0.0", "games": 1, "doublePlays": 0, "triplePlays": 0, "throwingErrors": 0}, "team": {"id": 133, "name": "Oakland Athletics", "link": "/api/v1/teams/133"}, "player": {"id": 110318, "fullName": "Tony Armas", "link": "/api/v1/people/110318"}, "league": {"id": 103, "name": "American League", "link": "/api/v1/league/103"}, "sport": {"id": 1, "link": "/api/v1/sports/1", "abbreviation": "MLB"}, "gameType": "R", "position": {"code": "10", "name": "Designated Hitter", "type": "Hitter", "abbreviation": "DH"}}, {"season": "1983", "stat": {"gamesPlayed": 116, "gamesStarted": 116, "assists": 5, "putOuts": 328, "errors": 5, "chances": 338, "fielding": ".985", "position": {"code": "8", "name": "Outfielder", "type": "Outfielder", "abbreviation": "CF"}, "rangeFactorPerGame": "2.87", "rangeFactorPer9Inn": "3.03", "innings": "989.1", "games": 116, "doublePlays": 0, "triplePlays": 0, "throwingErrors": 0}, "team": {"id": 111, "name": "Boston Red Sox", "link": "/api/v1/teams/111"}, "player": {"id": 110318, "fullName": "Tony Armas", "link": "/api/v1/people/110318"}, "league": {"id": 103, "name": "American League", "link": "/api/v1/league/103"}, "sport": {"id": 1, "link": "/api/v1/sports/1", "abbreviation": "MLB"}, "gameType": "R", "position": {"code": "8", "name": "Outfielder", "type": "Outfielder", "abbreviation": "CF"}}, {"season": "1983", "stat": {"gamesPlayed": 26, "gamesStarted": 26, "assists": 0, "putOuts": 0, "errors": 0, "chances": 0, "fielding": ".000", "position": {"code": "10", "name": "Designated Hitter", "type": "Hitter", "abbreviation": "DH"}, "rangeFactorPerGame": "0.00", "rangeFactorPer9Inn": "-.--", "innings": "0.0", "games": 26, "doublePlays": 0, "triplePlays": 0, "throwingErrors": 0}, "team": {"id": 111, "name": "Boston Red Sox", "link": "/api/v1/teams/111"}, "player": {"id": 110318, "fullName": "Tony Armas", "link": "/api/v1/people/110318"}, "league": {"id": 103, "name": "American League", "link": "/api/v1/league/103"}, "sport": {"id": 1, "link": "/api/v1/sports/1", "abbreviation": "MLB"}, "gameType": "R", "position": {"code": "10", "name": "Designated Hitter", "type": "Hitter", "abbreviation": "DH"}}, {"season": "1984", "stat": {"gamesPlayed": 126, "gamesStarted": 126, "assists": 4, "putOuts": 326, "errors": 9, "chances": 339, "fielding": ".973", "position": {"code": "8", "name": "Outfielder", "type": "Outfielder", "abbreviation": "CF"}, "rangeFactorPerGame": "2.62", "rangeFactorPer9Inn": "2.68", "innings": "1108.0", "games": 126, "doublePlays": 2, "triplePlays": 0, "throwingErrors": 1}, "team": {"id": 111, "name": "Boston Red Sox", "link": "/api/v1/teams/111"}, "player": {"id": 110318, "fullName": "Tony Armas", "link": "/api/v1/people/110318"}, "league": {"id": 103, "name": "American League", "link": "/api/v1/league/103"}, "sport": {"id": 1, "link": "/api/v1/sports/1", "abbreviation": "MLB"}, "gameType": "R", "position": {"code": "8", "name": "Outfielder", "type": "Outfielder", "abbreviation": "CF"}}, {"season": "1984", "stat": {"gamesPlayed": 1, "gamesStarted": 0, "assists": 0, "putOuts": 0, "errors": 0, "chances": 0, "fielding": ".000", "position": {"code": "9", "name": "Outfielder", "type": "Outfielder", "abbreviation": "RF"}, "rangeFactorPerGame": "0.00", "rangeFactorPer9Inn": "0.00", "innings": "3.0", "games": 1, "doublePlays": 0, "triplePlays": 0, "throwingErrors": 0}, "team": {"id": 111, "name": "Boston Red Sox", "link": "/api/v1/teams/111"}, "player": {"id": 110318, "fullName": "Tony Armas", "link": "/api/v1/people/110318"}, "league": {"id": 103, "name": "American League", "link": "/api/v1/league/103"}, "sport": {"id": 1, "link": "/api/v1/sports/1", "abbreviation": "MLB"}, "gameType": "R", "position": {"code": "9", "name": "Outfielder", "type": "Outfielder", "abbreviation": "RF"}}, {"season": "1984", "stat": {"gamesPlayed": 31, "gamesStarted": 31, "assists": 0, "putOuts": 0, "errors": 0, "chances": 0, "fielding": ".000", "position": {"code": "10", "name": "Designated Hitter", "type": "Hitter", "abbreviation": "DH"}, "rangeFactorPerGame": "0.00", "rangeFactorPer9Inn": "-.--", "innings": "0.0", "games": 31, "doublePlays": 0, "triplePlays": 0, "throwingErrors": 0}, "team": {"id": 111, "name": "Boston Red Sox", "link": "/api/v1/teams/111"}, "player": {"id": 110318, "fullName": "Tony Armas", "link": "/api/v1/people/110318"}, "league": {"id": 103, "name": "American League", "link": "/api/v1/league/103"}, "sport": {"id": 1, "link": "/api/v1/sports/1", "abbreviation": "MLB"}, "gameType": "R", "position": {"code": "10", "name": "Designated Hitter", "type": "Hitter", "abbreviation": "DH"}}, {"season": "1985", "stat": {"gamesPlayed": 16, "gamesStarted": 8, "assists": 0, "putOuts": 17, "errors": 0, "chances": 17, "fielding": "1.000", "position": {"code": "7", "name": "Outfielder", "type": "Outfielder", "abbreviation": "LF"}, "rangeFactorPerGame": "1.06", "rangeFactorPer9Inn": "1.96", "innings": "78.2", "games": 16, "doublePlays": 0, "triplePlays": 0, "throwingErrors": 0}, "team": {"id": 111, "name": "Boston Red Sox", "link": "/api/v1/teams/111"}, "player": {"id": 110318, "fullName": "Tony Armas", "link": "/api/v1/people/110318"}, "league": {"id": 103, "name": "American League", "link": "/api/v1/league/103"}, "sport": {"id": 1, "link": "/api/v1/sports/1", "abbreviation": "MLB"}, "gameType": "R", "position": {"code": "7", "name": "Outfielder", "type": "Outfielder", "abbreviation": "LF"}}, {"season": "1985", "stat": {"gamesPlayed": 69, "gamesStarted": 69, "assists": 3, "putOuts": 151, "errors": 3, "chances": 157, "fielding": ".981", "position": {"code": "8", "name": "Outfielder", "type": "Outfielder", "abbreviation": "CF"}, "rangeFactorPerGame": "2.23", "rangeFactorPer9Inn": "2.46", "innings": "564.1", "games": 69, "doublePlays": 1, "triplePlays": 0, "throwingErrors": 0}, "team": {"id": 111, "name": "Boston Red Sox", "link": "/api/v1/teams/111"}, "player": {"id": 110318, "fullName": "Tony Armas", "link": "/api/v1/people/110318"}, "league": {"id": 103, "name": "American League", "link": "/api/v1/league/103"}, "sport": {"id": 1, "link": "/api/v1/sports/1", "abbreviation": "MLB"}, "gameType": "R", "position": {"code": "8", "name": "Outfielder", "type": "Outfielder", "abbreviation": "CF"}}, {"season": "1985", "stat": {"gamesPlayed": 2, "gamesStarted": 2, "assists": 0, "putOuts": 6, "errors": 0, "chances": 6, "fielding": "1.000", "position": {"code": "9", "name": "Outfielder", "type": "Outfielder", "abbreviation": "RF"}, "rangeFactorPerGame": "3.00", "rangeFactorPer9Inn": "4.91", "innings": "11.0", "games": 2, "doublePlays": 0, "triplePlays": 0, "throwingErrors": 0}, "team": {"id": 111, "name": "Boston Red Sox", "link": "/api/v1/teams/111"}, "player": {"id": 110318, "fullName": "Tony Armas", "link": "/api/v1/people/110318"}, "league": {"id": 103, "name": "American League", "link": "/api/v1/league/103"}, "sport": {"id": 1, "link": "/api/v1/sports/1", "abbreviation": "MLB"}, "gameType": "R", "position": {"code": "9", "name": "Outfielder", "type": "Outfielder", "abbreviation": "RF"}}, {"season": "1985", "stat": {"gamesPlayed": 19, "gamesStarted": 19, "assists": 0, "putOuts": 0, "errors": 0, "chances": 0, "fielding": ".000", "position": {"code": "10", "name": "Designated Hitter", "type": "Hitter", "abbreviation": "DH"}, "rangeFactorPerGame": "0.00", "rangeFactorPer9Inn": "-.--", "innings": "0.0", "games": 19, "doublePlays": 0, "triplePlays": 0, "throwingErrors": 0}, "team": {"id": 111, "name": "Boston Red Sox", "link": "/api/v1/teams/111"}, "player": {"id": 110318, "fullName": "Tony Armas", "link": "/api/v1/people/110318"}, "league": {"id": 103, "name": "American League", "link": "/api/v1/league/103"}, "sport": {"id": 1, "link": "/api/v1/sports/1", "abbreviation": "MLB"}, "gameType": "R", "position": {"code": "10", "name": "Designated Hitter", "type": "Hitter", "abbreviation": "DH"}}, {"season": "1986", "stat": {"gamesPlayed": 9, "gamesStarted": 0, "assists": 0, "putOuts": 1, "errors": 0, "chances": 1, "fielding": "1.000", "position": {"code": "7", "name": "Outfielder", "type": "Outfielder", "abbreviation": "LF"}, "rangeFactorPerGame": "0.11", "rangeFactorPer9Inn": "0.82", "innings": "11.2", "games": 9, "doublePlays": 0, "triplePlays": 0, "throwingErrors": 0}, "team": {"id": 111, "name": "Boston Red Sox", "link": "/api/v1/teams/111"}, "player": {"id": 110318, "fullName": "Tony Armas", "link": "/api/v1/people/110318"}, "league": {"id": 103, "name": "American League", "link": "/api/v1/league/103"}, "sport": {"id": 1, "link": "/api/v1/sports/1", "abbreviation": "MLB"}, "gameType": "R", "position": {"code": "7", "name": "Outfielder", "type": "Outfielder", "abbreviation": "LF"}}, {"season": "1986", "stat": {"gamesPlayed": 108, "gamesStarted": 107, "assists": 3, "putOuts": 228, "errors": 8, "chances": 239, "fielding": ".967", "position": {"code": "8", "name": "Outfielder", "type": "Outfielder", "abbreviation": "CF"}, "rangeFactorPerGame": "2.14", "rangeFactorPer9Inn": "2.56", "innings": "813.1", "games": 108, "doublePlays": 0, "triplePlays": 0, "throwingErrors": 2}, "team": {"id": 111, "name": "Boston Red Sox", "link": "/api/v1/teams/111"}, "player": {"id": 110318, "fullName": "Tony Armas", "link": "/api/v1/people/110318"}, "league": {"id": 103, "name": "American League", "link": "/api/v1/league/103"}, "sport": {"id": 1, "link": "/api/v1/sports/1", "abbreviation": "MLB"}, "gameType": "R", "position": {"code": "8", "name": "Outfielder", "type": "Outfielder", "abbreviation": "CF"}}, {"season": "1986", "stat": {"gamesPlayed": 19, "gamesStarted": 9, "assists": 1, "putOuts": 18, "errors": 0, "chances": 19, "fielding": "1.000", "position": {"code": "9", "name": "Outfielder", "type": "Outfielder", "abbreviation": "RF"}, "rangeFactorPerGame": "1.00", "rangeFactorPer9Inn": "1.71", "innings": "100.2", "games": 19, "doublePlays": 0, "triplePlays": 0, "throwingErrors": 0}, "team": {"id": 111, "name": "Boston Red Sox", "link": "/api/v1/teams/111"}, "player": {"id": 110318, "fullName": "Tony Armas", "link": "/api/v1/people/110318"}, "league": {"id": 103, "name": "American League", "link": "/api/v1/league/103"}, "sport": {"id": 1, "link": "/api/v1/sports/1", "abbreviation": "MLB"}, "gameType": "R", "position": {"code": "9", "name": "Outfielder", "type": "Outfielder", "abbreviation": "RF"}}, {"season": "1987", "stat": {"gamesPlayed": 2, "gamesStarted": 0, "assists": 0, "putOuts": 0, "errors": 0, "chances": 0, "fielding": ".000", "position": {"code": "7", "name": "Outfielder", "type": "Outfielder", "abbreviation": "LF"}, "rangeFactorPerGame": "0.00", "rangeFactorPer9Inn": "0.00", "innings": "2.0", "games": 2, "doublePlays": 0, "triplePlays": 0, "throwingErrors": 0}, "team": {"id": 108, "name": "California Angels", "link": "/api/v1/teams/108"}, "player": {"id": 110318, "fullName": "Tony Armas", "link": "/api/v1/people/110318"}, "league": {"id": 103, "name": "American League", "link": "/api/v1/league/103"}, "sport": {"id": 1, "link": "/api/v1/sports/1", "abbreviation": "MLB"}, "gameType": "R", "position": {"code": "7", "name": "Outfielder", "type": "Outfielder", "abbreviation": "LF"}}, {"season": "1987", "stat": {"gamesPlayed": 26, "gamesStarted": 19, "assists": 0, "putOuts": 37, "errors": 0, "chances": 37, "fielding": "1.000", "position": {"code": "9", "name": "Outfielder", "type": "Outfielder", "abbreviation": "RF"}, "rangeFactorPerGame": "1.42", "rangeFactorPer9Inn": "1.87", "innings": "178.1", "games": 26, "doublePlays": 0, "triplePlays": 0, "throwingErrors": 0}, "team": {"id": 108, "name": "California Angels", "link": "/api/v1/teams/108"}, "player": {"id": 110318, "fullName": "Tony Armas", "link": "/api/v1/people/110318"}, "league": {"id": 103, "name": "American League", "link": "/api/v1/league/103"}, "sport": {"id": 1, "link": "/api/v1/sports/1", "abbreviation": "MLB"}, "gameType": "R", "position": {"code": "9", "name": "Outfielder", "type": "Outfielder", "abbreviation": "RF"}}, {"season": "1988", "stat": {"gamesPlayed": 74, "gamesStarted": 57, "assists": 3, "putOuts": 112, "errors": 1, "chances": 116, "fielding": ".991", "position": {"code": "7", "name": "Outfielder", "type": "Outfielder", "abbreviation": "LF"}, "rangeFactorPerGame": "1.55", "rangeFactorPer9Inn": "2.01", "innings": "516.0", "games": 74, "doublePlays": 0, "triplePlays": 0, "throwingErrors": 0}, "team": {"id": 108, "name": "California Angels", "link": "/api/v1/teams/108"}, "player": {"id": 110318, "fullName": "Tony Armas", "link": "/api/v1/people/110318"}, "league": {"id": 103, "name": "American League", "link": "/api/v1/league/103"}, "sport": {"id": 1, "link": "/api/v1/sports/1", "abbreviation": "MLB"}, "gameType": "R", "position": {"code": "7", "name": "Outfielder", "type": "Outfielder", "abbreviation": "LF"}}, {"season": "1988", "stat": {"gamesPlayed": 36, "gamesStarted": 29, "assists": 2, "putOuts": 80, "errors": 2, "chances": 84, "fielding": ".976", "position": {"code": "8", "name": "Outfielder", "type": "Outfielder", "abbreviation": "CF"}, "rangeFactorPerGame": "2.28", "rangeFactorPer9Inn": "2.92", "innings": "253.0", "games": 36, "doublePlays": 1, "triplePlays": 0, "throwingErrors": 0}, "team": {"id": 108, "name": "California Angels", "link": "/api/v1/teams/108"}, "player": {"id": 110318, "fullName": "Tony Armas", "link": "/api/v1/people/110318"}, "league": {"id": 103, "name": "American League", "link": "/api/v1/league/103"}, "sport": {"id": 1, "link": "/api/v1/sports/1", "abbreviation": "MLB"}, "gameType": "R", "position": {"code": "8", "name": "Outfielder", "type": "Outfielder", "abbreviation": "CF"}}, {"season": "1988", "stat": {"gamesPlayed": 10, "gamesStarted": 6, "assists": 0, "putOuts": 17, "errors": 0, "chances": 17, "fielding": "1.000", "position": {"code": "9", "name": "Outfielder", "type": "Outfielder", "abbreviation": "RF"}, "rangeFactorPerGame": "1.70", "rangeFactorPer9Inn": "2.32", "innings": "66.0", "games": 10, "doublePlays": 0, "triplePlays": 0, "throwingErrors": 0}, "team": {"id": 108, "name": "California Angels", "link": "/api/v1/teams/108"}, "player": {"id": 110318, "fullName": "Tony Armas", "link": "/api/v1/people/110318"}, "league": {"id": 103, "name": "American League", "link": "/api/v1/league/103"}, "sport": {"id": 1, "link": "/api/v1/sports/1", "abbreviation": "MLB"}, "gameType": "R", "position": {"code": "9", "name": "Outfielder", "type": "Outfielder", "abbreviation": "RF"}}, {"season": "1988", "stat": {"gamesPlayed": 4, "gamesStarted": 4, "assists": 0, "putOuts": 0, "errors": 0, "chances": 0, "fielding": ".000", "position": {"code": "10", "name": "Designated Hitter", "type": "Hitter", "abbreviation": "DH"}, "rangeFactorPerGame": "0.00", "rangeFactorPer9Inn": "-.--", "innings": "0.0", "games": 4, "doublePlays": 0, "triplePlays": 0, "throwingErrors": 0}, "team": {"id": 108, "name": "California Angels", "link": "/api/v1/teams/108"}, "player": {"id": 110318, "fullName": "Tony Armas", "link": "/api/v1/people/110318"}, "league": {"id": 103, "name": "American League", "link": "/api/v1/league/103"}, "sport": {"id": 1, "link": "/api/v1/sports/1", "abbreviation": "MLB"}, "gameType": "R", "position": {"code": "10", "name": "Designated Hitter", "type": "Hitter", "abbreviation": "DH"}}, {"season": "1989", "stat": {"gamesPlayed": 2, "gamesStarted": 2, "assists": 1, "putOuts": 4, "errors": 1, "chances": 6, "fielding": ".833", "position": {"code": "3", "name": "First Base", "type": "Infielder", "abbreviation": "1B"}, "rangeFactorPerGame": "2.50", "rangeFactorPer9Inn": "6.43", "innings": "7.0", "games": 2, "doublePlays": 2, "triplePlays": 0, "throwingErrors": 0}, "team": {"id": 108, "name": "California Angels", "link": "/api/v1/teams/108"}, "player": {"id": 110318, "fullName": "Tony Armas", "link": "/api/v1/people/110318"}, "league": {"id": 103, "name": "American League", "link": "/api/v1/league/103"}, "sport": {"id": 1, "link": "/api/v1/sports/1", "abbreviation": "MLB"}, "gameType": "R", "position": {"code": "3", "name": "First Base", "type": "Infielder", "abbreviation": "1B"}}, {"season": "1989", "stat": {"gamesPlayed": 5, "gamesStarted": 4, "assists": 0, "putOuts": 12, "errors": 0, "chances": 12, "fielding": "1.000", "position": {"code": "7", "name": "Outfielder", "type": "Outfielder", "abbreviation": "LF"}, "rangeFactorPerGame": "2.40", "rangeFactorPer9Inn": "2.84", "innings": "38.0", "games": 5, "doublePlays": 0, "triplePlays": 0, "throwingErrors": 0}, "team": {"id": 108, "name": "California Angels", "link": "/api/v1/teams/108"}, "player": {"id": 110318, "fullName": "Tony Armas", "link": "/api/v1/people/110318"}, "league": {"id": 103, "name": "American League", "link": "/api/v1/league/103"}, "sport": {"id": 1, "link": "/api/v1/sports/1", "abbreviation": "MLB"}, "gameType": "R", "position": {"code": "7", "name": "Outfielder", "type": "Outfielder", "abbreviation": "LF"}}, {"season": "1989", "stat": {"gamesPlayed": 1, "gamesStarted": 1, "assists": 0, "putOuts": 2, "errors": 0, "chances": 2, "fielding": "1.000", "position": {"code": "8", "name": "Outfielder", "type": "Outfielder", "abbreviation": "CF"}, "rangeFactorPerGame": "2.00", "rangeFactorPer9Inn": "2.57", "innings": "7.0", "games": 1, "doublePlays": 0, "triplePlays": 0, "throwingErrors": 0}, "team": {"id": 108, "name": "California Angels", "link": "/api/v1/teams/108"}, "player": {"id": 110318, "fullName": "Tony Armas", "link": "/api/v1/people/110318"}, "league": {"id": 103, "name": "American League", "link": "/api/v1/league/103"}, "sport": {"id": 1, "link": "/api/v1/sports/1", "abbreviation": "MLB"}, "gameType": "R", "position": {"code": "8", "name": "Outfielder", "type": "Outfielder", "abbreviation": "CF"}}, {"season": "1989", "stat": {"gamesPlayed": 42, "gamesStarted": 40, "assists": 4, "putOuts": 84, "errors": 1, "chances": 89, "fielding": ".989", "position": {"code": "9", "name": "Outfielder", "type": "Outfielder", "abbreviation": "RF"}, "rangeFactorPerGame": "2.10", "rangeFactorPer9Inn": "2.24", "innings": "353.1", "games": 42, "doublePlays": 1, "triplePlays": 0, "throwingErrors": 0}, "team": {"id": 108, "name": "California Angels", "link": "/api/v1/teams/108"}, "player": {"id": 110318, "fullName": "Tony Armas", "link": "/api/v1/people/110318"}, "league": {"id": 103, "name": "American League", "link": "/api/v1/league/103"}, "sport": {"id": 1, "link": "/api/v1/sports/1", "abbreviation": "MLB"}, "gameType": "R", "position": {"code": "9", "name": "Outfielder", "type": "Outfielder", "abbreviation": "RF"}}, {"season": "1989", "stat": {"gamesPlayed": 4, "gamesStarted": 4, "assists": 0, "putOuts": 0, "errors": 0, "chances": 0, "fielding": ".000", "position": {"code": "10", "name": "Designated Hitter", "type": "Hitter", "abbreviation": "DH"}, "rangeFactorPerGame": "0.00", "rangeFactorPer9Inn": "-.--", "innings": "0.0", "games": 4, "doublePlays": 0, "triplePlays": 0, "throwingErrors": 0}, "team": {"id": 108, "name": "California Angels", "link": "/api/v1/teams/108"}, "player": {"id": 110318, "fullName": "Tony Armas", "link": "/api/v1/people/110318"}, "league": {"id": 103, "name": "American League", "link": "/api/v1/league/103"}, "sport": {"id": 1, "link": "/api/v1/sports/1", "abbreviation": "MLB"}, "gameType": "R", "position": {"code": "10", "name": "Designated Hitter", "type": "Hitter", "abbreviation": "DH"}}]}], "mlbDebutDate": "1976-09-06", "batSide": {"code": "R", "description": "Right"}, "pitchHand": {"code": "R", "description": "Right"}, "nameFirstLast": "Tony Armas", "nameSlug": "tony-armas-110318", "firstLastName": "Tony Armas", "lastFirstName": "Armas, Tony", "lastInitName": "Armas, T", "initLastName": "T Armas", "fullFMLName": "Antonio Rafael Armas", "fullLFMName": "Armas, Antonio Rafael", "strikeZoneTop": 3.319, "strikeZoneBottom": 1.513}