{"id": 110478, "fullName": "Jesse Baker", "link": "/api/v1/people/110478", "firstName": "Jesse", "lastName": "Baker", "birthDate": "1895-03-04", "currentAge": 81, "birthCity": "Cleveland", "birthStateProvince": "OH", "birthCountry": "USA", "height": "5' 4\"", "weight": 140, "active": false, "primaryPosition": {"code": "6", "name": "Shortstop", "type": "Infielder", "abbreviation": "SS"}, "useName": "Jesse", "useLastName": "Baker", "boxscoreName": "Baker", "gender": "M", "isPlayer": true, "isVerified": true, "deathDate": "1976-07-29", "deathCity": "West Los Angeles", "deathStateProvince": "CA", "deathCountry": "USA", "lastPlayedDate": "1919-09-14", "stats": [{"type": {"displayName": "career"}, "group": {"displayName": "hitting"}, "exemptions": [], "splits": [{"stat": {"gamesPlayed": 1, "runs": 0, "doubles": 0, "triples": 0, "homeRuns": 0, "strikeOuts": 0, "baseOnBalls": 0, "hits": 0, "hitByPitch": 0, "avg": ".000", "atBats": 0, "obp": ".000", "slg": ".000", "ops": ".000", "stolenBases": 0, "plateAppearances": 0, "totalBases": 0, "rbi": 1, "sacBunts": 0, "babip": ".---", "atBatsPerHomeRun": "-.--"}, "team": {"id": 142, "name": "Minnesota Twins", "link": "/api/v1/teams/142"}, "player": {"id": 110478, "fullName": "Jesse Baker", "link": "/api/v1/people/110478"}, "league": {"id": 103, "name": "American League", "link": "/api/v1/league/103"}, "sport": {"id": 1, "link": "/api/v1/sports/1", "abbreviation": "MLB"}, "gameType": "R"}]}, {"type": {"displayName": "career"}, "group": {"displayName": "fielding"}, "exemptions": [], "splits": [{"stat": {"gamesPlayed": 1, "gamesStarted": 1, "assists": 1, "putOuts": 0, "errors": 0, "chances": 1, "fielding": "1.000", "position": {"code": "6", "name": "Shortstop", "type": "Infielder", "abbreviation": "SS"}, "rangeFactorPerGame": "1.00", "games": 1, "doublePlays": 0, "triplePlays": 0}, "team": {"id": 142, "name": "Minnesota Twins", "link": "/api/v1/teams/142"}, "player": {"id": 110478, "fullName": "Jesse Baker", "link": "/api/v1/people/110478"}, "league": {"id": 103, "name": "American League", "link": "/api/v1/league/103"}, "sport": {"id": 1, "link": "/api/v1/sports/1", "abbreviation": "MLB"}, "gameType": "R", "position": {"code": "6", "name": "Shortstop", "type": "Infielder", "abbreviation": "SS"}}]}, {"type": {"displayName": "yearByYear"}, "group": {"displayName": "hitting"}, "exemptions": [], "splits": [{"season": "1919", "stat": {"gamesPlayed": 1, "runs": 0, "doubles": 0, "triples": 0, "homeRuns": 0, "strikeOuts": 0, "baseOnBalls": 0, "hits": 0, "hitByPitch": 0, "avg": ".000", "atBats": 0, "obp": ".000", "slg": ".000", "ops": ".000", "stolenBases": 0, "plateAppearances": 0, "totalBases": 0, "rbi": 1, "sacBunts": 0, "babip": ".---", "atBatsPerHomeRun": "-.--"}, "team": {"id": 142, "name": "Washington Senators", "link": "/api/v1/teams/142"}, "player": {"id": 110478, "fullName": "Jesse Baker", "link": "/api/v1/people/110478"}, "league": {"id": 103, "name": "American League", "link": "/api/v1/league/103"}, "sport": {"id": 1, "link": "/api/v1/sports/1", "abbreviation": "MLB"}, "gameType": "R"}]}, {"type": {"displayName": "yearByYear"}, "group": {"displayName": "fielding"}, "exemptions": [], "splits": [{"season": "1919", "stat": {"gamesPlayed": 1, "gamesStarted": 1, "assists": 1, "putOuts": 0, "errors": 0, "chances": 1, "fielding": "1.000", "position": {"code": "6", "name": "Shortstop", "type": "Infielder", "abbreviation": "SS"}, "rangeFactorPerGame": "1.00", "games": 1, "doublePlays": 0, "triplePlays": 0}, "team": {"id": 142, "name": "Washington Senators", "link": "/api/v1/teams/142"}, "player": {"id": 110478, "fullName": "Jesse Baker", "link": "/api/v1/people/110478"}, "league": {"id": 103, "name": "American League", "link": "/api/v1/league/103"}, "sport": {"id": 1, "link": "/api/v1/sports/1", "abbreviation": "MLB"}, "gameType": "R", "position": {"code": "6", "name": "Shortstop", "type": "Infielder", "abbreviation": "SS"}}]}], "mlbDebutDate": "1919-09-14", "batSide": {"code": "R", "description": "Right"}, "pitchHand": {"code": "R", "description": "Right"}, "nameFirstLast": "Jesse Baker", "nameSlug": "jesse-baker-110478", "firstLastName": "Jesse Baker", "lastFirstName": "Baker, Jesse", "lastInitName": "Baker, J", "initLastName": "J Baker", "fullFMLName": "Jesse Baker", "fullLFMName": "Baker, Jesse", "strikeZoneTop": 2.8, "strikeZoneBottom": 1.34}