{"id": 110317, "fullName": "Steve Arlin", "link": "/api/v1/people/110317", "firstName": "Stephen", "lastName": "Arlin", "primaryNumber": "22", "birthDate": "1945-09-25", "currentAge": 70, "birthCity": "Seattle", "birthStateProvince": "WA", "birthCountry": "USA", "height": "6' 4\"", "weight": 195, "active": false, "primaryPosition": {"code": "1", "name": "Pitcher", "type": "Pitcher", "abbreviation": "P"}, "useName": "Steve", "useLastName": "Arlin", "middleName": "Ralph", "boxscoreName": "Arlin", "gender": "M", "isPlayer": true, "isVerified": true, "draftYear": 1965, "deathDate": "2016-08-17", "deathCity": "San Diego", "deathStateProvince": "CA", "deathCountry": "USA", "lastPlayedDate": "1974-09-14", "stats": [{"type": {"displayName": "career"}, "group": {"displayName": "hitting"}, "exemptions": [], "splits": [{"stat": {"gamesPlayed": 130, "groundOuts": 18, "airOuts": 7, "runs": 13, "doubles": 3, "triples": 2, "homeRuns": 0, "strikeOuts": 74, "baseOnBalls": 15, "intentionalWalks": 0, "hits": 32, "hitByPitch": 2, "avg": ".139", "atBats": 230, "obp": ".198", "slg": ".170", "ops": ".368", "caughtStealing": 0, "stolenBases": 0, "stolenBasePercentage": ".---", "groundIntoDoublePlay": 4, "numberOfPitches": 165, "plateAppearances": 261, "totalBases": 39, "rbi": 11, "leftOnBase": 63, "sacBunts": 13, "sacFlies": 1, "babip": ".204", "groundOutsToAirouts": "2.57", "catchersInterference": 0, "atBatsPerHomeRun": "-.--"}, "team": {"id": 135, "name": "San Diego Padres", "link": "/api/v1/teams/135"}, "player": {"id": 110317, "fullName": "Steve Arlin", "link": "/api/v1/people/110317"}, "league": {"id": 104, "name": "National League", "link": "/api/v1/league/104"}, "sport": {"id": 1, "link": "/api/v1/sports/1", "abbreviation": "MLB"}, "gameType": "R"}]}, {"type": {"displayName": "career"}, "group": {"displayName": "pitching"}, "exemptions": [], "splits": [{"stat": {"gamesPlayed": 141, "gamesStarted": 123, "groundOuts": 120, "airOuts": 160, "runs": 431, "doubles": 53, "triples": 10, "homeRuns": 61, "strikeOuts": 463, "baseOnBalls": 373, "intentionalWalks": 41, "hits": 792, "hitByPitch": 18, "avg": ".263", "atBats": 3013, "obp": ".345", "slg": ".156", "ops": ".501", "caughtStealing": 14, "stolenBases": 28, "stolenBasePercentage": ".667", "groundIntoDoublePlay": 27, "numberOfPitches": 2370, "era": "4.33", "inningsPitched": "788.2", "wins": 34, "losses": 67, "saves": 1, "saveOpportunities": 2, "holds": 0, "blownSaves": 1, "earnedRuns": 379, "whip": "1.48", "battersFaced": 3474, "outs": 2366, "gamesPitched": 141, "completeGames": 32, "shutouts": 11, "strikes": 1716, "strikePercentage": ".720", "hitBatsmen": 18, "balks": 3, "wildPitches": 45, "pickoffs": 2, "totalBases": 470, "groundOutsToAirouts": "0.75", "winPercentage": ".337", "pitchesPerInning": "3.01", "gamesFinished": 7, "strikeoutWalkRatio": "1.24", "strikeoutsPer9Inn": "5.28", "walksPer9Inn": "4.26", "hitsPer9Inn": "9.04", "runsScoredPer9": "4.92", "homeRunsPer9": "0.70", "inheritedRunners": 3, "inheritedRunnersScored": 1, "catchersInterference": 0, "sacBunts": 41, "sacFlies": 29}, "player": {"id": 110317, "fullName": "Steve Arlin", "link": "/api/v1/people/110317"}, "sport": {"id": 1, "link": "/api/v1/sports/1", "abbreviation": "MLB"}, "gameType": "R", "numTeams": 2}]}, {"type": {"displayName": "career"}, "group": {"displayName": "fielding"}, "exemptions": [], "splits": [{"stat": {"gamesPlayed": 141, "gamesStarted": 123, "assists": 89, "putOuts": 58, "errors": 9, "chances": 156, "fielding": ".942", "position": {"code": "1", "name": "Pitcher", "type": "Pitcher", "abbreviation": "P"}, "rangeFactorPerGame": "1.04", "rangeFactorPer9Inn": "1.68", "innings": "788.2", "games": 141, "doublePlays": 8, "triplePlays": 0, "throwingErrors": 0}, "player": {"id": 110317, "fullName": "Steve Arlin", "link": "/api/v1/people/110317"}, "sport": {"id": 1, "link": "/api/v1/sports/1", "abbreviation": "MLB"}, "gameType": "R", "numTeams": 2, "position": {"code": "1", "name": "Pitcher", "type": "Pitcher", "abbreviation": "P"}}]}, {"type": {"displayName": "yearByYear"}, "group": {"displayName": "hitting"}, "exemptions": [], "splits": [{"season": "1969", "stat": {"gamesPlayed": 4, "runs": 0, "doubles": 0, "triples": 0, "homeRuns": 0, "strikeOuts": 1, "baseOnBalls": 0, "intentionalWalks": 0, "hits": 0, "hitByPitch": 0, "avg": ".000", "atBats": 2, "obp": ".000", "slg": ".000", "ops": ".000", "caughtStealing": 0, "stolenBases": 0, "stolenBasePercentage": ".---", "groundIntoDoublePlay": 0, "plateAppearances": 2, "totalBases": 0, "rbi": 0, "sacBunts": 0, "sacFlies": 0, "babip": ".000", "atBatsPerHomeRun": "-.--"}, "team": {"id": 135, "name": "San Diego Padres", "link": "/api/v1/teams/135"}, "player": {"id": 110317, "fullName": "Steve Arlin", "link": "/api/v1/people/110317"}, "league": {"id": 104, "name": "National League", "link": "/api/v1/league/104"}, "sport": {"id": 1, "link": "/api/v1/sports/1", "abbreviation": "MLB"}, "gameType": "R"}, {"season": "1970", "stat": {"gamesPlayed": 2, "runs": 0, "doubles": 0, "triples": 0, "homeRuns": 0, "strikeOuts": 1, "baseOnBalls": 0, "intentionalWalks": 0, "hits": 0, "hitByPitch": 0, "avg": ".000", "atBats": 5, "obp": ".000", "slg": ".000", "ops": ".000", "caughtStealing": 0, "stolenBases": 0, "stolenBasePercentage": ".---", "groundIntoDoublePlay": 0, "plateAppearances": 5, "totalBases": 0, "rbi": 0, "sacBunts": 0, "sacFlies": 0, "babip": ".000", "atBatsPerHomeRun": "-.--"}, "team": {"id": 135, "name": "San Diego Padres", "link": "/api/v1/teams/135"}, "player": {"id": 110317, "fullName": "Steve Arlin", "link": "/api/v1/people/110317"}, "league": {"id": 104, "name": "National League", "link": "/api/v1/league/104"}, "sport": {"id": 1, "link": "/api/v1/sports/1", "abbreviation": "MLB"}, "gameType": "R"}, {"season": "1971", "stat": {"gamesPlayed": 36, "groundOuts": 14, "airOuts": 6, "runs": 5, "doubles": 0, "triples": 1, "homeRuns": 0, "strikeOuts": 20, "baseOnBalls": 3, "intentionalWalks": 0, "hits": 9, "hitByPitch": 0, "avg": ".123", "atBats": 73, "obp": ".156", "slg": ".151", "ops": ".307", "caughtStealing": 0, "stolenBases": 0, "stolenBasePercentage": ".---", "groundIntoDoublePlay": 1, "numberOfPitches": 132, "plateAppearances": 83, "totalBases": 11, "rbi": 2, "leftOnBase": 48, "sacBunts": 6, "sacFlies": 1, "babip": ".167", "groundOutsToAirouts": "2.33", "catchersInterference": 0, "atBatsPerHomeRun": "-.--"}, "team": {"id": 135, "name": "San Diego Padres", "link": "/api/v1/teams/135"}, "player": {"id": 110317, "fullName": "Steve Arlin", "link": "/api/v1/people/110317"}, "league": {"id": 104, "name": "National League", "link": "/api/v1/league/104"}, "sport": {"id": 1, "link": "/api/v1/sports/1", "abbreviation": "MLB"}, "gameType": "R"}, {"season": "1972", "stat": {"gamesPlayed": 38, "runs": 6, "doubles": 1, "triples": 1, "homeRuns": 0, "strikeOuts": 24, "baseOnBalls": 8, "intentionalWalks": 0, "hits": 11, "hitByPitch": 1, "avg": ".153", "atBats": 72, "obp": ".247", "slg": ".194", "ops": ".441", "caughtStealing": 0, "stolenBases": 0, "stolenBasePercentage": ".---", "groundIntoDoublePlay": 1, "plateAppearances": 85, "totalBases": 14, "rbi": 4, "sacBunts": 4, "sacFlies": 0, "babip": ".229", "atBatsPerHomeRun": "-.--"}, "team": {"id": 135, "name": "San Diego Padres", "link": "/api/v1/teams/135"}, "player": {"id": 110317, "fullName": "Steve Arlin", "link": "/api/v1/people/110317"}, "league": {"id": 104, "name": "National League", "link": "/api/v1/league/104"}, "sport": {"id": 1, "link": "/api/v1/sports/1", "abbreviation": "MLB"}, "gameType": "R"}, {"season": "1973", "stat": {"gamesPlayed": 34, "runs": 2, "doubles": 1, "triples": 0, "homeRuns": 0, "strikeOuts": 21, "baseOnBalls": 4, "intentionalWalks": 0, "hits": 10, "hitByPitch": 1, "avg": ".167", "atBats": 60, "obp": ".231", "slg": ".183", "ops": ".414", "caughtStealing": 0, "stolenBases": 0, "stolenBasePercentage": ".---", "groundIntoDoublePlay": 1, "plateAppearances": 67, "totalBases": 11, "rbi": 5, "sacBunts": 2, "sacFlies": 0, "babip": ".256", "atBatsPerHomeRun": "-.--"}, "team": {"id": 135, "name": "San Diego Padres", "link": "/api/v1/teams/135"}, "player": {"id": 110317, "fullName": "Steve Arlin", "link": "/api/v1/people/110317"}, "league": {"id": 104, "name": "National League", "link": "/api/v1/league/104"}, "sport": {"id": 1, "link": "/api/v1/sports/1", "abbreviation": "MLB"}, "gameType": "R"}, {"season": "1974", "stat": {"gamesPlayed": 16, "groundOuts": 4, "airOuts": 1, "runs": 0, "doubles": 1, "triples": 0, "homeRuns": 0, "strikeOuts": 7, "baseOnBalls": 0, "intentionalWalks": 0, "hits": 2, "hitByPitch": 0, "avg": ".111", "atBats": 18, "obp": ".111", "slg": ".167", "ops": ".278", "caughtStealing": 0, "stolenBases": 0, "stolenBasePercentage": ".---", "groundIntoDoublePlay": 1, "numberOfPitches": 33, "plateAppearances": 19, "totalBases": 3, "rbi": 0, "leftOnBase": 15, "sacBunts": 1, "sacFlies": 0, "babip": ".182", "groundOutsToAirouts": "4.00", "catchersInterference": 0, "atBatsPerHomeRun": "-.--"}, "team": {"id": 135, "name": "San Diego Padres", "link": "/api/v1/teams/135"}, "player": {"id": 110317, "fullName": "Steve Arlin", "link": "/api/v1/people/110317"}, "league": {"id": 104, "name": "National League", "link": "/api/v1/league/104"}, "sport": {"id": 1, "link": "/api/v1/sports/1", "abbreviation": "MLB"}, "gameType": "R"}]}, {"type": {"displayName": "yearByYear"}, "group": {"displayName": "pitching"}, "exemptions": [], "splits": [{"season": "1969", "stat": {"gamesPlayed": 4, "gamesStarted": 1, "runs": 11, "homeRuns": 2, "strikeOuts": 9, "baseOnBalls": 9, "intentionalWalks": 1, "hits": 13, "hitByPitch": 0, "avg": ".289", "atBats": 45, "obp": ".407", "era": "9.28", "inningsPitched": "10.2", "wins": 0, "losses": 1, "saves": 0, "saveOpportunities": 0, "blownSaves": 0, "earnedRuns": 11, "whip": "2.06", "battersFaced": 54, "outs": 32, "gamesPitched": 4, "completeGames": 0, "shutouts": 0, "hitBatsmen": 0, "balks": 0, "wildPitches": 5, "winPercentage": ".000", "gamesFinished": 2, "strikeoutWalkRatio": "1.00", "strikeoutsPer9Inn": "7.59", "walksPer9Inn": "7.59", "hitsPer9Inn": "10.97", "runsScoredPer9": "9.28", "homeRunsPer9": "1.69", "sacBunts": 0, "sacFlies": 0}, "team": {"id": 135, "name": "San Diego Padres", "link": "/api/v1/teams/135"}, "player": {"id": 110317, "fullName": "Steve Arlin", "link": "/api/v1/people/110317"}, "league": {"id": 104, "name": "National League", "link": "/api/v1/league/104"}, "sport": {"id": 1, "link": "/api/v1/sports/1", "abbreviation": "MLB"}, "gameType": "R"}, {"season": "1970", "stat": {"gamesPlayed": 2, "gamesStarted": 2, "runs": 4, "homeRuns": 0, "strikeOuts": 3, "baseOnBalls": 8, "intentionalWalks": 0, "hits": 11, "hitByPitch": 0, "avg": ".244", "atBats": 45, "obp": ".352", "era": "2.84", "inningsPitched": "12.2", "wins": 1, "losses": 0, "saves": 0, "saveOpportunities": 0, "blownSaves": 0, "earnedRuns": 4, "whip": "1.50", "battersFaced": 56, "outs": 38, "gamesPitched": 2, "completeGames": 1, "shutouts": 1, "hitBatsmen": 0, "balks": 0, "wildPitches": 0, "winPercentage": "1.000", "gamesFinished": 0, "strikeoutWalkRatio": "0.38", "strikeoutsPer9Inn": "2.13", "walksPer9Inn": "5.68", "hitsPer9Inn": "7.82", "runsScoredPer9": "2.84", "homeRunsPer9": "0.00", "sacBunts": 2, "sacFlies": 1}, "team": {"id": 135, "name": "San Diego Padres", "link": "/api/v1/teams/135"}, "player": {"id": 110317, "fullName": "Steve Arlin", "link": "/api/v1/people/110317"}, "league": {"id": 104, "name": "National League", "link": "/api/v1/league/104"}, "sport": {"id": 1, "link": "/api/v1/sports/1", "abbreviation": "MLB"}, "gameType": "R"}, {"season": "1971", "stat": {"gamesPlayed": 36, "gamesStarted": 34, "groundOuts": 82, "airOuts": 107, "runs": 114, "doubles": 27, "triples": 8, "homeRuns": 8, "strikeOuts": 156, "baseOnBalls": 103, "intentionalWalks": 10, "hits": 211, "hitByPitch": 6, "avg": ".244", "atBats": 865, "obp": ".327", "slg": ".321", "ops": ".648", "caughtStealing": 8, "stolenBases": 22, "stolenBasePercentage": ".733", "groundIntoDoublePlay": 18, "numberOfPitches": 1609, "era": "3.48", "inningsPitched": "227.2", "wins": 9, "losses": 19, "saves": 0, "saveOpportunities": 0, "holds": 0, "blownSaves": 0, "earnedRuns": 88, "whip": "1.38", "battersFaced": 988, "outs": 683, "gamesPitched": 36, "completeGames": 10, "shutouts": 4, "strikes": 1191, "strikePercentage": ".740", "hitBatsmen": 6, "balks": 1, "wildPitches": 7, "pickoffs": 1, "totalBases": 278, "groundOutsToAirouts": "0.77", "winPercentage": ".321", "pitchesPerInning": "7.07", "gamesFinished": 1, "strikeoutWalkRatio": "1.51", "strikeoutsPer9Inn": "6.17", "walksPer9Inn": "4.07", "hitsPer9Inn": "8.34", "runsScoredPer9": "4.51", "homeRunsPer9": "0.32", "inheritedRunners": 1, "inheritedRunnersScored": 0, "catchersInterference": 0, "sacBunts": 9, "sacFlies": 5}, "team": {"id": 135, "name": "San Diego Padres", "link": "/api/v1/teams/135"}, "player": {"id": 110317, "fullName": "Steve Arlin", "link": "/api/v1/people/110317"}, "league": {"id": 104, "name": "National League", "link": "/api/v1/league/104"}, "sport": {"id": 1, "link": "/api/v1/sports/1", "abbreviation": "MLB"}, "gameType": "R"}, {"season": "1972", "stat": {"gamesPlayed": 38, "gamesStarted": 37, "runs": 115, "homeRuns": 19, "strikeOuts": 159, "baseOnBalls": 122, "intentionalWalks": 15, "hits": 217, "hitByPitch": 9, "avg": ".237", "atBats": 916, "obp": ".329", "era": "3.60", "inningsPitched": "250.0", "wins": 10, "losses": 21, "saves": 0, "saveOpportunities": 0, "blownSaves": 0, "earnedRuns": 100, "whip": "1.36", "battersFaced": 1072, "outs": 750, "gamesPitched": 38, "completeGames": 12, "shutouts": 3, "hitBatsmen": 9, "balks": 1, "wildPitches": 15, "winPercentage": ".323", "gamesFinished": 1, "strikeoutWalkRatio": "1.30", "strikeoutsPer9Inn": "5.72", "walksPer9Inn": "4.39", "hitsPer9Inn": "7.81", "runsScoredPer9": "4.14", "homeRunsPer9": "0.68", "sacBunts": 15, "sacFlies": 10}, "team": {"id": 135, "name": "San Diego Padres", "link": "/api/v1/teams/135"}, "player": {"id": 110317, "fullName": "Steve Arlin", "link": "/api/v1/people/110317"}, "league": {"id": 104, "name": "National League", "link": "/api/v1/league/104"}, "sport": {"id": 1, "link": "/api/v1/sports/1", "abbreviation": "MLB"}, "gameType": "R"}, {"season": "1973", "stat": {"gamesPlayed": 34, "gamesStarted": 27, "runs": 107, "homeRuns": 26, "strikeOuts": 98, "baseOnBalls": 72, "intentionalWalks": 7, "hits": 196, "hitByPitch": 1, "avg": ".278", "atBats": 704, "obp": ".343", "era": "5.10", "inningsPitched": "180.0", "wins": 11, "losses": 14, "saves": 0, "saveOpportunities": 1, "blownSaves": 1, "earnedRuns": 102, "whip": "1.49", "battersFaced": 794, "outs": 540, "gamesPitched": 34, "completeGames": 7, "shutouts": 3, "hitBatsmen": 1, "balks": 0, "wildPitches": 7, "winPercentage": ".440", "gamesFinished": 0, "strikeoutWalkRatio": "1.36", "strikeoutsPer9Inn": "4.90", "walksPer9Inn": "3.60", "hitsPer9Inn": "9.80", "runsScoredPer9": "5.35", "homeRunsPer9": "1.30", "sacBunts": 9, "sacFlies": 8}, "team": {"id": 135, "name": "San Diego Padres", "link": "/api/v1/teams/135"}, "player": {"id": 110317, "fullName": "Steve Arlin", "link": "/api/v1/people/110317"}, "league": {"id": 104, "name": "National League", "link": "/api/v1/league/104"}, "sport": {"id": 1, "link": "/api/v1/sports/1", "abbreviation": "MLB"}, "gameType": "R"}, {"season": "1974", "stat": {"gamesPlayed": 16, "gamesStarted": 12, "groundOuts": 23, "airOuts": 38, "runs": 46, "doubles": 18, "triples": 2, "homeRuns": 5, "strikeOuts": 18, "baseOnBalls": 37, "intentionalWalks": 4, "hits": 85, "hitByPitch": 2, "avg": ".326", "atBats": 261, "obp": ".408", "slg": ".467", "ops": ".875", "caughtStealing": 5, "stolenBases": 3, "stolenBasePercentage": ".375", "groundIntoDoublePlay": 2, "numberOfPitches": 455, "era": "5.91", "inningsPitched": "64.0", "wins": 1, "losses": 7, "saves": 1, "saveOpportunities": 1, "holds": 0, "blownSaves": 0, "earnedRuns": 42, "whip": "1.91", "battersFaced": 310, "outs": 192, "gamesPitched": 16, "completeGames": 1, "shutouts": 0, "strikes": 307, "strikePercentage": ".670", "hitBatsmen": 2, "balks": 1, "wildPitches": 6, "pickoffs": 0, "totalBases": 122, "groundOutsToAirouts": "0.61", "winPercentage": ".125", "pitchesPerInning": "7.11", "gamesFinished": 2, "strikeoutWalkRatio": "0.49", "strikeoutsPer9Inn": "2.53", "walksPer9Inn": "5.20", "hitsPer9Inn": "11.95", "runsScoredPer9": "6.47", "homeRunsPer9": "0.70", "inheritedRunners": 2, "inheritedRunnersScored": 1, "catchersInterference": 0, "sacBunts": 6, "sacFlies": 4}, "team": {"id": 135, "name": "San Diego Padres", "link": "/api/v1/teams/135"}, "player": {"id": 110317, "fullName": "Steve Arlin", "link": "/api/v1/people/110317"}, "league": {"id": 104, "name": "National League", "link": "/api/v1/league/104"}, "sport": {"id": 1, "link": "/api/v1/sports/1", "abbreviation": "MLB"}, "gameType": "R"}, {"season": "1974", "stat": {"gamesPlayed": 11, "gamesStarted": 10, "groundOuts": 15, "airOuts": 15, "runs": 34, "doubles": 8, "triples": 0, "homeRuns": 1, "strikeOuts": 20, "baseOnBalls": 22, "intentionalWalks": 4, "hits": 59, "hitByPitch": 0, "avg": ".333", "atBats": 177, "obp": ".405", "slg": ".395", "ops": ".800", "caughtStealing": 1, "stolenBases": 3, "stolenBasePercentage": ".750", "groundIntoDoublePlay": 7, "numberOfPitches": 306, "era": "6.60", "inningsPitched": "43.2", "wins": 2, "losses": 5, "saves": 0, "saveOpportunities": 0, "holds": 0, "blownSaves": 0, "earnedRuns": 32, "whip": "1.85", "battersFaced": 200, "outs": 131, "gamesPitched": 11, "completeGames": 1, "shutouts": 0, "strikes": 218, "strikePercentage": ".710", "hitBatsmen": 0, "balks": 0, "wildPitches": 5, "pickoffs": 1, "totalBases": 70, "groundOutsToAirouts": "1.00", "winPercentage": ".286", "pitchesPerInning": "7.01", "gamesFinished": 1, "strikeoutWalkRatio": "0.91", "strikeoutsPer9Inn": "4.12", "walksPer9Inn": "4.53", "hitsPer9Inn": "12.16", "runsScoredPer9": "7.01", "homeRunsPer9": "0.21", "inheritedRunners": 0, "inheritedRunnersScored": 0, "catchersInterference": 0, "sacBunts": 0, "sacFlies": 1}, "team": {"id": 114, "name": "Cleveland Indians", "link": "/api/v1/teams/114"}, "player": {"id": 110317, "fullName": "Steve Arlin", "link": "/api/v1/people/110317"}, "league": {"id": 103, "name": "American League", "link": "/api/v1/league/103"}, "sport": {"id": 1, "link": "/api/v1/sports/1", "abbreviation": "MLB"}, "gameType": "R"}, {"season": "1974", "stat": {"gamesPlayed": 27, "gamesStarted": 22, "groundOuts": 38, "airOuts": 53, "runs": 80, "doubles": 26, "triples": 2, "homeRuns": 6, "strikeOuts": 38, "baseOnBalls": 59, "intentionalWalks": 8, "hits": 144, "hitByPitch": 2, "avg": ".329", "atBats": 438, "obp": ".407", "slg": ".438", "ops": ".845", "caughtStealing": 6, "stolenBases": 6, "stolenBasePercentage": ".500", "groundIntoDoublePlay": 9, "numberOfPitches": 761, "era": "6.19", "inningsPitched": "107.2", "wins": 3, "losses": 12, "saves": 1, "saveOpportunities": 1, "holds": 0, "blownSaves": 0, "earnedRuns": 74, "whip": "1.89", "battersFaced": 510, "outs": 323, "gamesPitched": 27, "completeGames": 2, "shutouts": 0, "strikes": 525, "strikePercentage": ".690", "hitBatsmen": 2, "balks": 1, "wildPitches": 11, "pickoffs": 1, "totalBases": 192, "groundOutsToAirouts": "0.72", "winPercentage": ".200", "pitchesPerInning": "7.07", "gamesFinished": 3, "strikeoutWalkRatio": "0.64", "strikeoutsPer9Inn": "3.18", "walksPer9Inn": "4.93", "hitsPer9Inn": "12.04", "runsScoredPer9": "6.69", "homeRunsPer9": "0.50", "inheritedRunners": 2, "inheritedRunnersScored": 1, "catchersInterference": 0, "sacBunts": 6, "sacFlies": 5}, "player": {"id": 110317, "fullName": "Steve Arlin", "link": "/api/v1/people/110317"}, "sport": {"id": 1, "link": "/api/v1/sports/1", "abbreviation": "MLB"}, "gameType": "R", "numTeams": 2}]}, {"type": {"displayName": "yearByYear"}, "group": {"displayName": "fielding"}, "exemptions": [], "splits": [{"season": "1969", "stat": {"gamesPlayed": 4, "gamesStarted": 1, "assists": 1, "putOuts": 0, "errors": 0, "chances": 1, "fielding": "1.000", "position": {"code": "1", "name": "Pitcher", "type": "Pitcher", "abbreviation": "P"}, "rangeFactorPerGame": "0.25", "rangeFactorPer9Inn": "0.90", "innings": "10.2", "games": 4, "doublePlays": 0, "triplePlays": 0, "throwingErrors": 0}, "team": {"id": 135, "name": "San Diego Padres", "link": "/api/v1/teams/135"}, "player": {"id": 110317, "fullName": "Steve Arlin", "link": "/api/v1/people/110317"}, "league": {"id": 104, "name": "National League", "link": "/api/v1/league/104"}, "sport": {"id": 1, "link": "/api/v1/sports/1", "abbreviation": "MLB"}, "gameType": "R", "position": {"code": "1", "name": "Pitcher", "type": "Pitcher", "abbreviation": "P"}}, {"season": "1970", "stat": {"gamesPlayed": 2, "gamesStarted": 2, "assists": 1, "putOuts": 0, "errors": 0, "chances": 1, "fielding": "1.000", "position": {"code": "1", "name": "Pitcher", "type": "Pitcher", "abbreviation": "P"}, "rangeFactorPerGame": "0.50", "rangeFactorPer9Inn": "0.75", "innings": "12.2", "games": 2, "doublePlays": 0, "triplePlays": 0, "throwingErrors": 0}, "team": {"id": 135, "name": "San Diego Padres", "link": "/api/v1/teams/135"}, "player": {"id": 110317, "fullName": "Steve Arlin", "link": "/api/v1/people/110317"}, "league": {"id": 104, "name": "National League", "link": "/api/v1/league/104"}, "sport": {"id": 1, "link": "/api/v1/sports/1", "abbreviation": "MLB"}, "gameType": "R", "position": {"code": "1", "name": "Pitcher", "type": "Pitcher", "abbreviation": "P"}}, {"season": "1971", "stat": {"gamesPlayed": 36, "gamesStarted": 34, "assists": 24, "putOuts": 18, "errors": 1, "chances": 43, "fielding": ".977", "position": {"code": "1", "name": "Pitcher", "type": "Pitcher", "abbreviation": "P"}, "rangeFactorPerGame": "1.17", "rangeFactorPer9Inn": "1.67", "innings": "227.2", "games": 36, "doublePlays": 3, "triplePlays": 0, "throwingErrors": 0}, "team": {"id": 135, "name": "San Diego Padres", "link": "/api/v1/teams/135"}, "player": {"id": 110317, "fullName": "Steve Arlin", "link": "/api/v1/people/110317"}, "league": {"id": 104, "name": "National League", "link": "/api/v1/league/104"}, "sport": {"id": 1, "link": "/api/v1/sports/1", "abbreviation": "MLB"}, "gameType": "R", "position": {"code": "1", "name": "Pitcher", "type": "Pitcher", "abbreviation": "P"}}, {"season": "1972", "stat": {"gamesPlayed": 38, "gamesStarted": 37, "assists": 32, "putOuts": 17, "errors": 3, "chances": 52, "fielding": ".942", "position": {"code": "1", "name": "Pitcher", "type": "Pitcher", "abbreviation": "P"}, "rangeFactorPerGame": "1.29", "rangeFactorPer9Inn": "1.76", "innings": "250.0", "games": 38, "doublePlays": 1, "triplePlays": 0, "throwingErrors": 0}, "team": {"id": 135, "name": "San Diego Padres", "link": "/api/v1/teams/135"}, "player": {"id": 110317, "fullName": "Steve Arlin", "link": "/api/v1/people/110317"}, "league": {"id": 104, "name": "National League", "link": "/api/v1/league/104"}, "sport": {"id": 1, "link": "/api/v1/sports/1", "abbreviation": "MLB"}, "gameType": "R", "position": {"code": "1", "name": "Pitcher", "type": "Pitcher", "abbreviation": "P"}}, {"season": "1973", "stat": {"gamesPlayed": 34, "gamesStarted": 27, "assists": 20, "putOuts": 14, "errors": 0, "chances": 34, "fielding": "1.000", "position": {"code": "1", "name": "Pitcher", "type": "Pitcher", "abbreviation": "P"}, "rangeFactorPerGame": "1.00", "rangeFactorPer9Inn": "1.70", "innings": "180.0", "games": 34, "doublePlays": 4, "triplePlays": 0, "throwingErrors": 0}, "team": {"id": 135, "name": "San Diego Padres", "link": "/api/v1/teams/135"}, "player": {"id": 110317, "fullName": "Steve Arlin", "link": "/api/v1/people/110317"}, "league": {"id": 104, "name": "National League", "link": "/api/v1/league/104"}, "sport": {"id": 1, "link": "/api/v1/sports/1", "abbreviation": "MLB"}, "gameType": "R", "position": {"code": "1", "name": "Pitcher", "type": "Pitcher", "abbreviation": "P"}}, {"season": "1974", "stat": {"gamesPlayed": 16, "gamesStarted": 12, "assists": 6, "putOuts": 8, "errors": 1, "chances": 15, "fielding": ".933", "position": {"code": "1", "name": "Pitcher", "type": "Pitcher", "abbreviation": "P"}, "rangeFactorPerGame": "0.88", "rangeFactorPer9Inn": "1.97", "innings": "64.0", "games": 16, "doublePlays": 0, "triplePlays": 0, "throwingErrors": 0}, "team": {"id": 135, "name": "San Diego Padres", "link": "/api/v1/teams/135"}, "player": {"id": 110317, "fullName": "Steve Arlin", "link": "/api/v1/people/110317"}, "league": {"id": 104, "name": "National League", "link": "/api/v1/league/104"}, "sport": {"id": 1, "link": "/api/v1/sports/1", "abbreviation": "MLB"}, "gameType": "R", "position": {"code": "1", "name": "Pitcher", "type": "Pitcher", "abbreviation": "P"}}, {"season": "1974", "stat": {"gamesPlayed": 11, "gamesStarted": 10, "assists": 5, "putOuts": 1, "errors": 4, "chances": 10, "fielding": ".600", "position": {"code": "1", "name": "Pitcher", "type": "Pitcher", "abbreviation": "P"}, "rangeFactorPerGame": "0.55", "rangeFactorPer9Inn": "1.26", "innings": "43.2", "games": 11, "doublePlays": 0, "triplePlays": 0, "throwingErrors": 0}, "team": {"id": 114, "name": "Cleveland Indians", "link": "/api/v1/teams/114"}, "player": {"id": 110317, "fullName": "Steve Arlin", "link": "/api/v1/people/110317"}, "league": {"id": 103, "name": "American League", "link": "/api/v1/league/103"}, "sport": {"id": 1, "link": "/api/v1/sports/1", "abbreviation": "MLB"}, "gameType": "R", "position": {"code": "1", "name": "Pitcher", "type": "Pitcher", "abbreviation": "P"}}, {"season": "1974", "stat": {"gamesPlayed": 27, "gamesStarted": 22, "assists": 11, "putOuts": 9, "errors": 5, "chances": 25, "fielding": ".800", "position": {"code": "1", "name": "Pitcher", "type": "Pitcher", "abbreviation": "P"}, "rangeFactorPerGame": "0.74", "rangeFactorPer9Inn": "1.68", "innings": "107.2", "games": 27, "doublePlays": 0, "triplePlays": 0, "throwingErrors": 0}, "player": {"id": 110317, "fullName": "Steve Arlin", "link": "/api/v1/people/110317"}, "sport": {"id": 1, "link": "/api/v1/sports/1", "abbreviation": "MLB"}, "gameType": "R", "numTeams": 2, "position": {"code": "1", "name": "Pitcher", "type": "Pitcher", "abbreviation": "P"}}]}], "mlbDebutDate": "1969-06-17", "batSide": {"code": "R", "description": "Right"}, "pitchHand": {"code": "R", "description": "Right"}, "nameFirstLast": "Steve Arlin", "nameSlug": "steve-arlin-110317", "firstLastName": "Steve Arlin", "lastFirstName": "Arlin, Steve", "lastInitName": "Arlin, S", "initLastName": "S Arlin", "fullFMLName": "Stephen Ralph Arlin", "fullLFMName": "Arlin, Stephen Ralph", "strikeZoneTop": 3.549, "strikeZoneBottom": 1.627}