{"id": 110357, "fullName": "Brian Asselstine", "link": "/api/v1/people/110357", "firstName": "Brian", "lastName": "Asselstine", "primaryNumber": "30", "birthDate": "1953-09-23", "currentAge": 69, "birthCity": "Santa Barbara", "birthStateProvince": "CA", "birthCountry": "USA", "height": "6' 1\"", "weight": 175, "active": false, "primaryPosition": {"code": "8", "name": "Outfielder", "type": "Outfielder", "abbreviation": "CF"}, "useName": "Brian", "useLastName": "Asselstine", "middleName": "Hanly", "boxscoreName": "Asselstine", "gender": "M", "isPlayer": true, "isVerified": true, "draftYear": 1972, "lastPlayedDate": "1981-10-03", "stats": [{"type": {"displayName": "career"}, "group": {"displayName": "hitting"}, "exemptions": [], "splits": [{"stat": {"gamesPlayed": 284, "groundOuts": 61, "airOuts": 64, "runs": 52, "doubles": 27, "triples": 4, "homeRuns": 12, "strikeOuts": 74, "baseOnBalls": 38, "intentionalWalks": 6, "hits": 146, "hitByPitch": 3, "avg": ".254", "atBats": 574, "obp": ".300", "slg": ".378", "ops": ".678", "caughtStealing": 4, "stolenBases": 5, "stolenBasePercentage": ".556", "groundIntoDoublePlay": 17, "numberOfPitches": 891, "plateAppearances": 629, "totalBases": 217, "rbi": 68, "leftOnBase": 236, "sacBunts": 5, "sacFlies": 9, "babip": ".270", "groundOutsToAirouts": "0.95", "catchersInterference": 0, "atBatsPerHomeRun": "47.83"}, "team": {"id": 144, "name": "Atlanta Braves", "link": "/api/v1/teams/144"}, "player": {"id": 110357, "fullName": "Brian Asselstine", "link": "/api/v1/people/110357"}, "league": {"id": 104, "name": "National League", "link": "/api/v1/league/104"}, "sport": {"id": 1, "link": "/api/v1/sports/1", "abbreviation": "MLB"}, "gameType": "R"}]}, {"type": {"displayName": "career"}, "group": {"displayName": "fielding"}, "exemptions": [], "splits": [{"stat": {"gamesPlayed": 43, "gamesStarted": 34, "assists": 0, "putOuts": 57, "errors": 4, "chances": 61, "fielding": ".934", "position": {"code": "7", "name": "Outfielder", "type": "Outfielder", "abbreviation": "LF"}, "rangeFactorPerGame": "1.33", "rangeFactorPer9Inn": "1.68", "innings": "305.1", "games": 43, "doublePlays": 0, "triplePlays": 0, "throwingErrors": 0}, "team": {"id": 144, "name": "Atlanta Braves", "link": "/api/v1/teams/144"}, "player": {"id": 110357, "fullName": "Brian Asselstine", "link": "/api/v1/people/110357"}, "league": {"id": 104, "name": "National League", "link": "/api/v1/league/104"}, "sport": {"id": 1, "link": "/api/v1/sports/1", "abbreviation": "MLB"}, "gameType": "R", "position": {"code": "7", "name": "Outfielder", "type": "Outfielder", "abbreviation": "LF"}}, {"stat": {"gamesPlayed": 64, "gamesStarted": 56, "assists": 0, "putOuts": 131, "errors": 1, "chances": 132, "fielding": ".992", "position": {"code": "8", "name": "Outfielder", "type": "Outfielder", "abbreviation": "CF"}, "rangeFactorPerGame": "2.05", "rangeFactorPer9Inn": "2.43", "innings": "486.1", "games": 64, "doublePlays": 0, "triplePlays": 0, "throwingErrors": 0}, "team": {"id": 144, "name": "Atlanta Braves", "link": "/api/v1/teams/144"}, "player": {"id": 110357, "fullName": "Brian Asselstine", "link": "/api/v1/people/110357"}, "league": {"id": 104, "name": "National League", "link": "/api/v1/league/104"}, "sport": {"id": 1, "link": "/api/v1/sports/1", "abbreviation": "MLB"}, "gameType": "R", "position": {"code": "8", "name": "Outfielder", "type": "Outfielder", "abbreviation": "CF"}}, {"stat": {"gamesPlayed": 60, "gamesStarted": 32, "assists": 3, "putOuts": 68, "errors": 3, "chances": 74, "fielding": ".959", "position": {"code": "9", "name": "Outfielder", "type": "Outfielder", "abbreviation": "RF"}, "rangeFactorPerGame": "1.18", "rangeFactorPer9Inn": "1.99", "innings": "321.2", "games": 60, "doublePlays": 1, "triplePlays": 0, "throwingErrors": 0}, "team": {"id": 144, "name": "Atlanta Braves", "link": "/api/v1/teams/144"}, "player": {"id": 110357, "fullName": "Brian Asselstine", "link": "/api/v1/people/110357"}, "league": {"id": 104, "name": "National League", "link": "/api/v1/league/104"}, "sport": {"id": 1, "link": "/api/v1/sports/1", "abbreviation": "MLB"}, "gameType": "R", "position": {"code": "9", "name": "Outfielder", "type": "Outfielder", "abbreviation": "RF"}}]}, {"type": {"displayName": "yearByYear"}, "group": {"displayName": "hitting"}, "exemptions": [], "splits": [{"season": "1976", "stat": {"gamesPlayed": 11, "groundOuts": 3, "airOuts": 3, "runs": 2, "doubles": 0, "triples": 0, "homeRuns": 1, "strikeOuts": 2, "baseOnBalls": 1, "intentionalWalks": 0, "hits": 7, "hitByPitch": 0, "avg": ".212", "atBats": 33, "obp": ".229", "slg": ".303", "ops": ".532", "caughtStealing": 0, "stolenBases": 0, "stolenBasePercentage": ".---", "groundIntoDoublePlay": 0, "numberOfPitches": 43, "plateAppearances": 36, "totalBases": 10, "rbi": 3, "leftOnBase": 11, "sacBunts": 1, "sacFlies": 1, "babip": ".194", "groundOutsToAirouts": "1.00", "catchersInterference": 0, "atBatsPerHomeRun": "33.00"}, "team": {"id": 144, "name": "Atlanta Braves", "link": "/api/v1/teams/144"}, "player": {"id": 110357, "fullName": "Brian Asselstine", "link": "/api/v1/people/110357"}, "league": {"id": 104, "name": "National League", "link": "/api/v1/league/104"}, "sport": {"id": 1, "link": "/api/v1/sports/1", "abbreviation": "MLB"}, "gameType": "R"}, {"season": "1977", "stat": {"gamesPlayed": 83, "groundOuts": 10, "airOuts": 17, "runs": 12, "doubles": 6, "triples": 0, "homeRuns": 4, "strikeOuts": 10, "baseOnBalls": 9, "intentionalWalks": 1, "hits": 26, "hitByPitch": 0, "avg": ".210", "atBats": 124, "obp": ".263", "slg": ".355", "ops": ".618", "caughtStealing": 0, "stolenBases": 1, "stolenBasePercentage": "1.000", "groundIntoDoublePlay": 2, "numberOfPitches": 181, "plateAppearances": 134, "totalBases": 44, "rbi": 17, "leftOnBase": 48, "sacBunts": 1, "sacFlies": 0, "babip": ".200", "groundOutsToAirouts": "0.59", "catchersInterference": 0, "atBatsPerHomeRun": "31.00"}, "team": {"id": 144, "name": "Atlanta Braves", "link": "/api/v1/teams/144"}, "player": {"id": 110357, "fullName": "Brian Asselstine", "link": "/api/v1/people/110357"}, "league": {"id": 104, "name": "National League", "link": "/api/v1/league/104"}, "sport": {"id": 1, "link": "/api/v1/sports/1", "abbreviation": "MLB"}, "gameType": "R"}, {"season": "1978", "stat": {"gamesPlayed": 39, "groundOuts": 9, "airOuts": 10, "runs": 11, "doubles": 3, "triples": 3, "homeRuns": 2, "strikeOuts": 16, "baseOnBalls": 11, "intentionalWalks": 1, "hits": 28, "hitByPitch": 2, "avg": ".272", "atBats": 103, "obp": ".339", "slg": ".417", "ops": ".756", "caughtStealing": 1, "stolenBases": 2, "stolenBasePercentage": ".667", "groundIntoDoublePlay": 1, "numberOfPitches": 187, "plateAppearances": 122, "totalBases": 43, "rbi": 13, "leftOnBase": 40, "sacBunts": 1, "sacFlies": 5, "babip": ".289", "groundOutsToAirouts": "0.90", "catchersInterference": 0, "atBatsPerHomeRun": "51.50"}, "team": {"id": 144, "name": "Atlanta Braves", "link": "/api/v1/teams/144"}, "player": {"id": 110357, "fullName": "Brian Asselstine", "link": "/api/v1/people/110357"}, "league": {"id": 104, "name": "National League", "link": "/api/v1/league/104"}, "sport": {"id": 1, "link": "/api/v1/sports/1", "abbreviation": "MLB"}, "gameType": "R"}, {"season": "1979", "stat": {"gamesPlayed": 8, "groundOuts": 1, "airOuts": 0, "runs": 1, "doubles": 0, "triples": 0, "homeRuns": 0, "strikeOuts": 2, "baseOnBalls": 1, "intentionalWalks": 1, "hits": 1, "hitByPitch": 0, "avg": ".100", "atBats": 10, "obp": ".182", "slg": ".100", "ops": ".282", "caughtStealing": 0, "stolenBases": 0, "stolenBasePercentage": ".---", "groundIntoDoublePlay": 1, "numberOfPitches": 18, "plateAppearances": 11, "totalBases": 1, "rbi": 0, "leftOnBase": 2, "sacBunts": 0, "sacFlies": 0, "babip": ".125", "groundOutsToAirouts": "1.00", "catchersInterference": 0, "atBatsPerHomeRun": "-.--"}, "team": {"id": 144, "name": "Atlanta Braves", "link": "/api/v1/teams/144"}, "player": {"id": 110357, "fullName": "Brian Asselstine", "link": "/api/v1/people/110357"}, "league": {"id": 104, "name": "National League", "link": "/api/v1/league/104"}, "sport": {"id": 1, "link": "/api/v1/sports/1", "abbreviation": "MLB"}, "gameType": "R"}, {"season": "1980", "stat": {"gamesPlayed": 87, "groundOuts": 27, "airOuts": 19, "runs": 18, "doubles": 13, "triples": 1, "homeRuns": 3, "strikeOuts": 37, "baseOnBalls": 11, "intentionalWalks": 3, "hits": 62, "hitByPitch": 1, "avg": ".284", "atBats": 218, "obp": ".318", "slg": ".394", "ops": ".712", "caughtStealing": 3, "stolenBases": 1, "stolenBasePercentage": ".250", "groundIntoDoublePlay": 9, "numberOfPitches": 342, "plateAppearances": 235, "totalBases": 86, "rbi": 25, "leftOnBase": 100, "sacBunts": 2, "sacFlies": 3, "babip": ".326", "groundOutsToAirouts": "1.42", "catchersInterference": 0, "atBatsPerHomeRun": "72.67"}, "team": {"id": 144, "name": "Atlanta Braves", "link": "/api/v1/teams/144"}, "player": {"id": 110357, "fullName": "Brian Asselstine", "link": "/api/v1/people/110357"}, "league": {"id": 104, "name": "National League", "link": "/api/v1/league/104"}, "sport": {"id": 1, "link": "/api/v1/sports/1", "abbreviation": "MLB"}, "gameType": "R"}, {"season": "1981", "stat": {"gamesPlayed": 56, "groundOuts": 11, "airOuts": 15, "runs": 8, "doubles": 5, "triples": 0, "homeRuns": 2, "strikeOuts": 7, "baseOnBalls": 5, "intentionalWalks": 0, "hits": 22, "hitByPitch": 0, "avg": ".256", "atBats": 86, "obp": ".297", "slg": ".384", "ops": ".681", "caughtStealing": 0, "stolenBases": 1, "stolenBasePercentage": "1.000", "groundIntoDoublePlay": 4, "numberOfPitches": 120, "plateAppearances": 91, "totalBases": 33, "rbi": 10, "leftOnBase": 35, "sacBunts": 0, "sacFlies": 0, "babip": ".260", "groundOutsToAirouts": "0.73", "catchersInterference": 0, "atBatsPerHomeRun": "43.00"}, "team": {"id": 144, "name": "Atlanta Braves", "link": "/api/v1/teams/144"}, "player": {"id": 110357, "fullName": "Brian Asselstine", "link": "/api/v1/people/110357"}, "league": {"id": 104, "name": "National League", "link": "/api/v1/league/104"}, "sport": {"id": 1, "link": "/api/v1/sports/1", "abbreviation": "MLB"}, "gameType": "R"}]}, {"type": {"displayName": "yearByYear"}, "group": {"displayName": "fielding"}, "exemptions": [], "splits": [{"season": "1976", "stat": {"gamesPlayed": 7, "gamesStarted": 7, "assists": 0, "putOuts": 17, "errors": 0, "chances": 17, "fielding": "1.000", "position": {"code": "8", "name": "Outfielder", "type": "Outfielder", "abbreviation": "CF"}, "rangeFactorPerGame": "2.43", "rangeFactorPer9Inn": "2.64", "innings": "58.0", "games": 7, "doublePlays": 0, "triplePlays": 0, "throwingErrors": 0}, "team": {"id": 144, "name": "Atlanta Braves", "link": "/api/v1/teams/144"}, "player": {"id": 110357, "fullName": "Brian Asselstine", "link": "/api/v1/people/110357"}, "league": {"id": 104, "name": "National League", "link": "/api/v1/league/104"}, "sport": {"id": 1, "link": "/api/v1/sports/1", "abbreviation": "MLB"}, "gameType": "R", "position": {"code": "8", "name": "Outfielder", "type": "Outfielder", "abbreviation": "CF"}}, {"season": "1976", "stat": {"gamesPlayed": 2, "gamesStarted": 2, "assists": 0, "putOuts": 2, "errors": 0, "chances": 2, "fielding": "1.000", "position": {"code": "9", "name": "Outfielder", "type": "Outfielder", "abbreviation": "RF"}, "rangeFactorPerGame": "1.00", "rangeFactorPer9Inn": "1.00", "innings": "18.0", "games": 2, "doublePlays": 0, "triplePlays": 0, "throwingErrors": 0}, "team": {"id": 144, "name": "Atlanta Braves", "link": "/api/v1/teams/144"}, "player": {"id": 110357, "fullName": "Brian Asselstine", "link": "/api/v1/people/110357"}, "league": {"id": 104, "name": "National League", "link": "/api/v1/league/104"}, "sport": {"id": 1, "link": "/api/v1/sports/1", "abbreviation": "MLB"}, "gameType": "R", "position": {"code": "9", "name": "Outfielder", "type": "Outfielder", "abbreviation": "RF"}}, {"season": "1977", "stat": {"gamesPlayed": 9, "gamesStarted": 7, "assists": 0, "putOuts": 17, "errors": 0, "chances": 17, "fielding": "1.000", "position": {"code": "7", "name": "Outfielder", "type": "Outfielder", "abbreviation": "LF"}, "rangeFactorPerGame": "1.89", "rangeFactorPer9Inn": "2.13", "innings": "72.0", "games": 9, "doublePlays": 0, "triplePlays": 0, "throwingErrors": 0}, "team": {"id": 144, "name": "Atlanta Braves", "link": "/api/v1/teams/144"}, "player": {"id": 110357, "fullName": "Brian Asselstine", "link": "/api/v1/people/110357"}, "league": {"id": 104, "name": "National League", "link": "/api/v1/league/104"}, "sport": {"id": 1, "link": "/api/v1/sports/1", "abbreviation": "MLB"}, "gameType": "R", "position": {"code": "7", "name": "Outfielder", "type": "Outfielder", "abbreviation": "LF"}}, {"season": "1977", "stat": {"gamesPlayed": 14, "gamesStarted": 10, "assists": 0, "putOuts": 29, "errors": 0, "chances": 29, "fielding": "1.000", "position": {"code": "8", "name": "Outfielder", "type": "Outfielder", "abbreviation": "CF"}, "rangeFactorPerGame": "2.07", "rangeFactorPer9Inn": "2.87", "innings": "91.0", "games": 14, "doublePlays": 0, "triplePlays": 0, "throwingErrors": 0}, "team": {"id": 144, "name": "Atlanta Braves", "link": "/api/v1/teams/144"}, "player": {"id": 110357, "fullName": "Brian Asselstine", "link": "/api/v1/people/110357"}, "league": {"id": 104, "name": "National League", "link": "/api/v1/league/104"}, "sport": {"id": 1, "link": "/api/v1/sports/1", "abbreviation": "MLB"}, "gameType": "R", "position": {"code": "8", "name": "Outfielder", "type": "Outfielder", "abbreviation": "CF"}}, {"season": "1977", "stat": {"gamesPlayed": 13, "gamesStarted": 3, "assists": 1, "putOuts": 11, "errors": 1, "chances": 13, "fielding": ".923", "position": {"code": "9", "name": "Outfielder", "type": "Outfielder", "abbreviation": "RF"}, "rangeFactorPerGame": "0.92", "rangeFactorPer9Inn": "2.63", "innings": "41.0", "games": 13, "doublePlays": 0, "triplePlays": 0, "throwingErrors": 0}, "team": {"id": 144, "name": "Atlanta Braves", "link": "/api/v1/teams/144"}, "player": {"id": 110357, "fullName": "Brian Asselstine", "link": "/api/v1/people/110357"}, "league": {"id": 104, "name": "National League", "link": "/api/v1/league/104"}, "sport": {"id": 1, "link": "/api/v1/sports/1", "abbreviation": "MLB"}, "gameType": "R", "position": {"code": "9", "name": "Outfielder", "type": "Outfielder", "abbreviation": "RF"}}, {"season": "1978", "stat": {"gamesPlayed": 11, "gamesStarted": 9, "assists": 0, "putOuts": 21, "errors": 1, "chances": 22, "fielding": ".955", "position": {"code": "8", "name": "Outfielder", "type": "Outfielder", "abbreviation": "CF"}, "rangeFactorPerGame": "1.91", "rangeFactorPer9Inn": "2.63", "innings": "72.0", "games": 11, "doublePlays": 0, "triplePlays": 0, "throwingErrors": 0}, "team": {"id": 144, "name": "Atlanta Braves", "link": "/api/v1/teams/144"}, "player": {"id": 110357, "fullName": "Brian Asselstine", "link": "/api/v1/people/110357"}, "league": {"id": 104, "name": "National League", "link": "/api/v1/league/104"}, "sport": {"id": 1, "link": "/api/v1/sports/1", "abbreviation": "MLB"}, "gameType": "R", "position": {"code": "8", "name": "Outfielder", "type": "Outfielder", "abbreviation": "CF"}}, {"season": "1978", "stat": {"gamesPlayed": 31, "gamesStarted": 17, "assists": 1, "putOuts": 38, "errors": 1, "chances": 40, "fielding": ".975", "position": {"code": "9", "name": "Outfielder", "type": "Outfielder", "abbreviation": "RF"}, "rangeFactorPerGame": "1.26", "rangeFactorPer9Inn": "1.98", "innings": "177.2", "games": 31, "doublePlays": 0, "triplePlays": 0, "throwingErrors": 0}, "team": {"id": 144, "name": "Atlanta Braves", "link": "/api/v1/teams/144"}, "player": {"id": 110357, "fullName": "Brian Asselstine", "link": "/api/v1/people/110357"}, "league": {"id": 104, "name": "National League", "link": "/api/v1/league/104"}, "sport": {"id": 1, "link": "/api/v1/sports/1", "abbreviation": "MLB"}, "gameType": "R", "position": {"code": "9", "name": "Outfielder", "type": "Outfielder", "abbreviation": "RF"}}, {"season": "1979", "stat": {"gamesPlayed": 1, "gamesStarted": 1, "assists": 0, "putOuts": 1, "errors": 0, "chances": 1, "fielding": "1.000", "position": {"code": "7", "name": "Outfielder", "type": "Outfielder", "abbreviation": "LF"}, "rangeFactorPerGame": "1.00", "rangeFactorPer9Inn": "1.13", "innings": "8.0", "games": 1, "doublePlays": 0, "triplePlays": 0, "throwingErrors": 0}, "team": {"id": 144, "name": "Atlanta Braves", "link": "/api/v1/teams/144"}, "player": {"id": 110357, "fullName": "Brian Asselstine", "link": "/api/v1/people/110357"}, "league": {"id": 104, "name": "National League", "link": "/api/v1/league/104"}, "sport": {"id": 1, "link": "/api/v1/sports/1", "abbreviation": "MLB"}, "gameType": "R", "position": {"code": "7", "name": "Outfielder", "type": "Outfielder", "abbreviation": "LF"}}, {"season": "1980", "stat": {"gamesPlayed": 29, "gamesStarted": 23, "assists": 0, "putOuts": 34, "errors": 4, "chances": 38, "fielding": ".895", "position": {"code": "7", "name": "Outfielder", "type": "Outfielder", "abbreviation": "LF"}, "rangeFactorPerGame": "1.17", "rangeFactorPer9Inn": "1.50", "innings": "204.1", "games": 29, "doublePlays": 0, "triplePlays": 0, "throwingErrors": 0}, "team": {"id": 144, "name": "Atlanta Braves", "link": "/api/v1/teams/144"}, "player": {"id": 110357, "fullName": "Brian Asselstine", "link": "/api/v1/people/110357"}, "league": {"id": 104, "name": "National League", "link": "/api/v1/league/104"}, "sport": {"id": 1, "link": "/api/v1/sports/1", "abbreviation": "MLB"}, "gameType": "R", "position": {"code": "7", "name": "Outfielder", "type": "Outfielder", "abbreviation": "LF"}}, {"season": "1980", "stat": {"gamesPlayed": 32, "gamesStarted": 30, "assists": 0, "putOuts": 64, "errors": 0, "chances": 64, "fielding": "1.000", "position": {"code": "8", "name": "Outfielder", "type": "Outfielder", "abbreviation": "CF"}, "rangeFactorPerGame": "2.00", "rangeFactorPer9Inn": "2.17", "innings": "265.1", "games": 32, "doublePlays": 0, "triplePlays": 0, "throwingErrors": 0}, "team": {"id": 144, "name": "Atlanta Braves", "link": "/api/v1/teams/144"}, "player": {"id": 110357, "fullName": "Brian Asselstine", "link": "/api/v1/people/110357"}, "league": {"id": 104, "name": "National League", "link": "/api/v1/league/104"}, "sport": {"id": 1, "link": "/api/v1/sports/1", "abbreviation": "MLB"}, "gameType": "R", "position": {"code": "8", "name": "Outfielder", "type": "Outfielder", "abbreviation": "CF"}}, {"season": "1980", "stat": {"gamesPlayed": 2, "gamesStarted": 0, "assists": 0, "putOuts": 0, "errors": 0, "chances": 0, "fielding": ".000", "position": {"code": "9", "name": "Outfielder", "type": "Outfielder", "abbreviation": "RF"}, "rangeFactorPerGame": "0.00", "rangeFactorPer9Inn": "0.00", "innings": "5.0", "games": 2, "doublePlays": 0, "triplePlays": 0, "throwingErrors": 0}, "team": {"id": 144, "name": "Atlanta Braves", "link": "/api/v1/teams/144"}, "player": {"id": 110357, "fullName": "Brian Asselstine", "link": "/api/v1/people/110357"}, "league": {"id": 104, "name": "National League", "link": "/api/v1/league/104"}, "sport": {"id": 1, "link": "/api/v1/sports/1", "abbreviation": "MLB"}, "gameType": "R", "position": {"code": "9", "name": "Outfielder", "type": "Outfielder", "abbreviation": "RF"}}, {"season": "1981", "stat": {"gamesPlayed": 4, "gamesStarted": 3, "assists": 0, "putOuts": 5, "errors": 0, "chances": 5, "fielding": "1.000", "position": {"code": "7", "name": "Outfielder", "type": "Outfielder", "abbreviation": "LF"}, "rangeFactorPerGame": "1.25", "rangeFactorPer9Inn": "2.14", "innings": "21.0", "games": 4, "doublePlays": 0, "triplePlays": 0, "throwingErrors": 0}, "team": {"id": 144, "name": "Atlanta Braves", "link": "/api/v1/teams/144"}, "player": {"id": 110357, "fullName": "Brian Asselstine", "link": "/api/v1/people/110357"}, "league": {"id": 104, "name": "National League", "link": "/api/v1/league/104"}, "sport": {"id": 1, "link": "/api/v1/sports/1", "abbreviation": "MLB"}, "gameType": "R", "position": {"code": "7", "name": "Outfielder", "type": "Outfielder", "abbreviation": "LF"}}, {"season": "1981", "stat": {"gamesPlayed": 12, "gamesStarted": 10, "assists": 1, "putOuts": 17, "errors": 1, "chances": 19, "fielding": ".947", "position": {"code": "9", "name": "Outfielder", "type": "Outfielder", "abbreviation": "RF"}, "rangeFactorPerGame": "1.50", "rangeFactorPer9Inn": "2.03", "innings": "80.0", "games": 12, "doublePlays": 1, "triplePlays": 0, "throwingErrors": 0}, "team": {"id": 144, "name": "Atlanta Braves", "link": "/api/v1/teams/144"}, "player": {"id": 110357, "fullName": "Brian Asselstine", "link": "/api/v1/people/110357"}, "league": {"id": 104, "name": "National League", "link": "/api/v1/league/104"}, "sport": {"id": 1, "link": "/api/v1/sports/1", "abbreviation": "MLB"}, "gameType": "R", "position": {"code": "9", "name": "Outfielder", "type": "Outfielder", "abbreviation": "RF"}}]}], "mlbDebutDate": "1976-09-14", "batSide": {"code": "L", "description": "Left"}, "pitchHand": {"code": "R", "description": "Right"}, "nameFirstLast": "Brian Asselstine", "nameSlug": "brian-asselstine-110357", "firstLastName": "Brian Asselstine", "lastFirstName": "Asselstine, Brian", "lastInitName": "Asselstine, B", "initLastName": "B Asselstine", "fullFMLName": "Brian Hanly Asselstine", "fullLFMName": "Asselstine, Brian Hanly", "strikeZoneTop": 3.411, "strikeZoneBottom": 1.565}