{"id": 110368, "fullName": "Bill Atkinson", "link": "/api/v1/people/110368", "firstName": "William", "lastName": "Atkinson", "primaryNumber": "42", "birthDate": "1954-10-04", "currentAge": 68, "birthCity": "Chatham", "birthStateProvince": "ON", "birthCountry": "Canada", "height": "5' 7\"", "weight": 165, "active": false, "primaryPosition": {"code": "1", "name": "Pitcher", "type": "Pitcher", "abbreviation": "P"}, "useName": "Bill", "useLastName": "Atkinson", "middleName": "Cecil Glenn", "boxscoreName": "Atkinson", "gender": "M", "isPlayer": true, "isVerified": true, "lastPlayedDate": "1979-09-26", "stats": [{"type": {"displayName": "career"}, "group": {"displayName": "pitching"}, "exemptions": [], "splits": [{"stat": {"gamesPlayed": 98, "gamesStarted": 0, "groundOuts": 55, "airOuts": 42, "runs": 60, "doubles": 23, "triples": 5, "homeRuns": 17, "strikeOuts": 99, "baseOnBalls": 62, "intentionalWalks": 17, "hits": 129, "hitByPitch": 1, "avg": ".237", "atBats": 545, "obp": ".312", "slg": ".391", "ops": ".703", "caughtStealing": 6, "stolenBases": 17, "stolenBasePercentage": ".739", "groundIntoDoublePlay": 7, "numberOfPitches": 1024, "era": "3.42", "inningsPitched": "147.1", "wins": 11, "losses": 4, "saves": 11, "saveOpportunities": 11, "holds": 0, "blownSaves": 0, "earnedRuns": 56, "whip": "1.30", "battersFaced": 625, "outs": 442, "gamesPitched": 98, "completeGames": 0, "shutouts": 0, "strikes": 771, "strikePercentage": ".750", "hitBatsmen": 1, "balks": 0, "wildPitches": 7, "pickoffs": 1, "totalBases": 213, "groundOutsToAirouts": "1.31", "winPercentage": ".733", "pitchesPerInning": "6.95", "gamesFinished": 49, "strikeoutWalkRatio": "1.60", "strikeoutsPer9Inn": "6.05", "walksPer9Inn": "3.79", "hitsPer9Inn": "7.88", "runsScoredPer9": "3.67", "homeRunsPer9": "1.04", "inheritedRunners": 62, "inheritedRunnersScored": 31, "catchersInterference": 1, "sacBunts": 9, "sacFlies": 7}, "team": {"id": 120, "name": "Washington Nationals", "link": "/api/v1/teams/120"}, "player": {"id": 110368, "fullName": "Bill Atkinson", "link": "/api/v1/people/110368"}, "league": {"id": 104, "name": "National League", "link": "/api/v1/league/104"}, "sport": {"id": 1, "link": "/api/v1/sports/1", "abbreviation": "MLB"}, "gameType": "R"}]}, {"type": {"displayName": "career"}, "group": {"displayName": "hitting"}, "exemptions": [], "splits": [{"stat": {"gamesPlayed": 99, "groundOuts": 1, "airOuts": 1, "runs": 0, "doubles": 0, "triples": 0, "homeRuns": 0, "strikeOuts": 1, "baseOnBalls": 0, "intentionalWalks": 0, "hits": 3, "hitByPitch": 0, "avg": ".300", "atBats": 10, "obp": ".300", "slg": ".300", "ops": ".600", "caughtStealing": 0, "stolenBases": 0, "stolenBasePercentage": ".---", "groundIntoDoublePlay": 0, "numberOfPitches": 13, "plateAppearances": 11, "totalBases": 3, "rbi": 1, "leftOnBase": 5, "sacBunts": 1, "sacFlies": 0, "babip": ".333", "groundOutsToAirouts": "1.00", "catchersInterference": 0, "atBatsPerHomeRun": "-.--"}, "team": {"id": 120, "name": "Washington Nationals", "link": "/api/v1/teams/120"}, "player": {"id": 110368, "fullName": "Bill Atkinson", "link": "/api/v1/people/110368"}, "league": {"id": 104, "name": "National League", "link": "/api/v1/league/104"}, "sport": {"id": 1, "link": "/api/v1/sports/1", "abbreviation": "MLB"}, "gameType": "R"}]}, {"type": {"displayName": "career"}, "group": {"displayName": "fielding"}, "exemptions": [], "splits": [{"stat": {"gamesPlayed": 98, "gamesStarted": 0, "assists": 28, "putOuts": 8, "errors": 3, "chances": 39, "fielding": ".923", "position": {"code": "1", "name": "Pitcher", "type": "Pitcher", "abbreviation": "P"}, "rangeFactorPerGame": "0.37", "rangeFactorPer9Inn": "2.20", "innings": "147.1", "games": 98, "doublePlays": 1, "triplePlays": 0, "throwingErrors": 1}, "team": {"id": 120, "name": "Washington Nationals", "link": "/api/v1/teams/120"}, "player": {"id": 110368, "fullName": "Bill Atkinson", "link": "/api/v1/people/110368"}, "league": {"id": 104, "name": "National League", "link": "/api/v1/league/104"}, "sport": {"id": 1, "link": "/api/v1/sports/1", "abbreviation": "MLB"}, "gameType": "R", "position": {"code": "1", "name": "Pitcher", "type": "Pitcher", "abbreviation": "P"}}]}, {"type": {"displayName": "yearByYear"}, "group": {"displayName": "pitching"}, "exemptions": [], "splits": [{"season": "1976", "stat": {"gamesPlayed": 4, "gamesStarted": 0, "groundOuts": 0, "airOuts": 2, "runs": 0, "doubles": 1, "triples": 0, "homeRuns": 0, "strikeOuts": 4, "baseOnBalls": 1, "intentionalWalks": 1, "hits": 3, "hitByPitch": 0, "avg": ".176", "atBats": 17, "obp": ".222", "slg": ".235", "ops": ".457", "caughtStealing": 0, "stolenBases": 0, "stolenBasePercentage": ".---", "groundIntoDoublePlay": 0, "numberOfPitches": 32, "era": "0.00", "inningsPitched": "5.0", "wins": 0, "losses": 0, "saves": 0, "saveOpportunities": 0, "holds": 0, "blownSaves": 0, "earnedRuns": 0, "whip": "0.80", "battersFaced": 18, "outs": 15, "gamesPitched": 4, "completeGames": 0, "shutouts": 0, "strikes": 26, "strikePercentage": ".810", "hitBatsmen": 0, "balks": 0, "wildPitches": 2, "pickoffs": 0, "totalBases": 4, "groundOutsToAirouts": "0.00", "winPercentage": ".---", "pitchesPerInning": "6.40", "gamesFinished": 0, "strikeoutWalkRatio": "4.00", "strikeoutsPer9Inn": "7.20", "walksPer9Inn": "1.80", "hitsPer9Inn": "5.40", "runsScoredPer9": "0.00", "homeRunsPer9": "0.00", "inheritedRunners": 7, "inheritedRunnersScored": 1, "catchersInterference": 0, "sacBunts": 0, "sacFlies": 0}, "team": {"id": 120, "name": "Montreal Expos", "link": "/api/v1/teams/120"}, "player": {"id": 110368, "fullName": "Bill Atkinson", "link": "/api/v1/people/110368"}, "league": {"id": 104, "name": "National League", "link": "/api/v1/league/104"}, "sport": {"id": 1, "link": "/api/v1/sports/1", "abbreviation": "MLB"}, "gameType": "R"}, {"season": "1977", "stat": {"gamesPlayed": 55, "gamesStarted": 0, "groundOuts": 33, "airOuts": 18, "runs": 33, "doubles": 13, "triples": 3, "homeRuns": 12, "strikeOuts": 56, "baseOnBalls": 29, "intentionalWalks": 11, "hits": 72, "hitByPitch": 0, "avg": ".235", "atBats": 307, "obp": ".297", "slg": ".414", "ops": ".711", "caughtStealing": 4, "stolenBases": 5, "stolenBasePercentage": ".556", "groundIntoDoublePlay": 5, "numberOfPitches": 552, "era": "3.35", "inningsPitched": "83.1", "wins": 7, "losses": 2, "saves": 7, "saveOpportunities": 7, "holds": 0, "blownSaves": 0, "earnedRuns": 31, "whip": "1.21", "battersFaced": 346, "outs": 250, "gamesPitched": 55, "completeGames": 0, "shutouts": 0, "strikes": 435, "strikePercentage": ".790", "hitBatsmen": 0, "balks": 0, "wildPitches": 5, "pickoffs": 0, "totalBases": 127, "groundOutsToAirouts": "1.83", "winPercentage": ".778", "pitchesPerInning": "6.62", "gamesFinished": 30, "strikeoutWalkRatio": "1.93", "strikeoutsPer9Inn": "6.05", "walksPer9Inn": "3.13", "hitsPer9Inn": "7.78", "runsScoredPer9": "3.56", "homeRunsPer9": "1.30", "inheritedRunners": 27, "inheritedRunnersScored": 11, "catchersInterference": 1, "sacBunts": 5, "sacFlies": 4}, "team": {"id": 120, "name": "Montreal Expos", "link": "/api/v1/teams/120"}, "player": {"id": 110368, "fullName": "Bill Atkinson", "link": "/api/v1/people/110368"}, "league": {"id": 104, "name": "National League", "link": "/api/v1/league/104"}, "sport": {"id": 1, "link": "/api/v1/sports/1", "abbreviation": "MLB"}, "gameType": "R"}, {"season": "1978", "stat": {"gamesPlayed": 29, "gamesStarted": 0, "groundOuts": 17, "airOuts": 16, "runs": 23, "doubles": 6, "triples": 2, "homeRuns": 5, "strikeOuts": 32, "baseOnBalls": 28, "intentionalWalks": 4, "hits": 45, "hitByPitch": 1, "avg": ".268", "atBats": 168, "obp": ".370", "slg": ".417", "ops": ".787", "caughtStealing": 2, "stolenBases": 12, "stolenBasePercentage": ".857", "groundIntoDoublePlay": 2, "numberOfPitches": 357, "era": "4.37", "inningsPitched": "45.1", "wins": 2, "losses": 2, "saves": 3, "saveOpportunities": 3, "holds": 0, "blownSaves": 0, "earnedRuns": 22, "whip": "1.61", "battersFaced": 204, "outs": 136, "gamesPitched": 29, "completeGames": 0, "shutouts": 0, "strikes": 243, "strikePercentage": ".680", "hitBatsmen": 1, "balks": 0, "wildPitches": 0, "pickoffs": 1, "totalBases": 70, "groundOutsToAirouts": "1.06", "winPercentage": ".500", "pitchesPerInning": "7.88", "gamesFinished": 14, "strikeoutWalkRatio": "1.14", "strikeoutsPer9Inn": "6.35", "walksPer9Inn": "5.56", "hitsPer9Inn": "8.93", "runsScoredPer9": "4.57", "homeRunsPer9": "0.99", "inheritedRunners": 22, "inheritedRunnersScored": 15, "catchersInterference": 0, "sacBunts": 4, "sacFlies": 3}, "team": {"id": 120, "name": "Montreal Expos", "link": "/api/v1/teams/120"}, "player": {"id": 110368, "fullName": "Bill Atkinson", "link": "/api/v1/people/110368"}, "league": {"id": 104, "name": "National League", "link": "/api/v1/league/104"}, "sport": {"id": 1, "link": "/api/v1/sports/1", "abbreviation": "MLB"}, "gameType": "R"}, {"season": "1979", "stat": {"gamesPlayed": 10, "gamesStarted": 0, "groundOuts": 5, "airOuts": 6, "runs": 4, "doubles": 3, "triples": 0, "homeRuns": 0, "strikeOuts": 7, "baseOnBalls": 4, "intentionalWalks": 1, "hits": 9, "hitByPitch": 0, "avg": ".170", "atBats": 53, "obp": ".228", "slg": ".226", "ops": ".454", "caughtStealing": 0, "stolenBases": 0, "stolenBasePercentage": ".---", "groundIntoDoublePlay": 0, "numberOfPitches": 83, "era": "1.98", "inningsPitched": "13.2", "wins": 2, "losses": 0, "saves": 1, "saveOpportunities": 1, "holds": 0, "blownSaves": 0, "earnedRuns": 3, "whip": "0.95", "battersFaced": 57, "outs": 41, "gamesPitched": 10, "completeGames": 0, "shutouts": 0, "strikes": 67, "strikePercentage": ".810", "hitBatsmen": 0, "balks": 0, "wildPitches": 0, "pickoffs": 0, "totalBases": 12, "groundOutsToAirouts": "0.83", "winPercentage": "1.000", "pitchesPerInning": "6.07", "gamesFinished": 5, "strikeoutWalkRatio": "1.75", "strikeoutsPer9Inn": "4.61", "walksPer9Inn": "2.63", "hitsPer9Inn": "5.93", "runsScoredPer9": "2.63", "homeRunsPer9": "0.00", "inheritedRunners": 6, "inheritedRunnersScored": 4, "catchersInterference": 0, "sacBunts": 0, "sacFlies": 0}, "team": {"id": 120, "name": "Montreal Expos", "link": "/api/v1/teams/120"}, "player": {"id": 110368, "fullName": "Bill Atkinson", "link": "/api/v1/people/110368"}, "league": {"id": 104, "name": "National League", "link": "/api/v1/league/104"}, "sport": {"id": 1, "link": "/api/v1/sports/1", "abbreviation": "MLB"}, "gameType": "R"}]}, {"type": {"displayName": "yearByYear"}, "group": {"displayName": "hitting"}, "exemptions": [], "splits": [{"season": "1976", "stat": {"gamesPlayed": 4, "groundOuts": 0, "airOuts": 0, "runs": 0, "doubles": 0, "triples": 0, "homeRuns": 0, "strikeOuts": 0, "baseOnBalls": 0, "intentionalWalks": 0, "hits": 0, "hitByPitch": 0, "avg": ".000", "atBats": 0, "obp": ".000", "slg": ".000", "ops": ".000", "caughtStealing": 0, "stolenBases": 0, "stolenBasePercentage": ".---", "groundIntoDoublePlay": 0, "numberOfPitches": 0, "plateAppearances": 0, "totalBases": 0, "rbi": 0, "leftOnBase": 0, "sacBunts": 0, "sacFlies": 0, "babip": ".---", "groundOutsToAirouts": "-.--", "catchersInterference": 0, "atBatsPerHomeRun": "-.--"}, "team": {"id": 120, "name": "Montreal Expos", "link": "/api/v1/teams/120"}, "player": {"id": 110368, "fullName": "Bill Atkinson", "link": "/api/v1/people/110368"}, "league": {"id": 104, "name": "National League", "link": "/api/v1/league/104"}, "sport": {"id": 1, "link": "/api/v1/sports/1", "abbreviation": "MLB"}, "gameType": "R"}, {"season": "1977", "stat": {"gamesPlayed": 56, "groundOuts": 1, "airOuts": 1, "runs": 0, "doubles": 0, "triples": 0, "homeRuns": 0, "strikeOuts": 1, "baseOnBalls": 0, "intentionalWalks": 0, "hits": 1, "hitByPitch": 0, "avg": ".200", "atBats": 5, "obp": ".200", "slg": ".200", "ops": ".400", "caughtStealing": 0, "stolenBases": 0, "stolenBasePercentage": ".---", "groundIntoDoublePlay": 0, "numberOfPitches": 8, "plateAppearances": 6, "totalBases": 1, "rbi": 0, "leftOnBase": 3, "sacBunts": 1, "sacFlies": 0, "babip": ".250", "groundOutsToAirouts": "1.00", "catchersInterference": 0, "atBatsPerHomeRun": "-.--"}, "team": {"id": 120, "name": "Montreal Expos", "link": "/api/v1/teams/120"}, "player": {"id": 110368, "fullName": "Bill Atkinson", "link": "/api/v1/people/110368"}, "league": {"id": 104, "name": "National League", "link": "/api/v1/league/104"}, "sport": {"id": 1, "link": "/api/v1/sports/1", "abbreviation": "MLB"}, "gameType": "R"}, {"season": "1978", "stat": {"gamesPlayed": 29, "groundOuts": 0, "airOuts": 0, "runs": 0, "doubles": 0, "triples": 0, "homeRuns": 0, "strikeOuts": 0, "baseOnBalls": 0, "intentionalWalks": 0, "hits": 2, "hitByPitch": 0, "avg": ".500", "atBats": 4, "obp": ".500", "slg": ".500", "ops": "1.000", "caughtStealing": 0, "stolenBases": 0, "stolenBasePercentage": ".---", "groundIntoDoublePlay": 0, "numberOfPitches": 4, "plateAppearances": 4, "totalBases": 2, "rbi": 1, "leftOnBase": 2, "sacBunts": 0, "sacFlies": 0, "babip": ".500", "groundOutsToAirouts": "-.--", "catchersInterference": 0, "atBatsPerHomeRun": "-.--"}, "team": {"id": 120, "name": "Montreal Expos", "link": "/api/v1/teams/120"}, "player": {"id": 110368, "fullName": "Bill Atkinson", "link": "/api/v1/people/110368"}, "league": {"id": 104, "name": "National League", "link": "/api/v1/league/104"}, "sport": {"id": 1, "link": "/api/v1/sports/1", "abbreviation": "MLB"}, "gameType": "R"}, {"season": "1979", "stat": {"gamesPlayed": 10, "groundOuts": 0, "airOuts": 0, "runs": 0, "doubles": 0, "triples": 0, "homeRuns": 0, "strikeOuts": 0, "baseOnBalls": 0, "intentionalWalks": 0, "hits": 0, "hitByPitch": 0, "avg": ".000", "atBats": 1, "obp": ".000", "slg": ".000", "ops": ".000", "caughtStealing": 0, "stolenBases": 0, "stolenBasePercentage": ".---", "groundIntoDoublePlay": 0, "numberOfPitches": 1, "plateAppearances": 1, "totalBases": 0, "rbi": 0, "leftOnBase": 0, "sacBunts": 0, "sacFlies": 0, "babip": ".000", "groundOutsToAirouts": "-.--", "catchersInterference": 0, "atBatsPerHomeRun": "-.--"}, "team": {"id": 120, "name": "Montreal Expos", "link": "/api/v1/teams/120"}, "player": {"id": 110368, "fullName": "Bill Atkinson", "link": "/api/v1/people/110368"}, "league": {"id": 104, "name": "National League", "link": "/api/v1/league/104"}, "sport": {"id": 1, "link": "/api/v1/sports/1", "abbreviation": "MLB"}, "gameType": "R"}]}, {"type": {"displayName": "yearByYear"}, "group": {"displayName": "fielding"}, "exemptions": [], "splits": [{"season": "1976", "stat": {"gamesPlayed": 4, "gamesStarted": 0, "assists": 1, "putOuts": 0, "errors": 0, "chances": 1, "fielding": "1.000", "position": {"code": "1", "name": "Pitcher", "type": "Pitcher", "abbreviation": "P"}, "rangeFactorPerGame": "0.25", "rangeFactorPer9Inn": "1.80", "innings": "5.0", "games": 4, "doublePlays": 0, "triplePlays": 0, "throwingErrors": 0}, "team": {"id": 120, "name": "Montreal Expos", "link": "/api/v1/teams/120"}, "player": {"id": 110368, "fullName": "Bill Atkinson", "link": "/api/v1/people/110368"}, "league": {"id": 104, "name": "National League", "link": "/api/v1/league/104"}, "sport": {"id": 1, "link": "/api/v1/sports/1", "abbreviation": "MLB"}, "gameType": "R", "position": {"code": "1", "name": "Pitcher", "type": "Pitcher", "abbreviation": "P"}}, {"season": "1977", "stat": {"gamesPlayed": 55, "gamesStarted": 0, "assists": 19, "putOuts": 4, "errors": 1, "chances": 24, "fielding": ".958", "position": {"code": "1", "name": "Pitcher", "type": "Pitcher", "abbreviation": "P"}, "rangeFactorPerGame": "0.42", "rangeFactorPer9Inn": "2.49", "innings": "83.1", "games": 55, "doublePlays": 0, "triplePlays": 0, "throwingErrors": 0}, "team": {"id": 120, "name": "Montreal Expos", "link": "/api/v1/teams/120"}, "player": {"id": 110368, "fullName": "Bill Atkinson", "link": "/api/v1/people/110368"}, "league": {"id": 104, "name": "National League", "link": "/api/v1/league/104"}, "sport": {"id": 1, "link": "/api/v1/sports/1", "abbreviation": "MLB"}, "gameType": "R", "position": {"code": "1", "name": "Pitcher", "type": "Pitcher", "abbreviation": "P"}}, {"season": "1978", "stat": {"gamesPlayed": 29, "gamesStarted": 0, "assists": 8, "putOuts": 3, "errors": 2, "chances": 13, "fielding": ".846", "position": {"code": "1", "name": "Pitcher", "type": "Pitcher", "abbreviation": "P"}, "rangeFactorPerGame": "0.38", "rangeFactorPer9Inn": "2.20", "innings": "45.1", "games": 29, "doublePlays": 1, "triplePlays": 0, "throwingErrors": 1}, "team": {"id": 120, "name": "Montreal Expos", "link": "/api/v1/teams/120"}, "player": {"id": 110368, "fullName": "Bill Atkinson", "link": "/api/v1/people/110368"}, "league": {"id": 104, "name": "National League", "link": "/api/v1/league/104"}, "sport": {"id": 1, "link": "/api/v1/sports/1", "abbreviation": "MLB"}, "gameType": "R", "position": {"code": "1", "name": "Pitcher", "type": "Pitcher", "abbreviation": "P"}}, {"season": "1979", "stat": {"gamesPlayed": 10, "gamesStarted": 0, "assists": 0, "putOuts": 1, "errors": 0, "chances": 1, "fielding": "1.000", "position": {"code": "1", "name": "Pitcher", "type": "Pitcher", "abbreviation": "P"}, "rangeFactorPerGame": "0.10", "rangeFactorPer9Inn": "0.69", "innings": "13.2", "games": 10, "doublePlays": 0, "triplePlays": 0, "throwingErrors": 0}, "team": {"id": 120, "name": "Montreal Expos", "link": "/api/v1/teams/120"}, "player": {"id": 110368, "fullName": "Bill Atkinson", "link": "/api/v1/people/110368"}, "league": {"id": 104, "name": "National League", "link": "/api/v1/league/104"}, "sport": {"id": 1, "link": "/api/v1/sports/1", "abbreviation": "MLB"}, "gameType": "R", "position": {"code": "1", "name": "Pitcher", "type": "Pitcher", "abbreviation": "P"}}]}], "mlbDebutDate": "1976-09-18", "batSide": {"code": "L", "description": "Left"}, "pitchHand": {"code": "R", "description": "Right"}, "nameFirstLast": "Bill Atkinson", "nameSlug": "bill-atkinson-110368", "firstLastName": "Bill Atkinson", "lastFirstName": "Atkinson, Bill", "lastInitName": "Atkinson, B", "initLastName": "B Atkinson", "fullFMLName": "William Cecil Glenn Atkinson", "fullLFMName": "Atkinson, William Cecil Glenn", "strikeZoneTop": 3.179, "strikeZoneBottom": 1.474}