{"id": 110322, "fullName": "Charlie Armbruster", "link": "/api/v1/people/110322", "firstName": "Charles", "lastName": "Armbruster", "birthDate": "1880-08-30", "currentAge": 84, "birthCity": "Cincinnati", "birthStateProvince": "OH", "birthCountry": "USA", "height": "5' 9\"", "weight": 180, "active": false, "primaryPosition": {"code": "2", "name": "Catcher", "type": "Catcher", "abbreviation": "C"}, "useName": "Charlie", "useLastName": "Armbruster", "middleName": "Anthony", "boxscoreName": "Armbruster", "gender": "M", "isPlayer": true, "isVerified": true, "deathDate": "1964-10-07", "deathCity": "Grants Pass", "deathStateProvince": "OR", "deathCountry": "USA", "lastPlayedDate": "1907-09-11", "stats": [{"type": {"displayName": "career"}, "group": {"displayName": "hitting"}, "exemptions": [], "splits": [{"stat": {"gamesPlayed": 131, "runs": 24, "doubles": 11, "triples": 1, "homeRuns": 0, "baseOnBalls": 52, "hits": 53, "hitByPitch": 2, "avg": ".149", "atBats": 355, "obp": ".262", "slg": ".186", "ops": ".448", "stolenBases": 6, "plateAppearances": 417, "totalBases": 66, "rbi": 12, "sacBunts": 8, "atBatsPerHomeRun": "-.--"}, "player": {"id": 110322, "fullName": "Charlie Armbruster", "link": "/api/v1/people/110322"}, "sport": {"id": 1, "link": "/api/v1/sports/1", "abbreviation": "MLB"}, "gameType": "R", "numTeams": 2}]}, {"type": {"displayName": "career"}, "group": {"displayName": "fielding"}, "exemptions": [], "splits": [{"stat": {"gamesPlayed": 123, "gamesStarted": 115, "assists": 167, "putOuts": 506, "errors": 36, "chances": 709, "fielding": ".949", "position": {"code": "2", "name": "Catcher", "type": "Catcher", "abbreviation": "C"}, "rangeFactorPerGame": "5.47", "rangeFactorPer9Inn": "6.59", "innings": "919.2", "games": 123, "passedBall": 7, "doublePlays": 10, "triplePlays": 0}, "player": {"id": 110322, "fullName": "Charlie Armbruster", "link": "/api/v1/people/110322"}, "sport": {"id": 1, "link": "/api/v1/sports/1", "abbreviation": "MLB"}, "gameType": "R", "numTeams": 2, "position": {"code": "2", "name": "Catcher", "type": "Catcher", "abbreviation": "C"}}, {"stat": {"gamesPlayed": 1, "gamesStarted": 1, "assists": 1, "putOuts": 8, "errors": 0, "chances": 9, "fielding": "1.000", "position": {"code": "3", "name": "First Base", "type": "Infielder", "abbreviation": "1B"}, "rangeFactorPerGame": "9.00", "rangeFactorPer9Inn": "9.00", "innings": "9.0", "games": 1, "doublePlays": 0, "triplePlays": 0}, "team": {"id": 111, "name": "Boston Red Sox", "link": "/api/v1/teams/111"}, "player": {"id": 110322, "fullName": "Charlie Armbruster", "link": "/api/v1/people/110322"}, "league": {"id": 103, "name": "American League", "link": "/api/v1/league/103"}, "sport": {"id": 1, "link": "/api/v1/sports/1", "abbreviation": "MLB"}, "gameType": "R", "position": {"code": "3", "name": "First Base", "type": "Infielder", "abbreviation": "1B"}}]}, {"type": {"displayName": "yearByYear"}, "group": {"displayName": "hitting"}, "exemptions": [], "splits": [{"season": "1905", "stat": {"gamesPlayed": 35, "runs": 13, "doubles": 4, "triples": 0, "homeRuns": 0, "baseOnBalls": 18, "hits": 18, "hitByPitch": 1, "avg": ".198", "atBats": 91, "obp": ".336", "slg": ".242", "ops": ".578", "stolenBases": 3, "plateAppearances": 111, "totalBases": 22, "rbi": 6, "sacBunts": 1, "atBatsPerHomeRun": "-.--"}, "team": {"id": 111, "name": "Boston Americans", "link": "/api/v1/teams/111"}, "player": {"id": 110322, "fullName": "Charlie Armbruster", "link": "/api/v1/people/110322"}, "league": {"id": 103, "name": "American League", "link": "/api/v1/league/103"}, "sport": {"id": 1, "link": "/api/v1/sports/1", "abbreviation": "MLB"}, "gameType": "R"}, {"season": "1906", "stat": {"gamesPlayed": 72, "runs": 9, "doubles": 6, "triples": 1, "homeRuns": 0, "baseOnBalls": 25, "hits": 29, "hitByPitch": 1, "avg": ".144", "atBats": 201, "obp": ".242", "slg": ".184", "ops": ".426", "stolenBases": 2, "plateAppearances": 231, "totalBases": 37, "rbi": 6, "sacBunts": 4, "atBatsPerHomeRun": "-.--"}, "team": {"id": 111, "name": "Boston Americans", "link": "/api/v1/teams/111"}, "player": {"id": 110322, "fullName": "Charlie Armbruster", "link": "/api/v1/people/110322"}, "league": {"id": 103, "name": "American League", "link": "/api/v1/league/103"}, "sport": {"id": 1, "link": "/api/v1/sports/1", "abbreviation": "MLB"}, "gameType": "R"}, {"season": "1907", "stat": {"gamesPlayed": 23, "runs": 2, "doubles": 1, "triples": 0, "homeRuns": 0, "baseOnBalls": 8, "hits": 6, "hitByPitch": 0, "avg": ".100", "atBats": 60, "obp": ".206", "slg": ".117", "ops": ".323", "stolenBases": 1, "plateAppearances": 71, "totalBases": 7, "rbi": 0, "sacBunts": 3, "atBatsPerHomeRun": "-.--"}, "team": {"id": 111, "name": "Boston Red Sox", "link": "/api/v1/teams/111"}, "player": {"id": 110322, "fullName": "Charlie Armbruster", "link": "/api/v1/people/110322"}, "league": {"id": 103, "name": "American League", "link": "/api/v1/league/103"}, "sport": {"id": 1, "link": "/api/v1/sports/1", "abbreviation": "MLB"}, "gameType": "R"}, {"season": "1907", "stat": {"gamesPlayed": 1, "runs": 0, "doubles": 0, "triples": 0, "homeRuns": 0, "baseOnBalls": 1, "hits": 0, "hitByPitch": 0, "avg": ".000", "atBats": 3, "obp": ".250", "slg": ".000", "ops": ".250", "stolenBases": 0, "plateAppearances": 4, "totalBases": 0, "rbi": 0, "sacBunts": 0, "atBatsPerHomeRun": "-.--"}, "team": {"id": 145, "name": "Chicago White Sox", "link": "/api/v1/teams/145"}, "player": {"id": 110322, "fullName": "Charlie Armbruster", "link": "/api/v1/people/110322"}, "league": {"id": 103, "name": "American League", "link": "/api/v1/league/103"}, "sport": {"id": 1, "link": "/api/v1/sports/1", "abbreviation": "MLB"}, "gameType": "R"}, {"season": "1907", "stat": {"gamesPlayed": 24, "runs": 2, "doubles": 1, "triples": 0, "homeRuns": 0, "baseOnBalls": 9, "hits": 6, "hitByPitch": 0, "avg": ".095", "atBats": 63, "obp": ".208", "slg": ".111", "ops": ".319", "stolenBases": 1, "plateAppearances": 75, "totalBases": 7, "rbi": 0, "sacBunts": 3, "atBatsPerHomeRun": "-.--"}, "player": {"id": 110322, "fullName": "Charlie Armbruster", "link": "/api/v1/people/110322"}, "sport": {"id": 1, "link": "/api/v1/sports/1", "abbreviation": "MLB"}, "gameType": "R", "numTeams": 2}]}, {"type": {"displayName": "yearByYear"}, "group": {"displayName": "fielding"}, "exemptions": [], "splits": [{"season": "1905", "stat": {"gamesPlayed": 35, "gamesStarted": 30, "assists": 30, "putOuts": 154, "errors": 11, "chances": 195, "fielding": ".944", "position": {"code": "2", "name": "Catcher", "type": "Catcher", "abbreviation": "C"}, "rangeFactorPerGame": "5.26", "rangeFactorPer9Inn": "7.36", "innings": "225.2", "games": 35, "passedBall": 4, "doublePlays": 0, "triplePlays": 0}, "team": {"id": 111, "name": "Boston Americans", "link": "/api/v1/teams/111"}, "player": {"id": 110322, "fullName": "Charlie Armbruster", "link": "/api/v1/people/110322"}, "league": {"id": 103, "name": "American League", "link": "/api/v1/league/103"}, "sport": {"id": 1, "link": "/api/v1/sports/1", "abbreviation": "MLB"}, "gameType": "R", "position": {"code": "2", "name": "Catcher", "type": "Catcher", "abbreviation": "C"}}, {"season": "1906", "stat": {"gamesPlayed": 66, "gamesStarted": 65, "assists": 100, "putOuts": 263, "errors": 17, "chances": 380, "fielding": ".955", "position": {"code": "2", "name": "Catcher", "type": "Catcher", "abbreviation": "C"}, "rangeFactorPerGame": "5.50", "rangeFactorPer9Inn": "6.25", "innings": "523.1", "games": 66, "passedBall": 0, "doublePlays": 6, "triplePlays": 0}, "team": {"id": 111, "name": "Boston Americans", "link": "/api/v1/teams/111"}, "player": {"id": 110322, "fullName": "Charlie Armbruster", "link": "/api/v1/people/110322"}, "league": {"id": 103, "name": "American League", "link": "/api/v1/league/103"}, "sport": {"id": 1, "link": "/api/v1/sports/1", "abbreviation": "MLB"}, "gameType": "R", "position": {"code": "2", "name": "Catcher", "type": "Catcher", "abbreviation": "C"}}, {"season": "1906", "stat": {"gamesPlayed": 1, "gamesStarted": 1, "assists": 1, "putOuts": 8, "errors": 0, "chances": 9, "fielding": "1.000", "position": {"code": "3", "name": "First Base", "type": "Infielder", "abbreviation": "1B"}, "rangeFactorPerGame": "9.00", "rangeFactorPer9Inn": "9.00", "innings": "9.0", "games": 1, "doublePlays": 0, "triplePlays": 0}, "team": {"id": 111, "name": "Boston Americans", "link": "/api/v1/teams/111"}, "player": {"id": 110322, "fullName": "Charlie Armbruster", "link": "/api/v1/people/110322"}, "league": {"id": 103, "name": "American League", "link": "/api/v1/league/103"}, "sport": {"id": 1, "link": "/api/v1/sports/1", "abbreviation": "MLB"}, "gameType": "R", "position": {"code": "3", "name": "First Base", "type": "Infielder", "abbreviation": "1B"}}, {"season": "1907", "stat": {"gamesPlayed": 21, "gamesStarted": 19, "assists": 36, "putOuts": 80, "errors": 8, "chances": 124, "fielding": ".935", "position": {"code": "2", "name": "Catcher", "type": "Catcher", "abbreviation": "C"}, "rangeFactorPerGame": "5.52", "rangeFactorPer9Inn": "6.48", "innings": "161.2", "games": 21, "passedBall": 3, "doublePlays": 4, "triplePlays": 0}, "team": {"id": 111, "name": "Boston Red Sox", "link": "/api/v1/teams/111"}, "player": {"id": 110322, "fullName": "Charlie Armbruster", "link": "/api/v1/people/110322"}, "league": {"id": 103, "name": "American League", "link": "/api/v1/league/103"}, "sport": {"id": 1, "link": "/api/v1/sports/1", "abbreviation": "MLB"}, "gameType": "R", "position": {"code": "2", "name": "Catcher", "type": "Catcher", "abbreviation": "C"}}, {"season": "1907", "stat": {"gamesPlayed": 1, "gamesStarted": 1, "assists": 1, "putOuts": 9, "errors": 0, "chances": 10, "fielding": "1.000", "position": {"code": "2", "name": "Catcher", "type": "Catcher", "abbreviation": "C"}, "rangeFactorPerGame": "10.00", "rangeFactorPer9Inn": "10.00", "innings": "9.0", "games": 1, "passedBall": 0, "doublePlays": 0, "triplePlays": 0}, "team": {"id": 145, "name": "Chicago White Sox", "link": "/api/v1/teams/145"}, "player": {"id": 110322, "fullName": "Charlie Armbruster", "link": "/api/v1/people/110322"}, "league": {"id": 103, "name": "American League", "link": "/api/v1/league/103"}, "sport": {"id": 1, "link": "/api/v1/sports/1", "abbreviation": "MLB"}, "gameType": "R", "position": {"code": "2", "name": "Catcher", "type": "Catcher", "abbreviation": "C"}}, {"season": "1907", "stat": {"gamesPlayed": 22, "gamesStarted": 20, "assists": 37, "putOuts": 89, "errors": 8, "chances": 134, "fielding": ".940", "position": {"code": "2", "name": "Catcher", "type": "Catcher", "abbreviation": "C"}, "rangeFactorPerGame": "5.73", "rangeFactorPer9Inn": "6.67", "innings": "170.2", "games": 22, "passedBall": 3, "doublePlays": 4, "triplePlays": 0}, "player": {"id": 110322, "fullName": "Charlie Armbruster", "link": "/api/v1/people/110322"}, "sport": {"id": 1, "link": "/api/v1/sports/1", "abbreviation": "MLB"}, "gameType": "R", "numTeams": 2, "position": {"code": "2", "name": "Catcher", "type": "Catcher", "abbreviation": "C"}}]}], "mlbDebutDate": "1905-07-17", "batSide": {"code": "R", "description": "Right"}, "pitchHand": {"code": "R", "description": "Right"}, "nameFirstLast": "Charlie Armbruster", "nameSlug": "charlie-armbruster-110322", "firstLastName": "Charlie Armbruster", "lastFirstName": "Armbruster, Charlie", "lastInitName": "Armbruster, C", "initLastName": "C Armbruster", "fullFMLName": "Charles Anthony Armbruster", "fullLFMName": "Armbruster, Charles Anthony", "strikeZoneTop": 3.285, "strikeZoneBottom": 1.487}