{"id": 110204, "fullName": "Tavo Alvarez", "link": "/api/v1/people/110204", "firstName": "Cesar", "lastName": "Alvarez", "primaryNumber": "48", "birthDate": "1971-11-25", "currentAge": 51, "birthCity": "Ciudad Obregon", "birthStateProvince": "Sonora", "birthCountry": "Mexico", "height": "6' 3\"", "weight": 245, "active": false, "primaryPosition": {"code": "1", "name": "Pitcher", "type": "Pitcher", "abbreviation": "P"}, "useName": "Tavo", "useLastName": "Alvarez", "middleName": "Octavio", "boxscoreName": "Alvarez", "gender": "M", "isPlayer": true, "isVerified": true, "draftYear": 1990, "lastPlayedDate": "1996-09-29", "stats": [{"type": {"displayName": "career"}, "group": {"displayName": "fielding"}, "exemptions": [], "splits": [{"stat": {"gamesPlayed": 19, "gamesStarted": 13, "assists": 7, "putOuts": 5, "errors": 1, "chances": 13, "fielding": ".923", "position": {"code": "1", "name": "Pitcher", "type": "Pitcher", "abbreviation": "P"}, "rangeFactorPerGame": "0.63", "rangeFactorPer9Inn": "1.86", "innings": "58.1", "games": 19, "doublePlays": 2, "triplePlays": 0, "throwingErrors": 1}, "team": {"id": 120, "name": "Washington Nationals", "link": "/api/v1/teams/120"}, "player": {"id": 110204, "fullName": "Tavo Alvarez", "link": "/api/v1/people/110204"}, "league": {"id": 104, "name": "National League", "link": "/api/v1/league/104"}, "sport": {"id": 1, "link": "/api/v1/sports/1", "abbreviation": "MLB"}, "gameType": "R", "position": {"code": "1", "name": "Pitcher", "type": "Pitcher", "abbreviation": "P"}}]}, {"type": {"displayName": "career"}, "group": {"displayName": "hitting"}, "exemptions": [], "splits": [{"stat": {"gamesPlayed": 19, "groundOuts": 7, "airOuts": 5, "runs": 1, "doubles": 0, "triples": 0, "homeRuns": 0, "strikeOuts": 5, "baseOnBalls": 0, "intentionalWalks": 0, "hits": 2, "hitByPitch": 0, "avg": ".125", "atBats": 16, "obp": ".125", "slg": ".125", "ops": ".250", "caughtStealing": 0, "stolenBases": 0, "stolenBasePercentage": ".---", "groundIntoDoublePlay": 0, "numberOfPitches": 56, "plateAppearances": 19, "totalBases": 2, "rbi": 0, "leftOnBase": 5, "sacBunts": 3, "sacFlies": 0, "babip": ".182", "groundOutsToAirouts": "1.40", "catchersInterference": 0, "atBatsPerHomeRun": "-.--"}, "team": {"id": 120, "name": "Washington Nationals", "link": "/api/v1/teams/120"}, "player": {"id": 110204, "fullName": "Tavo Alvarez", "link": "/api/v1/people/110204"}, "league": {"id": 104, "name": "National League", "link": "/api/v1/league/104"}, "sport": {"id": 1, "link": "/api/v1/sports/1", "abbreviation": "MLB"}, "gameType": "R"}]}, {"type": {"displayName": "career"}, "group": {"displayName": "pitching"}, "exemptions": [], "splits": [{"stat": {"gamesPlayed": 19, "gamesStarted": 13, "groundOuts": 89, "airOuts": 58, "runs": 40, "doubles": 12, "triples": 3, "homeRuns": 2, "strikeOuts": 26, "baseOnBalls": 26, "intentionalWalks": 1, "hits": 65, "hitByPitch": 4, "avg": ".275", "atBats": 236, "obp": ".357", "slg": ".377", "ops": ".734", "caughtStealing": 0, "stolenBases": 3, "stolenBasePercentage": "1.000", "groundIntoDoublePlay": 4, "numberOfPitches": 834, "era": "5.40", "inningsPitched": "58.1", "wins": 3, "losses": 6, "saves": 0, "saveOpportunities": 0, "holds": 0, "blownSaves": 0, "earnedRuns": 35, "whip": "1.56", "battersFaced": 269, "outs": 175, "gamesPitched": 19, "completeGames": 0, "shutouts": 0, "strikes": 510, "strikePercentage": ".610", "hitBatsmen": 4, "balks": 0, "wildPitches": 1, "pickoffs": 0, "totalBases": 89, "groundOutsToAirouts": "1.53", "winPercentage": ".333", "pitchesPerInning": "14.30", "gamesFinished": 3, "strikeoutWalkRatio": "1.00", "strikeoutsPer9Inn": "4.01", "walksPer9Inn": "4.01", "hitsPer9Inn": "10.03", "runsScoredPer9": "6.17", "homeRunsPer9": "0.31", "inheritedRunners": 5, "inheritedRunnersScored": 0, "catchersInterference": 0, "sacBunts": 3, "sacFlies": 0}, "team": {"id": 120, "name": "Washington Nationals", "link": "/api/v1/teams/120"}, "player": {"id": 110204, "fullName": "Tavo Alvarez", "link": "/api/v1/people/110204"}, "league": {"id": 104, "name": "National League", "link": "/api/v1/league/104"}, "sport": {"id": 1, "link": "/api/v1/sports/1", "abbreviation": "MLB"}, "gameType": "R"}]}, {"type": {"displayName": "yearByYear"}, "group": {"displayName": "fielding"}, "exemptions": [], "splits": [{"season": "1995", "stat": {"gamesPlayed": 8, "gamesStarted": 8, "assists": 4, "putOuts": 3, "errors": 1, "chances": 8, "fielding": ".875", "position": {"code": "1", "name": "Pitcher", "type": "Pitcher", "abbreviation": "P"}, "rangeFactorPerGame": "0.88", "rangeFactorPer9Inn": "1.70", "innings": "37.1", "games": 8, "doublePlays": 1, "triplePlays": 0, "throwingErrors": 1}, "team": {"id": 120, "name": "Montreal Expos", "link": "/api/v1/teams/120"}, "player": {"id": 110204, "fullName": "Tavo Alvarez", "link": "/api/v1/people/110204"}, "league": {"id": 104, "name": "National League", "link": "/api/v1/league/104"}, "sport": {"id": 1, "link": "/api/v1/sports/1", "abbreviation": "MLB"}, "gameType": "R", "position": {"code": "1", "name": "Pitcher", "type": "Pitcher", "abbreviation": "P"}}, {"season": "1996", "stat": {"gamesPlayed": 11, "gamesStarted": 5, "assists": 3, "putOuts": 2, "errors": 0, "chances": 5, "fielding": "1.000", "position": {"code": "1", "name": "Pitcher", "type": "Pitcher", "abbreviation": "P"}, "rangeFactorPerGame": "0.45", "rangeFactorPer9Inn": "2.14", "innings": "21.0", "games": 11, "doublePlays": 1, "triplePlays": 0, "throwingErrors": 0}, "team": {"id": 120, "name": "Montreal Expos", "link": "/api/v1/teams/120"}, "player": {"id": 110204, "fullName": "Tavo Alvarez", "link": "/api/v1/people/110204"}, "league": {"id": 104, "name": "National League", "link": "/api/v1/league/104"}, "sport": {"id": 1, "link": "/api/v1/sports/1", "abbreviation": "MLB"}, "gameType": "R", "position": {"code": "1", "name": "Pitcher", "type": "Pitcher", "abbreviation": "P"}}]}, {"type": {"displayName": "yearByYear"}, "group": {"displayName": "hitting"}, "exemptions": [], "splits": [{"season": "1995", "stat": {"gamesPlayed": 8, "groundOuts": 5, "airOuts": 5, "runs": 1, "doubles": 0, "triples": 0, "homeRuns": 0, "strikeOuts": 4, "baseOnBalls": 0, "intentionalWalks": 0, "hits": 0, "hitByPitch": 0, "avg": ".000", "atBats": 12, "obp": ".000", "slg": ".000", "ops": ".000", "caughtStealing": 0, "stolenBases": 0, "stolenBasePercentage": ".---", "groundIntoDoublePlay": 0, "numberOfPitches": 40, "plateAppearances": 14, "totalBases": 0, "rbi": 0, "leftOnBase": 5, "sacBunts": 2, "sacFlies": 0, "babip": ".000", "groundOutsToAirouts": "1.00", "catchersInterference": 0, "atBatsPerHomeRun": "-.--"}, "team": {"id": 120, "name": "Montreal Expos", "link": "/api/v1/teams/120"}, "player": {"id": 110204, "fullName": "Tavo Alvarez", "link": "/api/v1/people/110204"}, "league": {"id": 104, "name": "National League", "link": "/api/v1/league/104"}, "sport": {"id": 1, "link": "/api/v1/sports/1", "abbreviation": "MLB"}, "gameType": "R"}, {"season": "1996", "stat": {"gamesPlayed": 11, "groundOuts": 2, "airOuts": 0, "runs": 0, "doubles": 0, "triples": 0, "homeRuns": 0, "strikeOuts": 1, "baseOnBalls": 0, "intentionalWalks": 0, "hits": 2, "hitByPitch": 0, "avg": ".500", "atBats": 4, "obp": ".500", "slg": ".500", "ops": "1.000", "caughtStealing": 0, "stolenBases": 0, "stolenBasePercentage": ".---", "groundIntoDoublePlay": 0, "numberOfPitches": 16, "plateAppearances": 5, "totalBases": 2, "rbi": 0, "leftOnBase": 0, "sacBunts": 1, "sacFlies": 0, "babip": ".667", "groundOutsToAirouts": "2.00", "catchersInterference": 0, "atBatsPerHomeRun": "-.--"}, "team": {"id": 120, "name": "Montreal Expos", "link": "/api/v1/teams/120"}, "player": {"id": 110204, "fullName": "Tavo Alvarez", "link": "/api/v1/people/110204"}, "league": {"id": 104, "name": "National League", "link": "/api/v1/league/104"}, "sport": {"id": 1, "link": "/api/v1/sports/1", "abbreviation": "MLB"}, "gameType": "R"}]}, {"type": {"displayName": "yearByYear"}, "group": {"displayName": "pitching"}, "exemptions": [], "splits": [{"season": "1995", "stat": {"gamesPlayed": 8, "gamesStarted": 8, "groundOuts": 56, "airOuts": 36, "runs": 30, "doubles": 9, "triples": 3, "homeRuns": 2, "strikeOuts": 17, "baseOnBalls": 14, "intentionalWalks": 0, "hits": 46, "hitByPitch": 3, "avg": ".297", "atBats": 155, "obp": ".366", "slg": ".432", "ops": ".798", "caughtStealing": 0, "stolenBases": 1, "stolenBasePercentage": "1.000", "groundIntoDoublePlay": 3, "numberOfPitches": 514, "era": "6.75", "inningsPitched": "37.1", "wins": 1, "losses": 5, "saves": 0, "saveOpportunities": 0, "holds": 0, "blownSaves": 0, "earnedRuns": 28, "whip": "1.61", "battersFaced": 173, "outs": 112, "gamesPitched": 8, "completeGames": 0, "shutouts": 0, "strikes": 324, "strikePercentage": ".630", "hitBatsmen": 3, "balks": 0, "wildPitches": 1, "pickoffs": 0, "totalBases": 67, "groundOutsToAirouts": "1.56", "winPercentage": ".167", "pitchesPerInning": "13.77", "gamesFinished": 0, "strikeoutWalkRatio": "1.21", "strikeoutsPer9Inn": "4.10", "walksPer9Inn": "3.38", "hitsPer9Inn": "11.09", "runsScoredPer9": "7.23", "homeRunsPer9": "0.48", "inheritedRunners": 0, "inheritedRunnersScored": 0, "catchersInterference": 0, "sacBunts": 1, "sacFlies": 0}, "team": {"id": 120, "name": "Montreal Expos", "link": "/api/v1/teams/120"}, "player": {"id": 110204, "fullName": "Tavo Alvarez", "link": "/api/v1/people/110204"}, "league": {"id": 104, "name": "National League", "link": "/api/v1/league/104"}, "sport": {"id": 1, "link": "/api/v1/sports/1", "abbreviation": "MLB"}, "gameType": "R"}, {"season": "1996", "stat": {"gamesPlayed": 11, "gamesStarted": 5, "groundOuts": 33, "airOuts": 22, "runs": 10, "doubles": 3, "triples": 0, "homeRuns": 0, "strikeOuts": 9, "baseOnBalls": 12, "intentionalWalks": 1, "hits": 19, "hitByPitch": 1, "avg": ".235", "atBats": 81, "obp": ".340", "slg": ".272", "ops": ".612", "caughtStealing": 0, "stolenBases": 2, "stolenBasePercentage": "1.000", "groundIntoDoublePlay": 1, "numberOfPitches": 320, "era": "3.00", "inningsPitched": "21.0", "wins": 2, "losses": 1, "saves": 0, "saveOpportunities": 0, "holds": 0, "blownSaves": 0, "earnedRuns": 7, "whip": "1.48", "battersFaced": 96, "outs": 63, "gamesPitched": 11, "completeGames": 0, "shutouts": 0, "strikes": 186, "strikePercentage": ".580", "hitBatsmen": 1, "balks": 0, "wildPitches": 0, "pickoffs": 0, "totalBases": 22, "groundOutsToAirouts": "1.50", "winPercentage": ".667", "pitchesPerInning": "15.24", "gamesFinished": 3, "strikeoutWalkRatio": "0.75", "strikeoutsPer9Inn": "3.86", "walksPer9Inn": "5.14", "hitsPer9Inn": "8.14", "runsScoredPer9": "4.29", "homeRunsPer9": "0.00", "inheritedRunners": 5, "inheritedRunnersScored": 0, "catchersInterference": 0, "sacBunts": 2, "sacFlies": 0}, "team": {"id": 120, "name": "Montreal Expos", "link": "/api/v1/teams/120"}, "player": {"id": 110204, "fullName": "Tavo Alvarez", "link": "/api/v1/people/110204"}, "league": {"id": 104, "name": "National League", "link": "/api/v1/league/104"}, "sport": {"id": 1, "link": "/api/v1/sports/1", "abbreviation": "MLB"}, "gameType": "R"}]}], "mlbDebutDate": "1995-08-21", "batSide": {"code": "R", "description": "Right"}, "pitchHand": {"code": "R", "description": "Right"}, "nameFirstLast": "Tavo Alvarez", "nameSlug": "tavo-alvarez-110204", "firstLastName": "Tavo Alvarez", "lastFirstName": "Alvarez, Tavo", "lastInitName": "Alvarez, T", "initLastName": "T Alvarez", "fullFMLName": "Cesar Octavio Alvarez", "fullLFMName": "Alvarez, Cesar Octavio", "strikeZoneTop": 3.49, "strikeZoneBottom": 1.601}