{"id": 110236, "fullName": "Garret Anderson", "link": "/api/v1/people/110236", "firstName": "Garret", "lastName": "Anderson", "primaryNumber": "16", "birthDate": "1972-06-30", "currentAge": 51, "birthCity": "Los Angeles", "birthStateProvince": "CA", "birthCountry": "USA", "height": "6' 3\"", "weight": 225, "active": false, "primaryPosition": {"code": "7", "name": "Outfielder", "type": "Outfielder", "abbreviation": "LF"}, "useName": "Garret", "useLastName": "Anderson", "middleName": "Joseph", "boxscoreName": "Anderson, G", "gender": "M", "isPlayer": true, "isVerified": true, "draftYear": 1990, "lastPlayedDate": "2010-08-06", "stats": [{"type": {"displayName": "career"}, "group": {"displayName": "hitting"}, "exemptions": [], "splits": [{"stat": {"gamesPlayed": 2228, "groundOuts": 2505, "airOuts": 2467, "runs": 1084, "doubles": 522, "triples": 36, "homeRuns": 287, "strikeOuts": 1224, "baseOnBalls": 429, "intentionalWalks": 104, "hits": 2529, "hitByPitch": 8, "avg": ".293", "atBats": 8640, "obp": ".324", "slg": ".461", "ops": ".785", "caughtStealing": 47, "stolenBases": 80, "stolenBasePercentage": ".630", "groundIntoDoublePlay": 197, "numberOfPitches": 30658, "plateAppearances": 9177, "totalBases": 3984, "rbi": 1365, "leftOnBase": 3885, "sacBunts": 13, "sacFlies": 87, "babip": ".311", "groundOutsToAirouts": "1.02", "catchersInterference": 0, "atBatsPerHomeRun": "30.10"}, "player": {"id": 110236, "fullName": "Garret Anderson", "link": "/api/v1/people/110236"}, "sport": {"id": 1, "link": "/api/v1/sports/1", "abbreviation": "MLB"}, "gameType": "R", "numTeams": 3}]}, {"type": {"displayName": "career"}, "group": {"displayName": "fielding"}, "exemptions": [], "splits": [{"stat": {"gamesPlayed": 1387, "gamesStarted": 1347, "assists": 81, "putOuts": 2675, "errors": 33, "chances": 2789, "fielding": ".988", "position": {"code": "7", "name": "Outfielder", "type": "Outfielder", "abbreviation": "LF"}, "rangeFactorPerGame": "1.99", "rangeFactorPer9Inn": "2.10", "innings": "11788.2", "games": 1387, "doublePlays": 12, "triplePlays": 0, "throwingErrors": 11}, "player": {"id": 110236, "fullName": "Garret Anderson", "link": "/api/v1/people/110236"}, "sport": {"id": 1, "link": "/api/v1/sports/1", "abbreviation": "MLB"}, "gameType": "R", "numTeams": 3, "position": {"code": "7", "name": "Outfielder", "type": "Outfielder", "abbreviation": "LF"}}, {"stat": {"gamesPlayed": 404, "gamesStarted": 387, "assists": 17, "putOuts": 1047, "errors": 8, "chances": 1072, "fielding": ".993", "position": {"code": "8", "name": "Outfielder", "type": "Outfielder", "abbreviation": "CF"}, "rangeFactorPerGame": "2.63", "rangeFactorPer9Inn": "2.82", "innings": "3393.0", "games": 404, "doublePlays": 4, "triplePlays": 1, "throwingErrors": 2}, "team": {"id": 108, "name": "Los Angeles Angels", "link": "/api/v1/teams/108"}, "player": {"id": 110236, "fullName": "Garret Anderson", "link": "/api/v1/people/110236"}, "league": {"id": 103, "name": "American League", "link": "/api/v1/league/103"}, "sport": {"id": 1, "link": "/api/v1/sports/1", "abbreviation": "MLB"}, "gameType": "R", "position": {"code": "8", "name": "Outfielder", "type": "Outfielder", "abbreviation": "CF"}}, {"stat": {"gamesPlayed": 162, "gamesStarted": 151, "assists": 11, "putOuts": 326, "errors": 7, "chances": 344, "fielding": ".980", "position": {"code": "9", "name": "Outfielder", "type": "Outfielder", "abbreviation": "RF"}, "rangeFactorPerGame": "2.08", "rangeFactorPer9Inn": "2.27", "innings": "1334.2", "games": 162, "doublePlays": 2, "triplePlays": 0, "throwingErrors": 0}, "player": {"id": 110236, "fullName": "Garret Anderson", "link": "/api/v1/people/110236"}, "sport": {"id": 1, "link": "/api/v1/sports/1", "abbreviation": "MLB"}, "gameType": "R", "numTeams": 2, "position": {"code": "9", "name": "Outfielder", "type": "Outfielder", "abbreviation": "RF"}}, {"stat": {"gamesPlayed": 237, "gamesStarted": 236, "assists": 0, "putOuts": 0, "errors": 0, "chances": 0, "fielding": ".000", "position": {"code": "10", "name": "Designated Hitter", "type": "Hitter", "abbreviation": "DH"}, "rangeFactorPerGame": "0.00", "rangeFactorPer9Inn": "-.--", "innings": "0.0", "games": 237, "doublePlays": 0, "triplePlays": 0, "throwingErrors": 0}, "player": {"id": 110236, "fullName": "Garret Anderson", "link": "/api/v1/people/110236"}, "sport": {"id": 1, "link": "/api/v1/sports/1", "abbreviation": "MLB"}, "gameType": "R", "numTeams": 2, "position": {"code": "10", "name": "Designated Hitter", "type": "Hitter", "abbreviation": "DH"}}]}, {"type": {"displayName": "yearByYear"}, "group": {"displayName": "hitting"}, "exemptions": [], "splits": [{"season": "1994", "stat": {"gamesPlayed": 5, "groundOuts": 2, "airOuts": 4, "runs": 0, "doubles": 0, "triples": 0, "homeRuns": 0, "strikeOuts": 2, "baseOnBalls": 0, "intentionalWalks": 0, "hits": 5, "hitByPitch": 0, "avg": ".385", "atBats": 13, "obp": ".385", "slg": ".385", "ops": ".770", "caughtStealing": 0, "stolenBases": 0, "stolenBasePercentage": ".---", "groundIntoDoublePlay": 0, "numberOfPitches": 42, "plateAppearances": 13, "totalBases": 5, "rbi": 1, "leftOnBase": 7, "sacBunts": 0, "sacFlies": 0, "babip": ".455", "groundOutsToAirouts": "0.50", "catchersInterference": 0, "atBatsPerHomeRun": "-.--"}, "team": {"id": 108, "name": "California Angels", "link": "/api/v1/teams/108"}, "player": {"id": 110236, "fullName": "Garret Anderson", "link": "/api/v1/people/110236"}, "league": {"id": 103, "name": "American League", "link": "/api/v1/league/103"}, "sport": {"id": 1, "link": "/api/v1/sports/1", "abbreviation": "MLB"}, "gameType": "R"}, {"season": "1995", "stat": {"gamesPlayed": 106, "groundOuts": 104, "airOuts": 90, "runs": 50, "doubles": 19, "triples": 1, "homeRuns": 16, "strikeOuts": 65, "baseOnBalls": 19, "intentionalWalks": 4, "hits": 120, "hitByPitch": 1, "avg": ".321", "atBats": 374, "obp": ".352", "slg": ".505", "ops": ".857", "caughtStealing": 2, "stolenBases": 6, "stolenBasePercentage": ".750", "groundIntoDoublePlay": 8, "numberOfPitches": 1432, "plateAppearances": 400, "totalBases": 189, "rbi": 69, "leftOnBase": 178, "sacBunts": 2, "sacFlies": 4, "babip": ".350", "groundOutsToAirouts": "1.16", "catchersInterference": 0, "atBatsPerHomeRun": "23.38"}, "team": {"id": 108, "name": "California Angels", "link": "/api/v1/teams/108"}, "player": {"id": 110236, "fullName": "Garret Anderson", "link": "/api/v1/people/110236"}, "league": {"id": 103, "name": "American League", "link": "/api/v1/league/103"}, "sport": {"id": 1, "link": "/api/v1/sports/1", "abbreviation": "MLB"}, "gameType": "R"}, {"season": "1996", "stat": {"gamesPlayed": 150, "groundOuts": 198, "airOuts": 152, "runs": 79, "doubles": 33, "triples": 2, "homeRuns": 12, "strikeOuts": 84, "baseOnBalls": 27, "intentionalWalks": 5, "hits": 173, "hitByPitch": 0, "avg": ".285", "atBats": 607, "obp": ".314", "slg": ".405", "ops": ".719", "caughtStealing": 9, "stolenBases": 7, "stolenBasePercentage": ".438", "groundIntoDoublePlay": 22, "numberOfPitches": 1965, "plateAppearances": 642, "totalBases": 246, "rbi": 72, "leftOnBase": 289, "sacBunts": 5, "sacFlies": 3, "babip": ".313", "groundOutsToAirouts": "1.30", "catchersInterference": 0, "atBatsPerHomeRun": "50.58"}, "team": {"id": 108, "name": "California Angels", "link": "/api/v1/teams/108"}, "player": {"id": 110236, "fullName": "Garret Anderson", "link": "/api/v1/people/110236"}, "league": {"id": 103, "name": "American League", "link": "/api/v1/league/103"}, "sport": {"id": 1, "link": "/api/v1/sports/1", "abbreviation": "MLB"}, "gameType": "R"}, {"season": "1997", "stat": {"gamesPlayed": 154, "groundOuts": 206, "airOuts": 165, "runs": 76, "doubles": 36, "triples": 3, "homeRuns": 8, "strikeOuts": 70, "baseOnBalls": 30, "intentionalWalks": 6, "hits": 189, "hitByPitch": 2, "avg": ".303", "atBats": 624, "obp": ".334", "slg": ".409", "ops": ".743", "caughtStealing": 4, "stolenBases": 10, "stolenBasePercentage": ".714", "groundIntoDoublePlay": 20, "numberOfPitches": 2131, "plateAppearances": 662, "totalBases": 255, "rbi": 92, "leftOnBase": 299, "sacBunts": 1, "sacFlies": 5, "babip": ".328", "groundOutsToAirouts": "1.25", "catchersInterference": 0, "atBatsPerHomeRun": "78.00"}, "team": {"id": 108, "name": "Anaheim Angels", "link": "/api/v1/teams/108"}, "player": {"id": 110236, "fullName": "Garret Anderson", "link": "/api/v1/people/110236"}, "league": {"id": 103, "name": "American League", "link": "/api/v1/league/103"}, "sport": {"id": 1, "link": "/api/v1/sports/1", "abbreviation": "MLB"}, "gameType": "R"}, {"season": "1998", "stat": {"gamesPlayed": 156, "groundOuts": 199, "airOuts": 166, "runs": 62, "doubles": 41, "triples": 7, "homeRuns": 15, "strikeOuts": 80, "baseOnBalls": 29, "intentionalWalks": 8, "hits": 183, "hitByPitch": 1, "avg": ".294", "atBats": 622, "obp": ".325", "slg": ".455", "ops": ".780", "caughtStealing": 3, "stolenBases": 8, "stolenBasePercentage": ".727", "groundIntoDoublePlay": 13, "numberOfPitches": 2145, "plateAppearances": 658, "totalBases": 283, "rbi": 79, "leftOnBase": 284, "sacBunts": 3, "sacFlies": 3, "babip": ".317", "groundOutsToAirouts": "1.20", "catchersInterference": 0, "atBatsPerHomeRun": "41.47"}, "team": {"id": 108, "name": "Anaheim Angels", "link": "/api/v1/teams/108"}, "player": {"id": 110236, "fullName": "Garret Anderson", "link": "/api/v1/people/110236"}, "league": {"id": 103, "name": "American League", "link": "/api/v1/league/103"}, "sport": {"id": 1, "link": "/api/v1/sports/1", "abbreviation": "MLB"}, "gameType": "R"}, {"season": "1999", "stat": {"gamesPlayed": 157, "groundOuts": 201, "airOuts": 156, "runs": 88, "doubles": 36, "triples": 2, "homeRuns": 21, "strikeOuts": 81, "baseOnBalls": 34, "intentionalWalks": 8, "hits": 188, "hitByPitch": 0, "avg": ".303", "atBats": 620, "obp": ".336", "slg": ".469", "ops": ".805", "caughtStealing": 4, "stolenBases": 3, "stolenBasePercentage": ".429", "groundIntoDoublePlay": 15, "numberOfPitches": 2194, "plateAppearances": 660, "totalBases": 291, "rbi": 80, "leftOnBase": 269, "sacBunts": 0, "sacFlies": 6, "babip": ".319", "groundOutsToAirouts": "1.29", "catchersInterference": 0, "atBatsPerHomeRun": "29.52"}, "team": {"id": 108, "name": "Anaheim Angels", "link": "/api/v1/teams/108"}, "player": {"id": 110236, "fullName": "Garret Anderson", "link": "/api/v1/people/110236"}, "league": {"id": 103, "name": "American League", "link": "/api/v1/league/103"}, "sport": {"id": 1, "link": "/api/v1/sports/1", "abbreviation": "MLB"}, "gameType": "R"}, {"season": "2000", "stat": {"gamesPlayed": 159, "groundOuts": 191, "airOuts": 193, "runs": 92, "doubles": 40, "triples": 3, "homeRuns": 35, "strikeOuts": 87, "baseOnBalls": 24, "intentionalWalks": 5, "hits": 185, "hitByPitch": 0, "avg": ".286", "atBats": 647, "obp": ".307", "slg": ".519", "ops": ".826", "caughtStealing": 6, "stolenBases": 7, "stolenBasePercentage": ".538", "groundIntoDoublePlay": 21, "numberOfPitches": 2290, "plateAppearances": 681, "totalBases": 336, "rbi": 117, "leftOnBase": 316, "sacBunts": 1, "sacFlies": 9, "babip": ".281", "groundOutsToAirouts": "0.99", "catchersInterference": 0, "atBatsPerHomeRun": "18.49"}, "team": {"id": 108, "name": "Anaheim Angels", "link": "/api/v1/teams/108"}, "player": {"id": 110236, "fullName": "Garret Anderson", "link": "/api/v1/people/110236"}, "league": {"id": 103, "name": "American League", "link": "/api/v1/league/103"}, "sport": {"id": 1, "link": "/api/v1/sports/1", "abbreviation": "MLB"}, "gameType": "R"}, {"season": "2001", "stat": {"gamesPlayed": 161, "groundOuts": 180, "airOuts": 202, "runs": 83, "doubles": 39, "triples": 2, "homeRuns": 28, "strikeOuts": 100, "baseOnBalls": 27, "intentionalWalks": 4, "hits": 194, "hitByPitch": 0, "avg": ".289", "atBats": 672, "obp": ".314", "slg": ".478", "ops": ".792", "caughtStealing": 6, "stolenBases": 13, "stolenBasePercentage": ".684", "groundIntoDoublePlay": 12, "numberOfPitches": 2391, "plateAppearances": 704, "totalBases": 321, "rbi": 123, "leftOnBase": 305, "sacBunts": 0, "sacFlies": 5, "babip": ".302", "groundOutsToAirouts": "0.89", "catchersInterference": 0, "atBatsPerHomeRun": "24.00"}, "team": {"id": 108, "name": "Anaheim Angels", "link": "/api/v1/teams/108"}, "player": {"id": 110236, "fullName": "Garret Anderson", "link": "/api/v1/people/110236"}, "league": {"id": 103, "name": "American League", "link": "/api/v1/league/103"}, "sport": {"id": 1, "link": "/api/v1/sports/1", "abbreviation": "MLB"}, "gameType": "R"}, {"season": "2002", "stat": {"gamesPlayed": 158, "groundOuts": 164, "airOuts": 206, "runs": 93, "doubles": 56, "triples": 3, "homeRuns": 29, "strikeOuts": 80, "baseOnBalls": 30, "intentionalWalks": 11, "hits": 195, "hitByPitch": 0, "avg": ".306", "atBats": 638, "obp": ".332", "slg": ".539", "ops": ".871", "caughtStealing": 4, "stolenBases": 6, "stolenBasePercentage": ".600", "groundIntoDoublePlay": 11, "numberOfPitches": 2120, "plateAppearances": 678, "totalBases": 344, "rbi": 123, "leftOnBase": 292, "sacBunts": 0, "sacFlies": 10, "babip": ".308", "groundOutsToAirouts": "0.80", "catchersInterference": 0, "atBatsPerHomeRun": "22.00"}, "team": {"id": 108, "name": "Anaheim Angels", "link": "/api/v1/teams/108"}, "player": {"id": 110236, "fullName": "Garret Anderson", "link": "/api/v1/people/110236"}, "league": {"id": 103, "name": "American League", "link": "/api/v1/league/103"}, "sport": {"id": 1, "link": "/api/v1/sports/1", "abbreviation": "MLB"}, "gameType": "R"}, {"season": "2003", "stat": {"gamesPlayed": 159, "groundOuts": 174, "airOuts": 183, "runs": 80, "doubles": 49, "triples": 4, "homeRuns": 29, "strikeOuts": 83, "baseOnBalls": 31, "intentionalWalks": 10, "hits": 201, "hitByPitch": 0, "avg": ".315", "atBats": 638, "obp": ".345", "slg": ".541", "ops": ".886", "caughtStealing": 3, "stolenBases": 6, "stolenBasePercentage": ".667", "groundIntoDoublePlay": 15, "numberOfPitches": 2203, "plateAppearances": 673, "totalBases": 345, "rbi": 116, "leftOnBase": 264, "sacBunts": 0, "sacFlies": 4, "babip": ".325", "groundOutsToAirouts": "0.95", "catchersInterference": 0, "atBatsPerHomeRun": "22.00"}, "team": {"id": 108, "name": "Anaheim Angels", "link": "/api/v1/teams/108"}, "player": {"id": 110236, "fullName": "Garret Anderson", "link": "/api/v1/people/110236"}, "league": {"id": 103, "name": "American League", "link": "/api/v1/league/103"}, "sport": {"id": 1, "link": "/api/v1/sports/1", "abbreviation": "MLB"}, "gameType": "R"}, {"season": "2004", "stat": {"gamesPlayed": 112, "groundOuts": 121, "airOuts": 116, "runs": 57, "doubles": 20, "triples": 1, "homeRuns": 14, "strikeOuts": 75, "baseOnBalls": 29, "intentionalWalks": 6, "hits": 133, "hitByPitch": 1, "avg": ".301", "atBats": 442, "obp": ".343", "slg": ".446", "ops": ".789", "caughtStealing": 1, "stolenBases": 2, "stolenBasePercentage": ".667", "groundIntoDoublePlay": 3, "numberOfPitches": 1709, "plateAppearances": 475, "totalBases": 197, "rbi": 75, "leftOnBase": 199, "sacBunts": 0, "sacFlies": 3, "babip": ".334", "groundOutsToAirouts": "1.04", "catchersInterference": 0, "atBatsPerHomeRun": "31.57"}, "team": {"id": 108, "name": "Anaheim Angels", "link": "/api/v1/teams/108"}, "player": {"id": 110236, "fullName": "Garret Anderson", "link": "/api/v1/people/110236"}, "league": {"id": 103, "name": "American League", "link": "/api/v1/league/103"}, "sport": {"id": 1, "link": "/api/v1/sports/1", "abbreviation": "MLB"}, "gameType": "R"}, {"season": "2005", "stat": {"gamesPlayed": 142, "groundOuts": 158, "airOuts": 175, "runs": 68, "doubles": 34, "triples": 1, "homeRuns": 17, "strikeOuts": 84, "baseOnBalls": 23, "intentionalWalks": 8, "hits": 163, "hitByPitch": 0, "avg": ".283", "atBats": 575, "obp": ".308", "slg": ".435", "ops": ".743", "caughtStealing": 1, "stolenBases": 1, "stolenBasePercentage": ".500", "groundIntoDoublePlay": 13, "numberOfPitches": 1981, "plateAppearances": 603, "totalBases": 250, "rbi": 96, "leftOnBase": 229, "sacBunts": 0, "sacFlies": 5, "babip": ".305", "groundOutsToAirouts": "0.90", "catchersInterference": 0, "atBatsPerHomeRun": "33.82"}, "team": {"id": 108, "name": "Los Angeles Angels", "link": "/api/v1/teams/108"}, "player": {"id": 110236, "fullName": "Garret Anderson", "link": "/api/v1/people/110236"}, "league": {"id": 103, "name": "American League", "link": "/api/v1/league/103"}, "sport": {"id": 1, "link": "/api/v1/sports/1", "abbreviation": "MLB"}, "gameType": "R"}, {"season": "2006", "stat": {"gamesPlayed": 141, "groundOuts": 149, "airOuts": 154, "runs": 63, "doubles": 28, "triples": 2, "homeRuns": 17, "strikeOuts": 95, "baseOnBalls": 38, "intentionalWalks": 11, "hits": 152, "hitByPitch": 0, "avg": ".280", "atBats": 543, "obp": ".323", "slg": ".433", "ops": ".756", "caughtStealing": 0, "stolenBases": 1, "stolenBasePercentage": "1.000", "groundIntoDoublePlay": 8, "numberOfPitches": 1994, "plateAppearances": 588, "totalBases": 235, "rbi": 85, "leftOnBase": 240, "sacBunts": 0, "sacFlies": 7, "babip": ".308", "groundOutsToAirouts": "0.97", "catchersInterference": 0, "atBatsPerHomeRun": "31.94"}, "team": {"id": 108, "name": "Los Angeles Angels", "link": "/api/v1/teams/108"}, "player": {"id": 110236, "fullName": "Garret Anderson", "link": "/api/v1/people/110236"}, "league": {"id": 103, "name": "American League", "link": "/api/v1/league/103"}, "sport": {"id": 1, "link": "/api/v1/sports/1", "abbreviation": "MLB"}, "gameType": "R"}, {"season": "2007", "stat": {"gamesPlayed": 108, "groundOuts": 112, "airOuts": 133, "runs": 67, "doubles": 31, "triples": 1, "homeRuns": 16, "strikeOuts": 54, "baseOnBalls": 27, "intentionalWalks": 9, "hits": 124, "hitByPitch": 0, "avg": ".297", "atBats": 417, "obp": ".336", "slg": ".492", "ops": ".828", "caughtStealing": 0, "stolenBases": 1, "stolenBasePercentage": "1.000", "groundIntoDoublePlay": 8, "numberOfPitches": 1544, "plateAppearances": 450, "totalBases": 205, "rbi": 80, "leftOnBase": 212, "sacBunts": 0, "sacFlies": 6, "babip": ".306", "groundOutsToAirouts": "0.84", "catchersInterference": 0, "atBatsPerHomeRun": "26.06"}, "team": {"id": 108, "name": "Los Angeles Angels", "link": "/api/v1/teams/108"}, "player": {"id": 110236, "fullName": "Garret Anderson", "link": "/api/v1/people/110236"}, "league": {"id": 103, "name": "American League", "link": "/api/v1/league/103"}, "sport": {"id": 1, "link": "/api/v1/sports/1", "abbreviation": "MLB"}, "gameType": "R"}, {"season": "2008", "stat": {"gamesPlayed": 145, "groundOuts": 155, "airOuts": 168, "runs": 66, "doubles": 27, "triples": 3, "homeRuns": 15, "strikeOuts": 77, "baseOnBalls": 29, "intentionalWalks": 6, "hits": 163, "hitByPitch": 1, "avg": ".293", "atBats": 557, "obp": ".325", "slg": ".433", "ops": ".758", "caughtStealing": 4, "stolenBases": 7, "stolenBasePercentage": ".636", "groundIntoDoublePlay": 11, "numberOfPitches": 2036, "plateAppearances": 593, "totalBases": 241, "rbi": 84, "leftOnBase": 211, "sacBunts": 0, "sacFlies": 6, "babip": ".314", "groundOutsToAirouts": "0.92", "catchersInterference": 0, "atBatsPerHomeRun": "37.13"}, "team": {"id": 108, "name": "Los Angeles Angels", "link": "/api/v1/teams/108"}, "player": {"id": 110236, "fullName": "Garret Anderson", "link": "/api/v1/people/110236"}, "league": {"id": 103, "name": "American League", "link": "/api/v1/league/103"}, "sport": {"id": 1, "link": "/api/v1/sports/1", "abbreviation": "MLB"}, "gameType": "R"}, {"season": "2009", "stat": {"gamesPlayed": 135, "groundOuts": 143, "airOuts": 156, "runs": 52, "doubles": 27, "triples": 0, "homeRuns": 13, "strikeOuts": 73, "baseOnBalls": 27, "intentionalWalks": 2, "hits": 133, "hitByPitch": 2, "avg": ".268", "atBats": 496, "obp": ".303", "slg": ".401", "ops": ".704", "caughtStealing": 0, "stolenBases": 1, "stolenBasePercentage": "1.000", "groundIntoDoublePlay": 11, "numberOfPitches": 1893, "plateAppearances": 534, "totalBases": 199, "rbi": 61, "leftOnBase": 212, "sacBunts": 0, "sacFlies": 9, "babip": ".286", "groundOutsToAirouts": "0.92", "catchersInterference": 0, "atBatsPerHomeRun": "38.15"}, "team": {"id": 144, "name": "Atlanta Braves", "link": "/api/v1/teams/144"}, "player": {"id": 110236, "fullName": "Garret Anderson", "link": "/api/v1/people/110236"}, "league": {"id": 104, "name": "National League", "link": "/api/v1/league/104"}, "sport": {"id": 1, "link": "/api/v1/sports/1", "abbreviation": "MLB"}, "gameType": "R"}, {"season": "2010", "stat": {"gamesPlayed": 80, "groundOuts": 48, "airOuts": 48, "runs": 8, "doubles": 6, "triples": 1, "homeRuns": 2, "strikeOuts": 34, "baseOnBalls": 5, "intentionalWalks": 1, "hits": 28, "hitByPitch": 0, "avg": ".181", "atBats": 155, "obp": ".204", "slg": ".271", "ops": ".475", "caughtStealing": 0, "stolenBases": 1, "stolenBasePercentage": "1.000", "groundIntoDoublePlay": 6, "numberOfPitches": 588, "plateAppearances": 163, "totalBases": 42, "rbi": 12, "leftOnBase": 79, "sacBunts": 1, "sacFlies": 2, "babip": ".215", "groundOutsToAirouts": "1.00", "catchersInterference": 0, "atBatsPerHomeRun": "77.50"}, "team": {"id": 119, "name": "Los Angeles Dodgers", "link": "/api/v1/teams/119"}, "player": {"id": 110236, "fullName": "Garret Anderson", "link": "/api/v1/people/110236"}, "league": {"id": 104, "name": "National League", "link": "/api/v1/league/104"}, "sport": {"id": 1, "link": "/api/v1/sports/1", "abbreviation": "MLB"}, "gameType": "R"}]}, {"type": {"displayName": "yearByYear"}, "group": {"displayName": "fielding"}, "exemptions": [], "splits": [{"season": "1994", "stat": {"gamesPlayed": 4, "gamesStarted": 3, "assists": 0, "putOuts": 10, "errors": 0, "chances": 10, "fielding": "1.000", "position": {"code": "7", "name": "Outfielder", "type": "Outfielder", "abbreviation": "LF"}, "rangeFactorPerGame": "2.50", "rangeFactorPer9Inn": "3.21", "innings": "28.0", "games": 4, "doublePlays": 0, "triplePlays": 0, "throwingErrors": 0}, "team": {"id": 108, "name": "California Angels", "link": "/api/v1/teams/108"}, "player": {"id": 110236, "fullName": "Garret Anderson", "link": "/api/v1/people/110236"}, "league": {"id": 103, "name": "American League", "link": "/api/v1/league/103"}, "sport": {"id": 1, "link": "/api/v1/sports/1", "abbreviation": "MLB"}, "gameType": "R", "position": {"code": "7", "name": "Outfielder", "type": "Outfielder", "abbreviation": "LF"}}, {"season": "1995", "stat": {"gamesPlayed": 99, "gamesStarted": 92, "assists": 7, "putOuts": 213, "errors": 5, "chances": 225, "fielding": ".978", "position": {"code": "7", "name": "Outfielder", "type": "Outfielder", "abbreviation": "LF"}, "rangeFactorPerGame": "2.22", "rangeFactorPer9Inn": "2.43", "innings": "814.2", "games": 99, "doublePlays": 0, "triplePlays": 0, "throwingErrors": 0}, "team": {"id": 108, "name": "California Angels", "link": "/api/v1/teams/108"}, "player": {"id": 110236, "fullName": "Garret Anderson", "link": "/api/v1/people/110236"}, "league": {"id": 103, "name": "American League", "link": "/api/v1/league/103"}, "sport": {"id": 1, "link": "/api/v1/sports/1", "abbreviation": "MLB"}, "gameType": "R", "position": {"code": "7", "name": "Outfielder", "type": "Outfielder", "abbreviation": "LF"}}, {"season": "1995", "stat": {"gamesPlayed": 1, "gamesStarted": 0, "assists": 0, "putOuts": 0, "errors": 0, "chances": 0, "fielding": ".000", "position": {"code": "8", "name": "Outfielder", "type": "Outfielder", "abbreviation": "CF"}, "rangeFactorPerGame": "0.00", "rangeFactorPer9Inn": "0.00", "innings": "2.0", "games": 1, "doublePlays": 0, "triplePlays": 0, "throwingErrors": 0}, "team": {"id": 108, "name": "California Angels", "link": "/api/v1/teams/108"}, "player": {"id": 110236, "fullName": "Garret Anderson", "link": "/api/v1/people/110236"}, "league": {"id": 103, "name": "American League", "link": "/api/v1/league/103"}, "sport": {"id": 1, "link": "/api/v1/sports/1", "abbreviation": "MLB"}, "gameType": "R", "position": {"code": "8", "name": "Outfielder", "type": "Outfielder", "abbreviation": "CF"}}, {"season": "1995", "stat": {"gamesPlayed": 1, "gamesStarted": 1, "assists": 0, "putOuts": 0, "errors": 0, "chances": 0, "fielding": ".000", "position": {"code": "9", "name": "Outfielder", "type": "Outfielder", "abbreviation": "RF"}, "rangeFactorPerGame": "0.00", "rangeFactorPer9Inn": "0.00", "innings": "9.0", "games": 1, "doublePlays": 0, "triplePlays": 0, "throwingErrors": 0}, "team": {"id": 108, "name": "California Angels", "link": "/api/v1/teams/108"}, "player": {"id": 110236, "fullName": "Garret Anderson", "link": "/api/v1/people/110236"}, "league": {"id": 103, "name": "American League", "link": "/api/v1/league/103"}, "sport": {"id": 1, "link": "/api/v1/sports/1", "abbreviation": "MLB"}, "gameType": "R", "position": {"code": "9", "name": "Outfielder", "type": "Outfielder", "abbreviation": "RF"}}, {"season": "1995", "stat": {"gamesPlayed": 1, "gamesStarted": 1, "assists": 0, "putOuts": 0, "errors": 0, "chances": 0, "fielding": ".000", "position": {"code": "10", "name": "Designated Hitter", "type": "Hitter", "abbreviation": "DH"}, "rangeFactorPerGame": "0.00", "rangeFactorPer9Inn": "-.--", "innings": "0.0", "games": 1, "doublePlays": 0, "triplePlays": 0, "throwingErrors": 0}, "team": {"id": 108, "name": "California Angels", "link": "/api/v1/teams/108"}, "player": {"id": 110236, "fullName": "Garret Anderson", "link": "/api/v1/people/110236"}, "league": {"id": 103, "name": "American League", "link": "/api/v1/league/103"}, "sport": {"id": 1, "link": "/api/v1/sports/1", "abbreviation": "MLB"}, "gameType": "R", "position": {"code": "10", "name": "Designated Hitter", "type": "Hitter", "abbreviation": "DH"}}, {"season": "1996", "stat": {"gamesPlayed": 140, "gamesStarted": 140, "assists": 5, "putOuts": 298, "errors": 7, "chances": 310, "fielding": ".977", "position": {"code": "7", "name": "Outfielder", "type": "Outfielder", "abbreviation": "LF"}, "rangeFactorPerGame": "2.16", "rangeFactorPer9Inn": "2.19", "innings": "1247.1", "games": 140, "doublePlays": 1, "triplePlays": 0, "throwingErrors": 4}, "team": {"id": 108, "name": "California Angels", "link": "/api/v1/teams/108"}, "player": {"id": 110236, "fullName": "Garret Anderson", "link": "/api/v1/people/110236"}, "league": {"id": 103, "name": "American League", "link": "/api/v1/league/103"}, "sport": {"id": 1, "link": "/api/v1/sports/1", "abbreviation": "MLB"}, "gameType": "R", "position": {"code": "7", "name": "Outfielder", "type": "Outfielder", "abbreviation": "LF"}}, {"season": "1996", "stat": {"gamesPlayed": 3, "gamesStarted": 1, "assists": 0, "putOuts": 5, "errors": 0, "chances": 5, "fielding": "1.000", "position": {"code": "8", "name": "Outfielder", "type": "Outfielder", "abbreviation": "CF"}, "rangeFactorPerGame": "1.67", "rangeFactorPer9Inn": "3.00", "innings": "15.0", "games": 3, "doublePlays": 0, "triplePlays": 0, "throwingErrors": 0}, "team": {"id": 108, "name": "California Angels", "link": "/api/v1/teams/108"}, "player": {"id": 110236, "fullName": "Garret Anderson", "link": "/api/v1/people/110236"}, "league": {"id": 103, "name": "American League", "link": "/api/v1/league/103"}, "sport": {"id": 1, "link": "/api/v1/sports/1", "abbreviation": "MLB"}, "gameType": "R", "position": {"code": "8", "name": "Outfielder", "type": "Outfielder", "abbreviation": "CF"}}, {"season": "1996", "stat": {"gamesPlayed": 6, "gamesStarted": 5, "assists": 0, "putOuts": 13, "errors": 0, "chances": 13, "fielding": "1.000", "position": {"code": "9", "name": "Outfielder", "type": "Outfielder", "abbreviation": "RF"}, "rangeFactorPerGame": "2.17", "rangeFactorPer9Inn": "2.60", "innings": "45.2", "games": 6, "doublePlays": 0, "triplePlays": 0, "throwingErrors": 0}, "team": {"id": 108, "name": "California Angels", "link": "/api/v1/teams/108"}, "player": {"id": 110236, "fullName": "Garret Anderson", "link": "/api/v1/people/110236"}, "league": {"id": 103, "name": "American League", "link": "/api/v1/league/103"}, "sport": {"id": 1, "link": "/api/v1/sports/1", "abbreviation": "MLB"}, "gameType": "R", "position": {"code": "9", "name": "Outfielder", "type": "Outfielder", "abbreviation": "RF"}}, {"season": "1996", "stat": {"gamesPlayed": 1, "gamesStarted": 1, "assists": 0, "putOuts": 0, "errors": 0, "chances": 0, "fielding": ".000", "position": {"code": "10", "name": "Designated Hitter", "type": "Hitter", "abbreviation": "DH"}, "rangeFactorPerGame": "0.00", "rangeFactorPer9Inn": "-.--", "innings": "0.0", "games": 1, "doublePlays": 0, "triplePlays": 0, "throwingErrors": 0}, "team": {"id": 108, "name": "California Angels", "link": "/api/v1/teams/108"}, "player": {"id": 110236, "fullName": "Garret Anderson", "link": "/api/v1/people/110236"}, "league": {"id": 103, "name": "American League", "link": "/api/v1/league/103"}, "sport": {"id": 1, "link": "/api/v1/sports/1", "abbreviation": "MLB"}, "gameType": "R", "position": {"code": "10", "name": "Designated Hitter", "type": "Hitter", "abbreviation": "DH"}}, {"season": "1997", "stat": {"gamesPlayed": 130, "gamesStarted": 118, "assists": 12, "putOuts": 262, "errors": 3, "chances": 277, "fielding": ".989", "position": {"code": "7", "name": "Outfielder", "type": "Outfielder", "abbreviation": "LF"}, "rangeFactorPerGame": "2.11", "rangeFactorPer9Inn": "2.27", "innings": "1084.2", "games": 130, "doublePlays": 1, "triplePlays": 0, "throwingErrors": 2}, "team": {"id": 108, "name": "Anaheim Angels", "link": "/api/v1/teams/108"}, "player": {"id": 110236, "fullName": "Garret Anderson", "link": "/api/v1/people/110236"}, "league": {"id": 103, "name": "American League", "link": "/api/v1/league/103"}, "sport": {"id": 1, "link": "/api/v1/sports/1", "abbreviation": "MLB"}, "gameType": "R", "position": {"code": "7", "name": "Outfielder", "type": "Outfielder", "abbreviation": "LF"}}, {"season": "1997", "stat": {"gamesPlayed": 27, "gamesStarted": 27, "assists": 2, "putOuts": 78, "errors": 0, "chances": 80, "fielding": "1.000", "position": {"code": "8", "name": "Outfielder", "type": "Outfielder", "abbreviation": "CF"}, "rangeFactorPerGame": "2.96", "rangeFactorPer9Inn": "3.36", "innings": "214.1", "games": 27, "doublePlays": 1, "triplePlays": 1, "throwingErrors": 0}, "team": {"id": 108, "name": "Anaheim Angels", "link": "/api/v1/teams/108"}, "player": {"id": 110236, "fullName": "Garret Anderson", "link": "/api/v1/people/110236"}, "league": {"id": 103, "name": "American League", "link": "/api/v1/league/103"}, "sport": {"id": 1, "link": "/api/v1/sports/1", "abbreviation": "MLB"}, "gameType": "R", "position": {"code": "8", "name": "Outfielder", "type": "Outfielder", "abbreviation": "CF"}}, {"season": "1997", "stat": {"gamesPlayed": 4, "gamesStarted": 3, "assists": 0, "putOuts": 4, "errors": 0, "chances": 4, "fielding": "1.000", "position": {"code": "9", "name": "Outfielder", "type": "Outfielder", "abbreviation": "RF"}, "rangeFactorPerGame": "1.00", "rangeFactorPer9Inn": "1.33", "innings": "27.0", "games": 4, "doublePlays": 0, "triplePlays": 0, "throwingErrors": 0}, "team": {"id": 108, "name": "Anaheim Angels", "link": "/api/v1/teams/108"}, "player": {"id": 110236, "fullName": "Garret Anderson", "link": "/api/v1/people/110236"}, "league": {"id": 103, "name": "American League", "link": "/api/v1/league/103"}, "sport": {"id": 1, "link": "/api/v1/sports/1", "abbreviation": "MLB"}, "gameType": "R", "position": {"code": "9", "name": "Outfielder", "type": "Outfielder", "abbreviation": "RF"}}, {"season": "1997", "stat": {"gamesPlayed": 4, "gamesStarted": 4, "assists": 0, "putOuts": 0, "errors": 0, "chances": 0, "fielding": ".000", "position": {"code": "10", "name": "Designated Hitter", "type": "Hitter", "abbreviation": "DH"}, "rangeFactorPerGame": "0.00", "rangeFactorPer9Inn": "-.--", "innings": "0.0", "games": 4, "doublePlays": 0, "triplePlays": 0, "throwingErrors": 0}, "team": {"id": 108, "name": "Anaheim Angels", "link": "/api/v1/teams/108"}, "player": {"id": 110236, "fullName": "Garret Anderson", "link": "/api/v1/people/110236"}, "league": {"id": 103, "name": "American League", "link": "/api/v1/league/103"}, "sport": {"id": 1, "link": "/api/v1/sports/1", "abbreviation": "MLB"}, "gameType": "R", "position": {"code": "10", "name": "Designated Hitter", "type": "Hitter", "abbreviation": "DH"}}, {"season": "1998", "stat": {"gamesPlayed": 39, "gamesStarted": 32, "assists": 2, "putOuts": 60, "errors": 0, "chances": 62, "fielding": "1.000", "position": {"code": "7", "name": "Outfielder", "type": "Outfielder", "abbreviation": "LF"}, "rangeFactorPerGame": "1.59", "rangeFactorPer9Inn": "1.84", "innings": "303.0", "games": 39, "doublePlays": 1, "triplePlays": 0, "throwingErrors": 0}, "team": {"id": 108, "name": "Anaheim Angels", "link": "/api/v1/teams/108"}, "player": {"id": 110236, "fullName": "Garret Anderson", "link": "/api/v1/people/110236"}, "league": {"id": 103, "name": "American League", "link": "/api/v1/league/103"}, "sport": {"id": 1, "link": "/api/v1/sports/1", "abbreviation": "MLB"}, "gameType": "R", "position": {"code": "7", "name": "Outfielder", "type": "Outfielder", "abbreviation": "LF"}}, {"season": "1998", "stat": {"gamesPlayed": 122, "gamesStarted": 119, "assists": 9, "putOuts": 261, "errors": 6, "chances": 276, "fielding": ".978", "position": {"code": "9", "name": "Outfielder", "type": "Outfielder", "abbreviation": "RF"}, "rangeFactorPerGame": "2.21", "rangeFactorPer9Inn": "2.31", "innings": "1050.1", "games": 122, "doublePlays": 2, "triplePlays": 0, "throwingErrors": 0}, "team": {"id": 108, "name": "Anaheim Angels", "link": "/api/v1/teams/108"}, "player": {"id": 110236, "fullName": "Garret Anderson", "link": "/api/v1/people/110236"}, "league": {"id": 103, "name": "American League", "link": "/api/v1/league/103"}, "sport": {"id": 1, "link": "/api/v1/sports/1", "abbreviation": "MLB"}, "gameType": "R", "position": {"code": "9", "name": "Outfielder", "type": "Outfielder", "abbreviation": "RF"}}, {"season": "1999", "stat": {"gamesPlayed": 32, "gamesStarted": 31, "assists": 1, "putOuts": 54, "errors": 0, "chances": 55, "fielding": "1.000", "position": {"code": "7", "name": "Outfielder", "type": "Outfielder", "abbreviation": "LF"}, "rangeFactorPerGame": "1.72", "rangeFactorPer9Inn": "1.78", "innings": "278.2", "games": 32, "doublePlays": 0, "triplePlays": 0, "throwingErrors": 0}, "team": {"id": 108, "name": "Anaheim Angels", "link": "/api/v1/teams/108"}, "player": {"id": 110236, "fullName": "Garret Anderson", "link": "/api/v1/people/110236"}, "league": {"id": 103, "name": "American League", "link": "/api/v1/league/103"}, "sport": {"id": 1, "link": "/api/v1/sports/1", "abbreviation": "MLB"}, "gameType": "R", "position": {"code": "7", "name": "Outfielder", "type": "Outfielder", "abbreviation": "LF"}}, {"season": "1999", "stat": {"gamesPlayed": 116, "gamesStarted": 115, "assists": 5, "putOuts": 340, "errors": 3, "chances": 348, "fielding": ".991", "position": {"code": "8", "name": "Outfielder", "type": "Outfielder", "abbreviation": "CF"}, "rangeFactorPerGame": "2.97", "rangeFactorPer9Inn": "3.07", "innings": "1011.2", "games": 116, "doublePlays": 1, "triplePlays": 0, "throwingErrors": 0}, "team": {"id": 108, "name": "Anaheim Angels", "link": "/api/v1/teams/108"}, "player": {"id": 110236, "fullName": "Garret Anderson", "link": "/api/v1/people/110236"}, "league": {"id": 103, "name": "American League", "link": "/api/v1/league/103"}, "sport": {"id": 1, "link": "/api/v1/sports/1", "abbreviation": "MLB"}, "gameType": "R", "position": {"code": "8", "name": "Outfielder", "type": "Outfielder", "abbreviation": "CF"}}, {"season": "1999", "stat": {"gamesPlayed": 6, "gamesStarted": 6, "assists": 1, "putOuts": 12, "errors": 0, "chances": 13, "fielding": "1.000", "position": {"code": "9", "name": "Outfielder", "type": "Outfielder", "abbreviation": "RF"}, "rangeFactorPerGame": "2.17", "rangeFactorPer9Inn": "2.25", "innings": "52.0", "games": 6, "doublePlays": 0, "triplePlays": 0, "throwingErrors": 0}, "team": {"id": 108, "name": "Anaheim Angels", "link": "/api/v1/teams/108"}, "player": {"id": 110236, "fullName": "Garret Anderson", "link": "/api/v1/people/110236"}, "league": {"id": 103, "name": "American League", "link": "/api/v1/league/103"}, "sport": {"id": 1, "link": "/api/v1/sports/1", "abbreviation": "MLB"}, "gameType": "R", "position": {"code": "9", "name": "Outfielder", "type": "Outfielder", "abbreviation": "RF"}}, {"season": "1999", "stat": {"gamesPlayed": 4, "gamesStarted": 4, "assists": 0, "putOuts": 0, "errors": 0, "chances": 0, "fielding": ".000", "position": {"code": "10", "name": "Designated Hitter", "type": "Hitter", "abbreviation": "DH"}, "rangeFactorPerGame": "0.00", "rangeFactorPer9Inn": "-.--", "innings": "0.0", "games": 4, "doublePlays": 0, "triplePlays": 0, "throwingErrors": 0}, "team": {"id": 108, "name": "Anaheim Angels", "link": "/api/v1/teams/108"}, "player": {"id": 110236, "fullName": "Garret Anderson", "link": "/api/v1/people/110236"}, "league": {"id": 103, "name": "American League", "link": "/api/v1/league/103"}, "sport": {"id": 1, "link": "/api/v1/sports/1", "abbreviation": "MLB"}, "gameType": "R", "position": {"code": "10", "name": "Designated Hitter", "type": "Hitter", "abbreviation": "DH"}}, {"season": "2000", "stat": {"gamesPlayed": 137, "gamesStarted": 135, "assists": 5, "putOuts": 354, "errors": 3, "chances": 362, "fielding": ".992", "position": {"code": "8", "name": "Outfielder", "type": "Outfielder", "abbreviation": "CF"}, "rangeFactorPerGame": "2.62", "rangeFactorPer9Inn": "2.69", "innings": "1203.1", "games": 137, "doublePlays": 0, "triplePlays": 0, "throwingErrors": 1}, "team": {"id": 108, "name": "Anaheim Angels", "link": "/api/v1/teams/108"}, "player": {"id": 110236, "fullName": "Garret Anderson", "link": "/api/v1/people/110236"}, "league": {"id": 103, "name": "American League", "link": "/api/v1/league/103"}, "sport": {"id": 1, "link": "/api/v1/sports/1", "abbreviation": "MLB"}, "gameType": "R", "position": {"code": "8", "name": "Outfielder", "type": "Outfielder", "abbreviation": "CF"}}, {"season": "2000", "stat": {"gamesPlayed": 15, "gamesStarted": 12, "assists": 0, "putOuts": 25, "errors": 1, "chances": 26, "fielding": ".962", "position": {"code": "9", "name": "Outfielder", "type": "Outfielder", "abbreviation": "RF"}, "rangeFactorPerGame": "1.67", "rangeFactorPer9Inn": "2.14", "innings": "105.1", "games": 15, "doublePlays": 0, "triplePlays": 0, "throwingErrors": 0}, "team": {"id": 108, "name": "Anaheim Angels", "link": "/api/v1/teams/108"}, "player": {"id": 110236, "fullName": "Garret Anderson", "link": "/api/v1/people/110236"}, "league": {"id": 103, "name": "American League", "link": "/api/v1/league/103"}, "sport": {"id": 1, "link": "/api/v1/sports/1", "abbreviation": "MLB"}, "gameType": "R", "position": {"code": "9", "name": "Outfielder", "type": "Outfielder", "abbreviation": "RF"}}, {"season": "2000", "stat": {"gamesPlayed": 10, "gamesStarted": 10, "assists": 0, "putOuts": 0, "errors": 0, "chances": 0, "fielding": ".000", "position": {"code": "10", "name": "Designated Hitter", "type": "Hitter", "abbreviation": "DH"}, "rangeFactorPerGame": "0.00", "rangeFactorPer9Inn": "-.--", "innings": "0.0", "games": 10, "doublePlays": 0, "triplePlays": 0, "throwingErrors": 0}, "team": {"id": 108, "name": "Anaheim Angels", "link": "/api/v1/teams/108"}, "player": {"id": 110236, "fullName": "Garret Anderson", "link": "/api/v1/people/110236"}, "league": {"id": 103, "name": "American League", "link": "/api/v1/league/103"}, "sport": {"id": 1, "link": "/api/v1/sports/1", "abbreviation": "MLB"}, "gameType": "R", "position": {"code": "10", "name": "Designated Hitter", "type": "Hitter", "abbreviation": "DH"}}, {"season": "2001", "stat": {"gamesPlayed": 144, "gamesStarted": 144, "assists": 9, "putOuts": 294, "errors": 2, "chances": 305, "fielding": ".993", "position": {"code": "7", "name": "Outfielder", "type": "Outfielder", "abbreviation": "LF"}, "rangeFactorPerGame": "2.10", "rangeFactorPer9Inn": "2.18", "innings": "1251.2", "games": 144, "doublePlays": 2, "triplePlays": 0, "throwingErrors": 0}, "team": {"id": 108, "name": "Anaheim Angels", "link": "/api/v1/teams/108"}, "player": {"id": 110236, "fullName": "Garret Anderson", "link": "/api/v1/people/110236"}, "league": {"id": 103, "name": "American League", "link": "/api/v1/league/103"}, "sport": {"id": 1, "link": "/api/v1/sports/1", "abbreviation": "MLB"}, "gameType": "R", "position": {"code": "7", "name": "Outfielder", "type": "Outfielder", "abbreviation": "LF"}}, {"season": "2001", "stat": {"gamesPlayed": 12, "gamesStarted": 5, "assists": 0, "putOuts": 19, "errors": 0, "chances": 19, "fielding": "1.000", "position": {"code": "8", "name": "Outfielder", "type": "Outfielder", "abbreviation": "CF"}, "rangeFactorPerGame": "1.58", "rangeFactorPer9Inn": "3.05", "innings": "56.0", "games": 12, "doublePlays": 0, "triplePlays": 0, "throwingErrors": 0}, "team": {"id": 108, "name": "Anaheim Angels", "link": "/api/v1/teams/108"}, "player": {"id": 110236, "fullName": "Garret Anderson", "link": "/api/v1/people/110236"}, "league": {"id": 103, "name": "American League", "link": "/api/v1/league/103"}, "sport": {"id": 1, "link": "/api/v1/sports/1", "abbreviation": "MLB"}, "gameType": "R", "position": {"code": "8", "name": "Outfielder", "type": "Outfielder", "abbreviation": "CF"}}, {"season": "2001", "stat": {"gamesPlayed": 12, "gamesStarted": 12, "assists": 0, "putOuts": 0, "errors": 0, "chances": 0, "fielding": ".000", "position": {"code": "10", "name": "Designated Hitter", "type": "Hitter", "abbreviation": "DH"}, "rangeFactorPerGame": "0.00", "rangeFactorPer9Inn": "-.--", "innings": "0.0", "games": 12, "doublePlays": 0, "triplePlays": 0, "throwingErrors": 0}, "team": {"id": 108, "name": "Anaheim Angels", "link": "/api/v1/teams/108"}, "player": {"id": 110236, "fullName": "Garret Anderson", "link": "/api/v1/people/110236"}, "league": {"id": 103, "name": "American League", "link": "/api/v1/league/103"}, "sport": {"id": 1, "link": "/api/v1/sports/1", "abbreviation": "MLB"}, "gameType": "R", "position": {"code": "10", "name": "Designated Hitter", "type": "Hitter", "abbreviation": "DH"}}, {"season": "2002", "stat": {"gamesPlayed": 137, "gamesStarted": 135, "assists": 6, "putOuts": 259, "errors": 2, "chances": 267, "fielding": ".993", "position": {"code": "7", "name": "Outfielder", "type": "Outfielder", "abbreviation": "LF"}, "rangeFactorPerGame": "1.93", "rangeFactorPer9Inn": "2.03", "innings": "1177.2", "games": 137, "doublePlays": 2, "triplePlays": 0, "throwingErrors": 2}, "team": {"id": 108, "name": "Anaheim Angels", "link": "/api/v1/teams/108"}, "player": {"id": 110236, "fullName": "Garret Anderson", "link": "/api/v1/people/110236"}, "league": {"id": 103, "name": "American League", "link": "/api/v1/league/103"}, "sport": {"id": 1, "link": "/api/v1/sports/1", "abbreviation": "MLB"}, "gameType": "R", "position": {"code": "7", "name": "Outfielder", "type": "Outfielder", "abbreviation": "LF"}}, {"season": "2002", "stat": {"gamesPlayed": 14, "gamesStarted": 12, "assists": 1, "putOuts": 40, "errors": 0, "chances": 41, "fielding": "1.000", "position": {"code": "8", "name": "Outfielder", "type": "Outfielder", "abbreviation": "CF"}, "rangeFactorPerGame": "2.93", "rangeFactorPer9Inn": "3.73", "innings": "99.0", "games": 14, "doublePlays": 1, "triplePlays": 0, "throwingErrors": 0}, "team": {"id": 108, "name": "Anaheim Angels", "link": "/api/v1/teams/108"}, "player": {"id": 110236, "fullName": "Garret Anderson", "link": "/api/v1/people/110236"}, "league": {"id": 103, "name": "American League", "link": "/api/v1/league/103"}, "sport": {"id": 1, "link": "/api/v1/sports/1", "abbreviation": "MLB"}, "gameType": "R", "position": {"code": "8", "name": "Outfielder", "type": "Outfielder", "abbreviation": "CF"}}, {"season": "2002", "stat": {"gamesPlayed": 10, "gamesStarted": 10, "assists": 0, "putOuts": 0, "errors": 0, "chances": 0, "fielding": ".000", "position": {"code": "10", "name": "Designated Hitter", "type": "Hitter", "abbreviation": "DH"}, "rangeFactorPerGame": "0.00", "rangeFactorPer9Inn": "-.--", "innings": "0.0", "games": 10, "doublePlays": 0, "triplePlays": 0, "throwingErrors": 0}, "team": {"id": 108, "name": "Anaheim Angels", "link": "/api/v1/teams/108"}, "player": {"id": 110236, "fullName": "Garret Anderson", "link": "/api/v1/people/110236"}, "league": {"id": 103, "name": "American League", "link": "/api/v1/league/103"}, "sport": {"id": 1, "link": "/api/v1/sports/1", "abbreviation": "MLB"}, "gameType": "R", "position": {"code": "10", "name": "Designated Hitter", "type": "Hitter", "abbreviation": "DH"}}, {"season": "2003", "stat": {"gamesPlayed": 144, "gamesStarted": 144, "assists": 13, "putOuts": 325, "errors": 1, "chances": 339, "fielding": ".997", "position": {"code": "7", "name": "Outfielder", "type": "Outfielder", "abbreviation": "LF"}, "rangeFactorPerGame": "2.35", "rangeFactorPer9Inn": "2.45", "innings": "1241.1", "games": 144, "doublePlays": 2, "triplePlays": 0, "throwingErrors": 0}, "team": {"id": 108, "name": "Anaheim Angels", "link": "/api/v1/teams/108"}, "player": {"id": 110236, "fullName": "Garret Anderson", "link": "/api/v1/people/110236"}, "league": {"id": 103, "name": "American League", "link": "/api/v1/league/103"}, "sport": {"id": 1, "link": "/api/v1/sports/1", "abbreviation": "MLB"}, "gameType": "R", "position": {"code": "7", "name": "Outfielder", "type": "Outfielder", "abbreviation": "LF"}}, {"season": "2003", "stat": {"gamesPlayed": 15, "gamesStarted": 15, "assists": 0, "putOuts": 0, "errors": 0, "chances": 0, "fielding": ".000", "position": {"code": "10", "name": "Designated Hitter", "type": "Hitter", "abbreviation": "DH"}, "rangeFactorPerGame": "0.00", "rangeFactorPer9Inn": "-.--", "innings": "0.0", "games": 15, "doublePlays": 0, "triplePlays": 0, "throwingErrors": 0}, "team": {"id": 108, "name": "Anaheim Angels", "link": "/api/v1/teams/108"}, "player": {"id": 110236, "fullName": "Garret Anderson", "link": "/api/v1/people/110236"}, "league": {"id": 103, "name": "American League", "link": "/api/v1/league/103"}, "sport": {"id": 1, "link": "/api/v1/sports/1", "abbreviation": "MLB"}, "gameType": "R", "position": {"code": "10", "name": "Designated Hitter", "type": "Hitter", "abbreviation": "DH"}}, {"season": "2004", "stat": {"gamesPlayed": 94, "gamesStarted": 92, "assists": 4, "putOuts": 211, "errors": 2, "chances": 217, "fielding": ".991", "position": {"code": "8", "name": "Outfielder", "type": "Outfielder", "abbreviation": "CF"}, "rangeFactorPerGame": "2.29", "rangeFactorPer9Inn": "2.45", "innings": "791.2", "games": 94, "doublePlays": 1, "triplePlays": 0, "throwingErrors": 1}, "team": {"id": 108, "name": "Anaheim Angels", "link": "/api/v1/teams/108"}, "player": {"id": 110236, "fullName": "Garret Anderson", "link": "/api/v1/people/110236"}, "league": {"id": 103, "name": "American League", "link": "/api/v1/league/103"}, "sport": {"id": 1, "link": "/api/v1/sports/1", "abbreviation": "MLB"}, "gameType": "R", "position": {"code": "8", "name": "Outfielder", "type": "Outfielder", "abbreviation": "CF"}}, {"season": "2004", "stat": {"gamesPlayed": 18, "gamesStarted": 18, "assists": 0, "putOuts": 0, "errors": 0, "chances": 0, "fielding": ".000", "position": {"code": "10", "name": "Designated Hitter", "type": "Hitter", "abbreviation": "DH"}, "rangeFactorPerGame": "0.00", "rangeFactorPer9Inn": "-.--", "innings": "0.0", "games": 18, "doublePlays": 0, "triplePlays": 0, "throwingErrors": 0}, "team": {"id": 108, "name": "Anaheim Angels", "link": "/api/v1/teams/108"}, "player": {"id": 110236, "fullName": "Garret Anderson", "link": "/api/v1/people/110236"}, "league": {"id": 103, "name": "American League", "link": "/api/v1/league/103"}, "sport": {"id": 1, "link": "/api/v1/sports/1", "abbreviation": "MLB"}, "gameType": "R", "position": {"code": "10", "name": "Designated Hitter", "type": "Hitter", "abbreviation": "DH"}}, {"season": "2005", "stat": {"gamesPlayed": 106, "gamesStarted": 106, "assists": 4, "putOuts": 201, "errors": 5, "chances": 210, "fielding": ".976", "position": {"code": "7", "name": "Outfielder", "type": "Outfielder", "abbreviation": "LF"}, "rangeFactorPerGame": "1.93", "rangeFactorPer9Inn": "2.01", "innings": "920.0", "games": 106, "doublePlays": 1, "triplePlays": 0, "throwingErrors": 1}, "team": {"id": 108, "name": "Los Angeles Angels", "link": "/api/v1/teams/108"}, "player": {"id": 110236, "fullName": "Garret Anderson", "link": "/api/v1/people/110236"}, "league": {"id": 103, "name": "American League", "link": "/api/v1/league/103"}, "sport": {"id": 1, "link": "/api/v1/sports/1", "abbreviation": "MLB"}, "gameType": "R", "position": {"code": "7", "name": "Outfielder", "type": "Outfielder", "abbreviation": "LF"}}, {"season": "2005", "stat": {"gamesPlayed": 36, "gamesStarted": 36, "assists": 0, "putOuts": 0, "errors": 0, "chances": 0, "fielding": ".000", "position": {"code": "10", "name": "Designated Hitter", "type": "Hitter", "abbreviation": "DH"}, "rangeFactorPerGame": "0.00", "rangeFactorPer9Inn": "-.--", "innings": "0.0", "games": 36, "doublePlays": 0, "triplePlays": 0, "throwingErrors": 0}, "team": {"id": 108, "name": "Los Angeles Angels", "link": "/api/v1/teams/108"}, "player": {"id": 110236, "fullName": "Garret Anderson", "link": "/api/v1/people/110236"}, "league": {"id": 103, "name": "American League", "link": "/api/v1/league/103"}, "sport": {"id": 1, "link": "/api/v1/sports/1", "abbreviation": "MLB"}, "gameType": "R", "position": {"code": "10", "name": "Designated Hitter", "type": "Hitter", "abbreviation": "DH"}}, {"season": "2006", "stat": {"gamesPlayed": 94, "gamesStarted": 94, "assists": 1, "putOuts": 192, "errors": 0, "chances": 193, "fielding": "1.000", "position": {"code": "7", "name": "Outfielder", "type": "Outfielder", "abbreviation": "LF"}, "rangeFactorPerGame": "2.05", "rangeFactorPer9Inn": "2.14", "innings": "812.2", "games": 94, "doublePlays": 0, "triplePlays": 0, "throwingErrors": 0}, "team": {"id": 108, "name": "Los Angeles Angels", "link": "/api/v1/teams/108"}, "player": {"id": 110236, "fullName": "Garret Anderson", "link": "/api/v1/people/110236"}, "league": {"id": 103, "name": "American League", "link": "/api/v1/league/103"}, "sport": {"id": 1, "link": "/api/v1/sports/1", "abbreviation": "MLB"}, "gameType": "R", "position": {"code": "7", "name": "Outfielder", "type": "Outfielder", "abbreviation": "LF"}}, {"season": "2006", "stat": {"gamesPlayed": 45, "gamesStarted": 45, "assists": 0, "putOuts": 0, "errors": 0, "chances": 0, "fielding": ".000", "position": {"code": "10", "name": "Designated Hitter", "type": "Hitter", "abbreviation": "DH"}, "rangeFactorPerGame": "0.00", "rangeFactorPer9Inn": "-.--", "innings": "0.0", "games": 45, "doublePlays": 0, "triplePlays": 0, "throwingErrors": 0}, "team": {"id": 108, "name": "Los Angeles Angels", "link": "/api/v1/teams/108"}, "player": {"id": 110236, "fullName": "Garret Anderson", "link": "/api/v1/people/110236"}, "league": {"id": 103, "name": "American League", "link": "/api/v1/league/103"}, "sport": {"id": 1, "link": "/api/v1/sports/1", "abbreviation": "MLB"}, "gameType": "R", "position": {"code": "10", "name": "Designated Hitter", "type": "Hitter", "abbreviation": "DH"}}, {"season": "2007", "stat": {"gamesPlayed": 85, "gamesStarted": 85, "assists": 7, "putOuts": 143, "errors": 2, "chances": 152, "fielding": ".987", "position": {"code": "7", "name": "Outfielder", "type": "Outfielder", "abbreviation": "LF"}, "rangeFactorPerGame": "1.76", "rangeFactorPer9Inn": "1.86", "innings": "724.1", "games": 85, "doublePlays": 0, "triplePlays": 0, "throwingErrors": 0}, "team": {"id": 108, "name": "Los Angeles Angels", "link": "/api/v1/teams/108"}, "player": {"id": 110236, "fullName": "Garret Anderson", "link": "/api/v1/people/110236"}, "league": {"id": 103, "name": "American League", "link": "/api/v1/league/103"}, "sport": {"id": 1, "link": "/api/v1/sports/1", "abbreviation": "MLB"}, "gameType": "R", "position": {"code": "7", "name": "Outfielder", "type": "Outfielder", "abbreviation": "LF"}}, {"season": "2007", "stat": {"gamesPlayed": 20, "gamesStarted": 20, "assists": 0, "putOuts": 0, "errors": 0, "chances": 0, "fielding": ".000", "position": {"code": "10", "name": "Designated Hitter", "type": "Hitter", "abbreviation": "DH"}, "rangeFactorPerGame": "0.00", "rangeFactorPer9Inn": "-.--", "innings": "0.0", "games": 20, "doublePlays": 0, "triplePlays": 0, "throwingErrors": 0}, "team": {"id": 108, "name": "Los Angeles Angels", "link": "/api/v1/teams/108"}, "player": {"id": 110236, "fullName": "Garret Anderson", "link": "/api/v1/people/110236"}, "league": {"id": 103, "name": "American League", "link": "/api/v1/league/103"}, "sport": {"id": 1, "link": "/api/v1/sports/1", "abbreviation": "MLB"}, "gameType": "R", "position": {"code": "10", "name": "Designated Hitter", "type": "Hitter", "abbreviation": "DH"}}, {"season": "2008", "stat": {"gamesPlayed": 82, "gamesStarted": 80, "assists": 9, "putOuts": 144, "errors": 0, "chances": 153, "fielding": "1.000", "position": {"code": "7", "name": "Outfielder", "type": "Outfielder", "abbreviation": "LF"}, "rangeFactorPerGame": "1.87", "rangeFactorPer9Inn": "2.00", "innings": "689.1", "games": 82, "doublePlays": 2, "triplePlays": 0, "throwingErrors": 0}, "team": {"id": 108, "name": "Los Angeles Angels", "link": "/api/v1/teams/108"}, "player": {"id": 110236, "fullName": "Garret Anderson", "link": "/api/v1/people/110236"}, "league": {"id": 103, "name": "American League", "link": "/api/v1/league/103"}, "sport": {"id": 1, "link": "/api/v1/sports/1", "abbreviation": "MLB"}, "gameType": "R", "position": {"code": "7", "name": "Outfielder", "type": "Outfielder", "abbreviation": "LF"}}, {"season": "2008", "stat": {"gamesPlayed": 60, "gamesStarted": 59, "assists": 0, "putOuts": 0, "errors": 0, "chances": 0, "fielding": ".000", "position": {"code": "10", "name": "Designated Hitter", "type": "Hitter", "abbreviation": "DH"}, "rangeFactorPerGame": "0.00", "rangeFactorPer9Inn": "-.--", "innings": "0.0", "games": 60, "doublePlays": 0, "triplePlays": 0, "throwingErrors": 0}, "team": {"id": 108, "name": "Los Angeles Angels", "link": "/api/v1/teams/108"}, "player": {"id": 110236, "fullName": "Garret Anderson", "link": "/api/v1/people/110236"}, "league": {"id": 103, "name": "American League", "link": "/api/v1/league/103"}, "sport": {"id": 1, "link": "/api/v1/sports/1", "abbreviation": "MLB"}, "gameType": "R", "position": {"code": "10", "name": "Designated Hitter", "type": "Hitter", "abbreviation": "DH"}}, {"season": "2009", "stat": {"gamesPlayed": 124, "gamesStarted": 123, "assists": 4, "putOuts": 193, "errors": 4, "chances": 201, "fielding": ".980", "position": {"code": "7", "name": "Outfielder", "type": "Outfielder", "abbreviation": "LF"}, "rangeFactorPerGame": "1.59", "rangeFactorPer9Inn": "1.73", "innings": "1026.1", "games": 124, "doublePlays": 0, "triplePlays": 0, "throwingErrors": 2}, "team": {"id": 144, "name": "Atlanta Braves", "link": "/api/v1/teams/144"}, "player": {"id": 110236, "fullName": "Garret Anderson", "link": "/api/v1/people/110236"}, "league": {"id": 104, "name": "National League", "link": "/api/v1/league/104"}, "sport": {"id": 1, "link": "/api/v1/sports/1", "abbreviation": "MLB"}, "gameType": "R", "position": {"code": "7", "name": "Outfielder", "type": "Outfielder", "abbreviation": "LF"}}, {"season": "2009", "stat": {"gamesPlayed": 1, "gamesStarted": 1, "assists": 0, "putOuts": 0, "errors": 0, "chances": 0, "fielding": ".000", "position": {"code": "10", "name": "Designated Hitter", "type": "Hitter", "abbreviation": "DH"}, "rangeFactorPerGame": "0.00", "rangeFactorPer9Inn": "-.--", "innings": "0.0", "games": 1, "doublePlays": 0, "triplePlays": 0, "throwingErrors": 0}, "team": {"id": 144, "name": "Atlanta Braves", "link": "/api/v1/teams/144"}, "player": {"id": 110236, "fullName": "Garret Anderson", "link": "/api/v1/people/110236"}, "league": {"id": 104, "name": "National League", "link": "/api/v1/league/104"}, "sport": {"id": 1, "link": "/api/v1/sports/1", "abbreviation": "MLB"}, "gameType": "R", "position": {"code": "10", "name": "Designated Hitter", "type": "Hitter", "abbreviation": "DH"}}, {"season": "2010", "stat": {"gamesPlayed": 27, "gamesStarted": 20, "assists": 1, "putOuts": 27, "errors": 2, "chances": 30, "fielding": ".933", "position": {"code": "7", "name": "Outfielder", "type": "Outfielder", "abbreviation": "LF"}, "rangeFactorPerGame": "1.04", "rangeFactorPer9Inn": "1.33", "innings": "189.0", "games": 27, "doublePlays": 0, "triplePlays": 0, "throwingErrors": 0}, "team": {"id": 119, "name": "Los Angeles Dodgers", "link": "/api/v1/teams/119"}, "player": {"id": 110236, "fullName": "Garret Anderson", "link": "/api/v1/people/110236"}, "league": {"id": 104, "name": "National League", "link": "/api/v1/league/104"}, "sport": {"id": 1, "link": "/api/v1/sports/1", "abbreviation": "MLB"}, "gameType": "R", "position": {"code": "7", "name": "Outfielder", "type": "Outfielder", "abbreviation": "LF"}}, {"season": "2010", "stat": {"gamesPlayed": 8, "gamesStarted": 5, "assists": 1, "putOuts": 11, "errors": 0, "chances": 12, "fielding": "1.000", "position": {"code": "9", "name": "Outfielder", "type": "Outfielder", "abbreviation": "RF"}, "rangeFactorPerGame": "1.50", "rangeFactorPer9Inn": "2.40", "innings": "45.1", "games": 8, "doublePlays": 0, "triplePlays": 0, "throwingErrors": 0}, "team": {"id": 119, "name": "Los Angeles Dodgers", "link": "/api/v1/teams/119"}, "player": {"id": 110236, "fullName": "Garret Anderson", "link": "/api/v1/people/110236"}, "league": {"id": 104, "name": "National League", "link": "/api/v1/league/104"}, "sport": {"id": 1, "link": "/api/v1/sports/1", "abbreviation": "MLB"}, "gameType": "R", "position": {"code": "9", "name": "Outfielder", "type": "Outfielder", "abbreviation": "RF"}}]}], "mlbDebutDate": "1994-07-27", "batSide": {"code": "L", "description": "Left"}, "pitchHand": {"code": "L", "description": "Left"}, "nameFirstLast": "Garret Anderson", "nameSlug": "garret-anderson-110236", "firstLastName": "Garret Anderson", "lastFirstName": "Anderson, Garret", "lastInitName": "Anderson, G", "initLastName": "G Anderson", "fullFMLName": "Garret Joseph Anderson", "fullLFMName": "Anderson, Garret Joseph", "strikeZoneTop": 3.49, "strikeZoneBottom": 1.601}