{"id": 110443, "fullName": "Bill Bailey", "link": "/api/v1/people/110443", "firstName": "Harry", "lastName": "Bailey", "birthDate": "1881-11-19", "currentAge": 85, "birthCity": "Shawnee", "birthStateProvince": "OH", "birthCountry": "USA", "height": "5' 10\"", "weight": 170, "active": false, "primaryPosition": {"code": "O", "name": "Outfield", "type": "Outfielder", "abbreviation": "OF"}, "useName": "Bill", "useLastName": "Bailey", "middleName": "Lewis", "boxscoreName": "Bailey", "gender": "M", "isPlayer": true, "isVerified": true, "deathDate": "1967-10-27", "deathCity": "Seattle", "deathStateProvince": "WA", "deathCountry": "USA", "lastPlayedDate": "1911-05-27", "stats": [{"type": {"displayName": "career"}, "group": {"displayName": "hitting"}, "exemptions": [], "splits": [{"stat": {"gamesPlayed": 5, "runs": 1, "doubles": 0, "triples": 0, "homeRuns": 0, "baseOnBalls": 0, "hits": 1, "hitByPitch": 0, "avg": ".111", "atBats": 9, "obp": ".111", "slg": ".111", "ops": ".222", "stolenBases": 0, "plateAppearances": 9, "totalBases": 1, "rbi": 0, "sacBunts": 0, "atBatsPerHomeRun": "-.--"}, "team": {"id": 147, "name": "New York Yankees", "link": "/api/v1/teams/147"}, "player": {"id": 110443, "fullName": "Bill Bailey", "link": "/api/v1/people/110443"}, "league": {"id": 103, "name": "American League", "link": "/api/v1/league/103"}, "sport": {"id": 1, "link": "/api/v1/sports/1", "abbreviation": "MLB"}, "gameType": "R"}]}, {"type": {"displayName": "career"}, "group": {"displayName": "fielding"}, "exemptions": [], "splits": [{"stat": {"gamesPlayed": 1, "gamesStarted": 1, "assists": 3, "putOuts": 0, "errors": 0, "chances": 3, "fielding": "1.000", "position": {"code": "5", "name": "Third Base", "type": "Infielder", "abbreviation": "3B"}, "rangeFactorPerGame": "3.00", "rangeFactorPer9Inn": "3.38", "innings": "8.0", "games": 1, "doublePlays": 0, "triplePlays": 0}, "team": {"id": 147, "name": "New York Yankees", "link": "/api/v1/teams/147"}, "player": {"id": 110443, "fullName": "Bill Bailey", "link": "/api/v1/people/110443"}, "league": {"id": 103, "name": "American League", "link": "/api/v1/league/103"}, "sport": {"id": 1, "link": "/api/v1/sports/1", "abbreviation": "MLB"}, "gameType": "R", "position": {"code": "5", "name": "Third Base", "type": "Infielder", "abbreviation": "3B"}}, {"stat": {"gamesPlayed": 1, "gamesStarted": 0, "assists": 0, "putOuts": 0, "errors": 0, "chances": 0, "fielding": ".000", "position": {"code": "7", "name": "Outfielder", "type": "Outfielder", "abbreviation": "LF"}, "rangeFactorPerGame": "0.00", "games": 1, "doublePlays": 0, "triplePlays": 0}, "team": {"id": 147, "name": "New York Yankees", "link": "/api/v1/teams/147"}, "player": {"id": 110443, "fullName": "Bill Bailey", "link": "/api/v1/people/110443"}, "league": {"id": 103, "name": "American League", "link": "/api/v1/league/103"}, "sport": {"id": 1, "link": "/api/v1/sports/1", "abbreviation": "MLB"}, "gameType": "R", "position": {"code": "7", "name": "Outfielder", "type": "Outfielder", "abbreviation": "LF"}}, {"stat": {"gamesPlayed": 1, "gamesStarted": 0, "assists": 0, "putOuts": 0, "errors": 0, "chances": 0, "fielding": ".000", "position": {"code": "9", "name": "Outfielder", "type": "Outfielder", "abbreviation": "RF"}, "rangeFactorPerGame": "0.00", "rangeFactorPer9Inn": "0.00", "innings": "6.0", "games": 1, "doublePlays": 0, "triplePlays": 0}, "team": {"id": 147, "name": "New York Yankees", "link": "/api/v1/teams/147"}, "player": {"id": 110443, "fullName": "Bill Bailey", "link": "/api/v1/people/110443"}, "league": {"id": 103, "name": "American League", "link": "/api/v1/league/103"}, "sport": {"id": 1, "link": "/api/v1/sports/1", "abbreviation": "MLB"}, "gameType": "R", "position": {"code": "9", "name": "Outfielder", "type": "Outfielder", "abbreviation": "RF"}}]}, {"type": {"displayName": "yearByYear"}, "group": {"displayName": "hitting"}, "exemptions": [], "splits": [{"season": "1911", "stat": {"gamesPlayed": 5, "runs": 1, "doubles": 0, "triples": 0, "homeRuns": 0, "baseOnBalls": 0, "hits": 1, "hitByPitch": 0, "avg": ".111", "atBats": 9, "obp": ".111", "slg": ".111", "ops": ".222", "stolenBases": 0, "plateAppearances": 9, "totalBases": 1, "rbi": 0, "sacBunts": 0, "atBatsPerHomeRun": "-.--"}, "team": {"id": 147, "name": "New York Highlanders", "link": "/api/v1/teams/147"}, "player": {"id": 110443, "fullName": "Bill Bailey", "link": "/api/v1/people/110443"}, "league": {"id": 103, "name": "American League", "link": "/api/v1/league/103"}, "sport": {"id": 1, "link": "/api/v1/sports/1", "abbreviation": "MLB"}, "gameType": "R"}]}, {"type": {"displayName": "yearByYear"}, "group": {"displayName": "fielding"}, "exemptions": [], "splits": [{"season": "1911", "stat": {"gamesPlayed": 1, "gamesStarted": 1, "assists": 3, "putOuts": 0, "errors": 0, "chances": 3, "fielding": "1.000", "position": {"code": "5", "name": "Third Base", "type": "Infielder", "abbreviation": "3B"}, "rangeFactorPerGame": "3.00", "rangeFactorPer9Inn": "3.38", "innings": "8.0", "games": 1, "doublePlays": 0, "triplePlays": 0}, "team": {"id": 147, "name": "New York Highlanders", "link": "/api/v1/teams/147"}, "player": {"id": 110443, "fullName": "Bill Bailey", "link": "/api/v1/people/110443"}, "league": {"id": 103, "name": "American League", "link": "/api/v1/league/103"}, "sport": {"id": 1, "link": "/api/v1/sports/1", "abbreviation": "MLB"}, "gameType": "R", "position": {"code": "5", "name": "Third Base", "type": "Infielder", "abbreviation": "3B"}}, {"season": "1911", "stat": {"gamesPlayed": 1, "gamesStarted": 0, "assists": 0, "putOuts": 0, "errors": 0, "chances": 0, "fielding": ".000", "position": {"code": "7", "name": "Outfielder", "type": "Outfielder", "abbreviation": "LF"}, "rangeFactorPerGame": "0.00", "games": 1, "doublePlays": 0, "triplePlays": 0}, "team": {"id": 147, "name": "New York Highlanders", "link": "/api/v1/teams/147"}, "player": {"id": 110443, "fullName": "Bill Bailey", "link": "/api/v1/people/110443"}, "league": {"id": 103, "name": "American League", "link": "/api/v1/league/103"}, "sport": {"id": 1, "link": "/api/v1/sports/1", "abbreviation": "MLB"}, "gameType": "R", "position": {"code": "7", "name": "Outfielder", "type": "Outfielder", "abbreviation": "LF"}}, {"season": "1911", "stat": {"gamesPlayed": 1, "gamesStarted": 0, "assists": 0, "putOuts": 0, "errors": 0, "chances": 0, "fielding": ".000", "position": {"code": "9", "name": "Outfielder", "type": "Outfielder", "abbreviation": "RF"}, "rangeFactorPerGame": "0.00", "rangeFactorPer9Inn": "0.00", "innings": "6.0", "games": 1, "doublePlays": 0, "triplePlays": 0}, "team": {"id": 147, "name": "New York Highlanders", "link": "/api/v1/teams/147"}, "player": {"id": 110443, "fullName": "Bill Bailey", "link": "/api/v1/people/110443"}, "league": {"id": 103, "name": "American League", "link": "/api/v1/league/103"}, "sport": {"id": 1, "link": "/api/v1/sports/1", "abbreviation": "MLB"}, "gameType": "R", "position": {"code": "9", "name": "Outfielder", "type": "Outfielder", "abbreviation": "RF"}}]}], "mlbDebutDate": "1911-04-21", "batSide": {"code": "L", "description": "Left"}, "pitchHand": {"code": "R", "description": "Right"}, "nameFirstLast": "Bill Bailey", "nameSlug": "bill-bailey-110443", "firstLastName": "Bill Bailey", "lastFirstName": "Bailey, Bill", "lastInitName": "Bailey, B", "initLastName": "B Bailey", "fullFMLName": "Harry Lewis Bailey", "fullLFMName": "Bailey, Harry Lewis", "strikeZoneTop": 3.301, "strikeZoneBottom": 1.504}