{"id": 110160, "fullName": "Bob Allen", "link": "/api/v1/people/110160", "firstName": "Robert", "lastName": "Allen", "birthDate": "1867-07-10", "currentAge": 75, "birthCity": "Marion", "birthStateProvince": "OH", "birthCountry": "USA", "height": "5' 11\"", "weight": 175, "active": false, "primaryPosition": {"code": "6", "name": "Shortstop", "type": "Infielder", "abbreviation": "SS"}, "useName": "Bob", "useLastName": "Allen", "middleName": "Gilman", "boxscoreName": "Allen", "gender": "M", "isPlayer": true, "isVerified": true, "deathDate": "1943-05-14", "deathCity": "Little Rock", "deathStateProvince": "AR", "deathCountry": "USA", "stats": [{"type": {"displayName": "career"}, "group": {"displayName": "hitting"}, "exemptions": [], "splits": [{"stat": {"gamesPlayed": 606, "runs": 337, "doubles": 77, "triples": 44, "homeRuns": 14, "strikeOuts": 209, "baseOnBalls": 297, "hits": 532, "hitByPitch": 13, "avg": ".241", "atBats": 2211, "obp": ".334", "slg": ".334", "ops": ".668", "stolenBases": 53, "plateAppearances": 2527, "totalBases": 739, "rbi": 306, "sacBunts": 6, "babip": ".261", "atBatsPerHomeRun": "157.93"}, "player": {"id": 110160, "fullName": "Bob Allen", "link": "/api/v1/people/110160"}, "sport": {"id": 1, "link": "/api/v1/sports/1", "abbreviation": "MLB"}, "gameType": "R", "numTeams": 3}]}, {"type": {"displayName": "career"}, "group": {"displayName": "fielding"}, "exemptions": [], "splits": [{"stat": {"gamesPlayed": 604, "assists": 2169, "putOuts": 1399, "errors": 330, "chances": 3898, "fielding": ".915", "position": {"code": "6", "name": "Shortstop", "type": "Infielder", "abbreviation": "SS"}, "rangeFactorPerGame": "5.91", "games": 604, "doublePlays": 278, "triplePlays": 2}, "player": {"id": 110160, "fullName": "Bob Allen", "link": "/api/v1/people/110160"}, "sport": {"id": 1, "link": "/api/v1/sports/1", "abbreviation": "MLB"}, "gameType": "R", "numTeams": 3, "position": {"code": "6", "name": "Shortstop", "type": "Infielder", "abbreviation": "SS"}}, {"stat": {"gamesPlayed": 1, "assists": 2, "putOuts": 3, "errors": 0, "chances": 5, "fielding": "1.000", "position": {"code": "4", "name": "Second Base", "type": "Infielder", "abbreviation": "2B"}, "rangeFactorPerGame": "5.00", "games": 1, "doublePlays": 0, "triplePlays": 0}, "team": {"id": 144, "name": "Atlanta Braves", "link": "/api/v1/teams/144"}, "player": {"id": 110160, "fullName": "Bob Allen", "link": "/api/v1/people/110160"}, "league": {"id": 104, "name": "National League", "link": "/api/v1/league/104"}, "sport": {"id": 1, "link": "/api/v1/sports/1", "abbreviation": "MLB"}, "gameType": "R", "position": {"code": "4", "name": "Second Base", "type": "Infielder", "abbreviation": "2B"}}]}, {"type": {"displayName": "yearByYear"}, "group": {"displayName": "hitting"}, "exemptions": [], "splits": [{"season": "1890", "stat": {"gamesPlayed": 133, "runs": 69, "doubles": 15, "triples": 11, "homeRuns": 2, "strikeOuts": 54, "baseOnBalls": 87, "hits": 103, "hitByPitch": 5, "avg": ".226", "atBats": 456, "obp": ".356", "slg": ".320", "ops": ".676", "stolenBases": 13, "plateAppearances": 548, "totalBases": 146, "rbi": 57, "babip": ".253", "atBatsPerHomeRun": "228.00"}, "team": {"id": 143, "name": "Philadelphia Phillies", "link": "/api/v1/teams/143"}, "player": {"id": 110160, "fullName": "Bob Allen", "link": "/api/v1/people/110160"}, "league": {"id": 104, "name": "National League", "link": "/api/v1/league/104"}, "sport": {"id": 1, "link": "/api/v1/sports/1", "abbreviation": "MLB"}, "gameType": "R"}, {"season": "1891", "stat": {"gamesPlayed": 118, "runs": 46, "doubles": 7, "triples": 4, "homeRuns": 1, "strikeOuts": 44, "baseOnBalls": 43, "hits": 97, "hitByPitch": 0, "avg": ".221", "atBats": 438, "obp": ".291", "slg": ".263", "ops": ".554", "stolenBases": 12, "plateAppearances": 481, "totalBases": 115, "rbi": 51, "babip": ".244", "atBatsPerHomeRun": "438.00"}, "team": {"id": 143, "name": "Philadelphia Phillies", "link": "/api/v1/teams/143"}, "player": {"id": 110160, "fullName": "Bob Allen", "link": "/api/v1/people/110160"}, "league": {"id": 104, "name": "National League", "link": "/api/v1/league/104"}, "sport": {"id": 1, "link": "/api/v1/sports/1", "abbreviation": "MLB"}, "gameType": "R"}, {"season": "1892", "stat": {"gamesPlayed": 152, "runs": 77, "doubles": 20, "triples": 14, "homeRuns": 2, "strikeOuts": 60, "baseOnBalls": 61, "hits": 128, "hitByPitch": 1, "avg": ".227", "atBats": 563, "obp": ".304", "slg": ".323", "ops": ".627", "stolenBases": 15, "plateAppearances": 625, "totalBases": 182, "rbi": 64, "babip": ".251", "atBatsPerHomeRun": "281.50"}, "team": {"id": 143, "name": "Philadelphia Phillies", "link": "/api/v1/teams/143"}, "player": {"id": 110160, "fullName": "Bob Allen", "link": "/api/v1/people/110160"}, "league": {"id": 104, "name": "National League", "link": "/api/v1/league/104"}, "sport": {"id": 1, "link": "/api/v1/sports/1", "abbreviation": "MLB"}, "gameType": "R"}, {"season": "1893", "stat": {"gamesPlayed": 124, "runs": 86, "doubles": 19, "triples": 12, "homeRuns": 8, "strikeOuts": 40, "baseOnBalls": 71, "hits": 126, "hitByPitch": 5, "avg": ".268", "atBats": 471, "obp": ".369", "slg": ".410", "ops": ".779", "stolenBases": 8, "plateAppearances": 547, "totalBases": 193, "rbi": 90, "babip": ".279", "atBatsPerHomeRun": "58.88"}, "team": {"id": 143, "name": "Philadelphia Phillies", "link": "/api/v1/teams/143"}, "player": {"id": 110160, "fullName": "Bob Allen", "link": "/api/v1/people/110160"}, "league": {"id": 104, "name": "National League", "link": "/api/v1/league/104"}, "sport": {"id": 1, "link": "/api/v1/sports/1", "abbreviation": "MLB"}, "gameType": "R"}, {"season": "1894", "stat": {"gamesPlayed": 40, "runs": 26, "doubles": 10, "triples": 3, "homeRuns": 0, "strikeOuts": 11, "baseOnBalls": 17, "hits": 38, "hitByPitch": 1, "avg": ".255", "atBats": 149, "obp": ".335", "slg": ".362", "ops": ".697", "stolenBases": 4, "plateAppearances": 170, "totalBases": 54, "rbi": 19, "sacBunts": 3, "babip": ".275", "atBatsPerHomeRun": "-.--"}, "team": {"id": 143, "name": "Philadelphia Phillies", "link": "/api/v1/teams/143"}, "player": {"id": 110160, "fullName": "Bob Allen", "link": "/api/v1/people/110160"}, "league": {"id": 104, "name": "National League", "link": "/api/v1/league/104"}, "sport": {"id": 1, "link": "/api/v1/sports/1", "abbreviation": "MLB"}, "gameType": "R"}, {"season": "1897", "stat": {"gamesPlayed": 34, "runs": 33, "doubles": 5, "triples": 0, "homeRuns": 1, "baseOnBalls": 18, "hits": 38, "hitByPitch": 0, "avg": ".319", "atBats": 119, "obp": ".409", "slg": ".387", "ops": ".796", "stolenBases": 1, "plateAppearances": 140, "totalBases": 46, "rbi": 24, "sacBunts": 3, "atBatsPerHomeRun": "119.00"}, "team": {"id": 144, "name": "Boston Beaneaters", "link": "/api/v1/teams/144"}, "player": {"id": 110160, "fullName": "Bob Allen", "link": "/api/v1/people/110160"}, "league": {"id": 104, "name": "National League", "link": "/api/v1/league/104"}, "sport": {"id": 1, "link": "/api/v1/sports/1", "abbreviation": "MLB"}, "gameType": "R"}, {"season": "1900", "stat": {"gamesPlayed": 5, "runs": 0, "doubles": 1, "triples": 0, "homeRuns": 0, "baseOnBalls": 0, "hits": 2, "hitByPitch": 1, "avg": ".133", "atBats": 15, "obp": ".188", "slg": ".200", "ops": ".388", "stolenBases": 0, "plateAppearances": 16, "totalBases": 3, "rbi": 1, "sacBunts": 0, "atBatsPerHomeRun": "-.--"}, "team": {"id": 113, "name": "Cincinnati Reds", "link": "/api/v1/teams/113"}, "player": {"id": 110160, "fullName": "Bob Allen", "link": "/api/v1/people/110160"}, "league": {"id": 104, "name": "National League", "link": "/api/v1/league/104"}, "sport": {"id": 1, "link": "/api/v1/sports/1", "abbreviation": "MLB"}, "gameType": "R"}]}, {"type": {"displayName": "yearByYear"}, "group": {"displayName": "fielding"}, "exemptions": [], "splits": [{"season": "1890", "stat": {"gamesPlayed": 133, "assists": 500, "putOuts": 337, "errors": 69, "chances": 906, "fielding": ".924", "position": {"code": "6", "name": "Shortstop", "type": "Infielder", "abbreviation": "SS"}, "rangeFactorPerGame": "6.29", "games": 133, "doublePlays": 68, "triplePlays": 1}, "team": {"id": 143, "name": "Philadelphia Phillies", "link": "/api/v1/teams/143"}, "player": {"id": 110160, "fullName": "Bob Allen", "link": "/api/v1/people/110160"}, "league": {"id": 104, "name": "National League", "link": "/api/v1/league/104"}, "sport": {"id": 1, "link": "/api/v1/sports/1", "abbreviation": "MLB"}, "gameType": "R", "position": {"code": "6", "name": "Shortstop", "type": "Infielder", "abbreviation": "SS"}}, {"season": "1891", "stat": {"gamesPlayed": 118, "assists": 426, "putOuts": 258, "errors": 79, "chances": 763, "fielding": ".896", "position": {"code": "6", "name": "Shortstop", "type": "Infielder", "abbreviation": "SS"}, "rangeFactorPerGame": "5.80", "games": 118, "doublePlays": 50, "triplePlays": 1}, "team": {"id": 143, "name": "Philadelphia Phillies", "link": "/api/v1/teams/143"}, "player": {"id": 110160, "fullName": "Bob Allen", "link": "/api/v1/people/110160"}, "league": {"id": 104, "name": "National League", "link": "/api/v1/league/104"}, "sport": {"id": 1, "link": "/api/v1/sports/1", "abbreviation": "MLB"}, "gameType": "R", "position": {"code": "6", "name": "Shortstop", "type": "Infielder", "abbreviation": "SS"}}, {"season": "1892", "stat": {"gamesPlayed": 152, "assists": 537, "putOuts": 331, "errors": 77, "chances": 945, "fielding": ".919", "position": {"code": "6", "name": "Shortstop", "type": "Infielder", "abbreviation": "SS"}, "rangeFactorPerGame": "5.71", "games": 152, "doublePlays": 67, "triplePlays": 0}, "team": {"id": 143, "name": "Philadelphia Phillies", "link": "/api/v1/teams/143"}, "player": {"id": 110160, "fullName": "Bob Allen", "link": "/api/v1/people/110160"}, "league": {"id": 104, "name": "National League", "link": "/api/v1/league/104"}, "sport": {"id": 1, "link": "/api/v1/sports/1", "abbreviation": "MLB"}, "gameType": "R", "position": {"code": "6", "name": "Shortstop", "type": "Infielder", "abbreviation": "SS"}}, {"season": "1893", "stat": {"gamesPlayed": 124, "assists": 447, "putOuts": 302, "errors": 66, "chances": 815, "fielding": ".919", "position": {"code": "6", "name": "Shortstop", "type": "Infielder", "abbreviation": "SS"}, "rangeFactorPerGame": "6.04", "games": 124, "doublePlays": 65, "triplePlays": 0}, "team": {"id": 143, "name": "Philadelphia Phillies", "link": "/api/v1/teams/143"}, "player": {"id": 110160, "fullName": "Bob Allen", "link": "/api/v1/people/110160"}, "league": {"id": 104, "name": "National League", "link": "/api/v1/league/104"}, "sport": {"id": 1, "link": "/api/v1/sports/1", "abbreviation": "MLB"}, "gameType": "R", "position": {"code": "6", "name": "Shortstop", "type": "Infielder", "abbreviation": "SS"}}, {"season": "1894", "stat": {"gamesPlayed": 40, "assists": 129, "putOuts": 87, "errors": 20, "chances": 236, "fielding": ".915", "position": {"code": "6", "name": "Shortstop", "type": "Infielder", "abbreviation": "SS"}, "rangeFactorPerGame": "5.40", "games": 40, "doublePlays": 15, "triplePlays": 0}, "team": {"id": 143, "name": "Philadelphia Phillies", "link": "/api/v1/teams/143"}, "player": {"id": 110160, "fullName": "Bob Allen", "link": "/api/v1/people/110160"}, "league": {"id": 104, "name": "National League", "link": "/api/v1/league/104"}, "sport": {"id": 1, "link": "/api/v1/sports/1", "abbreviation": "MLB"}, "gameType": "R", "position": {"code": "6", "name": "Shortstop", "type": "Infielder", "abbreviation": "SS"}}, {"season": "1897", "stat": {"gamesPlayed": 1, "assists": 2, "putOuts": 3, "errors": 0, "chances": 5, "fielding": "1.000", "position": {"code": "4", "name": "Second Base", "type": "Infielder", "abbreviation": "2B"}, "rangeFactorPerGame": "5.00", "games": 1, "doublePlays": 0, "triplePlays": 0}, "team": {"id": 144, "name": "Boston Beaneaters", "link": "/api/v1/teams/144"}, "player": {"id": 110160, "fullName": "Bob Allen", "link": "/api/v1/people/110160"}, "league": {"id": 104, "name": "National League", "link": "/api/v1/league/104"}, "sport": {"id": 1, "link": "/api/v1/sports/1", "abbreviation": "MLB"}, "gameType": "R", "position": {"code": "4", "name": "Second Base", "type": "Infielder", "abbreviation": "2B"}}, {"season": "1897", "stat": {"gamesPlayed": 32, "assists": 117, "putOuts": 78, "errors": 16, "chances": 211, "fielding": ".924", "position": {"code": "6", "name": "Shortstop", "type": "Infielder", "abbreviation": "SS"}, "rangeFactorPerGame": "6.09", "games": 32, "doublePlays": 12, "triplePlays": 0}, "team": {"id": 144, "name": "Boston Beaneaters", "link": "/api/v1/teams/144"}, "player": {"id": 110160, "fullName": "Bob Allen", "link": "/api/v1/people/110160"}, "league": {"id": 104, "name": "National League", "link": "/api/v1/league/104"}, "sport": {"id": 1, "link": "/api/v1/sports/1", "abbreviation": "MLB"}, "gameType": "R", "position": {"code": "6", "name": "Shortstop", "type": "Infielder", "abbreviation": "SS"}}, {"season": "1900", "stat": {"gamesPlayed": 5, "assists": 13, "putOuts": 6, "errors": 3, "chances": 22, "fielding": ".864", "position": {"code": "6", "name": "Shortstop", "type": "Infielder", "abbreviation": "SS"}, "rangeFactorPerGame": "3.80", "games": 5, "doublePlays": 1, "triplePlays": 0}, "team": {"id": 113, "name": "Cincinnati Reds", "link": "/api/v1/teams/113"}, "player": {"id": 110160, "fullName": "Bob Allen", "link": "/api/v1/people/110160"}, "league": {"id": 104, "name": "National League", "link": "/api/v1/league/104"}, "sport": {"id": 1, "link": "/api/v1/sports/1", "abbreviation": "MLB"}, "gameType": "R", "position": {"code": "6", "name": "Shortstop", "type": "Infielder", "abbreviation": "SS"}}]}], "mlbDebutDate": "1890-04-19", "batSide": {"code": "R", "description": "Right"}, "pitchHand": {"code": "R", "description": "Right"}, "nameFirstLast": "Bob Allen", "nameSlug": "bob-allen-110160", "firstLastName": "Bob Allen", "lastFirstName": "Allen, Bob", "lastInitName": "Allen, B", "initLastName": "B Allen", "fullFMLName": "Robert Gilman Allen", "fullLFMName": "Allen, Robert Gilman", "strikeZoneTop": 3.319, "strikeZoneBottom": 1.513}