{"id": 110418, "fullName": "Les Backman", "link": "/api/v1/people/110418", "firstName": "Lester", "lastName": "Backman", "birthDate": "1888-03-20", "currentAge": 87, "birthCity": "Cleves", "birthStateProvince": "OH", "birthCountry": "USA", "height": "6' 0\"", "weight": 195, "active": false, "primaryPosition": {"code": "1", "name": "Pitcher", "type": "Pitcher", "abbreviation": "P"}, "useName": "Les", "useLastName": "Backman", "middleName": "John", "boxscoreName": "Backman", "gender": "M", "isPlayer": true, "isVerified": true, "deathDate": "1975-11-08", "deathCity": "Cincinnati", "deathStateProvince": "OH", "deathCountry": "USA", "lastPlayedDate": "1910-08-28", "stats": [{"type": {"displayName": "career"}, "group": {"displayName": "pitching"}, "exemptions": [], "splits": [{"stat": {"gamesPlayed": 47, "gamesStarted": 26, "runs": 124, "homeRuns": 5, "strikeOuts": 76, "baseOnBalls": 92, "hits": 263, "hitByPitch": 5, "avg": ".284", "atBats": 926, "obp": ".352", "era": "3.61", "inningsPitched": "244.1", "wins": 9, "losses": 18, "saves": 2, "earnedRuns": 98, "whip": "1.45", "battersFaced": 1023, "outs": 733, "gamesPitched": 47, "completeGames": 12, "shutouts": 0, "hitBatsmen": 5, "balks": 0, "wildPitches": 7, "winPercentage": ".333", "gamesFinished": 17, "strikeoutWalkRatio": "0.83", "strikeoutsPer9Inn": "2.80", "walksPer9Inn": "3.39", "hitsPer9Inn": "9.69", "runsScoredPer9": "4.57", "homeRunsPer9": "0.18"}, "team": {"id": 138, "name": "St. Louis Cardinals", "link": "/api/v1/teams/138"}, "player": {"id": 110418, "fullName": "Les Backman", "link": "/api/v1/people/110418"}, "league": {"id": 104, "name": "National League", "link": "/api/v1/league/104"}, "sport": {"id": 1, "link": "/api/v1/sports/1", "abbreviation": "MLB"}, "gameType": "R"}]}, {"type": {"displayName": "career"}, "group": {"displayName": "hitting"}, "exemptions": [], "splits": [{"stat": {"gamesPlayed": 47, "runs": 3, "doubles": 1, "triples": 1, "homeRuns": 0, "strikeOuts": 12, "baseOnBalls": 8, "hits": 8, "hitByPitch": 2, "avg": ".108", "atBats": 74, "obp": ".214", "slg": ".149", "ops": ".363", "stolenBases": 0, "plateAppearances": 85, "totalBases": 11, "rbi": 5, "sacBunts": 1, "babip": ".129", "atBatsPerHomeRun": "-.--"}, "team": {"id": 138, "name": "St. Louis Cardinals", "link": "/api/v1/teams/138"}, "player": {"id": 110418, "fullName": "Les Backman", "link": "/api/v1/people/110418"}, "league": {"id": 104, "name": "National League", "link": "/api/v1/league/104"}, "sport": {"id": 1, "link": "/api/v1/sports/1", "abbreviation": "MLB"}, "gameType": "R"}]}, {"type": {"displayName": "career"}, "group": {"displayName": "fielding"}, "exemptions": [], "splits": [{"stat": {"gamesPlayed": 47, "gamesStarted": 26, "assists": 66, "putOuts": 7, "errors": 4, "chances": 77, "fielding": ".948", "position": {"code": "1", "name": "Pitcher", "type": "Pitcher", "abbreviation": "P"}, "rangeFactorPerGame": "1.55", "rangeFactorPer9Inn": "2.70", "innings": "243.0", "games": 47, "doublePlays": 1, "triplePlays": 0}, "team": {"id": 138, "name": "St. Louis Cardinals", "link": "/api/v1/teams/138"}, "player": {"id": 110418, "fullName": "Les Backman", "link": "/api/v1/people/110418"}, "league": {"id": 104, "name": "National League", "link": "/api/v1/league/104"}, "sport": {"id": 1, "link": "/api/v1/sports/1", "abbreviation": "MLB"}, "gameType": "R", "position": {"code": "1", "name": "Pitcher", "type": "Pitcher", "abbreviation": "P"}}]}, {"type": {"displayName": "yearByYear"}, "group": {"displayName": "pitching"}, "exemptions": [], "splits": [{"season": "1909", "stat": {"gamesPlayed": 21, "gamesStarted": 15, "runs": 69, "homeRuns": 1, "strikeOuts": 35, "baseOnBalls": 39, "hits": 146, "hitByPitch": 3, "avg": ".302", "atBats": 484, "obp": ".357", "era": "4.14", "inningsPitched": "128.1", "wins": 3, "losses": 11, "saves": 0, "earnedRuns": 59, "whip": "1.44", "battersFaced": 526, "outs": 385, "gamesPitched": 21, "completeGames": 8, "shutouts": 0, "hitBatsmen": 3, "balks": 0, "wildPitches": 4, "winPercentage": ".214", "gamesFinished": 6, "strikeoutWalkRatio": "0.90", "strikeoutsPer9Inn": "2.45", "walksPer9Inn": "2.74", "hitsPer9Inn": "10.24", "runsScoredPer9": "4.84", "homeRunsPer9": "0.07"}, "team": {"id": 138, "name": "St. Louis Cardinals", "link": "/api/v1/teams/138"}, "player": {"id": 110418, "fullName": "Les Backman", "link": "/api/v1/people/110418"}, "league": {"id": 104, "name": "National League", "link": "/api/v1/league/104"}, "sport": {"id": 1, "link": "/api/v1/sports/1", "abbreviation": "MLB"}, "gameType": "R"}, {"season": "1910", "stat": {"gamesPlayed": 26, "gamesStarted": 11, "runs": 55, "homeRuns": 4, "strikeOuts": 41, "baseOnBalls": 53, "hits": 117, "hitByPitch": 2, "avg": ".265", "atBats": 442, "obp": ".346", "era": "3.03", "inningsPitched": "116.0", "wins": 6, "losses": 7, "saves": 2, "earnedRuns": 39, "whip": "1.47", "battersFaced": 497, "outs": 348, "gamesPitched": 26, "completeGames": 4, "shutouts": 0, "hitBatsmen": 2, "balks": 0, "wildPitches": 3, "winPercentage": ".462", "gamesFinished": 11, "strikeoutWalkRatio": "0.77", "strikeoutsPer9Inn": "3.18", "walksPer9Inn": "4.11", "hitsPer9Inn": "9.08", "runsScoredPer9": "4.27", "homeRunsPer9": "0.31"}, "team": {"id": 138, "name": "St. Louis Cardinals", "link": "/api/v1/teams/138"}, "player": {"id": 110418, "fullName": "Les Backman", "link": "/api/v1/people/110418"}, "league": {"id": 104, "name": "National League", "link": "/api/v1/league/104"}, "sport": {"id": 1, "link": "/api/v1/sports/1", "abbreviation": "MLB"}, "gameType": "R"}]}, {"type": {"displayName": "yearByYear"}, "group": {"displayName": "hitting"}, "exemptions": [], "splits": [{"season": "1909", "stat": {"gamesPlayed": 21, "runs": 1, "doubles": 0, "triples": 0, "homeRuns": 0, "baseOnBalls": 4, "hits": 4, "hitByPitch": 0, "avg": ".103", "atBats": 39, "obp": ".186", "slg": ".103", "ops": ".289", "stolenBases": 0, "plateAppearances": 44, "totalBases": 4, "rbi": 2, "sacBunts": 1, "atBatsPerHomeRun": "-.--"}, "team": {"id": 138, "name": "St. Louis Cardinals", "link": "/api/v1/teams/138"}, "player": {"id": 110418, "fullName": "Les Backman", "link": "/api/v1/people/110418"}, "league": {"id": 104, "name": "National League", "link": "/api/v1/league/104"}, "sport": {"id": 1, "link": "/api/v1/sports/1", "abbreviation": "MLB"}, "gameType": "R"}, {"season": "1910", "stat": {"gamesPlayed": 26, "runs": 2, "doubles": 1, "triples": 1, "homeRuns": 0, "strikeOuts": 12, "baseOnBalls": 4, "hits": 4, "hitByPitch": 2, "avg": ".114", "atBats": 35, "obp": ".244", "slg": ".200", "ops": ".444", "stolenBases": 0, "plateAppearances": 41, "totalBases": 7, "rbi": 3, "sacBunts": 0, "babip": ".174", "atBatsPerHomeRun": "-.--"}, "team": {"id": 138, "name": "St. Louis Cardinals", "link": "/api/v1/teams/138"}, "player": {"id": 110418, "fullName": "Les Backman", "link": "/api/v1/people/110418"}, "league": {"id": 104, "name": "National League", "link": "/api/v1/league/104"}, "sport": {"id": 1, "link": "/api/v1/sports/1", "abbreviation": "MLB"}, "gameType": "R"}]}, {"type": {"displayName": "yearByYear"}, "group": {"displayName": "fielding"}, "exemptions": [], "splits": [{"season": "1909", "stat": {"gamesPlayed": 21, "gamesStarted": 15, "assists": 36, "putOuts": 2, "errors": 1, "chances": 39, "fielding": ".974", "position": {"code": "1", "name": "Pitcher", "type": "Pitcher", "abbreviation": "P"}, "rangeFactorPerGame": "1.81", "rangeFactorPer9Inn": "2.69", "innings": "127.0", "games": 21, "doublePlays": 0, "triplePlays": 0}, "team": {"id": 138, "name": "St. Louis Cardinals", "link": "/api/v1/teams/138"}, "player": {"id": 110418, "fullName": "Les Backman", "link": "/api/v1/people/110418"}, "league": {"id": 104, "name": "National League", "link": "/api/v1/league/104"}, "sport": {"id": 1, "link": "/api/v1/sports/1", "abbreviation": "MLB"}, "gameType": "R", "position": {"code": "1", "name": "Pitcher", "type": "Pitcher", "abbreviation": "P"}}, {"season": "1910", "stat": {"gamesPlayed": 26, "gamesStarted": 11, "assists": 30, "putOuts": 5, "errors": 3, "chances": 38, "fielding": ".921", "position": {"code": "1", "name": "Pitcher", "type": "Pitcher", "abbreviation": "P"}, "rangeFactorPerGame": "1.35", "rangeFactorPer9Inn": "2.72", "innings": "116.0", "games": 26, "doublePlays": 1, "triplePlays": 0}, "team": {"id": 138, "name": "St. Louis Cardinals", "link": "/api/v1/teams/138"}, "player": {"id": 110418, "fullName": "Les Backman", "link": "/api/v1/people/110418"}, "league": {"id": 104, "name": "National League", "link": "/api/v1/league/104"}, "sport": {"id": 1, "link": "/api/v1/sports/1", "abbreviation": "MLB"}, "gameType": "R", "position": {"code": "1", "name": "Pitcher", "type": "Pitcher", "abbreviation": "P"}}]}], "mlbDebutDate": "1909-07-03", "batSide": {"code": "R", "description": "Right"}, "pitchHand": {"code": "R", "description": "Right"}, "nameFirstLast": "Les Backman", "nameSlug": "les-backman-110418", "firstLastName": "Les Backman", "lastFirstName": "Backman, Les", "lastInitName": "Backman, L", "initLastName": "L Backman", "fullFMLName": "Lester John Backman", "fullLFMName": "Backman, Lester John", "strikeZoneTop": 3.371, "strikeZoneBottom": 1.535}