{"id": 110473, "fullName": "Frank Baker", "link": "/api/v1/people/110473", "firstName": "Frank", "lastName": "Baker", "primaryNumber": "21", "birthDate": "1944-01-11", "currentAge": 66, "birthCity": "Bartow", "birthStateProvince": "FL", "birthCountry": "USA", "height": "5' 10\"", "weight": 180, "active": false, "primaryPosition": {"code": "7", "name": "Outfielder", "type": "Outfielder", "abbreviation": "LF"}, "useName": "Frank", "useLastName": "Baker", "boxscoreName": "Baker", "gender": "M", "isPlayer": true, "isVerified": true, "deathDate": "2010-01-28", "deathCity": "Raleigh", "deathStateProvince": "NC", "deathCountry": "USA", "lastPlayedDate": "1971-09-29", "stats": [{"type": {"displayName": "career"}, "group": {"displayName": "hitting"}, "exemptions": [], "splits": [{"stat": {"gamesPlayed": 125, "runs": 39, "doubles": 17, "triples": 4, "homeRuns": 4, "strikeOuts": 68, "baseOnBalls": 26, "intentionalWalks": 3, "hits": 82, "hitByPitch": 2, "avg": ".232", "atBats": 353, "obp": ".286", "slg": ".337", "ops": ".623", "caughtStealing": 4, "stolenBases": 3, "stolenBasePercentage": ".429", "groundIntoDoublePlay": 8, "plateAppearances": 384, "totalBases": 119, "rbi": 38, "sacBunts": 0, "sacFlies": 3, "babip": ".275", "atBatsPerHomeRun": "88.25"}, "team": {"id": 114, "name": "Cleveland Guardians", "link": "/api/v1/teams/114"}, "player": {"id": 110473, "fullName": "Frank Baker", "link": "/api/v1/people/110473"}, "league": {"id": 103, "name": "American League", "link": "/api/v1/league/103"}, "sport": {"id": 1, "link": "/api/v1/sports/1", "abbreviation": "MLB"}, "gameType": "R"}]}, {"type": {"displayName": "career"}, "group": {"displayName": "fielding"}, "exemptions": [], "splits": [{"stat": {"gamesPlayed": 62, "gamesStarted": 57, "assists": 6, "putOuts": 97, "errors": 4, "chances": 107, "fielding": ".963", "position": {"code": "7", "name": "Outfielder", "type": "Outfielder", "abbreviation": "LF"}, "rangeFactorPerGame": "1.66", "rangeFactorPer9Inn": "1.88", "innings": "493.1", "games": 62, "doublePlays": 0, "triplePlays": 0, "throwingErrors": 0}, "team": {"id": 114, "name": "Cleveland Guardians", "link": "/api/v1/teams/114"}, "player": {"id": 110473, "fullName": "Frank Baker", "link": "/api/v1/people/110473"}, "league": {"id": 103, "name": "American League", "link": "/api/v1/league/103"}, "sport": {"id": 1, "link": "/api/v1/sports/1", "abbreviation": "MLB"}, "gameType": "R", "position": {"code": "7", "name": "Outfielder", "type": "Outfielder", "abbreviation": "LF"}}, {"stat": {"gamesPlayed": 7, "gamesStarted": 3, "assists": 0, "putOuts": 12, "errors": 1, "chances": 13, "fielding": ".923", "position": {"code": "8", "name": "Outfielder", "type": "Outfielder", "abbreviation": "CF"}, "rangeFactorPerGame": "1.71", "rangeFactorPer9Inn": "2.63", "innings": "41.0", "games": 7, "doublePlays": 0, "triplePlays": 0, "throwingErrors": 0}, "team": {"id": 114, "name": "Cleveland Guardians", "link": "/api/v1/teams/114"}, "player": {"id": 110473, "fullName": "Frank Baker", "link": "/api/v1/people/110473"}, "league": {"id": 103, "name": "American League", "link": "/api/v1/league/103"}, "sport": {"id": 1, "link": "/api/v1/sports/1", "abbreviation": "MLB"}, "gameType": "R", "position": {"code": "8", "name": "Outfielder", "type": "Outfielder", "abbreviation": "CF"}}, {"stat": {"gamesPlayed": 30, "gamesStarted": 27, "assists": 1, "putOuts": 34, "errors": 0, "chances": 35, "fielding": "1.000", "position": {"code": "9", "name": "Outfielder", "type": "Outfielder", "abbreviation": "RF"}, "rangeFactorPerGame": "1.17", "rangeFactorPer9Inn": "1.40", "innings": "225.0", "games": 30, "doublePlays": 1, "triplePlays": 0, "throwingErrors": 0}, "team": {"id": 114, "name": "Cleveland Guardians", "link": "/api/v1/teams/114"}, "player": {"id": 110473, "fullName": "Frank Baker", "link": "/api/v1/people/110473"}, "league": {"id": 103, "name": "American League", "link": "/api/v1/league/103"}, "sport": {"id": 1, "link": "/api/v1/sports/1", "abbreviation": "MLB"}, "gameType": "R", "position": {"code": "9", "name": "Outfielder", "type": "Outfielder", "abbreviation": "RF"}}]}, {"type": {"displayName": "yearByYear"}, "group": {"displayName": "hitting"}, "exemptions": [], "splits": [{"season": "1969", "stat": {"gamesPlayed": 52, "runs": 21, "doubles": 5, "triples": 3, "homeRuns": 3, "strikeOuts": 34, "baseOnBalls": 14, "intentionalWalks": 0, "hits": 44, "hitByPitch": 1, "avg": ".256", "atBats": 172, "obp": ".312", "slg": ".372", "ops": ".684", "caughtStealing": 1, "stolenBases": 2, "stolenBasePercentage": ".667", "groundIntoDoublePlay": 4, "plateAppearances": 189, "totalBases": 64, "rbi": 15, "sacBunts": 0, "sacFlies": 2, "babip": ".299", "atBatsPerHomeRun": "57.33"}, "team": {"id": 114, "name": "Cleveland Indians", "link": "/api/v1/teams/114"}, "player": {"id": 110473, "fullName": "Frank Baker", "link": "/api/v1/people/110473"}, "league": {"id": 103, "name": "American League", "link": "/api/v1/league/103"}, "sport": {"id": 1, "link": "/api/v1/sports/1", "abbreviation": "MLB"}, "gameType": "R"}, {"season": "1971", "stat": {"gamesPlayed": 73, "runs": 18, "doubles": 12, "triples": 1, "homeRuns": 1, "strikeOuts": 34, "baseOnBalls": 12, "intentionalWalks": 3, "hits": 38, "hitByPitch": 1, "avg": ".210", "atBats": 181, "obp": ".262", "slg": ".304", "ops": ".566", "caughtStealing": 3, "stolenBases": 1, "stolenBasePercentage": ".250", "groundIntoDoublePlay": 4, "plateAppearances": 195, "totalBases": 55, "rbi": 23, "sacBunts": 0, "sacFlies": 1, "babip": ".252", "atBatsPerHomeRun": "181.00"}, "team": {"id": 114, "name": "Cleveland Indians", "link": "/api/v1/teams/114"}, "player": {"id": 110473, "fullName": "Frank Baker", "link": "/api/v1/people/110473"}, "league": {"id": 103, "name": "American League", "link": "/api/v1/league/103"}, "sport": {"id": 1, "link": "/api/v1/sports/1", "abbreviation": "MLB"}, "gameType": "R"}]}, {"type": {"displayName": "yearByYear"}, "group": {"displayName": "fielding"}, "exemptions": [], "splits": [{"season": "1969", "stat": {"gamesPlayed": 46, "gamesStarted": 44, "assists": 5, "putOuts": 74, "errors": 4, "chances": 83, "fielding": ".952", "position": {"code": "7", "name": "Outfielder", "type": "Outfielder", "abbreviation": "LF"}, "rangeFactorPerGame": "1.72", "rangeFactorPer9Inn": "1.90", "innings": "374.1", "games": 46, "doublePlays": 0, "triplePlays": 0, "throwingErrors": 0}, "team": {"id": 114, "name": "Cleveland Indians", "link": "/api/v1/teams/114"}, "player": {"id": 110473, "fullName": "Frank Baker", "link": "/api/v1/people/110473"}, "league": {"id": 103, "name": "American League", "link": "/api/v1/league/103"}, "sport": {"id": 1, "link": "/api/v1/sports/1", "abbreviation": "MLB"}, "gameType": "R", "position": {"code": "7", "name": "Outfielder", "type": "Outfielder", "abbreviation": "LF"}}, {"season": "1969", "stat": {"gamesPlayed": 1, "gamesStarted": 0, "assists": 0, "putOuts": 0, "errors": 0, "chances": 0, "fielding": ".000", "position": {"code": "8", "name": "Outfielder", "type": "Outfielder", "abbreviation": "CF"}, "rangeFactorPerGame": "0.00", "rangeFactorPer9Inn": "0.00", "innings": "2.0", "games": 1, "doublePlays": 0, "triplePlays": 0, "throwingErrors": 0}, "team": {"id": 114, "name": "Cleveland Indians", "link": "/api/v1/teams/114"}, "player": {"id": 110473, "fullName": "Frank Baker", "link": "/api/v1/people/110473"}, "league": {"id": 103, "name": "American League", "link": "/api/v1/league/103"}, "sport": {"id": 1, "link": "/api/v1/sports/1", "abbreviation": "MLB"}, "gameType": "R", "position": {"code": "8", "name": "Outfielder", "type": "Outfielder", "abbreviation": "CF"}}, {"season": "1971", "stat": {"gamesPlayed": 16, "gamesStarted": 13, "assists": 1, "putOuts": 23, "errors": 0, "chances": 24, "fielding": "1.000", "position": {"code": "7", "name": "Outfielder", "type": "Outfielder", "abbreviation": "LF"}, "rangeFactorPerGame": "1.50", "rangeFactorPer9Inn": "1.82", "innings": "119.0", "games": 16, "doublePlays": 0, "triplePlays": 0, "throwingErrors": 0}, "team": {"id": 114, "name": "Cleveland Indians", "link": "/api/v1/teams/114"}, "player": {"id": 110473, "fullName": "Frank Baker", "link": "/api/v1/people/110473"}, "league": {"id": 103, "name": "American League", "link": "/api/v1/league/103"}, "sport": {"id": 1, "link": "/api/v1/sports/1", "abbreviation": "MLB"}, "gameType": "R", "position": {"code": "7", "name": "Outfielder", "type": "Outfielder", "abbreviation": "LF"}}, {"season": "1971", "stat": {"gamesPlayed": 6, "gamesStarted": 3, "assists": 0, "putOuts": 12, "errors": 1, "chances": 13, "fielding": ".923", "position": {"code": "8", "name": "Outfielder", "type": "Outfielder", "abbreviation": "CF"}, "rangeFactorPerGame": "2.00", "rangeFactorPer9Inn": "2.77", "innings": "39.0", "games": 6, "doublePlays": 0, "triplePlays": 0, "throwingErrors": 0}, "team": {"id": 114, "name": "Cleveland Indians", "link": "/api/v1/teams/114"}, "player": {"id": 110473, "fullName": "Frank Baker", "link": "/api/v1/people/110473"}, "league": {"id": 103, "name": "American League", "link": "/api/v1/league/103"}, "sport": {"id": 1, "link": "/api/v1/sports/1", "abbreviation": "MLB"}, "gameType": "R", "position": {"code": "8", "name": "Outfielder", "type": "Outfielder", "abbreviation": "CF"}}, {"season": "1971", "stat": {"gamesPlayed": 30, "gamesStarted": 27, "assists": 1, "putOuts": 34, "errors": 0, "chances": 35, "fielding": "1.000", "position": {"code": "9", "name": "Outfielder", "type": "Outfielder", "abbreviation": "RF"}, "rangeFactorPerGame": "1.17", "rangeFactorPer9Inn": "1.40", "innings": "225.0", "games": 30, "doublePlays": 1, "triplePlays": 0, "throwingErrors": 0}, "team": {"id": 114, "name": "Cleveland Indians", "link": "/api/v1/teams/114"}, "player": {"id": 110473, "fullName": "Frank Baker", "link": "/api/v1/people/110473"}, "league": {"id": 103, "name": "American League", "link": "/api/v1/league/103"}, "sport": {"id": 1, "link": "/api/v1/sports/1", "abbreviation": "MLB"}, "gameType": "R", "position": {"code": "9", "name": "Outfielder", "type": "Outfielder", "abbreviation": "RF"}}]}], "mlbDebutDate": "1969-07-27", "batSide": {"code": "L", "description": "Left"}, "pitchHand": {"code": "R", "description": "Right"}, "nameFirstLast": "Frank Baker", "nameSlug": "frank-baker-110473", "firstLastName": "Frank Baker", "lastFirstName": "Baker, Frank", "lastInitName": "Baker, F", "initLastName": "F Baker", "fullFMLName": "Frank Baker", "fullLFMName": "Baker, Frank", "strikeZoneTop": 3.301, "strikeZoneBottom": 1.504}