{"id": 110445, "fullName": "Howard Bailey", "link": "/api/v1/people/110445", "firstName": "Howard", "lastName": "Bailey", "primaryNumber": "60", "birthDate": "1957-07-31", "currentAge": 66, "birthCity": "Grand Haven", "birthStateProvince": "MI", "birthCountry": "USA", "height": "6' 0\"", "weight": 195, "active": false, "primaryPosition": {"code": "1", "name": "Pitcher", "type": "Pitcher", "abbreviation": "P"}, "useName": "Howard", "useLastName": "Bailey", "middleName": "Lee", "boxscoreName": "Bailey", "gender": "M", "isPlayer": true, "isVerified": true, "lastPlayedDate": "1983-10-01", "stats": [{"type": {"displayName": "career"}, "group": {"displayName": "pitching"}, "exemptions": [], "splits": [{"stat": {"gamesPlayed": 50, "gamesStarted": 8, "groundOuts": 47, "airOuts": 30, "runs": 76, "doubles": 16, "triples": 2, "homeRuns": 15, "strikeOuts": 41, "baseOnBalls": 40, "intentionalWalks": 6, "hits": 120, "hitByPitch": 5, "avg": ".267", "atBats": 450, "obp": ".331", "slg": ".411", "ops": ".742", "caughtStealing": 5, "stolenBases": 5, "stolenBasePercentage": ".500", "groundIntoDoublePlay": 12, "numberOfPitches": 706, "era": "5.23", "inningsPitched": "118.2", "wins": 6, "losses": 9, "saves": 1, "saveOpportunities": 1, "holds": 0, "blownSaves": 0, "earnedRuns": 69, "whip": "1.35", "battersFaced": 504, "outs": 356, "gamesPitched": 50, "completeGames": 0, "shutouts": 0, "strikes": 541, "strikePercentage": ".770", "hitBatsmen": 5, "balks": 0, "wildPitches": 4, "pickoffs": 3, "totalBases": 185, "groundOutsToAirouts": "1.57", "winPercentage": ".400", "pitchesPerInning": "5.95", "gamesFinished": 22, "strikeoutWalkRatio": "1.03", "strikeoutsPer9Inn": "3.11", "walksPer9Inn": "3.03", "hitsPer9Inn": "9.10", "runsScoredPer9": "5.76", "homeRunsPer9": "1.14", "inheritedRunners": 30, "inheritedRunnersScored": 12, "catchersInterference": 0, "sacBunts": 5, "sacFlies": 4}, "team": {"id": 116, "name": "Detroit Tigers", "link": "/api/v1/teams/116"}, "player": {"id": 110445, "fullName": "Howard Bailey", "link": "/api/v1/people/110445"}, "league": {"id": 103, "name": "American League", "link": "/api/v1/league/103"}, "sport": {"id": 1, "link": "/api/v1/sports/1", "abbreviation": "MLB"}, "gameType": "R"}]}, {"type": {"displayName": "career"}, "group": {"displayName": "fielding"}, "exemptions": [], "splits": [{"stat": {"gamesPlayed": 50, "gamesStarted": 8, "assists": 23, "putOuts": 12, "errors": 3, "chances": 38, "fielding": ".921", "position": {"code": "1", "name": "Pitcher", "type": "Pitcher", "abbreviation": "P"}, "rangeFactorPerGame": "0.70", "rangeFactorPer9Inn": "2.67", "innings": "118.2", "games": 50, "doublePlays": 1, "triplePlays": 0, "throwingErrors": 0}, "team": {"id": 116, "name": "Detroit Tigers", "link": "/api/v1/teams/116"}, "player": {"id": 110445, "fullName": "Howard Bailey", "link": "/api/v1/people/110445"}, "league": {"id": 103, "name": "American League", "link": "/api/v1/league/103"}, "sport": {"id": 1, "link": "/api/v1/sports/1", "abbreviation": "MLB"}, "gameType": "R", "position": {"code": "1", "name": "Pitcher", "type": "Pitcher", "abbreviation": "P"}}]}, {"type": {"displayName": "yearByYear"}, "group": {"displayName": "pitching"}, "exemptions": [], "splits": [{"season": "1981", "stat": {"gamesPlayed": 9, "gamesStarted": 5, "groundOuts": 8, "airOuts": 11, "runs": 31, "doubles": 4, "triples": 1, "homeRuns": 4, "strikeOuts": 17, "baseOnBalls": 13, "intentionalWalks": 2, "hits": 45, "hitByPitch": 3, "avg": ".308", "atBats": 146, "obp": ".372", "slg": ".432", "ops": ".804", "caughtStealing": 3, "stolenBases": 3, "stolenBasePercentage": ".500", "groundIntoDoublePlay": 1, "numberOfPitches": 238, "era": "7.36", "inningsPitched": "36.2", "wins": 1, "losses": 4, "saves": 0, "saveOpportunities": 0, "holds": 0, "blownSaves": 0, "earnedRuns": 30, "whip": "1.58", "battersFaced": 165, "outs": 110, "gamesPitched": 9, "completeGames": 0, "shutouts": 0, "strikes": 183, "strikePercentage": ".770", "hitBatsmen": 3, "balks": 0, "wildPitches": 3, "pickoffs": 2, "totalBases": 63, "groundOutsToAirouts": "0.73", "winPercentage": ".200", "pitchesPerInning": "6.49", "gamesFinished": 2, "strikeoutWalkRatio": "1.31", "strikeoutsPer9Inn": "4.17", "walksPer9Inn": "3.19", "hitsPer9Inn": "11.05", "runsScoredPer9": "7.61", "homeRunsPer9": "0.98", "inheritedRunners": 1, "inheritedRunnersScored": 1, "catchersInterference": 0, "sacBunts": 1, "sacFlies": 2}, "team": {"id": 116, "name": "Detroit Tigers", "link": "/api/v1/teams/116"}, "player": {"id": 110445, "fullName": "Howard Bailey", "link": "/api/v1/people/110445"}, "league": {"id": 103, "name": "American League", "link": "/api/v1/league/103"}, "sport": {"id": 1, "link": "/api/v1/sports/1", "abbreviation": "MLB"}, "gameType": "R"}, {"season": "1982", "stat": {"gamesPlayed": 8, "gamesStarted": 0, "groundOuts": 7, "airOuts": 3, "runs": 0, "doubles": 0, "triples": 0, "homeRuns": 0, "strikeOuts": 3, "baseOnBalls": 2, "intentionalWalks": 1, "hits": 6, "hitByPitch": 0, "avg": ".182", "atBats": 33, "obp": ".222", "slg": ".182", "ops": ".404", "caughtStealing": 0, "stolenBases": 0, "stolenBasePercentage": ".---", "groundIntoDoublePlay": 1, "numberOfPitches": 49, "era": "0.00", "inningsPitched": "10.0", "wins": 0, "losses": 0, "saves": 1, "saveOpportunities": 1, "holds": 0, "blownSaves": 0, "earnedRuns": 0, "whip": "0.80", "battersFaced": 37, "outs": 30, "gamesPitched": 8, "completeGames": 0, "shutouts": 0, "strikes": 41, "strikePercentage": ".840", "hitBatsmen": 0, "balks": 0, "wildPitches": 0, "pickoffs": 0, "totalBases": 6, "groundOutsToAirouts": "2.33", "winPercentage": ".---", "pitchesPerInning": "4.90", "gamesFinished": 5, "strikeoutWalkRatio": "1.50", "strikeoutsPer9Inn": "2.70", "walksPer9Inn": "1.80", "hitsPer9Inn": "5.40", "runsScoredPer9": "0.00", "homeRunsPer9": "0.00", "inheritedRunners": 7, "inheritedRunnersScored": 3, "catchersInterference": 0, "sacBunts": 1, "sacFlies": 1}, "team": {"id": 116, "name": "Detroit Tigers", "link": "/api/v1/teams/116"}, "player": {"id": 110445, "fullName": "Howard Bailey", "link": "/api/v1/people/110445"}, "league": {"id": 103, "name": "American League", "link": "/api/v1/league/103"}, "sport": {"id": 1, "link": "/api/v1/sports/1", "abbreviation": "MLB"}, "gameType": "R"}, {"season": "1983", "stat": {"gamesPlayed": 33, "gamesStarted": 3, "groundOuts": 32, "airOuts": 16, "runs": 45, "doubles": 12, "triples": 1, "homeRuns": 11, "strikeOuts": 21, "baseOnBalls": 25, "intentionalWalks": 3, "hits": 69, "hitByPitch": 2, "avg": ".255", "atBats": 271, "obp": ".321", "slg": ".428", "ops": ".749", "caughtStealing": 2, "stolenBases": 2, "stolenBasePercentage": ".500", "groundIntoDoublePlay": 10, "numberOfPitches": 419, "era": "4.88", "inningsPitched": "72.0", "wins": 5, "losses": 5, "saves": 0, "saveOpportunities": 0, "holds": 0, "blownSaves": 0, "earnedRuns": 39, "whip": "1.31", "battersFaced": 302, "outs": 216, "gamesPitched": 33, "completeGames": 0, "shutouts": 0, "strikes": 317, "strikePercentage": ".760", "hitBatsmen": 2, "balks": 0, "wildPitches": 1, "pickoffs": 1, "totalBases": 116, "groundOutsToAirouts": "2.00", "winPercentage": ".500", "pitchesPerInning": "5.82", "gamesFinished": 15, "strikeoutWalkRatio": "0.84", "strikeoutsPer9Inn": "2.63", "walksPer9Inn": "3.13", "hitsPer9Inn": "8.63", "runsScoredPer9": "5.63", "homeRunsPer9": "1.38", "inheritedRunners": 22, "inheritedRunnersScored": 8, "catchersInterference": 0, "sacBunts": 3, "sacFlies": 1}, "team": {"id": 116, "name": "Detroit Tigers", "link": "/api/v1/teams/116"}, "player": {"id": 110445, "fullName": "Howard Bailey", "link": "/api/v1/people/110445"}, "league": {"id": 103, "name": "American League", "link": "/api/v1/league/103"}, "sport": {"id": 1, "link": "/api/v1/sports/1", "abbreviation": "MLB"}, "gameType": "R"}]}, {"type": {"displayName": "yearByYear"}, "group": {"displayName": "fielding"}, "exemptions": [], "splits": [{"season": "1981", "stat": {"gamesPlayed": 9, "gamesStarted": 5, "assists": 11, "putOuts": 2, "errors": 0, "chances": 13, "fielding": "1.000", "position": {"code": "1", "name": "Pitcher", "type": "Pitcher", "abbreviation": "P"}, "rangeFactorPerGame": "1.44", "rangeFactorPer9Inn": "3.25", "innings": "36.2", "games": 9, "doublePlays": 0, "triplePlays": 0, "throwingErrors": 0}, "team": {"id": 116, "name": "Detroit Tigers", "link": "/api/v1/teams/116"}, "player": {"id": 110445, "fullName": "Howard Bailey", "link": "/api/v1/people/110445"}, "league": {"id": 103, "name": "American League", "link": "/api/v1/league/103"}, "sport": {"id": 1, "link": "/api/v1/sports/1", "abbreviation": "MLB"}, "gameType": "R", "position": {"code": "1", "name": "Pitcher", "type": "Pitcher", "abbreviation": "P"}}, {"season": "1982", "stat": {"gamesPlayed": 8, "gamesStarted": 0, "assists": 2, "putOuts": 1, "errors": 0, "chances": 3, "fielding": "1.000", "position": {"code": "1", "name": "Pitcher", "type": "Pitcher", "abbreviation": "P"}, "rangeFactorPerGame": "0.38", "rangeFactorPer9Inn": "2.70", "innings": "10.0", "games": 8, "doublePlays": 0, "triplePlays": 0, "throwingErrors": 0}, "team": {"id": 116, "name": "Detroit Tigers", "link": "/api/v1/teams/116"}, "player": {"id": 110445, "fullName": "Howard Bailey", "link": "/api/v1/people/110445"}, "league": {"id": 103, "name": "American League", "link": "/api/v1/league/103"}, "sport": {"id": 1, "link": "/api/v1/sports/1", "abbreviation": "MLB"}, "gameType": "R", "position": {"code": "1", "name": "Pitcher", "type": "Pitcher", "abbreviation": "P"}}, {"season": "1983", "stat": {"gamesPlayed": 33, "gamesStarted": 3, "assists": 10, "putOuts": 9, "errors": 3, "chances": 22, "fielding": ".864", "position": {"code": "1", "name": "Pitcher", "type": "Pitcher", "abbreviation": "P"}, "rangeFactorPerGame": "0.58", "rangeFactorPer9Inn": "2.38", "innings": "72.0", "games": 33, "doublePlays": 1, "triplePlays": 0, "throwingErrors": 0}, "team": {"id": 116, "name": "Detroit Tigers", "link": "/api/v1/teams/116"}, "player": {"id": 110445, "fullName": "Howard Bailey", "link": "/api/v1/people/110445"}, "league": {"id": 103, "name": "American League", "link": "/api/v1/league/103"}, "sport": {"id": 1, "link": "/api/v1/sports/1", "abbreviation": "MLB"}, "gameType": "R", "position": {"code": "1", "name": "Pitcher", "type": "Pitcher", "abbreviation": "P"}}]}], "mlbDebutDate": "1981-04-12", "batSide": {"code": "R", "description": "Right"}, "pitchHand": {"code": "L", "description": "Left"}, "nameFirstLast": "Howard Bailey", "nameSlug": "howard-bailey-110445", "firstLastName": "Howard Bailey", "lastFirstName": "Bailey, Howard", "lastInitName": "Bailey, H", "initLastName": "H Bailey", "fullFMLName": "Howard Lee Bailey", "fullLFMName": "Bailey, Howard Lee", "strikeZoneTop": 3.371, "strikeZoneBottom": 1.535}