{"id": 110293, "fullName": "Kevin Appier", "link": "/api/v1/people/110293", "firstName": "Robert", "lastName": "Appier", "primaryNumber": "55", "birthDate": "1967-12-06", "currentAge": 55, "birthCity": "Lancaster", "birthStateProvince": "CA", "birthCountry": "USA", "height": "6' 2\"", "weight": 220, "active": false, "primaryPosition": {"code": "1", "name": "Pitcher", "type": "Pitcher", "abbreviation": "P"}, "useName": "Kevin", "useLastName": "Appier", "middleName": "Kevin", "boxscoreName": "Appier", "nickName": "Ape", "gender": "M", "isPlayer": true, "isVerified": true, "draftYear": 1987, "lastPlayedDate": "2004-04-23", "stats": [{"type": {"displayName": "career"}, "group": {"displayName": "hitting"}, "exemptions": [], "splits": [{"stat": {"gamesPlayed": 414, "groundOuts": 34, "airOuts": 7, "runs": 4, "doubles": 0, "triples": 0, "homeRuns": 0, "strikeOuts": 39, "baseOnBalls": 1, "intentionalWalks": 0, "hits": 8, "hitByPitch": 1, "avg": ".096", "atBats": 83, "obp": ".118", "slg": ".096", "ops": ".214", "caughtStealing": 0, "stolenBases": 0, "stolenBasePercentage": ".---", "groundIntoDoublePlay": 0, "numberOfPitches": 333, "plateAppearances": 90, "totalBases": 8, "rbi": 4, "leftOnBase": 52, "sacBunts": 5, "sacFlies": 0, "babip": ".182", "groundOutsToAirouts": "4.86", "catchersInterference": 0, "atBatsPerHomeRun": "-.--"}, "player": {"id": 110293, "fullName": "Kevin Appier", "link": "/api/v1/people/110293"}, "sport": {"id": 1, "link": "/api/v1/sports/1", "abbreviation": "MLB"}, "gameType": "R", "numTeams": 4}]}, {"type": {"displayName": "career"}, "group": {"displayName": "pitching"}, "exemptions": [], "splits": [{"stat": {"gamesPlayed": 414, "gamesStarted": 402, "groundOuts": 2599, "airOuts": 2911, "runs": 1168, "doubles": 477, "triples": 52, "homeRuns": 232, "strikeOuts": 1994, "baseOnBalls": 933, "intentionalWalks": 51, "hits": 2425, "hitByPitch": 79, "avg": ".247", "atBats": 9805, "obp": ".316", "slg": ".378", "ops": ".694", "caughtStealing": 97, "stolenBases": 178, "stolenBasePercentage": ".647", "groundIntoDoublePlay": 207, "numberOfPitches": 41553, "era": "3.74", "inningsPitched": "2595.1", "wins": 169, "losses": 137, "saves": 0, "saveOpportunities": 0, "holds": 0, "blownSaves": 0, "earnedRuns": 1078, "whip": "1.29", "battersFaced": 10958, "outs": 7786, "gamesPitched": 414, "completeGames": 34, "shutouts": 12, "strikes": 25801, "strikePercentage": ".620", "hitBatsmen": 79, "balks": 7, "wildPitches": 106, "pickoffs": 3, "totalBases": 3702, "groundOutsToAirouts": "0.89", "winPercentage": ".552", "pitchesPerInning": "16.01", "gamesFinished": 2, "strikeoutWalkRatio": "2.14", "strikeoutsPer9Inn": "6.91", "walksPer9Inn": "3.24", "hitsPer9Inn": "8.41", "runsScoredPer9": "4.05", "homeRunsPer9": "0.80", "inheritedRunners": 13, "inheritedRunnersScored": 4, "catchersInterference": 2, "sacBunts": 67, "sacFlies": 72}, "player": {"id": 110293, "fullName": "Kevin Appier", "link": "/api/v1/people/110293"}, "sport": {"id": 1, "link": "/api/v1/sports/1", "abbreviation": "MLB"}, "gameType": "R", "numTeams": 4}]}, {"type": {"displayName": "career"}, "group": {"displayName": "fielding"}, "exemptions": [], "splits": [{"stat": {"gamesPlayed": 414, "gamesStarted": 402, "assists": 223, "putOuts": 201, "errors": 12, "chances": 436, "fielding": ".972", "position": {"code": "1", "name": "Pitcher", "type": "Pitcher", "abbreviation": "P"}, "rangeFactorPerGame": "1.02", "rangeFactorPer9Inn": "1.47", "innings": "2595.1", "games": 414, "doublePlays": 24, "triplePlays": 0, "throwingErrors": 8}, "player": {"id": 110293, "fullName": "Kevin Appier", "link": "/api/v1/people/110293"}, "sport": {"id": 1, "link": "/api/v1/sports/1", "abbreviation": "MLB"}, "gameType": "R", "numTeams": 4, "position": {"code": "1", "name": "Pitcher", "type": "Pitcher", "abbreviation": "P"}}]}, {"type": {"displayName": "yearByYear"}, "group": {"displayName": "hitting"}, "exemptions": [], "splits": [{"season": "1997", "stat": {"gamesPlayed": 34, "groundOuts": 1, "airOuts": 0, "runs": 0, "doubles": 0, "triples": 0, "homeRuns": 0, "strikeOuts": 5, "baseOnBalls": 0, "intentionalWalks": 0, "hits": 0, "hitByPitch": 0, "avg": ".000", "atBats": 6, "obp": ".000", "slg": ".000", "ops": ".000", "caughtStealing": 0, "stolenBases": 0, "stolenBasePercentage": ".---", "groundIntoDoublePlay": 0, "numberOfPitches": 23, "plateAppearances": 6, "totalBases": 0, "rbi": 0, "leftOnBase": 5, "sacBunts": 0, "sacFlies": 0, "babip": ".000", "groundOutsToAirouts": "1.00", "catchersInterference": 0, "atBatsPerHomeRun": "-.--"}, "team": {"id": 118, "name": "Kansas City Royals", "link": "/api/v1/teams/118"}, "player": {"id": 110293, "fullName": "Kevin Appier", "link": "/api/v1/people/110293"}, "league": {"id": 103, "name": "American League", "link": "/api/v1/league/103"}, "sport": {"id": 1, "link": "/api/v1/sports/1", "abbreviation": "MLB"}, "gameType": "R"}, {"season": "1999", "stat": {"gamesPlayed": 22, "groundOuts": 1, "airOuts": 0, "runs": 0, "doubles": 0, "triples": 0, "homeRuns": 0, "strikeOuts": 1, "baseOnBalls": 0, "intentionalWalks": 0, "hits": 0, "hitByPitch": 0, "avg": ".000", "atBats": 2, "obp": ".000", "slg": ".000", "ops": ".000", "caughtStealing": 0, "stolenBases": 0, "stolenBasePercentage": ".---", "groundIntoDoublePlay": 0, "numberOfPitches": 6, "plateAppearances": 2, "totalBases": 0, "rbi": 0, "leftOnBase": 0, "sacBunts": 0, "sacFlies": 0, "babip": ".000", "groundOutsToAirouts": "1.00", "catchersInterference": 0, "atBatsPerHomeRun": "-.--"}, "team": {"id": 118, "name": "Kansas City Royals", "link": "/api/v1/teams/118"}, "player": {"id": 110293, "fullName": "Kevin Appier", "link": "/api/v1/people/110293"}, "league": {"id": 103, "name": "American League", "link": "/api/v1/league/103"}, "sport": {"id": 1, "link": "/api/v1/sports/1", "abbreviation": "MLB"}, "gameType": "R"}, {"season": "2000", "stat": {"gamesPlayed": 31, "groundOuts": 2, "airOuts": 0, "runs": 0, "doubles": 0, "triples": 0, "homeRuns": 0, "strikeOuts": 3, "baseOnBalls": 0, "intentionalWalks": 0, "hits": 1, "hitByPitch": 0, "avg": ".167", "atBats": 6, "obp": ".167", "slg": ".167", "ops": ".334", "caughtStealing": 0, "stolenBases": 0, "stolenBasePercentage": ".---", "groundIntoDoublePlay": 0, "numberOfPitches": 31, "plateAppearances": 6, "totalBases": 1, "rbi": 0, "leftOnBase": 1, "sacBunts": 0, "sacFlies": 0, "babip": ".333", "groundOutsToAirouts": "2.00", "catchersInterference": 0, "atBatsPerHomeRun": "-.--"}, "team": {"id": 133, "name": "Oakland Athletics", "link": "/api/v1/teams/133"}, "player": {"id": 110293, "fullName": "Kevin Appier", "link": "/api/v1/people/110293"}, "league": {"id": 103, "name": "American League", "link": "/api/v1/league/103"}, "sport": {"id": 1, "link": "/api/v1/sports/1", "abbreviation": "MLB"}, "gameType": "R"}, {"season": "2001", "stat": {"gamesPlayed": 33, "groundOuts": 27, "airOuts": 7, "runs": 4, "doubles": 0, "triples": 0, "homeRuns": 0, "strikeOuts": 24, "baseOnBalls": 1, "intentionalWalks": 0, "hits": 7, "hitByPitch": 1, "avg": ".113", "atBats": 62, "obp": ".141", "slg": ".113", "ops": ".254", "caughtStealing": 0, "stolenBases": 0, "stolenBasePercentage": ".---", "groundIntoDoublePlay": 0, "numberOfPitches": 238, "plateAppearances": 67, "totalBases": 7, "rbi": 4, "leftOnBase": 35, "sacBunts": 3, "sacFlies": 0, "babip": ".184", "groundOutsToAirouts": "3.86", "catchersInterference": 0, "atBatsPerHomeRun": "-.--"}, "team": {"id": 121, "name": "New York Mets", "link": "/api/v1/teams/121"}, "player": {"id": 110293, "fullName": "Kevin Appier", "link": "/api/v1/people/110293"}, "league": {"id": 104, "name": "National League", "link": "/api/v1/league/104"}, "sport": {"id": 1, "link": "/api/v1/sports/1", "abbreviation": "MLB"}, "gameType": "R"}, {"season": "2002", "stat": {"gamesPlayed": 32, "groundOuts": 2, "airOuts": 0, "runs": 0, "doubles": 0, "triples": 0, "homeRuns": 0, "strikeOuts": 2, "baseOnBalls": 0, "intentionalWalks": 0, "hits": 0, "hitByPitch": 0, "avg": ".000", "atBats": 2, "obp": ".000", "slg": ".000", "ops": ".000", "caughtStealing": 0, "stolenBases": 0, "stolenBasePercentage": ".---", "groundIntoDoublePlay": 0, "numberOfPitches": 13, "plateAppearances": 4, "totalBases": 0, "rbi": 0, "leftOnBase": 3, "sacBunts": 2, "sacFlies": 0, "babip": ".---", "groundOutsToAirouts": "2.00", "catchersInterference": 0, "atBatsPerHomeRun": "-.--"}, "team": {"id": 108, "name": "Anaheim Angels", "link": "/api/v1/teams/108"}, "player": {"id": 110293, "fullName": "Kevin Appier", "link": "/api/v1/people/110293"}, "league": {"id": 103, "name": "American League", "link": "/api/v1/league/103"}, "sport": {"id": 1, "link": "/api/v1/sports/1", "abbreviation": "MLB"}, "gameType": "R"}, {"season": "2003", "stat": {"gamesPlayed": 19, "groundOuts": 1, "airOuts": 0, "runs": 0, "doubles": 0, "triples": 0, "homeRuns": 0, "strikeOuts": 4, "baseOnBalls": 0, "intentionalWalks": 0, "hits": 0, "hitByPitch": 0, "avg": ".000", "atBats": 5, "obp": ".000", "slg": ".000", "ops": ".000", "caughtStealing": 0, "stolenBases": 0, "stolenBasePercentage": ".---", "groundIntoDoublePlay": 0, "numberOfPitches": 22, "plateAppearances": 5, "totalBases": 0, "rbi": 0, "leftOnBase": 8, "sacBunts": 0, "sacFlies": 0, "babip": ".000", "groundOutsToAirouts": "1.00", "catchersInterference": 0, "atBatsPerHomeRun": "-.--"}, "team": {"id": 108, "name": "Anaheim Angels", "link": "/api/v1/teams/108"}, "player": {"id": 110293, "fullName": "Kevin Appier", "link": "/api/v1/people/110293"}, "league": {"id": 103, "name": "American League", "link": "/api/v1/league/103"}, "sport": {"id": 1, "link": "/api/v1/sports/1", "abbreviation": "MLB"}, "gameType": "R"}]}, {"type": {"displayName": "yearByYear"}, "group": {"displayName": "pitching"}, "exemptions": [], "splits": [{"season": "1989", "stat": {"gamesPlayed": 6, "gamesStarted": 5, "groundOuts": 16, "airOuts": 33, "runs": 22, "doubles": 5, "triples": 0, "homeRuns": 3, "strikeOuts": 10, "baseOnBalls": 12, "intentionalWalks": 1, "hits": 34, "hitByPitch": 0, "avg": ".374", "atBats": 91, "obp": ".434", "slg": ".527", "ops": ".961", "caughtStealing": 2, "stolenBases": 3, "stolenBasePercentage": ".600", "groundIntoDoublePlay": 3, "numberOfPitches": 378, "era": "9.14", "inningsPitched": "21.2", "wins": 1, "losses": 4, "saves": 0, "saveOpportunities": 0, "holds": 0, "blownSaves": 0, "earnedRuns": 22, "whip": "2.12", "battersFaced": 106, "outs": 65, "gamesPitched": 6, "completeGames": 0, "shutouts": 0, "strikes": 238, "strikePercentage": ".630", "hitBatsmen": 0, "balks": 0, "wildPitches": 0, "pickoffs": 0, "totalBases": 48, "groundOutsToAirouts": "0.48", "winPercentage": ".200", "pitchesPerInning": "17.45", "gamesFinished": 0, "strikeoutWalkRatio": "0.83", "strikeoutsPer9Inn": "4.15", "walksPer9Inn": "4.98", "hitsPer9Inn": "14.12", "runsScoredPer9": "9.14", "homeRunsPer9": "1.25", "inheritedRunners": 2, "inheritedRunnersScored": 0, "catchersInterference": 0, "sacBunts": 0, "sacFlies": 3}, "team": {"id": 118, "name": "Kansas City Royals", "link": "/api/v1/teams/118"}, "player": {"id": 110293, "fullName": "Kevin Appier", "link": "/api/v1/people/110293"}, "league": {"id": 103, "name": "American League", "link": "/api/v1/league/103"}, "sport": {"id": 1, "link": "/api/v1/sports/1", "abbreviation": "MLB"}, "gameType": "R"}, {"season": "1990", "stat": {"gamesPlayed": 32, "gamesStarted": 24, "groundOuts": 220, "airOuts": 197, "runs": 67, "doubles": 17, "triples": 1, "homeRuns": 13, "strikeOuts": 127, "baseOnBalls": 54, "intentionalWalks": 2, "hits": 179, "hitByPitch": 6, "avg": ".252", "atBats": 709, "obp": ".307", "slg": ".334", "ops": ".641", "caughtStealing": 1, "stolenBases": 13, "stolenBasePercentage": ".929", "groundIntoDoublePlay": 21, "numberOfPitches": 2795, "era": "2.76", "inningsPitched": "185.2", "wins": 12, "losses": 8, "saves": 0, "saveOpportunities": 0, "holds": 0, "blownSaves": 0, "earnedRuns": 57, "whip": "1.25", "battersFaced": 784, "outs": 557, "gamesPitched": 32, "completeGames": 3, "shutouts": 3, "strikes": 1771, "strikePercentage": ".630", "hitBatsmen": 6, "balks": 1, "wildPitches": 6, "pickoffs": 0, "totalBases": 237, "groundOutsToAirouts": "1.12", "winPercentage": ".600", "pitchesPerInning": "15.05", "gamesFinished": 1, "strikeoutWalkRatio": "2.35", "strikeoutsPer9Inn": "6.16", "walksPer9Inn": "2.62", "hitsPer9Inn": "8.68", "runsScoredPer9": "3.25", "homeRunsPer9": "0.63", "inheritedRunners": 9, "inheritedRunnersScored": 4, "catchersInterference": 1, "sacBunts": 5, "sacFlies": 9}, "team": {"id": 118, "name": "Kansas City Royals", "link": "/api/v1/teams/118"}, "player": {"id": 110293, "fullName": "Kevin Appier", "link": "/api/v1/people/110293"}, "league": {"id": 103, "name": "American League", "link": "/api/v1/league/103"}, "sport": {"id": 1, "link": "/api/v1/sports/1", "abbreviation": "MLB"}, "gameType": "R"}, {"season": "1991", "stat": {"gamesPlayed": 34, "gamesStarted": 31, "groundOuts": 221, "airOuts": 232, "runs": 97, "doubles": 41, "triples": 1, "homeRuns": 13, "strikeOuts": 158, "baseOnBalls": 61, "intentionalWalks": 3, "hits": 205, "hitByPitch": 2, "avg": ".255", "atBats": 803, "obp": ".307", "slg": ".357", "ops": ".664", "caughtStealing": 8, "stolenBases": 10, "stolenBasePercentage": ".556", "groundIntoDoublePlay": 12, "numberOfPitches": 3390, "era": "3.42", "inningsPitched": "207.2", "wins": 13, "losses": 10, "saves": 0, "saveOpportunities": 0, "holds": 0, "blownSaves": 0, "earnedRuns": 79, "whip": "1.28", "battersFaced": 881, "outs": 623, "gamesPitched": 34, "completeGames": 6, "shutouts": 3, "strikes": 2108, "strikePercentage": ".620", "hitBatsmen": 2, "balks": 1, "wildPitches": 7, "pickoffs": 0, "totalBases": 287, "groundOutsToAirouts": "0.95", "winPercentage": ".565", "pitchesPerInning": "16.32", "gamesFinished": 1, "strikeoutWalkRatio": "2.59", "strikeoutsPer9Inn": "6.85", "walksPer9Inn": "2.64", "hitsPer9Inn": "8.88", "runsScoredPer9": "4.20", "homeRunsPer9": "0.56", "inheritedRunners": 2, "inheritedRunnersScored": 0, "catchersInterference": 1, "sacBunts": 8, "sacFlies": 6}, "team": {"id": 118, "name": "Kansas City Royals", "link": "/api/v1/teams/118"}, "player": {"id": 110293, "fullName": "Kevin Appier", "link": "/api/v1/people/110293"}, "league": {"id": 103, "name": "American League", "link": "/api/v1/league/103"}, "sport": {"id": 1, "link": "/api/v1/sports/1", "abbreviation": "MLB"}, "gameType": "R"}, {"season": "1992", "stat": {"gamesPlayed": 30, "gamesStarted": 30, "groundOuts": 213, "airOuts": 251, "runs": 59, "doubles": 37, "triples": 6, "homeRuns": 10, "strikeOuts": 150, "baseOnBalls": 68, "intentionalWalks": 5, "hits": 167, "hitByPitch": 2, "avg": ".217", "atBats": 771, "obp": ".281", "slg": ".319", "ops": ".600", "caughtStealing": 9, "stolenBases": 18, "stolenBasePercentage": ".667", "groundIntoDoublePlay": 12, "numberOfPitches": 3213, "era": "2.46", "inningsPitched": "208.1", "wins": 15, "losses": 8, "saves": 0, "saveOpportunities": 0, "holds": 0, "blownSaves": 0, "earnedRuns": 57, "whip": "1.13", "battersFaced": 852, "outs": 625, "gamesPitched": 30, "completeGames": 3, "shutouts": 0, "strikes": 1977, "strikePercentage": ".620", "hitBatsmen": 2, "balks": 0, "wildPitches": 4, "pickoffs": 1, "totalBases": 246, "groundOutsToAirouts": "0.85", "winPercentage": ".652", "pitchesPerInning": "15.42", "gamesFinished": 0, "strikeoutWalkRatio": "2.21", "strikeoutsPer9Inn": "6.48", "walksPer9Inn": "2.94", "hitsPer9Inn": "7.21", "runsScoredPer9": "2.55", "homeRunsPer9": "0.43", "inheritedRunners": 0, "inheritedRunnersScored": 0, "catchersInterference": 0, "sacBunts": 8, "sacFlies": 3}, "team": {"id": 118, "name": "Kansas City Royals", "link": "/api/v1/teams/118"}, "player": {"id": 110293, "fullName": "Kevin Appier", "link": "/api/v1/people/110293"}, "league": {"id": 103, "name": "American League", "link": "/api/v1/league/103"}, "sport": {"id": 1, "link": "/api/v1/sports/1", "abbreviation": "MLB"}, "gameType": "R"}, {"season": "1993", "stat": {"gamesPlayed": 34, "gamesStarted": 34, "groundOuts": 247, "airOuts": 255, "runs": 74, "doubles": 39, "triples": 3, "homeRuns": 8, "strikeOuts": 186, "baseOnBalls": 81, "intentionalWalks": 3, "hits": 183, "hitByPitch": 1, "avg": ".212", "atBats": 863, "obp": ".279", "slg": ".292", "ops": ".571", "caughtStealing": 8, "stolenBases": 11, "stolenBasePercentage": ".579", "groundIntoDoublePlay": 18, "numberOfPitches": 3727, "era": "2.56", "inningsPitched": "238.2", "wins": 18, "losses": 8, "saves": 0, "saveOpportunities": 0, "holds": 0, "blownSaves": 0, "earnedRuns": 68, "whip": "1.11", "battersFaced": 953, "outs": 716, "gamesPitched": 34, "completeGames": 5, "shutouts": 1, "strikes": 2348, "strikePercentage": ".630", "hitBatsmen": 1, "balks": 0, "wildPitches": 5, "pickoffs": 0, "totalBases": 252, "groundOutsToAirouts": "0.97", "winPercentage": ".692", "pitchesPerInning": "15.62", "gamesFinished": 0, "strikeoutWalkRatio": "2.30", "strikeoutsPer9Inn": "7.01", "walksPer9Inn": "3.05", "hitsPer9Inn": "6.90", "runsScoredPer9": "2.79", "homeRunsPer9": "0.30", "inheritedRunners": 0, "inheritedRunnersScored": 0, "catchersInterference": 0, "sacBunts": 3, "sacFlies": 5}, "team": {"id": 118, "name": "Kansas City Royals", "link": "/api/v1/teams/118"}, "player": {"id": 110293, "fullName": "Kevin Appier", "link": "/api/v1/people/110293"}, "league": {"id": 103, "name": "American League", "link": "/api/v1/league/103"}, "sport": {"id": 1, "link": "/api/v1/sports/1", "abbreviation": "MLB"}, "gameType": "R"}, {"season": "1994", "stat": {"gamesPlayed": 23, "gamesStarted": 23, "groundOuts": 157, "airOuts": 147, "runs": 68, "doubles": 22, "triples": 6, "homeRuns": 11, "strikeOuts": 145, "baseOnBalls": 63, "intentionalWalks": 7, "hits": 137, "hitByPitch": 4, "avg": ".240", "atBats": 570, "obp": ".317", "slg": ".358", "ops": ".675", "caughtStealing": 6, "stolenBases": 14, "stolenBasePercentage": ".700", "groundIntoDoublePlay": 10, "numberOfPitches": 2555, "era": "3.83", "inningsPitched": "155.0", "wins": 7, "losses": 6, "saves": 0, "saveOpportunities": 0, "holds": 0, "blownSaves": 0, "earnedRuns": 66, "whip": "1.29", "battersFaced": 653, "outs": 465, "gamesPitched": 23, "completeGames": 1, "shutouts": 0, "strikes": 1586, "strikePercentage": ".620", "hitBatsmen": 4, "balks": 1, "wildPitches": 11, "pickoffs": 0, "totalBases": 204, "groundOutsToAirouts": "1.07", "winPercentage": ".538", "pitchesPerInning": "16.48", "gamesFinished": 0, "strikeoutWalkRatio": "2.30", "strikeoutsPer9Inn": "8.42", "walksPer9Inn": "3.66", "hitsPer9Inn": "7.95", "runsScoredPer9": "3.95", "homeRunsPer9": "0.64", "inheritedRunners": 0, "inheritedRunnersScored": 0, "catchersInterference": 0, "sacBunts": 9, "sacFlies": 7}, "team": {"id": 118, "name": "Kansas City Royals", "link": "/api/v1/teams/118"}, "player": {"id": 110293, "fullName": "Kevin Appier", "link": "/api/v1/people/110293"}, "league": {"id": 103, "name": "American League", "link": "/api/v1/league/103"}, "sport": {"id": 1, "link": "/api/v1/sports/1", "abbreviation": "MLB"}, "gameType": "R"}, {"season": "1995", "stat": {"gamesPlayed": 31, "gamesStarted": 31, "groundOuts": 207, "airOuts": 188, "runs": 90, "doubles": 34, "triples": 10, "homeRuns": 14, "strikeOuts": 185, "baseOnBalls": 80, "intentionalWalks": 1, "hits": 163, "hitByPitch": 8, "avg": ".221", "atBats": 738, "obp": ".303", "slg": ".351", "ops": ".654", "caughtStealing": 4, "stolenBases": 9, "stolenBasePercentage": ".692", "groundIntoDoublePlay": 20, "numberOfPitches": 3127, "era": "3.89", "inningsPitched": "201.1", "wins": 15, "losses": 10, "saves": 0, "saveOpportunities": 0, "holds": 0, "blownSaves": 0, "earnedRuns": 87, "whip": "1.21", "battersFaced": 832, "outs": 604, "gamesPitched": 31, "completeGames": 4, "shutouts": 1, "strikes": 1974, "strikePercentage": ".630", "hitBatsmen": 8, "balks": 0, "wildPitches": 5, "pickoffs": 0, "totalBases": 259, "groundOutsToAirouts": "1.10", "winPercentage": ".600", "pitchesPerInning": "15.53", "gamesFinished": 0, "strikeoutWalkRatio": "2.31", "strikeoutsPer9Inn": "8.27", "walksPer9Inn": "3.58", "hitsPer9Inn": "7.29", "runsScoredPer9": "4.02", "homeRunsPer9": "0.63", "inheritedRunners": 0, "inheritedRunnersScored": 0, "catchersInterference": 0, "sacBunts": 3, "sacFlies": 3}, "team": {"id": 118, "name": "Kansas City Royals", "link": "/api/v1/teams/118"}, "player": {"id": 110293, "fullName": "Kevin Appier", "link": "/api/v1/people/110293"}, "league": {"id": 103, "name": "American League", "link": "/api/v1/league/103"}, "sport": {"id": 1, "link": "/api/v1/sports/1", "abbreviation": "MLB"}, "gameType": "R"}, {"season": "1996", "stat": {"gamesPlayed": 32, "gamesStarted": 32, "groundOuts": 191, "airOuts": 204, "runs": 87, "doubles": 37, "triples": 5, "homeRuns": 17, "strikeOuts": 207, "baseOnBalls": 75, "intentionalWalks": 2, "hits": 192, "hitByPitch": 5, "avg": ".245", "atBats": 783, "obp": ".314", "slg": ".370", "ops": ".684", "caughtStealing": 9, "stolenBases": 13, "stolenBasePercentage": ".591", "groundIntoDoublePlay": 21, "numberOfPitches": 3210, "era": "3.62", "inningsPitched": "211.1", "wins": 14, "losses": 11, "saves": 0, "saveOpportunities": 0, "holds": 0, "blownSaves": 0, "earnedRuns": 85, "whip": "1.26", "battersFaced": 874, "outs": 634, "gamesPitched": 32, "completeGames": 5, "shutouts": 1, "strikes": 2052, "strikePercentage": ".640", "hitBatsmen": 5, "balks": 1, "wildPitches": 10, "pickoffs": 0, "totalBases": 290, "groundOutsToAirouts": "0.94", "winPercentage": ".560", "pitchesPerInning": "15.19", "gamesFinished": 0, "strikeoutWalkRatio": "2.76", "strikeoutsPer9Inn": "8.82", "walksPer9Inn": "3.19", "hitsPer9Inn": "8.18", "runsScoredPer9": "3.71", "homeRunsPer9": "0.72", "inheritedRunners": 0, "inheritedRunnersScored": 0, "catchersInterference": 0, "sacBunts": 7, "sacFlies": 4}, "team": {"id": 118, "name": "Kansas City Royals", "link": "/api/v1/teams/118"}, "player": {"id": 110293, "fullName": "Kevin Appier", "link": "/api/v1/people/110293"}, "league": {"id": 103, "name": "American League", "link": "/api/v1/league/103"}, "sport": {"id": 1, "link": "/api/v1/sports/1", "abbreviation": "MLB"}, "gameType": "R"}, {"season": "1997", "stat": {"gamesPlayed": 34, "gamesStarted": 34, "groundOuts": 217, "airOuts": 265, "runs": 96, "doubles": 46, "triples": 1, "homeRuns": 24, "strikeOuts": 196, "baseOnBalls": 74, "intentionalWalks": 2, "hits": 215, "hitByPitch": 4, "avg": ".243", "atBats": 886, "obp": ".303", "slg": ".378", "ops": ".681", "caughtStealing": 9, "stolenBases": 14, "stolenBasePercentage": ".609", "groundIntoDoublePlay": 19, "numberOfPitches": 3616, "era": "3.40", "inningsPitched": "235.2", "wins": 9, "losses": 13, "saves": 0, "saveOpportunities": 0, "holds": 0, "blownSaves": 0, "earnedRuns": 89, "whip": "1.23", "battersFaced": 972, "outs": 707, "gamesPitched": 34, "completeGames": 4, "shutouts": 1, "strikes": 2308, "strikePercentage": ".640", "hitBatsmen": 4, "balks": 1, "wildPitches": 14, "pickoffs": 0, "totalBases": 335, "groundOutsToAirouts": "0.82", "winPercentage": ".409", "pitchesPerInning": "15.34", "gamesFinished": 0, "strikeoutWalkRatio": "2.65", "strikeoutsPer9Inn": "7.49", "walksPer9Inn": "2.83", "hitsPer9Inn": "8.21", "runsScoredPer9": "3.67", "homeRunsPer9": "0.92", "inheritedRunners": 0, "inheritedRunnersScored": 0, "catchersInterference": 0, "sacBunts": 4, "sacFlies": 4}, "team": {"id": 118, "name": "Kansas City Royals", "link": "/api/v1/teams/118"}, "player": {"id": 110293, "fullName": "Kevin Appier", "link": "/api/v1/people/110293"}, "league": {"id": 103, "name": "American League", "link": "/api/v1/league/103"}, "sport": {"id": 1, "link": "/api/v1/sports/1", "abbreviation": "MLB"}, "gameType": "R"}, {"season": "1998", "stat": {"gamesPlayed": 3, "gamesStarted": 3, "groundOuts": 15, "airOuts": 18, "runs": 13, "doubles": 4, "triples": 0, "homeRuns": 3, "strikeOuts": 9, "baseOnBalls": 5, "intentionalWalks": 1, "hits": 21, "hitByPitch": 1, "avg": ".339", "atBats": 62, "obp": ".391", "slg": ".548", "ops": ".939", "caughtStealing": 1, "stolenBases": 0, "stolenBasePercentage": ".000", "groundIntoDoublePlay": 2, "numberOfPitches": 272, "era": "7.80", "inningsPitched": "15.0", "wins": 1, "losses": 2, "saves": 0, "saveOpportunities": 0, "holds": 0, "blownSaves": 0, "earnedRuns": 13, "whip": "1.73", "battersFaced": 69, "outs": 45, "gamesPitched": 3, "completeGames": 0, "shutouts": 0, "strikes": 172, "strikePercentage": ".630", "hitBatsmen": 1, "balks": 0, "wildPitches": 1, "pickoffs": 0, "totalBases": 34, "groundOutsToAirouts": "0.83", "winPercentage": ".333", "pitchesPerInning": "18.13", "gamesFinished": 0, "strikeoutWalkRatio": "1.80", "strikeoutsPer9Inn": "5.40", "walksPer9Inn": "3.00", "hitsPer9Inn": "12.60", "runsScoredPer9": "7.80", "homeRunsPer9": "1.80", "inheritedRunners": 0, "inheritedRunnersScored": 0, "catchersInterference": 0, "sacBunts": 0, "sacFlies": 1}, "team": {"id": 118, "name": "Kansas City Royals", "link": "/api/v1/teams/118"}, "player": {"id": 110293, "fullName": "Kevin Appier", "link": "/api/v1/people/110293"}, "league": {"id": 103, "name": "American League", "link": "/api/v1/league/103"}, "sport": {"id": 1, "link": "/api/v1/sports/1", "abbreviation": "MLB"}, "gameType": "R"}, {"season": "1999", "stat": {"gamesPlayed": 22, "gamesStarted": 22, "groundOuts": 168, "airOuts": 157, "runs": 81, "doubles": 29, "triples": 2, "homeRuns": 18, "strikeOuts": 78, "baseOnBalls": 51, "intentionalWalks": 3, "hits": 153, "hitByPitch": 6, "avg": ".279", "atBats": 548, "obp": ".345", "slg": ".438", "ops": ".783", "caughtStealing": 8, "stolenBases": 16, "stolenBasePercentage": ".667", "groundIntoDoublePlay": 14, "numberOfPitches": 2224, "era": "4.87", "inningsPitched": "140.1", "wins": 9, "losses": 9, "saves": 0, "saveOpportunities": 0, "holds": 0, "blownSaves": 0, "earnedRuns": 76, "whip": "1.45", "battersFaced": 613, "outs": 421, "gamesPitched": 22, "completeGames": 1, "shutouts": 0, "strikes": 1372, "strikePercentage": ".620", "hitBatsmen": 6, "balks": 0, "wildPitches": 5, "pickoffs": 0, "totalBases": 240, "groundOutsToAirouts": "1.07", "winPercentage": ".500", "pitchesPerInning": "15.85", "gamesFinished": 0, "strikeoutWalkRatio": "1.53", "strikeoutsPer9Inn": "5.00", "walksPer9Inn": "3.27", "hitsPer9Inn": "9.81", "runsScoredPer9": "5.19", "homeRunsPer9": "1.15", "inheritedRunners": 0, "inheritedRunnersScored": 0, "catchersInterference": 0, "sacBunts": 5, "sacFlies": 3}, "team": {"id": 118, "name": "Kansas City Royals", "link": "/api/v1/teams/118"}, "player": {"id": 110293, "fullName": "Kevin Appier", "link": "/api/v1/people/110293"}, "league": {"id": 103, "name": "American League", "link": "/api/v1/league/103"}, "sport": {"id": 1, "link": "/api/v1/sports/1", "abbreviation": "MLB"}, "gameType": "R"}, {"season": "1999", "stat": {"gamesPlayed": 12, "gamesStarted": 12, "groundOuts": 66, "airOuts": 83, "runs": 50, "doubles": 21, "triples": 2, "homeRuns": 9, "strikeOuts": 53, "baseOnBalls": 33, "intentionalWalks": 1, "hits": 77, "hitByPitch": 1, "avg": ".280", "atBats": 275, "obp": ".357", "slg": ".469", "ops": ".826", "caughtStealing": 1, "stolenBases": 8, "stolenBasePercentage": ".889", "groundIntoDoublePlay": 5, "numberOfPitches": 1144, "era": "5.77", "inningsPitched": "68.2", "wins": 7, "losses": 5, "saves": 0, "saveOpportunities": 0, "holds": 0, "blownSaves": 0, "earnedRuns": 44, "whip": "1.60", "battersFaced": 313, "outs": 206, "gamesPitched": 12, "completeGames": 0, "shutouts": 0, "strikes": 684, "strikePercentage": ".600", "hitBatsmen": 1, "balks": 1, "wildPitches": 5, "pickoffs": 0, "totalBases": 129, "groundOutsToAirouts": "0.80", "winPercentage": ".583", "pitchesPerInning": "16.66", "gamesFinished": 0, "strikeoutWalkRatio": "1.61", "strikeoutsPer9Inn": "6.95", "walksPer9Inn": "4.33", "hitsPer9Inn": "10.09", "runsScoredPer9": "6.55", "homeRunsPer9": "1.18", "inheritedRunners": 0, "inheritedRunnersScored": 0, "catchersInterference": 0, "sacBunts": 2, "sacFlies": 2}, "team": {"id": 133, "name": "Oakland Athletics", "link": "/api/v1/teams/133"}, "player": {"id": 110293, "fullName": "Kevin Appier", "link": "/api/v1/people/110293"}, "league": {"id": 103, "name": "American League", "link": "/api/v1/league/103"}, "sport": {"id": 1, "link": "/api/v1/sports/1", "abbreviation": "MLB"}, "gameType": "R"}, {"season": "1999", "stat": {"gamesPlayed": 34, "gamesStarted": 34, "groundOuts": 234, "airOuts": 240, "runs": 131, "doubles": 50, "triples": 4, "homeRuns": 27, "strikeOuts": 131, "baseOnBalls": 84, "intentionalWalks": 4, "hits": 230, "hitByPitch": 7, "avg": ".279", "atBats": 823, "obp": ".349", "slg": ".448", "ops": ".797", "caughtStealing": 9, "stolenBases": 24, "stolenBasePercentage": ".727", "groundIntoDoublePlay": 19, "numberOfPitches": 3368, "era": "5.17", "inningsPitched": "209.0", "wins": 16, "losses": 14, "saves": 0, "saveOpportunities": 0, "holds": 0, "blownSaves": 0, "earnedRuns": 120, "whip": "1.50", "battersFaced": 926, "outs": 627, "gamesPitched": 34, "completeGames": 1, "shutouts": 0, "strikes": 2056, "strikePercentage": ".610", "hitBatsmen": 7, "balks": 1, "wildPitches": 10, "pickoffs": 0, "totalBases": 369, "groundOutsToAirouts": "0.98", "winPercentage": ".533", "pitchesPerInning": "16.11", "gamesFinished": 0, "strikeoutWalkRatio": "1.56", "strikeoutsPer9Inn": "5.64", "walksPer9Inn": "3.62", "hitsPer9Inn": "9.90", "runsScoredPer9": "5.64", "homeRunsPer9": "1.16", "inheritedRunners": 0, "inheritedRunnersScored": 0, "catchersInterference": 0, "sacBunts": 7, "sacFlies": 5}, "player": {"id": 110293, "fullName": "Kevin Appier", "link": "/api/v1/people/110293"}, "sport": {"id": 1, "link": "/api/v1/sports/1", "abbreviation": "MLB"}, "gameType": "R", "numTeams": 2}, {"season": "2000", "stat": {"gamesPlayed": 31, "gamesStarted": 31, "groundOuts": 185, "airOuts": 254, "runs": 109, "doubles": 46, "triples": 3, "homeRuns": 23, "strikeOuts": 129, "baseOnBalls": 102, "intentionalWalks": 10, "hits": 200, "hitByPitch": 9, "avg": ".262", "atBats": 762, "obp": ".354", "slg": ".421", "ops": ".775", "caughtStealing": 7, "stolenBases": 9, "stolenBasePercentage": ".563", "groundIntoDoublePlay": 15, "numberOfPitches": 3332, "era": "4.52", "inningsPitched": "195.1", "wins": 15, "losses": 11, "saves": 0, "saveOpportunities": 0, "holds": 0, "blownSaves": 0, "earnedRuns": 98, "whip": "1.55", "battersFaced": 884, "outs": 586, "gamesPitched": 31, "completeGames": 1, "shutouts": 1, "strikes": 1975, "strikePercentage": ".590", "hitBatsmen": 9, "balks": 0, "wildPitches": 6, "pickoffs": 0, "totalBases": 321, "groundOutsToAirouts": "0.73", "winPercentage": ".577", "pitchesPerInning": "17.06", "gamesFinished": 0, "strikeoutWalkRatio": "1.26", "strikeoutsPer9Inn": "5.94", "walksPer9Inn": "4.70", "hitsPer9Inn": "9.22", "runsScoredPer9": "5.02", "homeRunsPer9": "1.06", "inheritedRunners": 0, "inheritedRunnersScored": 0, "catchersInterference": 0, "sacBunts": 5, "sacFlies": 6}, "team": {"id": 133, "name": "Oakland Athletics", "link": "/api/v1/teams/133"}, "player": {"id": 110293, "fullName": "Kevin Appier", "link": "/api/v1/people/110293"}, "league": {"id": 103, "name": "American League", "link": "/api/v1/league/103"}, "sport": {"id": 1, "link": "/api/v1/sports/1", "abbreviation": "MLB"}, "gameType": "R"}, {"season": "2001", "stat": {"gamesPlayed": 33, "gamesStarted": 33, "groundOuts": 214, "airOuts": 205, "runs": 89, "doubles": 37, "triples": 7, "homeRuns": 22, "strikeOuts": 172, "baseOnBalls": 64, "intentionalWalks": 4, "hits": 181, "hitByPitch": 15, "avg": ".237", "atBats": 764, "obp": ".306", "slg": ".390", "ops": ".696", "caughtStealing": 8, "stolenBases": 22, "stolenBasePercentage": ".733", "groundIntoDoublePlay": 16, "numberOfPitches": 3301, "era": "3.57", "inningsPitched": "206.2", "wins": 11, "losses": 10, "saves": 0, "saveOpportunities": 0, "holds": 0, "blownSaves": 0, "earnedRuns": 82, "whip": "1.19", "battersFaced": 856, "outs": 620, "gamesPitched": 33, "completeGames": 1, "shutouts": 1, "strikes": 2032, "strikePercentage": ".620", "hitBatsmen": 15, "balks": 0, "wildPitches": 12, "pickoffs": 0, "totalBases": 298, "groundOutsToAirouts": "1.04", "winPercentage": ".524", "pitchesPerInning": "15.97", "gamesFinished": 0, "strikeoutWalkRatio": "2.69", "strikeoutsPer9Inn": "7.49", "walksPer9Inn": "2.79", "hitsPer9Inn": "7.88", "runsScoredPer9": "3.88", "homeRunsPer9": "0.96", "inheritedRunners": 0, "inheritedRunnersScored": 0, "catchersInterference": 0, "sacBunts": 6, "sacFlies": 7}, "team": {"id": 121, "name": "New York Mets", "link": "/api/v1/teams/121"}, "player": {"id": 110293, "fullName": "Kevin Appier", "link": "/api/v1/people/110293"}, "league": {"id": 104, "name": "National League", "link": "/api/v1/league/104"}, "sport": {"id": 1, "link": "/api/v1/sports/1", "abbreviation": "MLB"}, "gameType": "R"}, {"season": "2002", "stat": {"gamesPlayed": 32, "gamesStarted": 32, "groundOuts": 154, "airOuts": 247, "runs": 89, "doubles": 37, "triples": 1, "homeRuns": 23, "strikeOuts": 132, "baseOnBalls": 64, "intentionalWalks": 2, "hits": 191, "hitByPitch": 7, "avg": ".267", "atBats": 715, "obp": ".330", "slg": ".418", "ops": ".748", "caughtStealing": 13, "stolenBases": 11, "stolenBasePercentage": ".458", "groundIntoDoublePlay": 14, "numberOfPitches": 3179, "era": "3.92", "inningsPitched": "188.1", "wins": 14, "losses": 12, "saves": 0, "saveOpportunities": 0, "holds": 0, "blownSaves": 0, "earnedRuns": 82, "whip": "1.35", "battersFaced": 795, "outs": 565, "gamesPitched": 32, "completeGames": 0, "shutouts": 0, "strikes": 1937, "strikePercentage": ".610", "hitBatsmen": 7, "balks": 0, "wildPitches": 7, "pickoffs": 2, "totalBases": 299, "groundOutsToAirouts": "0.62", "winPercentage": ".538", "pitchesPerInning": "16.88", "gamesFinished": 0, "strikeoutWalkRatio": "2.06", "strikeoutsPer9Inn": "6.31", "walksPer9Inn": "3.06", "hitsPer9Inn": "9.13", "runsScoredPer9": "4.25", "homeRunsPer9": "1.10", "inheritedRunners": 0, "inheritedRunnersScored": 0, "catchersInterference": 0, "sacBunts": 1, "sacFlies": 8}, "team": {"id": 108, "name": "Anaheim Angels", "link": "/api/v1/teams/108"}, "player": {"id": 110293, "fullName": "Kevin Appier", "link": "/api/v1/people/110293"}, "league": {"id": 103, "name": "American League", "link": "/api/v1/league/103"}, "sport": {"id": 1, "link": "/api/v1/sports/1", "abbreviation": "MLB"}, "gameType": "R"}, {"season": "2003", "stat": {"gamesPlayed": 19, "gamesStarted": 19, "groundOuts": 82, "airOuts": 141, "runs": 60, "doubles": 21, "triples": 4, "homeRuns": 17, "strikeOuts": 50, "baseOnBalls": 36, "intentionalWalks": 4, "hits": 105, "hitByPitch": 8, "avg": ".279", "atBats": 377, "obp": ".353", "slg": ".491", "ops": ".844", "caughtStealing": 3, "stolenBases": 6, "stolenBasePercentage": ".667", "groundIntoDoublePlay": 3, "numberOfPitches": 1690, "era": "5.63", "inningsPitched": "92.2", "wins": 7, "losses": 7, "saves": 0, "saveOpportunities": 0, "holds": 0, "blownSaves": 0, "earnedRuns": 58, "whip": "1.52", "battersFaced": 422, "outs": 278, "gamesPitched": 19, "completeGames": 0, "shutouts": 0, "strikes": 1036, "strikePercentage": ".610", "hitBatsmen": 8, "balks": 1, "wildPitches": 4, "pickoffs": 0, "totalBases": 185, "groundOutsToAirouts": "0.58", "winPercentage": ".500", "pitchesPerInning": "18.24", "gamesFinished": 0, "strikeoutWalkRatio": "1.39", "strikeoutsPer9Inn": "4.86", "walksPer9Inn": "3.50", "hitsPer9Inn": "10.20", "runsScoredPer9": "5.83", "homeRunsPer9": "1.65", "inheritedRunners": 0, "inheritedRunnersScored": 0, "catchersInterference": 0, "sacBunts": 0, "sacFlies": 1}, "team": {"id": 108, "name": "Anaheim Angels", "link": "/api/v1/teams/108"}, "player": {"id": 110293, "fullName": "Kevin Appier", "link": "/api/v1/people/110293"}, "league": {"id": 103, "name": "American League", "link": "/api/v1/league/103"}, "sport": {"id": 1, "link": "/api/v1/sports/1", "abbreviation": "MLB"}, "gameType": "R"}, {"season": "2003", "stat": {"gamesPlayed": 4, "gamesStarted": 4, "groundOuts": 19, "airOuts": 31, "runs": 9, "doubles": 2, "triples": 0, "homeRuns": 4, "strikeOuts": 5, "baseOnBalls": 7, "intentionalWalks": 0, "hits": 15, "hitByPitch": 0, "avg": ".217", "atBats": 69, "obp": ".289", "slg": ".420", "ops": ".709", "caughtStealing": 0, "stolenBases": 1, "stolenBasePercentage": "1.000", "groundIntoDoublePlay": 2, "numberOfPitches": 314, "era": "4.26", "inningsPitched": "19.0", "wins": 1, "losses": 2, "saves": 0, "saveOpportunities": 0, "holds": 0, "blownSaves": 0, "earnedRuns": 9, "whip": "1.16", "battersFaced": 77, "outs": 57, "gamesPitched": 4, "completeGames": 0, "shutouts": 0, "strikes": 184, "strikePercentage": ".590", "hitBatsmen": 0, "balks": 0, "wildPitches": 2, "pickoffs": 0, "totalBases": 29, "groundOutsToAirouts": "0.61", "winPercentage": ".333", "pitchesPerInning": "16.53", "gamesFinished": 0, "strikeoutWalkRatio": "0.71", "strikeoutsPer9Inn": "2.37", "walksPer9Inn": "3.32", "hitsPer9Inn": "7.11", "runsScoredPer9": "4.26", "homeRunsPer9": "1.89", "inheritedRunners": 0, "inheritedRunnersScored": 0, "catchersInterference": 0, "sacBunts": 1, "sacFlies": 0}, "team": {"id": 118, "name": "Kansas City Royals", "link": "/api/v1/teams/118"}, "player": {"id": 110293, "fullName": "Kevin Appier", "link": "/api/v1/people/110293"}, "league": {"id": 103, "name": "American League", "link": "/api/v1/league/103"}, "sport": {"id": 1, "link": "/api/v1/sports/1", "abbreviation": "MLB"}, "gameType": "R"}, {"season": "2003", "stat": {"gamesPlayed": 23, "gamesStarted": 23, "groundOuts": 101, "airOuts": 172, "runs": 69, "doubles": 23, "triples": 4, "homeRuns": 21, "strikeOuts": 55, "baseOnBalls": 43, "intentionalWalks": 4, "hits": 120, "hitByPitch": 8, "avg": ".269", "atBats": 446, "obp": ".343", "slg": ".480", "ops": ".823", "caughtStealing": 3, "stolenBases": 7, "stolenBasePercentage": ".700", "groundIntoDoublePlay": 5, "numberOfPitches": 2004, "era": "5.40", "inningsPitched": "111.2", "wins": 8, "losses": 9, "saves": 0, "saveOpportunities": 0, "holds": 0, "blownSaves": 0, "earnedRuns": 67, "whip": "1.46", "battersFaced": 499, "outs": 335, "gamesPitched": 23, "completeGames": 0, "shutouts": 0, "strikes": 1220, "strikePercentage": ".610", "hitBatsmen": 8, "balks": 1, "wildPitches": 6, "pickoffs": 0, "totalBases": 214, "groundOutsToAirouts": "0.59", "winPercentage": ".471", "pitchesPerInning": "17.95", "gamesFinished": 0, "strikeoutWalkRatio": "1.28", "strikeoutsPer9Inn": "4.43", "walksPer9Inn": "3.47", "hitsPer9Inn": "9.67", "runsScoredPer9": "5.56", "homeRunsPer9": "1.69", "inheritedRunners": 0, "inheritedRunnersScored": 0, "catchersInterference": 0, "sacBunts": 1, "sacFlies": 1}, "player": {"id": 110293, "fullName": "Kevin Appier", "link": "/api/v1/people/110293"}, "sport": {"id": 1, "link": "/api/v1/sports/1", "abbreviation": "MLB"}, "gameType": "R", "numTeams": 2}, {"season": "2004", "stat": {"gamesPlayed": 2, "gamesStarted": 2, "groundOuts": 7, "airOuts": 3, "runs": 8, "doubles": 2, "triples": 0, "homeRuns": 0, "strikeOuts": 2, "baseOnBalls": 3, "intentionalWalks": 0, "hits": 7, "hitByPitch": 0, "avg": ".368", "atBats": 19, "obp": ".455", "slg": ".474", "ops": ".929", "caughtStealing": 0, "stolenBases": 0, "stolenBasePercentage": ".---", "groundIntoDoublePlay": 0, "numberOfPitches": 86, "era": "13.50", "inningsPitched": "4.0", "wins": 0, "losses": 1, "saves": 0, "saveOpportunities": 0, "holds": 0, "blownSaves": 0, "earnedRuns": 6, "whip": "2.50", "battersFaced": 22, "outs": 12, "gamesPitched": 2, "completeGames": 0, "shutouts": 0, "strikes": 47, "strikePercentage": ".550", "hitBatsmen": 0, "balks": 0, "wildPitches": 2, "pickoffs": 0, "totalBases": 9, "groundOutsToAirouts": "2.33", "winPercentage": ".000", "pitchesPerInning": "21.50", "gamesFinished": 0, "strikeoutWalkRatio": "0.67", "strikeoutsPer9Inn": "4.50", "walksPer9Inn": "6.75", "hitsPer9Inn": "15.75", "runsScoredPer9": "18.00", "homeRunsPer9": "0.00", "inheritedRunners": 0, "inheritedRunnersScored": 0, "catchersInterference": 0, "sacBunts": 0, "sacFlies": 0}, "team": {"id": 118, "name": "Kansas City Royals", "link": "/api/v1/teams/118"}, "player": {"id": 110293, "fullName": "Kevin Appier", "link": "/api/v1/people/110293"}, "league": {"id": 103, "name": "American League", "link": "/api/v1/league/103"}, "sport": {"id": 1, "link": "/api/v1/sports/1", "abbreviation": "MLB"}, "gameType": "R"}]}, {"type": {"displayName": "yearByYear"}, "group": {"displayName": "fielding"}, "exemptions": [], "splits": [{"season": "1989", "stat": {"gamesPlayed": 6, "gamesStarted": 5, "assists": 0, "putOuts": 1, "errors": 0, "chances": 1, "fielding": "1.000", "position": {"code": "1", "name": "Pitcher", "type": "Pitcher", "abbreviation": "P"}, "rangeFactorPerGame": "0.17", "rangeFactorPer9Inn": "0.43", "innings": "21.2", "games": 6, "doublePlays": 0, "triplePlays": 0, "throwingErrors": 0}, "team": {"id": 118, "name": "Kansas City Royals", "link": "/api/v1/teams/118"}, "player": {"id": 110293, "fullName": "Kevin Appier", "link": "/api/v1/people/110293"}, "league": {"id": 103, "name": "American League", "link": "/api/v1/league/103"}, "sport": {"id": 1, "link": "/api/v1/sports/1", "abbreviation": "MLB"}, "gameType": "R", "position": {"code": "1", "name": "Pitcher", "type": "Pitcher", "abbreviation": "P"}}, {"season": "1990", "stat": {"gamesPlayed": 32, "gamesStarted": 24, "assists": 20, "putOuts": 13, "errors": 3, "chances": 36, "fielding": ".917", "position": {"code": "1", "name": "Pitcher", "type": "Pitcher", "abbreviation": "P"}, "rangeFactorPerGame": "1.03", "rangeFactorPer9Inn": "1.61", "innings": "185.2", "games": 32, "doublePlays": 3, "triplePlays": 0, "throwingErrors": 2}, "team": {"id": 118, "name": "Kansas City Royals", "link": "/api/v1/teams/118"}, "player": {"id": 110293, "fullName": "Kevin Appier", "link": "/api/v1/people/110293"}, "league": {"id": 103, "name": "American League", "link": "/api/v1/league/103"}, "sport": {"id": 1, "link": "/api/v1/sports/1", "abbreviation": "MLB"}, "gameType": "R", "position": {"code": "1", "name": "Pitcher", "type": "Pitcher", "abbreviation": "P"}}, {"season": "1991", "stat": {"gamesPlayed": 34, "gamesStarted": 31, "assists": 26, "putOuts": 21, "errors": 2, "chances": 49, "fielding": ".959", "position": {"code": "1", "name": "Pitcher", "type": "Pitcher", "abbreviation": "P"}, "rangeFactorPerGame": "1.38", "rangeFactorPer9Inn": "2.04", "innings": "207.2", "games": 34, "doublePlays": 0, "triplePlays": 0, "throwingErrors": 2}, "team": {"id": 118, "name": "Kansas City Royals", "link": "/api/v1/teams/118"}, "player": {"id": 110293, "fullName": "Kevin Appier", "link": "/api/v1/people/110293"}, "league": {"id": 103, "name": "American League", "link": "/api/v1/league/103"}, "sport": {"id": 1, "link": "/api/v1/sports/1", "abbreviation": "MLB"}, "gameType": "R", "position": {"code": "1", "name": "Pitcher", "type": "Pitcher", "abbreviation": "P"}}, {"season": "1992", "stat": {"gamesPlayed": 30, "gamesStarted": 30, "assists": 21, "putOuts": 19, "errors": 1, "chances": 41, "fielding": ".976", "position": {"code": "1", "name": "Pitcher", "type": "Pitcher", "abbreviation": "P"}, "rangeFactorPerGame": "1.33", "rangeFactorPer9Inn": "1.73", "innings": "208.1", "games": 30, "doublePlays": 4, "triplePlays": 0, "throwingErrors": 1}, "team": {"id": 118, "name": "Kansas City Royals", "link": "/api/v1/teams/118"}, "player": {"id": 110293, "fullName": "Kevin Appier", "link": "/api/v1/people/110293"}, "league": {"id": 103, "name": "American League", "link": "/api/v1/league/103"}, "sport": {"id": 1, "link": "/api/v1/sports/1", "abbreviation": "MLB"}, "gameType": "R", "position": {"code": "1", "name": "Pitcher", "type": "Pitcher", "abbreviation": "P"}}, {"season": "1993", "stat": {"gamesPlayed": 34, "gamesStarted": 34, "assists": 13, "putOuts": 26, "errors": 1, "chances": 40, "fielding": ".975", "position": {"code": "1", "name": "Pitcher", "type": "Pitcher", "abbreviation": "P"}, "rangeFactorPerGame": "1.15", "rangeFactorPer9Inn": "1.47", "innings": "238.2", "games": 34, "doublePlays": 4, "triplePlays": 0, "throwingErrors": 0}, "team": {"id": 118, "name": "Kansas City Royals", "link": "/api/v1/teams/118"}, "player": {"id": 110293, "fullName": "Kevin Appier", "link": "/api/v1/people/110293"}, "league": {"id": 103, "name": "American League", "link": "/api/v1/league/103"}, "sport": {"id": 1, "link": "/api/v1/sports/1", "abbreviation": "MLB"}, "gameType": "R", "position": {"code": "1", "name": "Pitcher", "type": "Pitcher", "abbreviation": "P"}}, {"season": "1994", "stat": {"gamesPlayed": 23, "gamesStarted": 23, "assists": 13, "putOuts": 7, "errors": 0, "chances": 20, "fielding": "1.000", "position": {"code": "1", "name": "Pitcher", "type": "Pitcher", "abbreviation": "P"}, "rangeFactorPerGame": "0.87", "rangeFactorPer9Inn": "1.16", "innings": "155.0", "games": 23, "doublePlays": 1, "triplePlays": 0, "throwingErrors": 0}, "team": {"id": 118, "name": "Kansas City Royals", "link": "/api/v1/teams/118"}, "player": {"id": 110293, "fullName": "Kevin Appier", "link": "/api/v1/people/110293"}, "league": {"id": 103, "name": "American League", "link": "/api/v1/league/103"}, "sport": {"id": 1, "link": "/api/v1/sports/1", "abbreviation": "MLB"}, "gameType": "R", "position": {"code": "1", "name": "Pitcher", "type": "Pitcher", "abbreviation": "P"}}, {"season": "1995", "stat": {"gamesPlayed": 31, "gamesStarted": 31, "assists": 20, "putOuts": 15, "errors": 0, "chances": 35, "fielding": "1.000", "position": {"code": "1", "name": "Pitcher", "type": "Pitcher", "abbreviation": "P"}, "rangeFactorPerGame": "1.13", "rangeFactorPer9Inn": "1.57", "innings": "201.1", "games": 31, "doublePlays": 2, "triplePlays": 0, "throwingErrors": 0}, "team": {"id": 118, "name": "Kansas City Royals", "link": "/api/v1/teams/118"}, "player": {"id": 110293, "fullName": "Kevin Appier", "link": "/api/v1/people/110293"}, "league": {"id": 103, "name": "American League", "link": "/api/v1/league/103"}, "sport": {"id": 1, "link": "/api/v1/sports/1", "abbreviation": "MLB"}, "gameType": "R", "position": {"code": "1", "name": "Pitcher", "type": "Pitcher", "abbreviation": "P"}}, {"season": "1996", "stat": {"gamesPlayed": 32, "gamesStarted": 32, "assists": 15, "putOuts": 20, "errors": 0, "chances": 35, "fielding": "1.000", "position": {"code": "1", "name": "Pitcher", "type": "Pitcher", "abbreviation": "P"}, "rangeFactorPerGame": "1.09", "rangeFactorPer9Inn": "1.49", "innings": "211.1", "games": 32, "doublePlays": 2, "triplePlays": 0, "throwingErrors": 0}, "team": {"id": 118, "name": "Kansas City Royals", "link": "/api/v1/teams/118"}, "player": {"id": 110293, "fullName": "Kevin Appier", "link": "/api/v1/people/110293"}, "league": {"id": 103, "name": "American League", "link": "/api/v1/league/103"}, "sport": {"id": 1, "link": "/api/v1/sports/1", "abbreviation": "MLB"}, "gameType": "R", "position": {"code": "1", "name": "Pitcher", "type": "Pitcher", "abbreviation": "P"}}, {"season": "1997", "stat": {"gamesPlayed": 34, "gamesStarted": 34, "assists": 17, "putOuts": 24, "errors": 1, "chances": 42, "fielding": ".976", "position": {"code": "1", "name": "Pitcher", "type": "Pitcher", "abbreviation": "P"}, "rangeFactorPerGame": "1.21", "rangeFactorPer9Inn": "1.57", "innings": "235.2", "games": 34, "doublePlays": 3, "triplePlays": 0, "throwingErrors": 0}, "team": {"id": 118, "name": "Kansas City Royals", "link": "/api/v1/teams/118"}, "player": {"id": 110293, "fullName": "Kevin Appier", "link": "/api/v1/people/110293"}, "league": {"id": 103, "name": "American League", "link": "/api/v1/league/103"}, "sport": {"id": 1, "link": "/api/v1/sports/1", "abbreviation": "MLB"}, "gameType": "R", "position": {"code": "1", "name": "Pitcher", "type": "Pitcher", "abbreviation": "P"}}, {"season": "1998", "stat": {"gamesPlayed": 3, "gamesStarted": 3, "assists": 1, "putOuts": 0, "errors": 0, "chances": 1, "fielding": "1.000", "position": {"code": "1", "name": "Pitcher", "type": "Pitcher", "abbreviation": "P"}, "rangeFactorPerGame": "0.33", "rangeFactorPer9Inn": "0.60", "innings": "15.0", "games": 3, "doublePlays": 0, "triplePlays": 0, "throwingErrors": 0}, "team": {"id": 118, "name": "Kansas City Royals", "link": "/api/v1/teams/118"}, "player": {"id": 110293, "fullName": "Kevin Appier", "link": "/api/v1/people/110293"}, "league": {"id": 103, "name": "American League", "link": "/api/v1/league/103"}, "sport": {"id": 1, "link": "/api/v1/sports/1", "abbreviation": "MLB"}, "gameType": "R", "position": {"code": "1", "name": "Pitcher", "type": "Pitcher", "abbreviation": "P"}}, {"season": "1999", "stat": {"gamesPlayed": 22, "gamesStarted": 22, "assists": 13, "putOuts": 10, "errors": 1, "chances": 24, "fielding": ".958", "position": {"code": "1", "name": "Pitcher", "type": "Pitcher", "abbreviation": "P"}, "rangeFactorPerGame": "1.05", "rangeFactorPer9Inn": "1.48", "innings": "140.1", "games": 22, "doublePlays": 2, "triplePlays": 0, "throwingErrors": 0}, "team": {"id": 118, "name": "Kansas City Royals", "link": "/api/v1/teams/118"}, "player": {"id": 110293, "fullName": "Kevin Appier", "link": "/api/v1/people/110293"}, "league": {"id": 103, "name": "American League", "link": "/api/v1/league/103"}, "sport": {"id": 1, "link": "/api/v1/sports/1", "abbreviation": "MLB"}, "gameType": "R", "position": {"code": "1", "name": "Pitcher", "type": "Pitcher", "abbreviation": "P"}}, {"season": "1999", "stat": {"gamesPlayed": 12, "gamesStarted": 12, "assists": 8, "putOuts": 3, "errors": 0, "chances": 11, "fielding": "1.000", "position": {"code": "1", "name": "Pitcher", "type": "Pitcher", "abbreviation": "P"}, "rangeFactorPerGame": "0.92", "rangeFactorPer9Inn": "1.46", "innings": "68.2", "games": 12, "doublePlays": 0, "triplePlays": 0, "throwingErrors": 0}, "team": {"id": 133, "name": "Oakland Athletics", "link": "/api/v1/teams/133"}, "player": {"id": 110293, "fullName": "Kevin Appier", "link": "/api/v1/people/110293"}, "league": {"id": 103, "name": "American League", "link": "/api/v1/league/103"}, "sport": {"id": 1, "link": "/api/v1/sports/1", "abbreviation": "MLB"}, "gameType": "R", "position": {"code": "1", "name": "Pitcher", "type": "Pitcher", "abbreviation": "P"}}, {"season": "1999", "stat": {"gamesPlayed": 34, "gamesStarted": 34, "assists": 21, "putOuts": 13, "errors": 1, "chances": 35, "fielding": ".971", "position": {"code": "1", "name": "Pitcher", "type": "Pitcher", "abbreviation": "P"}, "rangeFactorPerGame": "1.00", "rangeFactorPer9Inn": "1.46", "innings": "209.0", "games": 34, "doublePlays": 2, "triplePlays": 0, "throwingErrors": 0}, "player": {"id": 110293, "fullName": "Kevin Appier", "link": "/api/v1/people/110293"}, "sport": {"id": 1, "link": "/api/v1/sports/1", "abbreviation": "MLB"}, "gameType": "R", "numTeams": 2, "position": {"code": "1", "name": "Pitcher", "type": "Pitcher", "abbreviation": "P"}}, {"season": "2000", "stat": {"gamesPlayed": 31, "gamesStarted": 31, "assists": 14, "putOuts": 8, "errors": 1, "chances": 23, "fielding": ".957", "position": {"code": "1", "name": "Pitcher", "type": "Pitcher", "abbreviation": "P"}, "rangeFactorPerGame": "0.71", "rangeFactorPer9Inn": "1.02", "innings": "195.1", "games": 31, "doublePlays": 1, "triplePlays": 0, "throwingErrors": 1}, "team": {"id": 133, "name": "Oakland Athletics", "link": "/api/v1/teams/133"}, "player": {"id": 110293, "fullName": "Kevin Appier", "link": "/api/v1/people/110293"}, "league": {"id": 103, "name": "American League", "link": "/api/v1/league/103"}, "sport": {"id": 1, "link": "/api/v1/sports/1", "abbreviation": "MLB"}, "gameType": "R", "position": {"code": "1", "name": "Pitcher", "type": "Pitcher", "abbreviation": "P"}}, {"season": "2001", "stat": {"gamesPlayed": 33, "gamesStarted": 33, "assists": 21, "putOuts": 11, "errors": 2, "chances": 34, "fielding": ".941", "position": {"code": "1", "name": "Pitcher", "type": "Pitcher", "abbreviation": "P"}, "rangeFactorPerGame": "0.97", "rangeFactorPer9Inn": "1.40", "innings": "206.2", "games": 33, "doublePlays": 2, "triplePlays": 0, "throwingErrors": 2}, "team": {"id": 121, "name": "New York Mets", "link": "/api/v1/teams/121"}, "player": {"id": 110293, "fullName": "Kevin Appier", "link": "/api/v1/people/110293"}, "league": {"id": 104, "name": "National League", "link": "/api/v1/league/104"}, "sport": {"id": 1, "link": "/api/v1/sports/1", "abbreviation": "MLB"}, "gameType": "R", "position": {"code": "1", "name": "Pitcher", "type": "Pitcher", "abbreviation": "P"}}, {"season": "2002", "stat": {"gamesPlayed": 32, "gamesStarted": 32, "assists": 14, "putOuts": 18, "errors": 0, "chances": 32, "fielding": "1.000", "position": {"code": "1", "name": "Pitcher", "type": "Pitcher", "abbreviation": "P"}, "rangeFactorPerGame": "1.00", "rangeFactorPer9Inn": "1.53", "innings": "188.1", "games": 32, "doublePlays": 0, "triplePlays": 0, "throwingErrors": 0}, "team": {"id": 108, "name": "Anaheim Angels", "link": "/api/v1/teams/108"}, "player": {"id": 110293, "fullName": "Kevin Appier", "link": "/api/v1/people/110293"}, "league": {"id": 103, "name": "American League", "link": "/api/v1/league/103"}, "sport": {"id": 1, "link": "/api/v1/sports/1", "abbreviation": "MLB"}, "gameType": "R", "position": {"code": "1", "name": "Pitcher", "type": "Pitcher", "abbreviation": "P"}}, {"season": "2003", "stat": {"gamesPlayed": 19, "gamesStarted": 19, "assists": 6, "putOuts": 3, "errors": 0, "chances": 9, "fielding": "1.000", "position": {"code": "1", "name": "Pitcher", "type": "Pitcher", "abbreviation": "P"}, "rangeFactorPerGame": "0.47", "rangeFactorPer9Inn": "0.88", "innings": "92.2", "games": 19, "doublePlays": 0, "triplePlays": 0, "throwingErrors": 0}, "team": {"id": 108, "name": "Anaheim Angels", "link": "/api/v1/teams/108"}, "player": {"id": 110293, "fullName": "Kevin Appier", "link": "/api/v1/people/110293"}, "league": {"id": 103, "name": "American League", "link": "/api/v1/league/103"}, "sport": {"id": 1, "link": "/api/v1/sports/1", "abbreviation": "MLB"}, "gameType": "R", "position": {"code": "1", "name": "Pitcher", "type": "Pitcher", "abbreviation": "P"}}, {"season": "2003", "stat": {"gamesPlayed": 4, "gamesStarted": 4, "assists": 0, "putOuts": 1, "errors": 0, "chances": 1, "fielding": "1.000", "position": {"code": "1", "name": "Pitcher", "type": "Pitcher", "abbreviation": "P"}, "rangeFactorPerGame": "0.25", "rangeFactorPer9Inn": "0.47", "innings": "19.0", "games": 4, "doublePlays": 0, "triplePlays": 0, "throwingErrors": 0}, "team": {"id": 118, "name": "Kansas City Royals", "link": "/api/v1/teams/118"}, "player": {"id": 110293, "fullName": "Kevin Appier", "link": "/api/v1/people/110293"}, "league": {"id": 103, "name": "American League", "link": "/api/v1/league/103"}, "sport": {"id": 1, "link": "/api/v1/sports/1", "abbreviation": "MLB"}, "gameType": "R", "position": {"code": "1", "name": "Pitcher", "type": "Pitcher", "abbreviation": "P"}}, {"season": "2003", "stat": {"gamesPlayed": 23, "gamesStarted": 23, "assists": 6, "putOuts": 4, "errors": 0, "chances": 10, "fielding": "1.000", "position": {"code": "1", "name": "Pitcher", "type": "Pitcher", "abbreviation": "P"}, "rangeFactorPerGame": "0.43", "rangeFactorPer9Inn": "0.81", "innings": "111.2", "games": 23, "doublePlays": 0, "triplePlays": 0, "throwingErrors": 0}, "player": {"id": 110293, "fullName": "Kevin Appier", "link": "/api/v1/people/110293"}, "sport": {"id": 1, "link": "/api/v1/sports/1", "abbreviation": "MLB"}, "gameType": "R", "numTeams": 2, "position": {"code": "1", "name": "Pitcher", "type": "Pitcher", "abbreviation": "P"}}, {"season": "2004", "stat": {"gamesPlayed": 2, "gamesStarted": 2, "assists": 1, "putOuts": 1, "errors": 0, "chances": 2, "fielding": "1.000", "position": {"code": "1", "name": "Pitcher", "type": "Pitcher", "abbreviation": "P"}, "rangeFactorPerGame": "1.00", "rangeFactorPer9Inn": "4.50", "innings": "4.0", "games": 2, "doublePlays": 0, "triplePlays": 0, "throwingErrors": 0}, "team": {"id": 118, "name": "Kansas City Royals", "link": "/api/v1/teams/118"}, "player": {"id": 110293, "fullName": "Kevin Appier", "link": "/api/v1/people/110293"}, "league": {"id": 103, "name": "American League", "link": "/api/v1/league/103"}, "sport": {"id": 1, "link": "/api/v1/sports/1", "abbreviation": "MLB"}, "gameType": "R", "position": {"code": "1", "name": "Pitcher", "type": "Pitcher", "abbreviation": "P"}}]}], "mlbDebutDate": "1989-06-04", "batSide": {"code": "R", "description": "Right"}, "pitchHand": {"code": "R", "description": "Right"}, "nameFirstLast": "Kevin Appier", "nameSlug": "kevin-appier-110293", "firstLastName": "Kevin Appier", "lastFirstName": "Appier, Kevin", "lastInitName": "Appier, K", "initLastName": "K Appier", "fullFMLName": "Robert Kevin Appier", "fullLFMName": "Appier, Robert Kevin", "strikeZoneTop": 3.467, "strikeZoneBottom": 1.589}