{"id": 110354, "fullName": "Tom Asmussen", "link": "/api/v1/people/110354", "firstName": "Thomas", "lastName": "Asmussen", "birthDate": "1878-09-26", "currentAge": 84, "birthCity": "Chicago", "birthStateProvince": "IL", "birthCountry": "USA", "height": "5' 11\"", "weight": 0, "active": false, "primaryPosition": {"code": "2", "name": "Catcher", "type": "Catcher", "abbreviation": "C"}, "useName": "Tom", "useLastName": "Asmussen", "middleName": "William", "boxscoreName": "Asmussen", "gender": "M", "isPlayer": true, "isVerified": true, "deathDate": "1963-08-21", "deathCity": "Arlington Heights", "deathStateProvince": "IL", "deathCountry": "USA", "lastPlayedDate": "1907-08-19", "stats": [{"type": {"displayName": "career"}, "group": {"displayName": "hitting"}, "exemptions": [], "splits": [{"stat": {"gamesPlayed": 2, "runs": 0, "doubles": 0, "triples": 0, "homeRuns": 0, "baseOnBalls": 0, "hits": 0, "hitByPitch": 0, "avg": ".000", "atBats": 5, "obp": ".000", "slg": ".000", "ops": ".000", "stolenBases": 0, "plateAppearances": 6, "totalBases": 0, "rbi": 0, "sacBunts": 1, "atBatsPerHomeRun": "-.--"}, "team": {"id": 144, "name": "Atlanta Braves", "link": "/api/v1/teams/144"}, "player": {"id": 110354, "fullName": "Tom Asmussen", "link": "/api/v1/people/110354"}, "league": {"id": 104, "name": "National League", "link": "/api/v1/league/104"}, "sport": {"id": 1, "link": "/api/v1/sports/1", "abbreviation": "MLB"}, "gameType": "R"}]}, {"type": {"displayName": "career"}, "group": {"displayName": "fielding"}, "exemptions": [], "splits": [{"stat": {"gamesPlayed": 2, "gamesStarted": 2, "assists": 2, "putOuts": 3, "errors": 0, "chances": 5, "fielding": "1.000", "position": {"code": "2", "name": "Catcher", "type": "Catcher", "abbreviation": "C"}, "rangeFactorPerGame": "2.50", "rangeFactorPer9Inn": "3.46", "innings": "13.0", "games": 2, "passedBall": 1, "doublePlays": 0, "triplePlays": 0}, "team": {"id": 144, "name": "Atlanta Braves", "link": "/api/v1/teams/144"}, "player": {"id": 110354, "fullName": "Tom Asmussen", "link": "/api/v1/people/110354"}, "league": {"id": 104, "name": "National League", "link": "/api/v1/league/104"}, "sport": {"id": 1, "link": "/api/v1/sports/1", "abbreviation": "MLB"}, "gameType": "R", "position": {"code": "2", "name": "Catcher", "type": "Catcher", "abbreviation": "C"}}]}, {"type": {"displayName": "yearByYear"}, "group": {"displayName": "hitting"}, "exemptions": [], "splits": [{"season": "1907", "stat": {"gamesPlayed": 2, "runs": 0, "doubles": 0, "triples": 0, "homeRuns": 0, "baseOnBalls": 0, "hits": 0, "hitByPitch": 0, "avg": ".000", "atBats": 5, "obp": ".000", "slg": ".000", "ops": ".000", "stolenBases": 0, "plateAppearances": 6, "totalBases": 0, "rbi": 0, "sacBunts": 1, "atBatsPerHomeRun": "-.--"}, "team": {"id": 144, "name": "Boston Doves", "link": "/api/v1/teams/144"}, "player": {"id": 110354, "fullName": "Tom Asmussen", "link": "/api/v1/people/110354"}, "league": {"id": 104, "name": "National League", "link": "/api/v1/league/104"}, "sport": {"id": 1, "link": "/api/v1/sports/1", "abbreviation": "MLB"}, "gameType": "R"}]}, {"type": {"displayName": "yearByYear"}, "group": {"displayName": "fielding"}, "exemptions": [], "splits": [{"season": "1907", "stat": {"gamesPlayed": 2, "gamesStarted": 2, "assists": 2, "putOuts": 3, "errors": 0, "chances": 5, "fielding": "1.000", "position": {"code": "2", "name": "Catcher", "type": "Catcher", "abbreviation": "C"}, "rangeFactorPerGame": "2.50", "rangeFactorPer9Inn": "3.46", "innings": "13.0", "games": 2, "passedBall": 1, "doublePlays": 0, "triplePlays": 0}, "team": {"id": 144, "name": "Boston Doves", "link": "/api/v1/teams/144"}, "player": {"id": 110354, "fullName": "Tom Asmussen", "link": "/api/v1/people/110354"}, "league": {"id": 104, "name": "National League", "link": "/api/v1/league/104"}, "sport": {"id": 1, "link": "/api/v1/sports/1", "abbreviation": "MLB"}, "gameType": "R", "position": {"code": "2", "name": "Catcher", "type": "Catcher", "abbreviation": "C"}}]}], "mlbDebutDate": "1907-08-10", "pitchHand": {"code": "R", "description": "Right"}, "nameFirstLast": "Tom Asmussen", "nameSlug": "tom-asmussen-110354", "firstLastName": "Tom Asmussen", "lastFirstName": "Asmussen, Tom", "lastInitName": "Asmussen, T", "initLastName": "T Asmussen", "fullFMLName": "Thomas William Asmussen", "fullLFMName": "Asmussen, Thomas William", "strikeZoneTop": 3.319, "strikeZoneBottom": 1.513}